
===========================================================================
report_checks -path_delay max (Setup)
============================================================================
======================= min_ss_100C_1v60 Corner ===================================

Startpoint: wb_rst_i (input port clocked by clk)
Endpoint: _45_ (recovery check against rising-edge clock clk)
Path Group: asynchronous
Path Type: max

Fanout         Cap        Slew       Delay        Time   Description
---------------------------------------------------------------------------------------------
                                  0.000000    0.000000   clock clk (rise edge)
                                  5.570000    5.570000   clock network delay (propagated)
                                 12.500000   18.070000 v input external delay
     1    0.002334    0.000000    0.000000   18.070000 v wb_rst_i (in)
                                                         wb_rst_i (net)
                      0.000019    0.000011   18.070009 v input1/A (sky130_fd_sc_hd__buf_1)
     1    0.008904    0.113413    0.190617   18.260628 v input1/X (sky130_fd_sc_hd__buf_1)
                                                         net1 (net)
                      0.113413    0.000227   18.260855 v _11_/A (sky130_fd_sc_hd__inv_2)
     1    0.007713    0.072362    0.116216   18.377071 ^ _11_/Y (sky130_fd_sc_hd__inv_2)
                                                         _00_ (net)
                      0.072362    0.000195   18.377266 ^ _45_/RESET_B (sky130_fd_sc_hd__dfrtp_1)
                                             18.377266   data arrival time

                                 25.000000   25.000000   clock clk (rise edge)
                                  4.650000   29.650000   clock source latency
     1    0.049821    0.610000    0.000000   29.650000 ^ wb_clk_i (in)
                                                         wb_clk_i (net)
                      0.623578    0.006450   29.656448 ^ clkbuf_0_wb_clk_i/A (sky130_fd_sc_hd__clkbuf_16)
     2    0.059277    0.125510    0.479190   30.135639 ^ clkbuf_0_wb_clk_i/X (sky130_fd_sc_hd__clkbuf_16)
                                                         clknet_0_wb_clk_i (net)
                      0.125938    0.005556   30.141195 ^ clkbuf_1_0__f_wb_clk_i/A (sky130_fd_sc_hd__clkbuf_16)
     2    0.052775    0.110904    0.275595   30.416790 ^ clkbuf_1_0__f_wb_clk_i/X (sky130_fd_sc_hd__clkbuf_16)
                                                         clknet_1_0__leaf_wb_clk_i (net)
                      0.110906    0.000636   30.417425 ^ _45_/CLK (sky130_fd_sc_hd__dfrtp_1)
                                 -0.100000   30.317429   clock uncertainty
                                  0.000000   30.317429   clock reconvergence pessimism
                                  0.475329   30.792755   library recovery time
                                             30.792755   data required time
---------------------------------------------------------------------------------------------
                                             30.792755   data required time
                                            -18.377266   data arrival time
---------------------------------------------------------------------------------------------
                                             12.415489   slack (MET)


Startpoint: wbs_we_i (input port clocked by clk)
Endpoint: wbs_dat_o[15] (output port clocked by clk)
Path Group: clk
Path Type: max

Fanout         Cap        Slew       Delay        Time   Description
---------------------------------------------------------------------------------------------
                                  0.000000    0.000000   clock clk (rise edge)
                                  5.570000    5.570000   clock network delay (propagated)
                                  3.740000    9.310000 v input external delay
     1    0.003461    0.140000    0.000000    9.310000 v wbs_we_i (in)
                                                         wbs_we_i (net)
                      0.140060    0.000031    9.310031 v input50/A (sky130_fd_sc_hd__buf_2)
     5    0.049076    0.225745    0.444584    9.754615 v input50/X (sky130_fd_sc_hd__buf_2)
                                                         net50 (net)
                      0.225752    0.001657    9.756272 v fanout85/A (sky130_fd_sc_hd__buf_4)
    15    0.067207    0.168065    0.454935   10.211207 v fanout85/X (sky130_fd_sc_hd__buf_4)
                                                         net85 (net)
                      0.168065    0.000201   10.211408 v fanout84/A (sky130_fd_sc_hd__clkbuf_2)
    15    0.033211    0.234100    0.396989   10.608397 v fanout84/X (sky130_fd_sc_hd__clkbuf_2)
                                                         net84 (net)
                      0.234100    0.000118   10.608515 v _22_/A_N (sky130_fd_sc_hd__and4b_2)
     1    0.028868    0.290381    0.883759   11.492274 ^ _22_/X (sky130_fd_sc_hd__and4b_2)
                                                         net58 (net)
                      0.290385    0.001832   11.494106 ^ output58/A (sky130_fd_sc_hd__buf_12)
     1    0.191497    0.343461    0.502318   11.996425 ^ output58/X (sky130_fd_sc_hd__buf_12)
                                                         wbs_dat_o[15] (net)
                      0.343471    0.002331   11.998755 ^ wbs_dat_o[15] (out)
                                             11.998755   data arrival time

                                 25.000000   25.000000   clock clk (rise edge)
                                  4.650000   29.650000   clock network delay (propagated)
                                 -0.100000   29.549999   clock uncertainty
                                  0.000000   29.549999   clock reconvergence pessimism
                                 -3.620000   25.929998   output external delay
                                             25.929998   data required time
---------------------------------------------------------------------------------------------
                                             25.929998   data required time
                                            -11.998755   data arrival time
---------------------------------------------------------------------------------------------
                                             13.931243   slack (MET)


Startpoint: wbs_we_i (input port clocked by clk)
Endpoint: wbs_dat_o[10] (output port clocked by clk)
Path Group: clk
Path Type: max

Fanout         Cap        Slew       Delay        Time   Description
---------------------------------------------------------------------------------------------
                                  0.000000    0.000000   clock clk (rise edge)
                                  5.570000    5.570000   clock network delay (propagated)
                                  3.740000    9.310000 v input external delay
     1    0.003461    0.140000    0.000000    9.310000 v wbs_we_i (in)
                                                         wbs_we_i (net)
                      0.140060    0.000031    9.310031 v input50/A (sky130_fd_sc_hd__buf_2)
     5    0.049076    0.225745    0.444584    9.754615 v input50/X (sky130_fd_sc_hd__buf_2)
                                                         net50 (net)
                      0.225752    0.001657    9.756272 v fanout85/A (sky130_fd_sc_hd__buf_4)
    15    0.067207    0.168065    0.454935   10.211207 v fanout85/X (sky130_fd_sc_hd__buf_4)
                                                         net85 (net)
                      0.168065    0.000201   10.211408 v fanout84/A (sky130_fd_sc_hd__clkbuf_2)
    15    0.033211    0.234100    0.396989   10.608397 v fanout84/X (sky130_fd_sc_hd__clkbuf_2)
                                                         net84 (net)
                      0.234100    0.000510   10.608907 v _17_/A_N (sky130_fd_sc_hd__and4b_1)
     1    0.022128    0.364050    0.840754   11.449661 ^ _17_/X (sky130_fd_sc_hd__and4b_1)
                                                         net53 (net)
                      0.364050    0.001152   11.450813 ^ output53/A (sky130_fd_sc_hd__buf_12)
     1    0.191246    0.343113    0.528241   11.979054 ^ output53/X (sky130_fd_sc_hd__buf_12)
                                                         wbs_dat_o[10] (net)
                      0.343119    0.002012   11.981067 ^ wbs_dat_o[10] (out)
                                             11.981067   data arrival time

                                 25.000000   25.000000   clock clk (rise edge)
                                  4.650000   29.650000   clock network delay (propagated)
                                 -0.100000   29.549999   clock uncertainty
                                  0.000000   29.549999   clock reconvergence pessimism
                                 -3.620000   25.929998   output external delay
                                             25.929998   data required time
---------------------------------------------------------------------------------------------
                                             25.929998   data required time
                                            -11.981067   data arrival time
---------------------------------------------------------------------------------------------
                                             13.948933   slack (MET)


Startpoint: wbs_we_i (input port clocked by clk)
Endpoint: wbs_dat_o[14] (output port clocked by clk)
Path Group: clk
Path Type: max

Fanout         Cap        Slew       Delay        Time   Description
---------------------------------------------------------------------------------------------
                                  0.000000    0.000000   clock clk (rise edge)
                                  5.570000    5.570000   clock network delay (propagated)
                                  3.740000    9.310000 v input external delay
     1    0.003461    0.140000    0.000000    9.310000 v wbs_we_i (in)
                                                         wbs_we_i (net)
                      0.140060    0.000031    9.310031 v input50/A (sky130_fd_sc_hd__buf_2)
     5    0.049076    0.225745    0.444584    9.754615 v input50/X (sky130_fd_sc_hd__buf_2)
                                                         net50 (net)
                      0.225752    0.001657    9.756272 v fanout85/A (sky130_fd_sc_hd__buf_4)
    15    0.067207    0.168065    0.454935   10.211207 v fanout85/X (sky130_fd_sc_hd__buf_4)
                                                         net85 (net)
                      0.168065    0.000201   10.211408 v fanout84/A (sky130_fd_sc_hd__clkbuf_2)
    15    0.033211    0.234100    0.396989   10.608397 v fanout84/X (sky130_fd_sc_hd__clkbuf_2)
                                                         net84 (net)
                      0.234100    0.000068   10.608465 v _21_/A_N (sky130_fd_sc_hd__and4b_2)
     1    0.025240    0.264020    0.860135   11.468600 ^ _21_/X (sky130_fd_sc_hd__and4b_2)
                                                         net57 (net)
                      0.264026    0.001805   11.470406 ^ output57/A (sky130_fd_sc_hd__buf_12)
     1    0.191114    0.342705    0.492754   11.963160 ^ output57/X (sky130_fd_sc_hd__buf_12)
                                                         wbs_dat_o[14] (net)
                      0.342710    0.002010   11.965170 ^ wbs_dat_o[14] (out)
                                             11.965170   data arrival time

                                 25.000000   25.000000   clock clk (rise edge)
                                  4.650000   29.650000   clock network delay (propagated)
                                 -0.100000   29.549999   clock uncertainty
                                  0.000000   29.549999   clock reconvergence pessimism
                                 -3.620000   25.929998   output external delay
                                             25.929998   data required time
---------------------------------------------------------------------------------------------
                                             25.929998   data required time
                                            -11.965170   data arrival time
---------------------------------------------------------------------------------------------
                                             13.964828   slack (MET)


Startpoint: wbs_we_i (input port clocked by clk)
Endpoint: wbs_dat_o[13] (output port clocked by clk)
Path Group: clk
Path Type: max

Fanout         Cap        Slew       Delay        Time   Description
---------------------------------------------------------------------------------------------
                                  0.000000    0.000000   clock clk (rise edge)
                                  5.570000    5.570000   clock network delay (propagated)
                                  3.740000    9.310000 v input external delay
     1    0.003461    0.140000    0.000000    9.310000 v wbs_we_i (in)
                                                         wbs_we_i (net)
                      0.140060    0.000031    9.310031 v input50/A (sky130_fd_sc_hd__buf_2)
     5    0.049076    0.225745    0.444584    9.754615 v input50/X (sky130_fd_sc_hd__buf_2)
                                                         net50 (net)
                      0.225752    0.001657    9.756272 v fanout85/A (sky130_fd_sc_hd__buf_4)
    15    0.067207    0.168065    0.454935   10.211207 v fanout85/X (sky130_fd_sc_hd__buf_4)
                                                         net85 (net)
                      0.168065    0.000201   10.211408 v fanout84/A (sky130_fd_sc_hd__clkbuf_2)
    15    0.033211    0.234100    0.396989   10.608397 v fanout84/X (sky130_fd_sc_hd__clkbuf_2)
                                                         net84 (net)
                      0.234100    0.000522   10.608919 v _20_/A_N (sky130_fd_sc_hd__and4b_2)
     1    0.025025    0.262450    0.858773   11.467692 ^ _20_/X (sky130_fd_sc_hd__and4b_2)
                                                         net56 (net)
                      0.262455    0.001719   11.469411 ^ output56/A (sky130_fd_sc_hd__buf_12)
     1    0.192048    0.344385    0.492963   11.962374 ^ output56/X (sky130_fd_sc_hd__buf_12)
                                                         wbs_dat_o[13] (net)
                      0.344398    0.002599   11.964972 ^ wbs_dat_o[13] (out)
                                             11.964972   data arrival time

                                 25.000000   25.000000   clock clk (rise edge)
                                  4.650000   29.650000   clock network delay (propagated)
                                 -0.100000   29.549999   clock uncertainty
                                  0.000000   29.549999   clock reconvergence pessimism
                                 -3.620000   25.929998   output external delay
                                             25.929998   data required time
---------------------------------------------------------------------------------------------
                                             25.929998   data required time
                                            -11.964972   data arrival time
---------------------------------------------------------------------------------------------
                                             13.965026   slack (MET)


Startpoint: wbs_we_i (input port clocked by clk)
Endpoint: wbs_dat_o[11] (output port clocked by clk)
Path Group: clk
Path Type: max

Fanout         Cap        Slew       Delay        Time   Description
---------------------------------------------------------------------------------------------
                                  0.000000    0.000000   clock clk (rise edge)
                                  5.570000    5.570000   clock network delay (propagated)
                                  3.740000    9.310000 v input external delay
     1    0.003461    0.140000    0.000000    9.310000 v wbs_we_i (in)
                                                         wbs_we_i (net)
                      0.140060    0.000031    9.310031 v input50/A (sky130_fd_sc_hd__buf_2)
     5    0.049076    0.225745    0.444584    9.754615 v input50/X (sky130_fd_sc_hd__buf_2)
                                                         net50 (net)
                      0.225752    0.001657    9.756272 v fanout85/A (sky130_fd_sc_hd__buf_4)
    15    0.067207    0.168065    0.454935   10.211207 v fanout85/X (sky130_fd_sc_hd__buf_4)
                                                         net85 (net)
                      0.168065    0.000201   10.211408 v fanout84/A (sky130_fd_sc_hd__clkbuf_2)
    15    0.033211    0.234100    0.396989   10.608397 v fanout84/X (sky130_fd_sc_hd__clkbuf_2)
                                                         net84 (net)
                      0.234100    0.000514   10.608912 v _18_/A_N (sky130_fd_sc_hd__and4b_1)
     1    0.020205    0.337093    0.819036   11.427947 ^ _18_/X (sky130_fd_sc_hd__and4b_1)
                                                         net54 (net)
                      0.337093    0.001150   11.429097 ^ output54/A (sky130_fd_sc_hd__buf_12)
     1    0.191201    0.343002    0.518616   11.947714 ^ output54/X (sky130_fd_sc_hd__buf_12)
                                                         wbs_dat_o[11] (net)
                      0.343009    0.002079   11.949793 ^ wbs_dat_o[11] (out)
                                             11.949793   data arrival time

                                 25.000000   25.000000   clock clk (rise edge)
                                  4.650000   29.650000   clock network delay (propagated)
                                 -0.100000   29.549999   clock uncertainty
                                  0.000000   29.549999   clock reconvergence pessimism
                                 -3.620000   25.929998   output external delay
                                             25.929998   data required time
---------------------------------------------------------------------------------------------
                                             25.929998   data required time
                                            -11.949793   data arrival time
---------------------------------------------------------------------------------------------
                                             13.980206   slack (MET)


Startpoint: wbs_we_i (input port clocked by clk)
Endpoint: wbs_dat_o[8] (output port clocked by clk)
Path Group: clk
Path Type: max

Fanout         Cap        Slew       Delay        Time   Description
---------------------------------------------------------------------------------------------
                                  0.000000    0.000000   clock clk (rise edge)
                                  5.570000    5.570000   clock network delay (propagated)
                                  3.740000    9.310000 v input external delay
     1    0.003461    0.140000    0.000000    9.310000 v wbs_we_i (in)
                                                         wbs_we_i (net)
                      0.140060    0.000031    9.310031 v input50/A (sky130_fd_sc_hd__buf_2)
     5    0.049076    0.225745    0.444584    9.754615 v input50/X (sky130_fd_sc_hd__buf_2)
                                                         net50 (net)
                      0.225752    0.001657    9.756272 v fanout85/A (sky130_fd_sc_hd__buf_4)
    15    0.067207    0.168065    0.454935   10.211207 v fanout85/X (sky130_fd_sc_hd__buf_4)
                                                         net85 (net)
                      0.168065    0.000201   10.211408 v fanout84/A (sky130_fd_sc_hd__clkbuf_2)
    15    0.033211    0.234100    0.396989   10.608397 v fanout84/X (sky130_fd_sc_hd__clkbuf_2)
                                                         net84 (net)
                      0.234100    0.000574   10.608971 v _15_/A_N (sky130_fd_sc_hd__and4b_1)
     1    0.019523    0.327442    0.811621   11.420592 ^ _15_/X (sky130_fd_sc_hd__and4b_1)
                                                         net82 (net)
                      0.327442    0.000631   11.421224 ^ output82/A (sky130_fd_sc_hd__buf_12)
     1    0.191251    0.343041    0.515353   11.936577 ^ output82/X (sky130_fd_sc_hd__buf_12)
                                                         wbs_dat_o[8] (net)
                      0.343046    0.001966   11.938543 ^ wbs_dat_o[8] (out)
                                             11.938543   data arrival time

                                 25.000000   25.000000   clock clk (rise edge)
                                  4.650000   29.650000   clock network delay (propagated)
                                 -0.100000   29.549999   clock uncertainty
                                  0.000000   29.549999   clock reconvergence pessimism
                                 -3.620000   25.929998   output external delay
                                             25.929998   data required time
---------------------------------------------------------------------------------------------
                                             25.929998   data required time
                                            -11.938543   data arrival time
---------------------------------------------------------------------------------------------
                                             13.991455   slack (MET)


Startpoint: wbs_we_i (input port clocked by clk)
Endpoint: wbs_dat_o[9] (output port clocked by clk)
Path Group: clk
Path Type: max

Fanout         Cap        Slew       Delay        Time   Description
---------------------------------------------------------------------------------------------
                                  0.000000    0.000000   clock clk (rise edge)
                                  5.570000    5.570000   clock network delay (propagated)
                                  3.740000    9.310000 v input external delay
     1    0.003461    0.140000    0.000000    9.310000 v wbs_we_i (in)
                                                         wbs_we_i (net)
                      0.140060    0.000031    9.310031 v input50/A (sky130_fd_sc_hd__buf_2)
     5    0.049076    0.225745    0.444584    9.754615 v input50/X (sky130_fd_sc_hd__buf_2)
                                                         net50 (net)
                      0.225752    0.001657    9.756272 v fanout85/A (sky130_fd_sc_hd__buf_4)
    15    0.067207    0.168065    0.454935   10.211207 v fanout85/X (sky130_fd_sc_hd__buf_4)
                                                         net85 (net)
                      0.168065    0.000201   10.211408 v fanout84/A (sky130_fd_sc_hd__clkbuf_2)
    15    0.033211    0.234100    0.396989   10.608397 v fanout84/X (sky130_fd_sc_hd__clkbuf_2)
                                                         net84 (net)
                      0.234100    0.000534   10.608931 v _16_/A_N (sky130_fd_sc_hd__and4b_1)
     1    0.018965    0.319704    0.805112   11.414043 ^ _16_/X (sky130_fd_sc_hd__and4b_1)
                                                         net83 (net)
                      0.319704    0.001071   11.415114 ^ output83/A (sky130_fd_sc_hd__buf_12)
     1    0.192345    0.345041    0.513355   11.928470 ^ output83/X (sky130_fd_sc_hd__buf_12)
                                                         wbs_dat_o[9] (net)
                      0.345058    0.002879   11.931349 ^ wbs_dat_o[9] (out)
                                             11.931349   data arrival time

                                 25.000000   25.000000   clock clk (rise edge)
                                  4.650000   29.650000   clock network delay (propagated)
                                 -0.100000   29.549999   clock uncertainty
                                  0.000000   29.549999   clock reconvergence pessimism
                                 -3.620000   25.929998   output external delay
                                             25.929998   data required time
---------------------------------------------------------------------------------------------
                                             25.929998   data required time
                                            -11.931349   data arrival time
---------------------------------------------------------------------------------------------
                                             13.998650   slack (MET)


Startpoint: wbs_we_i (input port clocked by clk)
Endpoint: wbs_dat_o[12] (output port clocked by clk)
Path Group: clk
Path Type: max

Fanout         Cap        Slew       Delay        Time   Description
---------------------------------------------------------------------------------------------
                                  0.000000    0.000000   clock clk (rise edge)
                                  5.570000    5.570000   clock network delay (propagated)
                                  3.740000    9.310000 v input external delay
     1    0.003461    0.140000    0.000000    9.310000 v wbs_we_i (in)
                                                         wbs_we_i (net)
                      0.140060    0.000031    9.310031 v input50/A (sky130_fd_sc_hd__buf_2)
     5    0.049076    0.225745    0.444584    9.754615 v input50/X (sky130_fd_sc_hd__buf_2)
                                                         net50 (net)
                      0.225752    0.001657    9.756272 v fanout85/A (sky130_fd_sc_hd__buf_4)
    15    0.067207    0.168065    0.454935   10.211207 v fanout85/X (sky130_fd_sc_hd__buf_4)
                                                         net85 (net)
                      0.168065    0.000201   10.211408 v fanout84/A (sky130_fd_sc_hd__clkbuf_2)
    15    0.033211    0.234100    0.396989   10.608397 v fanout84/X (sky130_fd_sc_hd__clkbuf_2)
                                                         net84 (net)
                      0.234100    0.000379   10.608776 v _19_/A_N (sky130_fd_sc_hd__and4b_2)
     1    0.020106    0.227247    0.826967   11.435743 ^ _19_/X (sky130_fd_sc_hd__and4b_2)
                                                         net55 (net)
                      0.227250    0.001378   11.437121 ^ output55/A (sky130_fd_sc_hd__buf_12)
     1    0.191308    0.343604    0.480839   11.917961 ^ output55/X (sky130_fd_sc_hd__buf_12)
                                                         wbs_dat_o[12] (net)
                      0.343609    0.001899   11.919860 ^ wbs_dat_o[12] (out)
                                             11.919860   data arrival time

                                 25.000000   25.000000   clock clk (rise edge)
                                  4.650000   29.650000   clock network delay (propagated)
                                 -0.100000   29.549999   clock uncertainty
                                  0.000000   29.549999   clock reconvergence pessimism
                                 -3.620000   25.929998   output external delay
                                             25.929998   data required time
---------------------------------------------------------------------------------------------
                                             25.929998   data required time
                                            -11.919860   data arrival time
---------------------------------------------------------------------------------------------
                                             14.010139   slack (MET)


Startpoint: wbs_we_i (input port clocked by clk)
Endpoint: wbs_dat_o[0] (output port clocked by clk)
Path Group: clk
Path Type: max

Fanout         Cap        Slew       Delay        Time   Description
---------------------------------------------------------------------------------------------
                                  0.000000    0.000000   clock clk (rise edge)
                                  5.570000    5.570000   clock network delay (propagated)
                                  3.740000    9.310000 v input external delay
     1    0.003461    0.140000    0.000000    9.310000 v wbs_we_i (in)
                                                         wbs_we_i (net)
                      0.140060    0.000031    9.310031 v input50/A (sky130_fd_sc_hd__buf_2)
     5    0.049076    0.225745    0.444584    9.754615 v input50/X (sky130_fd_sc_hd__buf_2)
                                                         net50 (net)
                      0.225752    0.001657    9.756272 v fanout85/A (sky130_fd_sc_hd__buf_4)
    15    0.067207    0.168065    0.454935   10.211207 v fanout85/X (sky130_fd_sc_hd__buf_4)
                                                         net85 (net)
                      0.168065    0.000201   10.211408 v fanout84/A (sky130_fd_sc_hd__clkbuf_2)
    15    0.033211    0.234100    0.396989   10.608397 v fanout84/X (sky130_fd_sc_hd__clkbuf_2)
                                                         net84 (net)
                      0.234100    0.000856   10.609253 v _39_/A_N (sky130_fd_sc_hd__and4b_1)
     1    0.017344    0.297008    0.787010   11.396263 ^ _39_/X (sky130_fd_sc_hd__and4b_1)
                                                         net52 (net)
                      0.297008    0.000751   11.397015 ^ output52/A (sky130_fd_sc_hd__buf_12)
     1    0.191186    0.342929    0.504346   11.901361 ^ output52/X (sky130_fd_sc_hd__buf_12)
                                                         wbs_dat_o[0] (net)
                      0.342938    0.002210   11.903570 ^ wbs_dat_o[0] (out)
                                             11.903570   data arrival time

                                 25.000000   25.000000   clock clk (rise edge)
                                  4.650000   29.650000   clock network delay (propagated)
                                 -0.100000   29.549999   clock uncertainty
                                  0.000000   29.549999   clock reconvergence pessimism
                                 -3.620000   25.929998   output external delay
                                             25.929998   data required time
---------------------------------------------------------------------------------------------
                                             25.929998   data required time
                                            -11.903570   data arrival time
---------------------------------------------------------------------------------------------
                                             14.026428   slack (MET)


Startpoint: wbs_we_i (input port clocked by clk)
Endpoint: wbs_dat_o[7] (output port clocked by clk)
Path Group: clk
Path Type: max

Fanout         Cap        Slew       Delay        Time   Description
---------------------------------------------------------------------------------------------
                                  0.000000    0.000000   clock clk (rise edge)
                                  5.570000    5.570000   clock network delay (propagated)
                                  3.740000    9.310000 v input external delay
     1    0.003461    0.140000    0.000000    9.310000 v wbs_we_i (in)
                                                         wbs_we_i (net)
                      0.140060    0.000031    9.310031 v input50/A (sky130_fd_sc_hd__buf_2)
     5    0.049076    0.225745    0.444584    9.754615 v input50/X (sky130_fd_sc_hd__buf_2)
                                                         net50 (net)
                      0.225752    0.001657    9.756272 v fanout85/A (sky130_fd_sc_hd__buf_4)
    15    0.067207    0.168065    0.454935   10.211207 v fanout85/X (sky130_fd_sc_hd__buf_4)
                                                         net85 (net)
                      0.168065    0.000201   10.211408 v fanout84/A (sky130_fd_sc_hd__clkbuf_2)
    15    0.033211    0.234100    0.396989   10.608397 v fanout84/X (sky130_fd_sc_hd__clkbuf_2)
                                                         net84 (net)
                      0.234100    0.000644   10.609041 v _14_/A_N (sky130_fd_sc_hd__and4b_1)
     1    0.016975    0.291847    0.782920   11.391960 ^ _14_/X (sky130_fd_sc_hd__and4b_1)
                                                         net81 (net)
                      0.291847    0.000579   11.392540 ^ output81/A (sky130_fd_sc_hd__buf_12)
     1    0.191089    0.342679    0.502665   11.895205 ^ output81/X (sky130_fd_sc_hd__buf_12)
                                                         wbs_dat_o[7] (net)
                      0.342683    0.001847   11.897052 ^ wbs_dat_o[7] (out)
                                             11.897052   data arrival time

                                 25.000000   25.000000   clock clk (rise edge)
                                  4.650000   29.650000   clock network delay (propagated)
                                 -0.100000   29.549999   clock uncertainty
                                  0.000000   29.549999   clock reconvergence pessimism
                                 -3.620000   25.929998   output external delay
                                             25.929998   data required time
---------------------------------------------------------------------------------------------
                                             25.929998   data required time
                                            -11.897052   data arrival time
---------------------------------------------------------------------------------------------
                                             14.032947   slack (MET)


Startpoint: wbs_we_i (input port clocked by clk)
Endpoint: wbs_dat_o[6] (output port clocked by clk)
Path Group: clk
Path Type: max

Fanout         Cap        Slew       Delay        Time   Description
---------------------------------------------------------------------------------------------
                                  0.000000    0.000000   clock clk (rise edge)
                                  5.570000    5.570000   clock network delay (propagated)
                                  3.740000    9.310000 v input external delay
     1    0.003461    0.140000    0.000000    9.310000 v wbs_we_i (in)
                                                         wbs_we_i (net)
                      0.140060    0.000031    9.310031 v input50/A (sky130_fd_sc_hd__buf_2)
     5    0.049076    0.225745    0.444584    9.754615 v input50/X (sky130_fd_sc_hd__buf_2)
                                                         net50 (net)
                      0.225752    0.001657    9.756272 v fanout85/A (sky130_fd_sc_hd__buf_4)
    15    0.067207    0.168065    0.454935   10.211207 v fanout85/X (sky130_fd_sc_hd__buf_4)
                                                         net85 (net)
                      0.168065    0.000201   10.211408 v fanout84/A (sky130_fd_sc_hd__clkbuf_2)
    15    0.033211    0.234100    0.396989   10.608397 v fanout84/X (sky130_fd_sc_hd__clkbuf_2)
                                                         net84 (net)
                      0.234100    0.000722   10.609119 v _13_/A_N (sky130_fd_sc_hd__and4b_1)
     1    0.013796    0.247656    0.747161   11.356279 ^ _13_/X (sky130_fd_sc_hd__and4b_1)
                                                         net80 (net)
                      0.247656    0.000409   11.356689 ^ output80/A (sky130_fd_sc_hd__buf_12)
     1    0.191212    0.342888    0.486933   11.843622 ^ output80/X (sky130_fd_sc_hd__buf_12)
                                                         wbs_dat_o[6] (net)
                      0.342897    0.002237   11.845860 ^ wbs_dat_o[6] (out)
                                             11.845860   data arrival time

                                 25.000000   25.000000   clock clk (rise edge)
                                  4.650000   29.650000   clock network delay (propagated)
                                 -0.100000   29.549999   clock uncertainty
                                  0.000000   29.549999   clock reconvergence pessimism
                                 -3.620000   25.929998   output external delay
                                             25.929998   data required time
---------------------------------------------------------------------------------------------
                                             25.929998   data required time
                                            -11.845860   data arrival time
---------------------------------------------------------------------------------------------
                                             14.084139   slack (MET)


Startpoint: wbs_we_i (input port clocked by clk)
Endpoint: wbs_dat_o[5] (output port clocked by clk)
Path Group: clk
Path Type: max

Fanout         Cap        Slew       Delay        Time   Description
---------------------------------------------------------------------------------------------
                                  0.000000    0.000000   clock clk (rise edge)
                                  5.570000    5.570000   clock network delay (propagated)
                                  3.740000    9.310000 v input external delay
     1    0.003461    0.140000    0.000000    9.310000 v wbs_we_i (in)
                                                         wbs_we_i (net)
                      0.140060    0.000031    9.310031 v input50/A (sky130_fd_sc_hd__buf_2)
     5    0.049076    0.225745    0.444584    9.754615 v input50/X (sky130_fd_sc_hd__buf_2)
                                                         net50 (net)
                      0.225752    0.001657    9.756272 v fanout85/A (sky130_fd_sc_hd__buf_4)
    15    0.067207    0.168065    0.454935   10.211207 v fanout85/X (sky130_fd_sc_hd__buf_4)
                                                         net85 (net)
                      0.168065    0.000201   10.211408 v fanout84/A (sky130_fd_sc_hd__clkbuf_2)
    15    0.033211    0.234100    0.396989   10.608397 v fanout84/X (sky130_fd_sc_hd__clkbuf_2)
                                                         net84 (net)
                      0.234100    0.000751   10.609148 v _44_/A_N (sky130_fd_sc_hd__and4b_1)
     1    0.013100    0.238044    0.739320   11.348468 ^ _44_/X (sky130_fd_sc_hd__and4b_1)
                                                         net79 (net)
                      0.238044    0.000376   11.348843 ^ output79/A (sky130_fd_sc_hd__buf_12)
     1    0.191236    0.342898    0.483606   11.832449 ^ output79/X (sky130_fd_sc_hd__buf_12)
                                                         wbs_dat_o[5] (net)
                      0.342906    0.002185   11.834634 ^ wbs_dat_o[5] (out)
                                             11.834634   data arrival time

                                 25.000000   25.000000   clock clk (rise edge)
                                  4.650000   29.650000   clock network delay (propagated)
                                 -0.100000   29.549999   clock uncertainty
                                  0.000000   29.549999   clock reconvergence pessimism
                                 -3.620000   25.929998   output external delay
                                             25.929998   data required time
---------------------------------------------------------------------------------------------
                                             25.929998   data required time
                                            -11.834634   data arrival time
---------------------------------------------------------------------------------------------
                                             14.095365   slack (MET)


Startpoint: wbs_we_i (input port clocked by clk)
Endpoint: wbs_dat_o[2] (output port clocked by clk)
Path Group: clk
Path Type: max

Fanout         Cap        Slew       Delay        Time   Description
---------------------------------------------------------------------------------------------
                                  0.000000    0.000000   clock clk (rise edge)
                                  5.570000    5.570000   clock network delay (propagated)
                                  3.740000    9.310000 v input external delay
     1    0.003461    0.140000    0.000000    9.310000 v wbs_we_i (in)
                                                         wbs_we_i (net)
                      0.140060    0.000031    9.310031 v input50/A (sky130_fd_sc_hd__buf_2)
     5    0.049076    0.225745    0.444584    9.754615 v input50/X (sky130_fd_sc_hd__buf_2)
                                                         net50 (net)
                      0.225752    0.001657    9.756272 v fanout85/A (sky130_fd_sc_hd__buf_4)
    15    0.067207    0.168065    0.454935   10.211207 v fanout85/X (sky130_fd_sc_hd__buf_4)
                                                         net85 (net)
                      0.168065    0.000201   10.211408 v fanout84/A (sky130_fd_sc_hd__clkbuf_2)
    15    0.033211    0.234100    0.396989   10.608397 v fanout84/X (sky130_fd_sc_hd__clkbuf_2)
                                                         net84 (net)
                      0.234100    0.000882   10.609279 v _41_/A_N (sky130_fd_sc_hd__and4b_1)
     1    0.013030    0.237190    0.738460   11.347739 ^ _41_/X (sky130_fd_sc_hd__and4b_1)
                                                         net74 (net)
                      0.237190    0.000325   11.348064 ^ output74/A (sky130_fd_sc_hd__buf_12)
     1    0.191036    0.342488    0.483299   11.831363 ^ output74/X (sky130_fd_sc_hd__buf_12)
                                                         wbs_dat_o[2] (net)
                      0.342493    0.001844   11.833207 ^ wbs_dat_o[2] (out)
                                             11.833207   data arrival time

                                 25.000000   25.000000   clock clk (rise edge)
                                  4.650000   29.650000   clock network delay (propagated)
                                 -0.100000   29.549999   clock uncertainty
                                  0.000000   29.549999   clock reconvergence pessimism
                                 -3.620000   25.929998   output external delay
                                             25.929998   data required time
---------------------------------------------------------------------------------------------
                                             25.929998   data required time
                                            -11.833207   data arrival time
---------------------------------------------------------------------------------------------
                                             14.096791   slack (MET)


Startpoint: wbs_we_i (input port clocked by clk)
Endpoint: wbs_dat_o[4] (output port clocked by clk)
Path Group: clk
Path Type: max

Fanout         Cap        Slew       Delay        Time   Description
---------------------------------------------------------------------------------------------
                                  0.000000    0.000000   clock clk (rise edge)
                                  5.570000    5.570000   clock network delay (propagated)
                                  3.740000    9.310000 v input external delay
     1    0.003461    0.140000    0.000000    9.310000 v wbs_we_i (in)
                                                         wbs_we_i (net)
                      0.140060    0.000031    9.310031 v input50/A (sky130_fd_sc_hd__buf_2)
     5    0.049076    0.225745    0.444584    9.754615 v input50/X (sky130_fd_sc_hd__buf_2)
                                                         net50 (net)
                      0.225752    0.001657    9.756272 v fanout85/A (sky130_fd_sc_hd__buf_4)
    15    0.067207    0.168065    0.454935   10.211207 v fanout85/X (sky130_fd_sc_hd__buf_4)
                                                         net85 (net)
                      0.168065    0.000201   10.211408 v fanout84/A (sky130_fd_sc_hd__clkbuf_2)
    15    0.033211    0.234100    0.396989   10.608397 v fanout84/X (sky130_fd_sc_hd__clkbuf_2)
                                                         net84 (net)
                      0.234100    0.000881   10.609278 v _43_/A_N (sky130_fd_sc_hd__and4b_1)
     1    0.012057    0.228993    0.725366   11.334643 ^ _43_/X (sky130_fd_sc_hd__and4b_1)
                                                         net78 (net)
                      0.228993    0.000243   11.334888 ^ output78/A (sky130_fd_sc_hd__buf_12)
     1    0.191208    0.342797    0.480505   11.815392 ^ output78/X (sky130_fd_sc_hd__buf_12)
                                                         wbs_dat_o[4] (net)
                      0.342802    0.002009   11.817401 ^ wbs_dat_o[4] (out)
                                             11.817401   data arrival time

                                 25.000000   25.000000   clock clk (rise edge)
                                  4.650000   29.650000   clock network delay (propagated)
                                 -0.100000   29.549999   clock uncertainty
                                  0.000000   29.549999   clock reconvergence pessimism
                                 -3.620000   25.929998   output external delay
                                             25.929998   data required time
---------------------------------------------------------------------------------------------
                                             25.929998   data required time
                                            -11.817401   data arrival time
---------------------------------------------------------------------------------------------
                                             14.112597   slack (MET)


Startpoint: wbs_we_i (input port clocked by clk)
Endpoint: wbs_dat_o[3] (output port clocked by clk)
Path Group: clk
Path Type: max

Fanout         Cap        Slew       Delay        Time   Description
---------------------------------------------------------------------------------------------
                                  0.000000    0.000000   clock clk (rise edge)
                                  5.570000    5.570000   clock network delay (propagated)
                                  3.740000    9.310000 v input external delay
     1    0.003461    0.140000    0.000000    9.310000 v wbs_we_i (in)
                                                         wbs_we_i (net)
                      0.140060    0.000031    9.310031 v input50/A (sky130_fd_sc_hd__buf_2)
     5    0.049076    0.225745    0.444584    9.754615 v input50/X (sky130_fd_sc_hd__buf_2)
                                                         net50 (net)
                      0.225752    0.001657    9.756272 v fanout85/A (sky130_fd_sc_hd__buf_4)
    15    0.067207    0.168065    0.454935   10.211207 v fanout85/X (sky130_fd_sc_hd__buf_4)
                                                         net85 (net)
                      0.168065    0.000201   10.211408 v fanout84/A (sky130_fd_sc_hd__clkbuf_2)
    15    0.033211    0.234100    0.396989   10.608397 v fanout84/X (sky130_fd_sc_hd__clkbuf_2)
                                                         net84 (net)
                      0.234100    0.000806   10.609203 v _42_/A_N (sky130_fd_sc_hd__and4b_1)
     1    0.010915    0.212654    0.710000   11.319203 ^ _42_/X (sky130_fd_sc_hd__and4b_1)
                                                         net77 (net)
                      0.212654    0.000167   11.319370 ^ output77/A (sky130_fd_sc_hd__buf_12)
     1    0.191207    0.342648    0.473548   11.792919 ^ output77/X (sky130_fd_sc_hd__buf_12)
                                                         wbs_dat_o[3] (net)
                      0.342652    0.001803   11.794722 ^ wbs_dat_o[3] (out)
                                             11.794722   data arrival time

                                 25.000000   25.000000   clock clk (rise edge)
                                  4.650000   29.650000   clock network delay (propagated)
                                 -0.100000   29.549999   clock uncertainty
                                  0.000000   29.549999   clock reconvergence pessimism
                                 -3.620000   25.929998   output external delay
                                             25.929998   data required time
---------------------------------------------------------------------------------------------
                                             25.929998   data required time
                                            -11.794722   data arrival time
---------------------------------------------------------------------------------------------
                                             14.135277   slack (MET)


Startpoint: wbs_we_i (input port clocked by clk)
Endpoint: wbs_dat_o[1] (output port clocked by clk)
Path Group: clk
Path Type: max

Fanout         Cap        Slew       Delay        Time   Description
---------------------------------------------------------------------------------------------
                                  0.000000    0.000000   clock clk (rise edge)
                                  5.570000    5.570000   clock network delay (propagated)
                                  3.740000    9.310000 v input external delay
     1    0.003461    0.140000    0.000000    9.310000 v wbs_we_i (in)
                                                         wbs_we_i (net)
                      0.140060    0.000031    9.310031 v input50/A (sky130_fd_sc_hd__buf_2)
     5    0.049076    0.225745    0.444584    9.754615 v input50/X (sky130_fd_sc_hd__buf_2)
                                                         net50 (net)
                      0.225752    0.001657    9.756272 v fanout85/A (sky130_fd_sc_hd__buf_4)
    15    0.067207    0.168065    0.454935   10.211207 v fanout85/X (sky130_fd_sc_hd__buf_4)
                                                         net85 (net)
                      0.168069    0.001182   10.212389 v _40_/A_N (sky130_fd_sc_hd__and4b_1)
     1    0.017013    0.292332    0.749623   10.962012 ^ _40_/X (sky130_fd_sc_hd__and4b_1)
                                                         net63 (net)
                      0.292332    0.000585   10.962597 ^ output63/A (sky130_fd_sc_hd__buf_12)
     1    0.190474    0.341886    0.502915   11.465512 ^ output63/X (sky130_fd_sc_hd__buf_12)
                                                         wbs_dat_o[1] (net)
                      0.341886    0.001271   11.466784 ^ wbs_dat_o[1] (out)
                                             11.466784   data arrival time

                                 25.000000   25.000000   clock clk (rise edge)
                                  4.650000   29.650000   clock network delay (propagated)
                                 -0.100000   29.549999   clock uncertainty
                                  0.000000   29.549999   clock reconvergence pessimism
                                 -3.620000   25.929998   output external delay
                                             25.929998   data required time
---------------------------------------------------------------------------------------------
                                             25.929998   data required time
                                            -11.466784   data arrival time
---------------------------------------------------------------------------------------------
                                             14.463215   slack (MET)


Startpoint: wbs_we_i (input port clocked by clk)
Endpoint: wbs_dat_o[24] (output port clocked by clk)
Path Group: clk
Path Type: max

Fanout         Cap        Slew       Delay        Time   Description
---------------------------------------------------------------------------------------------
                                  0.000000    0.000000   clock clk (rise edge)
                                  5.570000    5.570000   clock network delay (propagated)
                                  3.740000    9.310000 v input external delay
     1    0.003461    0.140000    0.000000    9.310000 v wbs_we_i (in)
                                                         wbs_we_i (net)
                      0.140060    0.000031    9.310031 v input50/A (sky130_fd_sc_hd__buf_2)
     5    0.049076    0.225745    0.444584    9.754615 v input50/X (sky130_fd_sc_hd__buf_2)
                                                         net50 (net)
                      0.225752    0.001657    9.756272 v fanout85/A (sky130_fd_sc_hd__buf_4)
    15    0.067207    0.168065    0.454935   10.211207 v fanout85/X (sky130_fd_sc_hd__buf_4)
                                                         net85 (net)
                      0.168237    0.005088   10.216295 v _31_/A_N (sky130_fd_sc_hd__and4b_1)
     1    0.015189    0.266923    0.729203   10.945498 ^ _31_/X (sky130_fd_sc_hd__and4b_1)
                                                         net68 (net)
                      0.266923    0.000466   10.945965 ^ output68/A (sky130_fd_sc_hd__buf_12)
     1    0.192746    0.345710    0.494873   11.440837 ^ output68/X (sky130_fd_sc_hd__buf_12)
                                                         wbs_dat_o[24] (net)
                      0.345736    0.003370   11.444207 ^ wbs_dat_o[24] (out)
                                             11.444207   data arrival time

                                 25.000000   25.000000   clock clk (rise edge)
                                  4.650000   29.650000   clock network delay (propagated)
                                 -0.100000   29.549999   clock uncertainty
                                  0.000000   29.549999   clock reconvergence pessimism
                                 -3.620000   25.929998   output external delay
                                             25.929998   data required time
---------------------------------------------------------------------------------------------
                                             25.929998   data required time
                                            -11.444207   data arrival time
---------------------------------------------------------------------------------------------
                                             14.485791   slack (MET)


Startpoint: wbs_we_i (input port clocked by clk)
Endpoint: wbs_dat_o[17] (output port clocked by clk)
Path Group: clk
Path Type: max

Fanout         Cap        Slew       Delay        Time   Description
---------------------------------------------------------------------------------------------
                                  0.000000    0.000000   clock clk (rise edge)
                                  5.570000    5.570000   clock network delay (propagated)
                                  3.740000    9.310000 v input external delay
     1    0.003461    0.140000    0.000000    9.310000 v wbs_we_i (in)
                                                         wbs_we_i (net)
                      0.140060    0.000031    9.310031 v input50/A (sky130_fd_sc_hd__buf_2)
     5    0.049076    0.225745    0.444584    9.754615 v input50/X (sky130_fd_sc_hd__buf_2)
                                                         net50 (net)
                      0.225752    0.001657    9.756272 v fanout85/A (sky130_fd_sc_hd__buf_4)
    15    0.067207    0.168065    0.454935   10.211207 v fanout85/X (sky130_fd_sc_hd__buf_4)
                                                         net85 (net)
                      0.168153    0.003776   10.214983 v _24_/A_N (sky130_fd_sc_hd__and4b_1)
     1    0.014922    0.263217    0.726138   10.941121 ^ _24_/X (sky130_fd_sc_hd__and4b_1)
                                                         net60 (net)
                      0.263217    0.000499   10.941621 ^ output60/A (sky130_fd_sc_hd__buf_12)
     1    0.191460    0.343407    0.492479   11.434099 ^ output60/X (sky130_fd_sc_hd__buf_12)
                                                         wbs_dat_o[17] (net)
                      0.343420    0.002601   11.436700 ^ wbs_dat_o[17] (out)
                                             11.436700   data arrival time

                                 25.000000   25.000000   clock clk (rise edge)
                                  4.650000   29.650000   clock network delay (propagated)
                                 -0.100000   29.549999   clock uncertainty
                                  0.000000   29.549999   clock reconvergence pessimism
                                 -3.620000   25.929998   output external delay
                                             25.929998   data required time
---------------------------------------------------------------------------------------------
                                             25.929998   data required time
                                            -11.436700   data arrival time
---------------------------------------------------------------------------------------------
                                             14.493299   slack (MET)


Startpoint: wbs_we_i (input port clocked by clk)
Endpoint: wbs_dat_o[21] (output port clocked by clk)
Path Group: clk
Path Type: max

Fanout         Cap        Slew       Delay        Time   Description
---------------------------------------------------------------------------------------------
                                  0.000000    0.000000   clock clk (rise edge)
                                  5.570000    5.570000   clock network delay (propagated)
                                  3.740000    9.310000 v input external delay
     1    0.003461    0.140000    0.000000    9.310000 v wbs_we_i (in)
                                                         wbs_we_i (net)
                      0.140060    0.000031    9.310031 v input50/A (sky130_fd_sc_hd__buf_2)
     5    0.049076    0.225745    0.444584    9.754615 v input50/X (sky130_fd_sc_hd__buf_2)
                                                         net50 (net)
                      0.225752    0.001657    9.756272 v fanout85/A (sky130_fd_sc_hd__buf_4)
    15    0.067207    0.168065    0.454935   10.211207 v fanout85/X (sky130_fd_sc_hd__buf_4)
                                                         net85 (net)
                      0.168218    0.004817   10.216023 v _28_/A_N (sky130_fd_sc_hd__and4b_1)
     1    0.014724    0.260473    0.723962   10.939986 ^ _28_/X (sky130_fd_sc_hd__and4b_1)
                                                         net65 (net)
                      0.260473    0.000446   10.940432 ^ output65/A (sky130_fd_sc_hd__buf_12)
     1    0.192601    0.345440    0.492478   11.432910 ^ output65/X (sky130_fd_sc_hd__buf_12)
                                                         wbs_dat_o[21] (net)
                      0.345465    0.003275   11.436185 ^ wbs_dat_o[21] (out)
                                             11.436185   data arrival time

                                 25.000000   25.000000   clock clk (rise edge)
                                  4.650000   29.650000   clock network delay (propagated)
                                 -0.100000   29.549999   clock uncertainty
                                  0.000000   29.549999   clock reconvergence pessimism
                                 -3.620000   25.929998   output external delay
                                             25.929998   data required time
---------------------------------------------------------------------------------------------
                                             25.929998   data required time
                                            -11.436185   data arrival time
---------------------------------------------------------------------------------------------
                                             14.493814   slack (MET)


Startpoint: wbs_we_i (input port clocked by clk)
Endpoint: wbs_dat_o[19] (output port clocked by clk)
Path Group: clk
Path Type: max

Fanout         Cap        Slew       Delay        Time   Description
---------------------------------------------------------------------------------------------
                                  0.000000    0.000000   clock clk (rise edge)
                                  5.570000    5.570000   clock network delay (propagated)
                                  3.740000    9.310000 v input external delay
     1    0.003461    0.140000    0.000000    9.310000 v wbs_we_i (in)
                                                         wbs_we_i (net)
                      0.140060    0.000031    9.310031 v input50/A (sky130_fd_sc_hd__buf_2)
     5    0.049076    0.225745    0.444584    9.754615 v input50/X (sky130_fd_sc_hd__buf_2)
                                                         net50 (net)
                      0.225752    0.001657    9.756272 v fanout85/A (sky130_fd_sc_hd__buf_4)
    15    0.067207    0.168065    0.454935   10.211207 v fanout85/X (sky130_fd_sc_hd__buf_4)
                                                         net85 (net)
                      0.168185    0.004330   10.215537 v _26_/A_N (sky130_fd_sc_hd__and4b_1)
     1    0.013899    0.249029    0.714681   10.930218 ^ _26_/X (sky130_fd_sc_hd__and4b_1)
                                                         net62 (net)
                      0.249029    0.000383   10.930601 ^ output62/A (sky130_fd_sc_hd__buf_12)
     1    0.191322    0.343060    0.487605   11.418205 ^ output62/X (sky130_fd_sc_hd__buf_12)
                                                         wbs_dat_o[19] (net)
                      0.343067    0.002173   11.420379 ^ wbs_dat_o[19] (out)
                                             11.420379   data arrival time

                                 25.000000   25.000000   clock clk (rise edge)
                                  4.650000   29.650000   clock network delay (propagated)
                                 -0.100000   29.549999   clock uncertainty
                                  0.000000   29.549999   clock reconvergence pessimism
                                 -3.620000   25.929998   output external delay
                                             25.929998   data required time
---------------------------------------------------------------------------------------------
                                             25.929998   data required time
                                            -11.420379   data arrival time
---------------------------------------------------------------------------------------------
                                             14.509620   slack (MET)


Startpoint: wbs_we_i (input port clocked by clk)
Endpoint: wbs_dat_o[16] (output port clocked by clk)
Path Group: clk
Path Type: max

Fanout         Cap        Slew       Delay        Time   Description
---------------------------------------------------------------------------------------------
                                  0.000000    0.000000   clock clk (rise edge)
                                  5.570000    5.570000   clock network delay (propagated)
                                  3.740000    9.310000 v input external delay
     1    0.003461    0.140000    0.000000    9.310000 v wbs_we_i (in)
                                                         wbs_we_i (net)
                      0.140060    0.000031    9.310031 v input50/A (sky130_fd_sc_hd__buf_2)
     5    0.049076    0.225745    0.444584    9.754615 v input50/X (sky130_fd_sc_hd__buf_2)
                                                         net50 (net)
                      0.225752    0.001657    9.756272 v fanout85/A (sky130_fd_sc_hd__buf_4)
    15    0.067207    0.168065    0.454935   10.211207 v fanout85/X (sky130_fd_sc_hd__buf_4)
                                                         net85 (net)
                      0.168134    0.003405   10.214613 v _23_/A_N (sky130_fd_sc_hd__and4b_1)
     1    0.013659    0.245704    0.711954   10.926567 ^ _23_/X (sky130_fd_sc_hd__and4b_1)
                                                         net59 (net)
                      0.245704    0.000362   10.926929 ^ output59/A (sky130_fd_sc_hd__buf_12)
     1    0.191195    0.342806    0.486386   11.413315 ^ output59/X (sky130_fd_sc_hd__buf_12)
                                                         wbs_dat_o[16] (net)
                      0.342812    0.002011   11.415326 ^ wbs_dat_o[16] (out)
                                             11.415326   data arrival time

                                 25.000000   25.000000   clock clk (rise edge)
                                  4.650000   29.650000   clock network delay (propagated)
                                 -0.100000   29.549999   clock uncertainty
                                  0.000000   29.549999   clock reconvergence pessimism
                                 -3.620000   25.929998   output external delay
                                             25.929998   data required time
---------------------------------------------------------------------------------------------
                                             25.929998   data required time
                                            -11.415326   data arrival time
---------------------------------------------------------------------------------------------
                                             14.514672   slack (MET)


Startpoint: wbs_we_i (input port clocked by clk)
Endpoint: wbs_dat_o[18] (output port clocked by clk)
Path Group: clk
Path Type: max

Fanout         Cap        Slew       Delay        Time   Description
---------------------------------------------------------------------------------------------
                                  0.000000    0.000000   clock clk (rise edge)
                                  5.570000    5.570000   clock network delay (propagated)
                                  3.740000    9.310000 v input external delay
     1    0.003461    0.140000    0.000000    9.310000 v wbs_we_i (in)
                                                         wbs_we_i (net)
                      0.140060    0.000031    9.310031 v input50/A (sky130_fd_sc_hd__buf_2)
     5    0.049076    0.225745    0.444584    9.754615 v input50/X (sky130_fd_sc_hd__buf_2)
                                                         net50 (net)
                      0.225752    0.001657    9.756272 v fanout85/A (sky130_fd_sc_hd__buf_4)
    15    0.067207    0.168065    0.454935   10.211207 v fanout85/X (sky130_fd_sc_hd__buf_4)
                                                         net85 (net)
                      0.168165    0.003999   10.215207 v _25_/A_N (sky130_fd_sc_hd__and4b_1)
     1    0.013429    0.242533    0.709365   10.924572 ^ _25_/X (sky130_fd_sc_hd__and4b_1)
                                                         net61 (net)
                      0.242533    0.000391   10.924963 ^ output61/A (sky130_fd_sc_hd__buf_12)
     1    0.191050    0.342558    0.485083   11.410046 ^ output61/X (sky130_fd_sc_hd__buf_12)
                                                         wbs_dat_o[18] (net)
                      0.342564    0.002009   11.412055 ^ wbs_dat_o[18] (out)
                                             11.412055   data arrival time

                                 25.000000   25.000000   clock clk (rise edge)
                                  4.650000   29.650000   clock network delay (propagated)
                                 -0.100000   29.549999   clock uncertainty
                                  0.000000   29.549999   clock reconvergence pessimism
                                 -3.620000   25.929998   output external delay
                                             25.929998   data required time
---------------------------------------------------------------------------------------------
                                             25.929998   data required time
                                            -11.412055   data arrival time
---------------------------------------------------------------------------------------------
                                             14.517943   slack (MET)


Startpoint: wbs_we_i (input port clocked by clk)
Endpoint: wbs_dat_o[25] (output port clocked by clk)
Path Group: clk
Path Type: max

Fanout         Cap        Slew       Delay        Time   Description
---------------------------------------------------------------------------------------------
                                  0.000000    0.000000   clock clk (rise edge)
                                  5.570000    5.570000   clock network delay (propagated)
                                  3.740000    9.310000 v input external delay
     1    0.003461    0.140000    0.000000    9.310000 v wbs_we_i (in)
                                                         wbs_we_i (net)
                      0.140060    0.000031    9.310031 v input50/A (sky130_fd_sc_hd__buf_2)
     5    0.049076    0.225745    0.444584    9.754615 v input50/X (sky130_fd_sc_hd__buf_2)
                                                         net50 (net)
                      0.225752    0.001657    9.756272 v fanout85/A (sky130_fd_sc_hd__buf_4)
    15    0.067207    0.168065    0.454935   10.211207 v fanout85/X (sky130_fd_sc_hd__buf_4)
                                                         net85 (net)
                      0.168242    0.005151   10.216359 v _32_/A_N (sky130_fd_sc_hd__and4b_1)
     1    0.013291    0.240623    0.707869   10.924228 ^ _32_/X (sky130_fd_sc_hd__and4b_1)
                                                         net69 (net)
                      0.240623    0.000329   10.924557 ^ output69/A (sky130_fd_sc_hd__buf_12)
     1    0.191532    0.343448    0.484720   11.409277 ^ output69/X (sky130_fd_sc_hd__buf_12)
                                                         wbs_dat_o[25] (net)
                      0.343459    0.002427   11.411704 ^ wbs_dat_o[25] (out)
                                             11.411704   data arrival time

                                 25.000000   25.000000   clock clk (rise edge)
                                  4.650000   29.650000   clock network delay (propagated)
                                 -0.100000   29.549999   clock uncertainty
                                  0.000000   29.549999   clock reconvergence pessimism
                                 -3.620000   25.929998   output external delay
                                             25.929998   data required time
---------------------------------------------------------------------------------------------
                                             25.929998   data required time
                                            -11.411704   data arrival time
---------------------------------------------------------------------------------------------
                                             14.518294   slack (MET)


Startpoint: wbs_we_i (input port clocked by clk)
Endpoint: wbs_dat_o[27] (output port clocked by clk)
Path Group: clk
Path Type: max

Fanout         Cap        Slew       Delay        Time   Description
---------------------------------------------------------------------------------------------
                                  0.000000    0.000000   clock clk (rise edge)
                                  5.570000    5.570000   clock network delay (propagated)
                                  3.740000    9.310000 v input external delay
     1    0.003461    0.140000    0.000000    9.310000 v wbs_we_i (in)
                                                         wbs_we_i (net)
                      0.140060    0.000031    9.310031 v input50/A (sky130_fd_sc_hd__buf_2)
     5    0.049076    0.225745    0.444584    9.754615 v input50/X (sky130_fd_sc_hd__buf_2)
                                                         net50 (net)
                      0.225752    0.001657    9.756272 v fanout85/A (sky130_fd_sc_hd__buf_4)
    15    0.067207    0.168065    0.454935   10.211207 v fanout85/X (sky130_fd_sc_hd__buf_4)
                                                         net85 (net)
                      0.168246    0.005201   10.216409 v _34_/A_N (sky130_fd_sc_hd__and4b_1)
     1    0.012709    0.234156    0.700508   10.916917 ^ _34_/X (sky130_fd_sc_hd__and4b_1)
                                                         net71 (net)
                      0.234156    0.000291   10.917208 ^ output71/A (sky130_fd_sc_hd__buf_12)
     1    0.192040    0.344417    0.482617   11.399824 ^ output71/X (sky130_fd_sc_hd__buf_12)
                                                         wbs_dat_o[27] (net)
                      0.344438    0.003073   11.402898 ^ wbs_dat_o[27] (out)
                                             11.402898   data arrival time

                                 25.000000   25.000000   clock clk (rise edge)
                                  4.650000   29.650000   clock network delay (propagated)
                                 -0.100000   29.549999   clock uncertainty
                                  0.000000   29.549999   clock reconvergence pessimism
                                 -3.620000   25.929998   output external delay
                                             25.929998   data required time
---------------------------------------------------------------------------------------------
                                             25.929998   data required time
                                            -11.402898   data arrival time
---------------------------------------------------------------------------------------------
                                             14.527101   slack (MET)


Startpoint: wbs_we_i (input port clocked by clk)
Endpoint: wbs_dat_o[20] (output port clocked by clk)
Path Group: clk
Path Type: max

Fanout         Cap        Slew       Delay        Time   Description
---------------------------------------------------------------------------------------------
                                  0.000000    0.000000   clock clk (rise edge)
                                  5.570000    5.570000   clock network delay (propagated)
                                  3.740000    9.310000 v input external delay
     1    0.003461    0.140000    0.000000    9.310000 v wbs_we_i (in)
                                                         wbs_we_i (net)
                      0.140060    0.000031    9.310031 v input50/A (sky130_fd_sc_hd__buf_2)
     5    0.049076    0.225745    0.444584    9.754615 v input50/X (sky130_fd_sc_hd__buf_2)
                                                         net50 (net)
                      0.225752    0.001657    9.756272 v fanout85/A (sky130_fd_sc_hd__buf_4)
    15    0.067207    0.168065    0.454935   10.211207 v fanout85/X (sky130_fd_sc_hd__buf_4)
                                                         net85 (net)
                      0.168202    0.004592   10.215799 v _27_/A_N (sky130_fd_sc_hd__and4b_1)
     1    0.012816    0.235121    0.701931   10.917730 ^ _27_/X (sky130_fd_sc_hd__and4b_1)
                                                         net64 (net)
                      0.235121    0.000323   10.918054 ^ output64/A (sky130_fd_sc_hd__buf_12)
     1    0.191076    0.342586    0.482498   11.400552 ^ output64/X (sky130_fd_sc_hd__buf_12)
                                                         wbs_dat_o[20] (net)
                      0.342592    0.002009   11.402561 ^ wbs_dat_o[20] (out)
                                             11.402561   data arrival time

                                 25.000000   25.000000   clock clk (rise edge)
                                  4.650000   29.650000   clock network delay (propagated)
                                 -0.100000   29.549999   clock uncertainty
                                  0.000000   29.549999   clock reconvergence pessimism
                                 -3.620000   25.929998   output external delay
                                             25.929998   data required time
---------------------------------------------------------------------------------------------
                                             25.929998   data required time
                                            -11.402561   data arrival time
---------------------------------------------------------------------------------------------
                                             14.527437   slack (MET)


Startpoint: wbs_we_i (input port clocked by clk)
Endpoint: wbs_dat_o[23] (output port clocked by clk)
Path Group: clk
Path Type: max

Fanout         Cap        Slew       Delay        Time   Description
---------------------------------------------------------------------------------------------
                                  0.000000    0.000000   clock clk (rise edge)
                                  5.570000    5.570000   clock network delay (propagated)
                                  3.740000    9.310000 v input external delay
     1    0.003461    0.140000    0.000000    9.310000 v wbs_we_i (in)
                                                         wbs_we_i (net)
                      0.140060    0.000031    9.310031 v input50/A (sky130_fd_sc_hd__buf_2)
     5    0.049076    0.225745    0.444584    9.754615 v input50/X (sky130_fd_sc_hd__buf_2)
                                                         net50 (net)
                      0.225752    0.001657    9.756272 v fanout85/A (sky130_fd_sc_hd__buf_4)
    15    0.067207    0.168065    0.454935   10.211207 v fanout85/X (sky130_fd_sc_hd__buf_4)
                                                         net85 (net)
                      0.168233    0.005023   10.216230 v _30_/A_N (sky130_fd_sc_hd__and4b_1)
     1    0.012738    0.234413    0.700893   10.917123 ^ _30_/X (sky130_fd_sc_hd__and4b_1)
                                                         net67 (net)
                      0.234413    0.000308   10.917431 ^ output67/A (sky130_fd_sc_hd__buf_12)
     1    0.190949    0.342350    0.482173   11.399603 ^ output67/X (sky130_fd_sc_hd__buf_12)
                                                         wbs_dat_o[23] (net)
                      0.342355    0.001894   11.401497 ^ wbs_dat_o[23] (out)
                                             11.401497   data arrival time

                                 25.000000   25.000000   clock clk (rise edge)
                                  4.650000   29.650000   clock network delay (propagated)
                                 -0.100000   29.549999   clock uncertainty
                                  0.000000   29.549999   clock reconvergence pessimism
                                 -3.620000   25.929998   output external delay
                                             25.929998   data required time
---------------------------------------------------------------------------------------------
                                             25.929998   data required time
                                            -11.401497   data arrival time
---------------------------------------------------------------------------------------------
                                             14.528502   slack (MET)


Startpoint: wbs_we_i (input port clocked by clk)
Endpoint: wbs_dat_o[26] (output port clocked by clk)
Path Group: clk
Path Type: max

Fanout         Cap        Slew       Delay        Time   Description
---------------------------------------------------------------------------------------------
                                  0.000000    0.000000   clock clk (rise edge)
                                  5.570000    5.570000   clock network delay (propagated)
                                  3.740000    9.310000 v input external delay
     1    0.003461    0.140000    0.000000    9.310000 v wbs_we_i (in)
                                                         wbs_we_i (net)
                      0.140060    0.000031    9.310031 v input50/A (sky130_fd_sc_hd__buf_2)
     5    0.049076    0.225745    0.444584    9.754615 v input50/X (sky130_fd_sc_hd__buf_2)
                                                         net50 (net)
                      0.225752    0.001657    9.756272 v fanout85/A (sky130_fd_sc_hd__buf_4)
    15    0.067207    0.168065    0.454935   10.211207 v fanout85/X (sky130_fd_sc_hd__buf_4)
                                                         net85 (net)
                      0.168245    0.005193   10.216400 v _33_/A_N (sky130_fd_sc_hd__and4b_1)
     1    0.012641    0.233580    0.699583   10.915983 ^ _33_/X (sky130_fd_sc_hd__and4b_1)
                                                         net70 (net)
                      0.233580    0.000321   10.916304 ^ output70/A (sky130_fd_sc_hd__buf_12)
     1    0.191780    0.344003    0.481998   11.398301 ^ output70/X (sky130_fd_sc_hd__buf_12)
                                                         wbs_dat_o[26] (net)
                      0.344026    0.003188   11.401489 ^ wbs_dat_o[26] (out)
                                             11.401489   data arrival time

                                 25.000000   25.000000   clock clk (rise edge)
                                  4.650000   29.650000   clock network delay (propagated)
                                 -0.100000   29.549999   clock uncertainty
                                  0.000000   29.549999   clock reconvergence pessimism
                                 -3.620000   25.929998   output external delay
                                             25.929998   data required time
---------------------------------------------------------------------------------------------
                                             25.929998   data required time
                                            -11.401489   data arrival time
---------------------------------------------------------------------------------------------
                                             14.528509   slack (MET)


Startpoint: wbs_we_i (input port clocked by clk)
Endpoint: wbs_dat_o[22] (output port clocked by clk)
Path Group: clk
Path Type: max

Fanout         Cap        Slew       Delay        Time   Description
---------------------------------------------------------------------------------------------
                                  0.000000    0.000000   clock clk (rise edge)
                                  5.570000    5.570000   clock network delay (propagated)
                                  3.740000    9.310000 v input external delay
     1    0.003461    0.140000    0.000000    9.310000 v wbs_we_i (in)
                                                         wbs_we_i (net)
                      0.140060    0.000031    9.310031 v input50/A (sky130_fd_sc_hd__buf_2)
     5    0.049076    0.225745    0.444584    9.754615 v input50/X (sky130_fd_sc_hd__buf_2)
                                                         net50 (net)
                      0.225752    0.001657    9.756272 v fanout85/A (sky130_fd_sc_hd__buf_4)
    15    0.067207    0.168065    0.454935   10.211207 v fanout85/X (sky130_fd_sc_hd__buf_4)
                                                         net85 (net)
                      0.168225    0.004923   10.216130 v _29_/A_N (sky130_fd_sc_hd__and4b_1)
     1    0.012282    0.230640    0.694758   10.910889 ^ _29_/X (sky130_fd_sc_hd__and4b_1)
                                                         net66 (net)
                      0.230640    0.000258   10.911146 ^ output66/A (sky130_fd_sc_hd__buf_12)
     1    0.192291    0.344880    0.481504   11.392650 ^ output66/X (sky130_fd_sc_hd__buf_12)
                                                         wbs_dat_o[22] (net)
                      0.344906    0.003336   11.395986 ^ wbs_dat_o[22] (out)
                                             11.395986   data arrival time

                                 25.000000   25.000000   clock clk (rise edge)
                                  4.650000   29.650000   clock network delay (propagated)
                                 -0.100000   29.549999   clock uncertainty
                                  0.000000   29.549999   clock reconvergence pessimism
                                 -3.620000   25.929998   output external delay
                                             25.929998   data required time
---------------------------------------------------------------------------------------------
                                             25.929998   data required time
                                            -11.395986   data arrival time
---------------------------------------------------------------------------------------------
                                             14.534013   slack (MET)


Startpoint: wbs_dat_i[2] (input port clocked by clk)
Endpoint: i_sram (rising edge-triggered flip-flop clocked by clk)
Path Group: clk
Path Type: max

Fanout         Cap        Slew       Delay        Time   Description
---------------------------------------------------------------------------------------------
                                  0.000000    0.000000   clock clk (rise edge)
                                  5.570000    5.570000   clock network delay (propagated)
                                  4.610000   10.180000 v input external delay
     1    0.003762    0.840000    0.000000   10.180000 v wbs_dat_i[2] (in)
                                                         wbs_dat_i[2] (net)
                      0.840073    0.000038   10.180038 v hold118/A (sky130_fd_sc_hd__dlygate4sd3_1)
     1    0.004041    0.118879    1.571841   11.751879 v hold118/X (sky130_fd_sc_hd__dlygate4sd3_1)
                                                         net216 (net)
                      0.118879    0.000073   11.751952 v hold3/A (sky130_fd_sc_hd__dlygate4sd3_1)
     1    0.004669    0.126585    1.235657   12.987609 v hold3/X (sky130_fd_sc_hd__dlygate4sd3_1)
                                                         net101 (net)
                      0.126585    0.000086   12.987695 v input35/A (sky130_fd_sc_hd__buf_4)
     2    0.020756    0.079405    0.320058   13.307753 v input35/X (sky130_fd_sc_hd__buf_4)
                                                         net35 (net)
                      0.079432    0.001464   13.309216 v hold4/A (sky130_fd_sc_hd__dlygate4sd3_1)
     1    0.064984    0.619056    1.701975   15.011191 v hold4/X (sky130_fd_sc_hd__dlygate4sd3_1)
                                                         net102 (net)
                      0.619247    0.010914   15.022105 v i_sram/DI[2] (CF_SRAM_1024x32)
                                             15.022105   data arrival time

                                 25.000000   25.000000   clock clk (rise edge)
                                  4.650000   29.650000   clock source latency
     1    0.049821    0.610000    0.000000   29.650000 ^ wb_clk_i (in)
                                                         wb_clk_i (net)
                      0.623578    0.006450   29.656448 ^ clkbuf_0_wb_clk_i/A (sky130_fd_sc_hd__clkbuf_16)
     2    0.059277    0.125510    0.479190   30.135639 ^ clkbuf_0_wb_clk_i/X (sky130_fd_sc_hd__clkbuf_16)
                                                         clknet_0_wb_clk_i (net)
                      0.125549    0.000892   30.136530 ^ clkbuf_1_1__f_wb_clk_i/A (sky130_fd_sc_hd__clkbuf_16)
     1    0.133983    0.225598    0.352799   30.489328 ^ clkbuf_1_1__f_wb_clk_i/X (sky130_fd_sc_hd__clkbuf_16)
                                                         clknet_1_1__leaf_wb_clk_i (net)
                      0.226422    0.010552   30.499882 ^ i_sram/CLKin (CF_SRAM_1024x32)
                                 -0.100000   30.399883   clock uncertainty
                                  0.000000   30.399883   clock reconvergence pessimism
                                 -0.746084   29.653799   library setup time
                                             29.653799   data required time
---------------------------------------------------------------------------------------------
                                             29.653799   data required time
                                            -15.022105   data arrival time
---------------------------------------------------------------------------------------------
                                             14.631694   slack (MET)


Startpoint: wbs_dat_i[5] (input port clocked by clk)
Endpoint: i_sram (rising edge-triggered flip-flop clocked by clk)
Path Group: clk
Path Type: max

Fanout         Cap        Slew       Delay        Time   Description
---------------------------------------------------------------------------------------------
                                  0.000000    0.000000   clock clk (rise edge)
                                  5.570000    5.570000   clock network delay (propagated)
                                  4.610000   10.180000 v input external delay
     1    0.003231    0.840000    0.000000   10.180000 v wbs_dat_i[5] (in)
                                                         wbs_dat_i[5] (net)
                      0.840049    0.000026   10.180026 v hold108/A (sky130_fd_sc_hd__dlygate4sd3_1)
     1    0.004195    0.121040    1.574558   11.754584 v hold108/X (sky130_fd_sc_hd__dlygate4sd3_1)
                                                         net206 (net)
                      0.121040    0.000052   11.754636 v hold37/A (sky130_fd_sc_hd__dlygate4sd3_1)
     1    0.005963    0.137591    1.252217   13.006853 v hold37/X (sky130_fd_sc_hd__dlygate4sd3_1)
                                                         net135 (net)
                      0.137591    0.000147   13.007000 v input40/A (sky130_fd_sc_hd__clkbuf_4)
     1    0.015021    0.080969    0.317210   13.324210 v input40/X (sky130_fd_sc_hd__clkbuf_4)
                                                         net40 (net)
                      0.080974    0.000742   13.324952 v hold38/A (sky130_fd_sc_hd__dlygate4sd3_1)
     1    0.061965    0.593796    1.682603   15.007555 v hold38/X (sky130_fd_sc_hd__dlygate4sd3_1)
                                                         net136 (net)
                      0.593957    0.009848   15.017403 v i_sram/DI[5] (CF_SRAM_1024x32)
                                             15.017403   data arrival time

                                 25.000000   25.000000   clock clk (rise edge)
                                  4.650000   29.650000   clock source latency
     1    0.049821    0.610000    0.000000   29.650000 ^ wb_clk_i (in)
                                                         wb_clk_i (net)
                      0.623578    0.006450   29.656448 ^ clkbuf_0_wb_clk_i/A (sky130_fd_sc_hd__clkbuf_16)
     2    0.059277    0.125510    0.479190   30.135639 ^ clkbuf_0_wb_clk_i/X (sky130_fd_sc_hd__clkbuf_16)
                                                         clknet_0_wb_clk_i (net)
                      0.125549    0.000892   30.136530 ^ clkbuf_1_1__f_wb_clk_i/A (sky130_fd_sc_hd__clkbuf_16)
     1    0.133983    0.225598    0.352799   30.489328 ^ clkbuf_1_1__f_wb_clk_i/X (sky130_fd_sc_hd__clkbuf_16)
                                                         clknet_1_1__leaf_wb_clk_i (net)
                      0.226422    0.010552   30.499882 ^ i_sram/CLKin (CF_SRAM_1024x32)
                                 -0.100000   30.399883   clock uncertainty
                                  0.000000   30.399883   clock reconvergence pessimism
                                 -0.739736   29.660145   library setup time
                                             29.660145   data required time
---------------------------------------------------------------------------------------------
                                             29.660145   data required time
                                            -15.017403   data arrival time
---------------------------------------------------------------------------------------------
                                             14.642742   slack (MET)


Startpoint: wbs_dat_i[0] (input port clocked by clk)
Endpoint: i_sram (rising edge-triggered flip-flop clocked by clk)
Path Group: clk
Path Type: max

Fanout         Cap        Slew       Delay        Time   Description
---------------------------------------------------------------------------------------------
                                  0.000000    0.000000   clock clk (rise edge)
                                  5.570000    5.570000   clock network delay (propagated)
                                  4.610000   10.180000 v input external delay
     1    0.002467    0.840000    0.000000   10.180000 v wbs_dat_i[0] (in)
                                                         wbs_dat_i[0] (net)
                      0.840028    0.000014   10.180015 v hold125/A (sky130_fd_sc_hd__dlygate4sd3_1)
     1    0.002566    0.104470    1.545786   11.725801 v hold125/X (sky130_fd_sc_hd__dlygate4sd3_1)
                                                         net223 (net)
                      0.104470    0.000033   11.725833 v hold15/A (sky130_fd_sc_hd__dlygate4sd3_1)
     1    0.003965    0.118111    1.217334   12.943167 v hold15/X (sky130_fd_sc_hd__dlygate4sd3_1)
                                                         net113 (net)
                      0.118111    0.000054   12.943221 v input13/A (sky130_fd_sc_hd__buf_4)
     1    0.019046    0.075211    0.311569   13.254789 v input13/X (sky130_fd_sc_hd__buf_4)
                                                         net13 (net)
                      0.075222    0.000996   13.255785 v hold16/A (sky130_fd_sc_hd__dlygate4sd3_1)
     1    0.069775    0.659384    1.731389   14.987175 v hold16/X (sky130_fd_sc_hd__dlygate4sd3_1)
                                                         net114 (net)
                      0.659671    0.013536   15.000710 v i_sram/DI[0] (CF_SRAM_1024x32)
                                             15.000710   data arrival time

                                 25.000000   25.000000   clock clk (rise edge)
                                  4.650000   29.650000   clock source latency
     1    0.049821    0.610000    0.000000   29.650000 ^ wb_clk_i (in)
                                                         wb_clk_i (net)
                      0.623578    0.006450   29.656448 ^ clkbuf_0_wb_clk_i/A (sky130_fd_sc_hd__clkbuf_16)
     2    0.059277    0.125510    0.479190   30.135639 ^ clkbuf_0_wb_clk_i/X (sky130_fd_sc_hd__clkbuf_16)
                                                         clknet_0_wb_clk_i (net)
                      0.125549    0.000892   30.136530 ^ clkbuf_1_1__f_wb_clk_i/A (sky130_fd_sc_hd__clkbuf_16)
     1    0.133983    0.225598    0.352799   30.489328 ^ clkbuf_1_1__f_wb_clk_i/X (sky130_fd_sc_hd__clkbuf_16)
                                                         clknet_1_1__leaf_wb_clk_i (net)
                      0.226422    0.010552   30.499882 ^ i_sram/CLKin (CF_SRAM_1024x32)
                                 -0.100000   30.399883   clock uncertainty
                                  0.000000   30.399883   clock reconvergence pessimism
                                 -0.756230   29.643652   library setup time
                                             29.643652   data required time
---------------------------------------------------------------------------------------------
                                             29.643652   data required time
                                            -15.000710   data arrival time
---------------------------------------------------------------------------------------------
                                             14.642941   slack (MET)


Startpoint: wbs_dat_i[3] (input port clocked by clk)
Endpoint: i_sram (rising edge-triggered flip-flop clocked by clk)
Path Group: clk
Path Type: max

Fanout         Cap        Slew       Delay        Time   Description
---------------------------------------------------------------------------------------------
                                  0.000000    0.000000   clock clk (rise edge)
                                  5.570000    5.570000   clock network delay (propagated)
                                  4.610000   10.180000 v input external delay
     1    0.005031    0.840000    0.000000   10.180000 v wbs_dat_i[3] (in)
                                                         wbs_dat_i[3] (net)
                      0.840144    0.000075   10.180076 v hold119/A (sky130_fd_sc_hd__dlygate4sd3_1)
     1    0.004431    0.124357    1.578567   11.758642 v hold119/X (sky130_fd_sc_hd__dlygate4sd3_1)
                                                         net217 (net)
                      0.124357    0.000087   11.758729 v hold65/A (sky130_fd_sc_hd__dlygate4sd3_1)
     1    0.002916    0.111382    1.208853   12.967582 v hold65/X (sky130_fd_sc_hd__dlygate4sd3_1)
                                                         net163 (net)
                      0.111382    0.000022   12.967605 v input38/A (sky130_fd_sc_hd__clkbuf_4)
     2    0.020092    0.097815    0.321517   13.289122 v input38/X (sky130_fd_sc_hd__clkbuf_4)
                                                         net38 (net)
                      0.097823    0.001003   13.290124 v hold66/A (sky130_fd_sc_hd__dlygate4sd3_1)
     1    0.063779    0.608997    1.703286   14.993409 v hold66/X (sky130_fd_sc_hd__dlygate4sd3_1)
                                                         net164 (net)
                      0.609181    0.010631   15.004041 v i_sram/DI[3] (CF_SRAM_1024x32)
                                             15.004041   data arrival time

                                 25.000000   25.000000   clock clk (rise edge)
                                  4.650000   29.650000   clock source latency
     1    0.049821    0.610000    0.000000   29.650000 ^ wb_clk_i (in)
                                                         wb_clk_i (net)
                      0.623578    0.006450   29.656448 ^ clkbuf_0_wb_clk_i/A (sky130_fd_sc_hd__clkbuf_16)
     2    0.059277    0.125510    0.479190   30.135639 ^ clkbuf_0_wb_clk_i/X (sky130_fd_sc_hd__clkbuf_16)
                                                         clknet_0_wb_clk_i (net)
                      0.125549    0.000892   30.136530 ^ clkbuf_1_1__f_wb_clk_i/A (sky130_fd_sc_hd__clkbuf_16)
     1    0.133983    0.225598    0.352799   30.489328 ^ clkbuf_1_1__f_wb_clk_i/X (sky130_fd_sc_hd__clkbuf_16)
                                                         clknet_1_1__leaf_wb_clk_i (net)
                      0.226422    0.010552   30.499882 ^ i_sram/CLKin (CF_SRAM_1024x32)
                                 -0.100000   30.399883   clock uncertainty
                                  0.000000   30.399883   clock reconvergence pessimism
                                 -0.743558   29.656324   library setup time
                                             29.656324   data required time
---------------------------------------------------------------------------------------------
                                             29.656324   data required time
                                            -15.004041   data arrival time
---------------------------------------------------------------------------------------------
                                             14.652284   slack (MET)


Startpoint: wbs_dat_i[1] (input port clocked by clk)
Endpoint: i_sram (rising edge-triggered flip-flop clocked by clk)
Path Group: clk
Path Type: max

Fanout         Cap        Slew       Delay        Time   Description
---------------------------------------------------------------------------------------------
                                  0.000000    0.000000   clock clk (rise edge)
                                  5.570000    5.570000   clock network delay (propagated)
                                  4.610000   10.180000 v input external delay
     1    0.003591    0.840000    0.000000   10.180000 v wbs_dat_i[1] (in)
                                                         wbs_dat_i[1] (net)
                      0.840063    0.000033   10.180033 v hold122/A (sky130_fd_sc_hd__dlygate4sd3_1)
     1    0.001905    0.100642    1.534149   11.714182 v hold122/X (sky130_fd_sc_hd__dlygate4sd3_1)
                                                         net220 (net)
                      0.100642    0.000011   11.714192 v hold9/A (sky130_fd_sc_hd__dlygate4sd3_1)
     1    0.003094    0.108152    1.199890   12.914083 v hold9/X (sky130_fd_sc_hd__dlygate4sd3_1)
                                                         net107 (net)
                      0.108152    0.000035   12.914117 v input24/A (sky130_fd_sc_hd__buf_4)
     1    0.013816    0.063292    0.292868   13.206985 v input24/X (sky130_fd_sc_hd__buf_4)
                                                         net24 (net)
                      0.063304    0.000902   13.207888 v hold10/A (sky130_fd_sc_hd__dlygate4sd3_1)
     1    0.066139    0.628938    1.701539   14.909427 v hold10/X (sky130_fd_sc_hd__dlygate4sd3_1)
                                                         net108 (net)
                      0.629169    0.011919   14.921347 v i_sram/DI[1] (CF_SRAM_1024x32)
                                             14.921347   data arrival time

                                 25.000000   25.000000   clock clk (rise edge)
                                  4.650000   29.650000   clock source latency
     1    0.049821    0.610000    0.000000   29.650000 ^ wb_clk_i (in)
                                                         wb_clk_i (net)
                      0.623578    0.006450   29.656448 ^ clkbuf_0_wb_clk_i/A (sky130_fd_sc_hd__clkbuf_16)
     2    0.059277    0.125510    0.479190   30.135639 ^ clkbuf_0_wb_clk_i/X (sky130_fd_sc_hd__clkbuf_16)
                                                         clknet_0_wb_clk_i (net)
                      0.125549    0.000892   30.136530 ^ clkbuf_1_1__f_wb_clk_i/A (sky130_fd_sc_hd__clkbuf_16)
     1    0.133983    0.225598    0.352799   30.489328 ^ clkbuf_1_1__f_wb_clk_i/X (sky130_fd_sc_hd__clkbuf_16)
                                                         clknet_1_1__leaf_wb_clk_i (net)
                      0.226422    0.010552   30.499882 ^ i_sram/CLKin (CF_SRAM_1024x32)
                                 -0.100000   30.399883   clock uncertainty
                                  0.000000   30.399883   clock reconvergence pessimism
                                 -0.748575   29.651308   library setup time
                                             29.651308   data required time
---------------------------------------------------------------------------------------------
                                             29.651308   data required time
                                            -14.921347   data arrival time
---------------------------------------------------------------------------------------------
                                             14.729961   slack (MET)


Startpoint: wbs_dat_i[25] (input port clocked by clk)
Endpoint: i_sram (rising edge-triggered flip-flop clocked by clk)
Path Group: clk
Path Type: max

Fanout         Cap        Slew       Delay        Time   Description
---------------------------------------------------------------------------------------------
                                  0.000000    0.000000   clock clk (rise edge)
                                  5.570000    5.570000   clock network delay (propagated)
                                  4.610000   10.180000 v input external delay
     1    0.004925    0.840000    0.000000   10.180000 v wbs_dat_i[25] (in)
                                                         wbs_dat_i[25] (net)
                      0.840100    0.000052   10.180053 v hold120/A (sky130_fd_sc_hd__dlygate4sd3_1)
     1    0.003755    0.115242    1.566797   11.746850 v hold120/X (sky130_fd_sc_hd__dlygate4sd3_1)
                                                         net218 (net)
                      0.115242    0.000065   11.746915 v hold73/A (sky130_fd_sc_hd__dlygate4sd3_1)
     1    0.005516    0.132413    1.243920   12.990834 v hold73/X (sky130_fd_sc_hd__dlygate4sd3_1)
                                                         net171 (net)
                      0.132413    0.000114   12.990949 v input30/A (sky130_fd_sc_hd__clkbuf_4)
     1    0.030241    0.126399    0.360078   13.351027 v input30/X (sky130_fd_sc_hd__clkbuf_4)
                                                         net30 (net)
                      0.126528    0.003833   13.354859 v hold74/A (sky130_fd_sc_hd__dlygate4sd3_1)
     1    0.046197    0.462246    1.600193   14.955052 v hold74/X (sky130_fd_sc_hd__dlygate4sd3_1)
                                                         net172 (net)
                      0.462319    0.006134   14.961186 v i_sram/DI[25] (CF_SRAM_1024x32)
                                             14.961186   data arrival time

                                 25.000000   25.000000   clock clk (rise edge)
                                  4.650000   29.650000   clock source latency
     1    0.049821    0.610000    0.000000   29.650000 ^ wb_clk_i (in)
                                                         wb_clk_i (net)
                      0.623578    0.006450   29.656448 ^ clkbuf_0_wb_clk_i/A (sky130_fd_sc_hd__clkbuf_16)
     2    0.059277    0.125510    0.479190   30.135639 ^ clkbuf_0_wb_clk_i/X (sky130_fd_sc_hd__clkbuf_16)
                                                         clknet_0_wb_clk_i (net)
                      0.125549    0.000892   30.136530 ^ clkbuf_1_1__f_wb_clk_i/A (sky130_fd_sc_hd__clkbuf_16)
     1    0.133983    0.225598    0.352799   30.489328 ^ clkbuf_1_1__f_wb_clk_i/X (sky130_fd_sc_hd__clkbuf_16)
                                                         clknet_1_1__leaf_wb_clk_i (net)
                      0.226422    0.010552   30.499882 ^ i_sram/CLKin (CF_SRAM_1024x32)
                                 -0.100000   30.399883   clock uncertainty
                                  0.000000   30.399883   clock reconvergence pessimism
                                 -0.703436   29.696447   library setup time
                                             29.696447   data required time
---------------------------------------------------------------------------------------------
                                             29.696447   data required time
                                            -14.961186   data arrival time
---------------------------------------------------------------------------------------------
                                             14.735261   slack (MET)


Startpoint: wbs_dat_i[21] (input port clocked by clk)
Endpoint: i_sram (rising edge-triggered flip-flop clocked by clk)
Path Group: clk
Path Type: max

Fanout         Cap        Slew       Delay        Time   Description
---------------------------------------------------------------------------------------------
                                  0.000000    0.000000   clock clk (rise edge)
                                  5.570000    5.570000   clock network delay (propagated)
                                  4.610000   10.180000 v input external delay
     1    0.002706    0.840000    0.000000   10.180000 v wbs_dat_i[21] (in)
                                                         wbs_dat_i[21] (net)
                      0.840035    0.000019   10.180018 v hold114/A (sky130_fd_sc_hd__dlygate4sd3_1)
     1    0.003041    0.108025    1.554168   11.734186 v hold114/X (sky130_fd_sc_hd__dlygate4sd3_1)
                                                         net212 (net)
                      0.108025    0.000042   11.734228 v hold55/A (sky130_fd_sc_hd__dlygate4sd3_1)
     1    0.003625    0.113797    1.213107   12.947335 v hold55/X (sky130_fd_sc_hd__dlygate4sd3_1)
                                                         net153 (net)
                      0.113797    0.000048   12.947383 v input26/A (sky130_fd_sc_hd__clkbuf_4)
     1    0.032094    0.132122    0.356221   13.303604 v input26/X (sky130_fd_sc_hd__clkbuf_4)
                                                         net26 (net)
                      0.132231    0.003648   13.307252 v hold56/A (sky130_fd_sc_hd__dlygate4sd3_1)
     1    0.043316    0.438233    1.584080   14.891332 v hold56/X (sky130_fd_sc_hd__dlygate4sd3_1)
                                                         net154 (net)
                      0.438283    0.005135   14.896467 v i_sram/DI[21] (CF_SRAM_1024x32)
                                             14.896467   data arrival time

                                 25.000000   25.000000   clock clk (rise edge)
                                  4.650000   29.650000   clock source latency
     1    0.049821    0.610000    0.000000   29.650000 ^ wb_clk_i (in)
                                                         wb_clk_i (net)
                      0.623578    0.006450   29.656448 ^ clkbuf_0_wb_clk_i/A (sky130_fd_sc_hd__clkbuf_16)
     2    0.059277    0.125510    0.479190   30.135639 ^ clkbuf_0_wb_clk_i/X (sky130_fd_sc_hd__clkbuf_16)
                                                         clknet_0_wb_clk_i (net)
                      0.125549    0.000892   30.136530 ^ clkbuf_1_1__f_wb_clk_i/A (sky130_fd_sc_hd__clkbuf_16)
     1    0.133983    0.225598    0.352799   30.489328 ^ clkbuf_1_1__f_wb_clk_i/X (sky130_fd_sc_hd__clkbuf_16)
                                                         clknet_1_1__leaf_wb_clk_i (net)
                      0.226422    0.010552   30.499882 ^ i_sram/CLKin (CF_SRAM_1024x32)
                                 -0.100000   30.399883   clock uncertainty
                                  0.000000   30.399883   clock reconvergence pessimism
                                 -0.695324   29.704559   library setup time
                                             29.704559   data required time
---------------------------------------------------------------------------------------------
                                             29.704559   data required time
                                            -14.896467   data arrival time
---------------------------------------------------------------------------------------------
                                             14.808092   slack (MET)


Startpoint: wbs_dat_i[16] (input port clocked by clk)
Endpoint: i_sram (rising edge-triggered flip-flop clocked by clk)
Path Group: clk
Path Type: max

Fanout         Cap        Slew       Delay        Time   Description
---------------------------------------------------------------------------------------------
                                  0.000000    0.000000   clock clk (rise edge)
                                  5.570000    5.570000   clock network delay (propagated)
                                  4.610000   10.180000 v input external delay
     1    0.002442    0.840000    0.000000   10.180000 v wbs_dat_i[16] (in)
                                                         wbs_dat_i[16] (net)
                      0.840028    0.000015   10.180016 v hold113/A (sky130_fd_sc_hd__dlygate4sd3_1)
     1    0.003384    0.111044    1.560216   11.740232 v hold113/X (sky130_fd_sc_hd__dlygate4sd3_1)
                                                         net211 (net)
                      0.111044    0.000051   11.740282 v hold49/A (sky130_fd_sc_hd__dlygate4sd3_1)
     1    0.003609    0.113637    1.214374   12.954657 v hold49/X (sky130_fd_sc_hd__dlygate4sd3_1)
                                                         net147 (net)
                      0.113637    0.000047   12.954703 v input20/A (sky130_fd_sc_hd__clkbuf_4)
     1    0.036166    0.144902    0.366732   13.321436 v input20/X (sky130_fd_sc_hd__clkbuf_4)
                                                         net20 (net)
                      0.145029    0.004095   13.325530 v hold50/A (sky130_fd_sc_hd__dlygate4sd3_1)
     1    0.040741    0.416772    1.573647   14.899178 v hold50/X (sky130_fd_sc_hd__dlygate4sd3_1)
                                                         net148 (net)
                      0.416802    0.004114   14.903292 v i_sram/DI[16] (CF_SRAM_1024x32)
                                             14.903292   data arrival time

                                 25.000000   25.000000   clock clk (rise edge)
                                  4.650000   29.650000   clock source latency
     1    0.049821    0.610000    0.000000   29.650000 ^ wb_clk_i (in)
                                                         wb_clk_i (net)
                      0.623578    0.006450   29.656448 ^ clkbuf_0_wb_clk_i/A (sky130_fd_sc_hd__clkbuf_16)
     2    0.059277    0.125510    0.479190   30.135639 ^ clkbuf_0_wb_clk_i/X (sky130_fd_sc_hd__clkbuf_16)
                                                         clknet_0_wb_clk_i (net)
                      0.125549    0.000892   30.136530 ^ clkbuf_1_1__f_wb_clk_i/A (sky130_fd_sc_hd__clkbuf_16)
     1    0.133983    0.225598    0.352799   30.489328 ^ clkbuf_1_1__f_wb_clk_i/X (sky130_fd_sc_hd__clkbuf_16)
                                                         clknet_1_1__leaf_wb_clk_i (net)
                      0.226422    0.010552   30.499882 ^ i_sram/CLKin (CF_SRAM_1024x32)
                                 -0.100000   30.399883   clock uncertainty
                                  0.000000   30.399883   clock reconvergence pessimism
                                 -0.688074   29.711809   library setup time
                                             29.711809   data required time
---------------------------------------------------------------------------------------------
                                             29.711809   data required time
                                            -14.903292   data arrival time
---------------------------------------------------------------------------------------------
                                             14.808517   slack (MET)


Startpoint: wbs_dat_i[22] (input port clocked by clk)
Endpoint: i_sram (rising edge-triggered flip-flop clocked by clk)
Path Group: clk
Path Type: max

Fanout         Cap        Slew       Delay        Time   Description
---------------------------------------------------------------------------------------------
                                  0.000000    0.000000   clock clk (rise edge)
                                  5.570000    5.570000   clock network delay (propagated)
                                  4.610000   10.180000 v input external delay
     1    0.003313    0.840000    0.000000   10.180000 v wbs_dat_i[22] (in)
                                                         wbs_dat_i[22] (net)
                      0.840052    0.000028   10.180028 v hold112/A (sky130_fd_sc_hd__dlygate4sd3_1)
     1    0.002474    0.106803    1.544179   11.724207 v hold112/X (sky130_fd_sc_hd__dlygate4sd3_1)
                                                         net210 (net)
                      0.106803    0.000018   11.724225 v hold57/A (sky130_fd_sc_hd__dlygate4sd3_1)
     1    0.003191    0.109093    1.204760   12.928985 v hold57/X (sky130_fd_sc_hd__dlygate4sd3_1)
                                                         net155 (net)
                      0.109093    0.000038   12.929023 v input27/A (sky130_fd_sc_hd__clkbuf_4)
     1    0.033060    0.135153    0.356229   13.285252 v input27/X (sky130_fd_sc_hd__clkbuf_4)
                                                         net27 (net)
                      0.135285    0.004015   13.289267 v hold58/A (sky130_fd_sc_hd__dlygate4sd3_1)
     1    0.044581    0.448764    1.593993   14.883260 v hold58/X (sky130_fd_sc_hd__dlygate4sd3_1)
                                                         net156 (net)
                      0.448822    0.005498   14.888758 v i_sram/DI[22] (CF_SRAM_1024x32)
                                             14.888758   data arrival time

                                 25.000000   25.000000   clock clk (rise edge)
                                  4.650000   29.650000   clock source latency
     1    0.049821    0.610000    0.000000   29.650000 ^ wb_clk_i (in)
                                                         wb_clk_i (net)
                      0.623578    0.006450   29.656448 ^ clkbuf_0_wb_clk_i/A (sky130_fd_sc_hd__clkbuf_16)
     2    0.059277    0.125510    0.479190   30.135639 ^ clkbuf_0_wb_clk_i/X (sky130_fd_sc_hd__clkbuf_16)
                                                         clknet_0_wb_clk_i (net)
                      0.125549    0.000892   30.136530 ^ clkbuf_1_1__f_wb_clk_i/A (sky130_fd_sc_hd__clkbuf_16)
     1    0.133983    0.225598    0.352799   30.489328 ^ clkbuf_1_1__f_wb_clk_i/X (sky130_fd_sc_hd__clkbuf_16)
                                                         clknet_1_1__leaf_wb_clk_i (net)
                      0.226422    0.010552   30.499882 ^ i_sram/CLKin (CF_SRAM_1024x32)
                                 -0.100000   30.399883   clock uncertainty
                                  0.000000   30.399883   clock reconvergence pessimism
                                 -0.698881   29.701002   library setup time
                                             29.701002   data required time
---------------------------------------------------------------------------------------------
                                             29.701002   data required time
                                            -14.888758   data arrival time
---------------------------------------------------------------------------------------------
                                             14.812244   slack (MET)


Startpoint: wbs_dat_i[7] (input port clocked by clk)
Endpoint: i_sram (rising edge-triggered flip-flop clocked by clk)
Path Group: clk
Path Type: max

Fanout         Cap        Slew       Delay        Time   Description
---------------------------------------------------------------------------------------------
                                  0.000000    0.000000   clock clk (rise edge)
                                  5.570000    5.570000   clock network delay (propagated)
                                  4.610000   10.180000 v input external delay
     1    0.002859    0.840000    0.000000   10.180000 v wbs_dat_i[7] (in)
                                                         wbs_dat_i[7] (net)
                      0.840040    0.000021   10.180021 v hold105/A (sky130_fd_sc_hd__dlygate4sd3_1)
     1    0.001715    0.098573    1.530770   11.710792 v hold105/X (sky130_fd_sc_hd__dlygate4sd3_1)
                                                         net203 (net)
                      0.098573    0.000015   11.710807 v hold31/A (sky130_fd_sc_hd__dlygate4sd3_1)
     1    0.002555    0.107108    1.189257   12.900064 v hold31/X (sky130_fd_sc_hd__dlygate4sd3_1)
                                                         net129 (net)
                      0.107108    0.000026   12.900089 v input42/A (sky130_fd_sc_hd__clkbuf_4)
     1    0.015178    0.081418    0.302708   13.202798 v input42/X (sky130_fd_sc_hd__clkbuf_4)
                                                         net42 (net)
                      0.081422    0.000719   13.203516 v hold32/A (sky130_fd_sc_hd__dlygate4sd3_1)
     1    0.055777    0.541934    1.641886   14.845402 v hold32/X (sky130_fd_sc_hd__dlygate4sd3_1)
                                                         net130 (net)
                      0.542043    0.007919   14.853321 v i_sram/DI[7] (CF_SRAM_1024x32)
                                             14.853321   data arrival time

                                 25.000000   25.000000   clock clk (rise edge)
                                  4.650000   29.650000   clock source latency
     1    0.049821    0.610000    0.000000   29.650000 ^ wb_clk_i (in)
                                                         wb_clk_i (net)
                      0.623578    0.006450   29.656448 ^ clkbuf_0_wb_clk_i/A (sky130_fd_sc_hd__clkbuf_16)
     2    0.059277    0.125510    0.479190   30.135639 ^ clkbuf_0_wb_clk_i/X (sky130_fd_sc_hd__clkbuf_16)
                                                         clknet_0_wb_clk_i (net)
                      0.125549    0.000892   30.136530 ^ clkbuf_1_1__f_wb_clk_i/A (sky130_fd_sc_hd__clkbuf_16)
     1    0.133983    0.225598    0.352799   30.489328 ^ clkbuf_1_1__f_wb_clk_i/X (sky130_fd_sc_hd__clkbuf_16)
                                                         clknet_1_1__leaf_wb_clk_i (net)
                      0.226422    0.010552   30.499882 ^ i_sram/CLKin (CF_SRAM_1024x32)
                                 -0.100000   30.399883   clock uncertainty
                                  0.000000   30.399883   clock reconvergence pessimism
                                 -0.726706   29.673176   library setup time
                                             29.673176   data required time
---------------------------------------------------------------------------------------------
                                             29.673176   data required time
                                            -14.853321   data arrival time
---------------------------------------------------------------------------------------------
                                             14.819856   slack (MET)


Startpoint: wbs_dat_i[4] (input port clocked by clk)
Endpoint: i_sram (rising edge-triggered flip-flop clocked by clk)
Path Group: clk
Path Type: max

Fanout         Cap        Slew       Delay        Time   Description
---------------------------------------------------------------------------------------------
                                  0.000000    0.000000   clock clk (rise edge)
                                  5.570000    5.570000   clock network delay (propagated)
                                  4.610000   10.180000 v input external delay
     1    0.003455    0.840000    0.000000   10.180000 v wbs_dat_i[4] (in)
                                                         wbs_dat_i[4] (net)
                      0.840056    0.000029   10.180030 v hold115/A (sky130_fd_sc_hd__dlygate4sd3_1)
     1    0.001628    0.097628    1.529238   11.709268 v hold115/X (sky130_fd_sc_hd__dlygate4sd3_1)
                                                         net213 (net)
                      0.097628    0.000006   11.709274 v hold47/A (sky130_fd_sc_hd__dlygate4sd3_1)
     1    0.003071    0.107918    1.197931   12.907205 v hold47/X (sky130_fd_sc_hd__dlygate4sd3_1)
                                                         net145 (net)
                      0.107918    0.000036   12.907241 v input39/A (sky130_fd_sc_hd__clkbuf_4)
     2    0.016017    0.084251    0.305795   13.213037 v input39/X (sky130_fd_sc_hd__clkbuf_4)
                                                         net39 (net)
                      0.084261    0.001025   13.214062 v hold48/A (sky130_fd_sc_hd__dlygate4sd3_1)
     1    0.054000    0.527192    1.631150   14.845211 v hold48/X (sky130_fd_sc_hd__dlygate4sd3_1)
                                                         net146 (net)
                      0.527303    0.007885   14.853096 v i_sram/DI[4] (CF_SRAM_1024x32)
                                             14.853096   data arrival time

                                 25.000000   25.000000   clock clk (rise edge)
                                  4.650000   29.650000   clock source latency
     1    0.049821    0.610000    0.000000   29.650000 ^ wb_clk_i (in)
                                                         wb_clk_i (net)
                      0.623578    0.006450   29.656448 ^ clkbuf_0_wb_clk_i/A (sky130_fd_sc_hd__clkbuf_16)
     2    0.059277    0.125510    0.479190   30.135639 ^ clkbuf_0_wb_clk_i/X (sky130_fd_sc_hd__clkbuf_16)
                                                         clknet_0_wb_clk_i (net)
                      0.125549    0.000892   30.136530 ^ clkbuf_1_1__f_wb_clk_i/A (sky130_fd_sc_hd__clkbuf_16)
     1    0.133983    0.225598    0.352799   30.489328 ^ clkbuf_1_1__f_wb_clk_i/X (sky130_fd_sc_hd__clkbuf_16)
                                                         clknet_1_1__leaf_wb_clk_i (net)
                      0.226422    0.010552   30.499882 ^ i_sram/CLKin (CF_SRAM_1024x32)
                                 -0.100000   30.399883   clock uncertainty
                                  0.000000   30.399883   clock reconvergence pessimism
                                 -0.723006   29.676876   library setup time
                                             29.676876   data required time
---------------------------------------------------------------------------------------------
                                             29.676876   data required time
                                            -14.853096   data arrival time
---------------------------------------------------------------------------------------------
                                             14.823781   slack (MET)


Startpoint: wbs_dat_i[30] (input port clocked by clk)
Endpoint: i_sram (rising edge-triggered flip-flop clocked by clk)
Path Group: clk
Path Type: max

Fanout         Cap        Slew       Delay        Time   Description
---------------------------------------------------------------------------------------------
                                  0.000000    0.000000   clock clk (rise edge)
                                  5.570000    5.570000   clock network delay (propagated)
                                  4.610000   10.180000 v input external delay
     1    0.002851    0.840000    0.000000   10.180000 v wbs_dat_i[30] (in)
                                                         wbs_dat_i[30] (net)
                      0.840041    0.000021   10.180021 v hold127/A (sky130_fd_sc_hd__dlygate4sd3_1)
     1    0.003163    0.109053    1.556327   11.736348 v hold127/X (sky130_fd_sc_hd__dlygate4sd3_1)
                                                         net225 (net)
                      0.109053    0.000042   11.736390 v hold25/A (sky130_fd_sc_hd__dlygate4sd3_1)
     1    0.002434    0.105763    1.192459   12.928849 v hold25/X (sky130_fd_sc_hd__dlygate4sd3_1)
                                                         net123 (net)
                      0.105763    0.000009   12.928859 v input36/A (sky130_fd_sc_hd__buf_4)
     1    0.034808    0.104568    0.336703   13.265561 v input36/X (sky130_fd_sc_hd__buf_4)
                                                         net36 (net)
                      0.104854    0.005006   13.270567 v hold26/A (sky130_fd_sc_hd__dlygate4sd3_1)
     1    0.046737    0.466880    1.592366   14.862933 v hold26/X (sky130_fd_sc_hd__dlygate4sd3_1)
                                                         net124 (net)
                      0.466980    0.007065   14.869998 v i_sram/DI[30] (CF_SRAM_1024x32)
                                             14.869998   data arrival time

                                 25.000000   25.000000   clock clk (rise edge)
                                  4.650000   29.650000   clock source latency
     1    0.049821    0.610000    0.000000   29.650000 ^ wb_clk_i (in)
                                                         wb_clk_i (net)
                      0.623578    0.006450   29.656448 ^ clkbuf_0_wb_clk_i/A (sky130_fd_sc_hd__clkbuf_16)
     2    0.059277    0.125510    0.479190   30.135639 ^ clkbuf_0_wb_clk_i/X (sky130_fd_sc_hd__clkbuf_16)
                                                         clknet_0_wb_clk_i (net)
                      0.125549    0.000892   30.136530 ^ clkbuf_1_1__f_wb_clk_i/A (sky130_fd_sc_hd__clkbuf_16)
     1    0.133983    0.225598    0.352799   30.489328 ^ clkbuf_1_1__f_wb_clk_i/X (sky130_fd_sc_hd__clkbuf_16)
                                                         clknet_1_1__leaf_wb_clk_i (net)
                      0.226422    0.010552   30.499882 ^ i_sram/CLKin (CF_SRAM_1024x32)
                                 -0.100000   30.399883   clock uncertainty
                                  0.000000   30.399883   clock reconvergence pessimism
                                 -0.705009   29.694874   library setup time
                                             29.694874   data required time
---------------------------------------------------------------------------------------------
                                             29.694874   data required time
                                            -14.869998   data arrival time
---------------------------------------------------------------------------------------------
                                             14.824875   slack (MET)


Startpoint: wbs_dat_i[27] (input port clocked by clk)
Endpoint: i_sram (rising edge-triggered flip-flop clocked by clk)
Path Group: clk
Path Type: max

Fanout         Cap        Slew       Delay        Time   Description
---------------------------------------------------------------------------------------------
                                  0.000000    0.000000   clock clk (rise edge)
                                  5.570000    5.570000   clock network delay (propagated)
                                  4.610000   10.180000 v input external delay
     1    0.003464    0.840000    0.000000   10.180000 v wbs_dat_i[27] (in)
                                                         wbs_dat_i[27] (net)
                      0.840062    0.000033   10.180033 v hold121/A (sky130_fd_sc_hd__dlygate4sd3_1)
     1    0.002505    0.104071    1.544732   11.724766 v hold121/X (sky130_fd_sc_hd__dlygate4sd3_1)
                                                         net219 (net)
                      0.104071    0.000028   11.724794 v hold7/A (sky130_fd_sc_hd__dlygate4sd3_1)
     1    0.003413    0.112770    1.207320   12.932114 v hold7/X (sky130_fd_sc_hd__dlygate4sd3_1)
                                                         net105 (net)
                      0.112770    0.000042   12.932156 v input32/A (sky130_fd_sc_hd__buf_4)
     1    0.030814    0.096811    0.333507   13.265663 v input32/X (sky130_fd_sc_hd__buf_4)
                                                         net32 (net)
                      0.097013    0.004045   13.269708 v hold8/A (sky130_fd_sc_hd__dlygate4sd3_1)
     1    0.046507    0.464926    1.587014   14.856722 v hold8/X (sky130_fd_sc_hd__dlygate4sd3_1)
                                                         net106 (net)
                      0.465011    0.006572   14.863294 v i_sram/DI[27] (CF_SRAM_1024x32)
                                             14.863294   data arrival time

                                 25.000000   25.000000   clock clk (rise edge)
                                  4.650000   29.650000   clock source latency
     1    0.049821    0.610000    0.000000   29.650000 ^ wb_clk_i (in)
                                                         wb_clk_i (net)
                      0.623578    0.006450   29.656448 ^ clkbuf_0_wb_clk_i/A (sky130_fd_sc_hd__clkbuf_16)
     2    0.059277    0.125510    0.479190   30.135639 ^ clkbuf_0_wb_clk_i/X (sky130_fd_sc_hd__clkbuf_16)
                                                         clknet_0_wb_clk_i (net)
                      0.125549    0.000892   30.136530 ^ clkbuf_1_1__f_wb_clk_i/A (sky130_fd_sc_hd__clkbuf_16)
     1    0.133983    0.225598    0.352799   30.489328 ^ clkbuf_1_1__f_wb_clk_i/X (sky130_fd_sc_hd__clkbuf_16)
                                                         clknet_1_1__leaf_wb_clk_i (net)
                      0.226422    0.010552   30.499882 ^ i_sram/CLKin (CF_SRAM_1024x32)
                                 -0.100000   30.399883   clock uncertainty
                                  0.000000   30.399883   clock reconvergence pessimism
                                 -0.704344   29.695539   library setup time
                                             29.695539   data required time
---------------------------------------------------------------------------------------------
                                             29.695539   data required time
                                            -14.863294   data arrival time
---------------------------------------------------------------------------------------------
                                             14.832246   slack (MET)


Startpoint: wbs_dat_i[31] (input port clocked by clk)
Endpoint: i_sram (rising edge-triggered flip-flop clocked by clk)
Path Group: clk
Path Type: max

Fanout         Cap        Slew       Delay        Time   Description
---------------------------------------------------------------------------------------------
                                  0.000000    0.000000   clock clk (rise edge)
                                  5.570000    5.570000   clock network delay (propagated)
                                  4.610000   10.180000 v input external delay
     1    0.002580    0.840000    0.000000   10.180000 v wbs_dat_i[31] (in)
                                                         wbs_dat_i[31] (net)
                      0.840031    0.000017   10.180017 v hold128/A (sky130_fd_sc_hd__dlygate4sd3_1)
     1    0.002126    0.103038    1.538038   11.718056 v hold128/X (sky130_fd_sc_hd__dlygate4sd3_1)
                                                         net226 (net)
                      0.103038    0.000014   11.718069 v hold29/A (sky130_fd_sc_hd__dlygate4sd3_1)
     1    0.003380    0.110912    1.206195   12.924265 v hold29/X (sky130_fd_sc_hd__dlygate4sd3_1)
                                                         net127 (net)
                      0.110912    0.000044   12.924308 v input37/A (sky130_fd_sc_hd__buf_4)
     1    0.036822    0.108570    0.342451   13.266759 v input37/X (sky130_fd_sc_hd__buf_4)
                                                         net37 (net)
                      0.109085    0.005601   13.272360 v hold30/A (sky130_fd_sc_hd__dlygate4sd3_1)
     1    0.044534    0.448490    1.579993   14.852353 v hold30/X (sky130_fd_sc_hd__dlygate4sd3_1)
                                                         net128 (net)
                      0.448584    0.006788   14.859141 v i_sram/DI[31] (CF_SRAM_1024x32)
                                             14.859141   data arrival time

                                 25.000000   25.000000   clock clk (rise edge)
                                  4.650000   29.650000   clock source latency
     1    0.049821    0.610000    0.000000   29.650000 ^ wb_clk_i (in)
                                                         wb_clk_i (net)
                      0.623578    0.006450   29.656448 ^ clkbuf_0_wb_clk_i/A (sky130_fd_sc_hd__clkbuf_16)
     2    0.059277    0.125510    0.479190   30.135639 ^ clkbuf_0_wb_clk_i/X (sky130_fd_sc_hd__clkbuf_16)
                                                         clknet_0_wb_clk_i (net)
                      0.125549    0.000892   30.136530 ^ clkbuf_1_1__f_wb_clk_i/A (sky130_fd_sc_hd__clkbuf_16)
     1    0.133983    0.225598    0.352799   30.489328 ^ clkbuf_1_1__f_wb_clk_i/X (sky130_fd_sc_hd__clkbuf_16)
                                                         clknet_1_1__leaf_wb_clk_i (net)
                      0.226422    0.010552   30.499882 ^ i_sram/CLKin (CF_SRAM_1024x32)
                                 -0.100000   30.399883   clock uncertainty
                                  0.000000   30.399883   clock reconvergence pessimism
                                 -0.698800   29.701082   library setup time
                                             29.701082   data required time
---------------------------------------------------------------------------------------------
                                             29.701082   data required time
                                            -14.859141   data arrival time
---------------------------------------------------------------------------------------------
                                             14.841941   slack (MET)


Startpoint: wbs_dat_i[23] (input port clocked by clk)
Endpoint: i_sram (rising edge-triggered flip-flop clocked by clk)
Path Group: clk
Path Type: max

Fanout         Cap        Slew       Delay        Time   Description
---------------------------------------------------------------------------------------------
                                  0.000000    0.000000   clock clk (rise edge)
                                  5.570000    5.570000   clock network delay (propagated)
                                  4.610000   10.180000 v input external delay
     1    0.002908    0.840000    0.000000   10.180000 v wbs_dat_i[23] (in)
                                                         wbs_dat_i[23] (net)
                      0.840041    0.000021   10.180021 v hold116/A (sky130_fd_sc_hd__dlygate4sd3_1)
     1    0.002356    0.103021    1.542079   11.722101 v hold116/X (sky130_fd_sc_hd__dlygate4sd3_1)
                                                         net214 (net)
                      0.103021    0.000028   11.722129 v hold59/A (sky130_fd_sc_hd__dlygate4sd3_1)
     1    0.002144    0.102419    1.184216   12.906344 v hold59/X (sky130_fd_sc_hd__dlygate4sd3_1)
                                                         net157 (net)
                      0.102419    0.000009   12.906354 v input28/A (sky130_fd_sc_hd__clkbuf_4)
     1    0.031261    0.129524    0.348130   13.254483 v input28/X (sky130_fd_sc_hd__clkbuf_4)
                                                         net28 (net)
                      0.129653    0.003892   13.258375 v hold60/A (sky130_fd_sc_hd__dlygate4sd3_1)
     1    0.044607    0.449001    1.591263   14.849638 v hold60/X (sky130_fd_sc_hd__dlygate4sd3_1)
                                                         net158 (net)
                      0.449062    0.005621   14.855260 v i_sram/DI[23] (CF_SRAM_1024x32)
                                             14.855260   data arrival time

                                 25.000000   25.000000   clock clk (rise edge)
                                  4.650000   29.650000   clock source latency
     1    0.049821    0.610000    0.000000   29.650000 ^ wb_clk_i (in)
                                                         wb_clk_i (net)
                      0.623578    0.006450   29.656448 ^ clkbuf_0_wb_clk_i/A (sky130_fd_sc_hd__clkbuf_16)
     2    0.059277    0.125510    0.479190   30.135639 ^ clkbuf_0_wb_clk_i/X (sky130_fd_sc_hd__clkbuf_16)
                                                         clknet_0_wb_clk_i (net)
                      0.125549    0.000892   30.136530 ^ clkbuf_1_1__f_wb_clk_i/A (sky130_fd_sc_hd__clkbuf_16)
     1    0.133983    0.225598    0.352799   30.489328 ^ clkbuf_1_1__f_wb_clk_i/X (sky130_fd_sc_hd__clkbuf_16)
                                                         clknet_1_1__leaf_wb_clk_i (net)
                      0.226422    0.010552   30.499882 ^ i_sram/CLKin (CF_SRAM_1024x32)
                                 -0.100000   30.399883   clock uncertainty
                                  0.000000   30.399883   clock reconvergence pessimism
                                 -0.698961   29.700922   library setup time
                                             29.700922   data required time
---------------------------------------------------------------------------------------------
                                             29.700922   data required time
                                            -14.855260   data arrival time
---------------------------------------------------------------------------------------------
                                             14.845662   slack (MET)


Startpoint: wbs_dat_i[20] (input port clocked by clk)
Endpoint: i_sram (rising edge-triggered flip-flop clocked by clk)
Path Group: clk
Path Type: max

Fanout         Cap        Slew       Delay        Time   Description
---------------------------------------------------------------------------------------------
                                  0.000000    0.000000   clock clk (rise edge)
                                  5.570000    5.570000   clock network delay (propagated)
                                  4.610000   10.180000 v input external delay
     1    0.003103    0.840000    0.000000   10.180000 v wbs_dat_i[20] (in)
                                                         wbs_dat_i[20] (net)
                      0.840041    0.000021   10.180021 v hold109/A (sky130_fd_sc_hd__dlygate4sd3_1)
     1    0.002456    0.103753    1.543851   11.723873 v hold109/X (sky130_fd_sc_hd__dlygate4sd3_1)
                                                         net207 (net)
                      0.103753    0.000029   11.723902 v hold51/A (sky130_fd_sc_hd__dlygate4sd3_1)
     1    0.002176    0.102788    1.185160   12.909061 v hold51/X (sky130_fd_sc_hd__dlygate4sd3_1)
                                                         net149 (net)
                      0.102788    0.000009   12.909071 v input25/A (sky130_fd_sc_hd__clkbuf_4)
     1    0.034354    0.139204    0.356581   13.265652 v input25/X (sky130_fd_sc_hd__clkbuf_4)
                                                         net25 (net)
                      0.139327    0.003941   13.269593 v hold52/A (sky130_fd_sc_hd__dlygate4sd3_1)
     1    0.042487    0.431332    1.582181   14.851773 v hold52/X (sky130_fd_sc_hd__dlygate4sd3_1)
                                                         net150 (net)
                      0.431377    0.004898   14.856672 v i_sram/DI[20] (CF_SRAM_1024x32)
                                             14.856672   data arrival time

                                 25.000000   25.000000   clock clk (rise edge)
                                  4.650000   29.650000   clock source latency
     1    0.049821    0.610000    0.000000   29.650000 ^ wb_clk_i (in)
                                                         wb_clk_i (net)
                      0.623578    0.006450   29.656448 ^ clkbuf_0_wb_clk_i/A (sky130_fd_sc_hd__clkbuf_16)
     2    0.059277    0.125510    0.479190   30.135639 ^ clkbuf_0_wb_clk_i/X (sky130_fd_sc_hd__clkbuf_16)
                                                         clknet_0_wb_clk_i (net)
                      0.125549    0.000892   30.136530 ^ clkbuf_1_1__f_wb_clk_i/A (sky130_fd_sc_hd__clkbuf_16)
     1    0.133983    0.225598    0.352799   30.489328 ^ clkbuf_1_1__f_wb_clk_i/X (sky130_fd_sc_hd__clkbuf_16)
                                                         clknet_1_1__leaf_wb_clk_i (net)
                      0.226422    0.010552   30.499882 ^ i_sram/CLKin (CF_SRAM_1024x32)
                                 -0.100000   30.399883   clock uncertainty
                                  0.000000   30.399883   clock reconvergence pessimism
                                 -0.692993   29.706890   library setup time
                                             29.706890   data required time
---------------------------------------------------------------------------------------------
                                             29.706890   data required time
                                            -14.856672   data arrival time
---------------------------------------------------------------------------------------------
                                             14.850219   slack (MET)


Startpoint: wbs_dat_i[24] (input port clocked by clk)
Endpoint: i_sram (rising edge-triggered flip-flop clocked by clk)
Path Group: clk
Path Type: max

Fanout         Cap        Slew       Delay        Time   Description
---------------------------------------------------------------------------------------------
                                  0.000000    0.000000   clock clk (rise edge)
                                  5.570000    5.570000   clock network delay (propagated)
                                  4.610000   10.180000 v input external delay
     1    0.002513    0.840000    0.000000   10.180000 v wbs_dat_i[24] (in)
                                                         wbs_dat_i[24] (net)
                      0.840030    0.000016   10.180017 v hold117/A (sky130_fd_sc_hd__dlygate4sd3_1)
     1    0.001767    0.099143    1.531694   11.711710 v hold117/X (sky130_fd_sc_hd__dlygate4sd3_1)
                                                         net215 (net)
                      0.099143    0.000008   11.711719 v hold63/A (sky130_fd_sc_hd__dlygate4sd3_1)
     1    0.002493    0.106396    1.188435   12.900153 v hold63/X (sky130_fd_sc_hd__dlygate4sd3_1)
                                                         net161 (net)
                      0.106396    0.000023   12.900176 v input29/A (sky130_fd_sc_hd__clkbuf_4)
     1    0.027819    0.118791    0.341427   13.241604 v input29/X (sky130_fd_sc_hd__clkbuf_4)
                                                         net29 (net)
                      0.118884    0.003227   13.244830 v hold64/A (sky130_fd_sc_hd__dlygate4sd3_1)
     1    0.045397    0.455606    1.590974   14.835804 v hold64/X (sky130_fd_sc_hd__dlygate4sd3_1)
                                                         net162 (net)
                      0.455674    0.005945   14.841748 v i_sram/DI[24] (CF_SRAM_1024x32)
                                             14.841748   data arrival time

                                 25.000000   25.000000   clock clk (rise edge)
                                  4.650000   29.650000   clock source latency
     1    0.049821    0.610000    0.000000   29.650000 ^ wb_clk_i (in)
                                                         wb_clk_i (net)
                      0.623578    0.006450   29.656448 ^ clkbuf_0_wb_clk_i/A (sky130_fd_sc_hd__clkbuf_16)
     2    0.059277    0.125510    0.479190   30.135639 ^ clkbuf_0_wb_clk_i/X (sky130_fd_sc_hd__clkbuf_16)
                                                         clknet_0_wb_clk_i (net)
                      0.125549    0.000892   30.136530 ^ clkbuf_1_1__f_wb_clk_i/A (sky130_fd_sc_hd__clkbuf_16)
     1    0.133983    0.225598    0.352799   30.489328 ^ clkbuf_1_1__f_wb_clk_i/X (sky130_fd_sc_hd__clkbuf_16)
                                                         clknet_1_1__leaf_wb_clk_i (net)
                      0.226422    0.010552   30.499882 ^ i_sram/CLKin (CF_SRAM_1024x32)
                                 -0.100000   30.399883   clock uncertainty
                                  0.000000   30.399883   clock reconvergence pessimism
                                 -0.701193   29.698689   library setup time
                                             29.698689   data required time
---------------------------------------------------------------------------------------------
                                             29.698689   data required time
                                            -14.841748   data arrival time
---------------------------------------------------------------------------------------------
                                             14.856940   slack (MET)


Startpoint: wbs_dat_i[6] (input port clocked by clk)
Endpoint: i_sram (rising edge-triggered flip-flop clocked by clk)
Path Group: clk
Path Type: max

Fanout         Cap        Slew       Delay        Time   Description
---------------------------------------------------------------------------------------------
                                  0.000000    0.000000   clock clk (rise edge)
                                  5.570000    5.570000   clock network delay (propagated)
                                  4.610000   10.180000 v input external delay
     1    0.003162    0.840000    0.000000   10.180000 v wbs_dat_i[6] (in)
                                                         wbs_dat_i[6] (net)
                      0.840048    0.000026   10.180026 v hold106/A (sky130_fd_sc_hd__dlygate4sd3_1)
     1    0.001897    0.100548    1.533990   11.714016 v hold106/X (sky130_fd_sc_hd__dlygate4sd3_1)
                                                         net204 (net)
                      0.100548    0.000017   11.714033 v hold33/A (sky130_fd_sc_hd__dlygate4sd3_1)
     1    0.003095    0.108155    1.199850   12.913883 v hold33/X (sky130_fd_sc_hd__dlygate4sd3_1)
                                                         net131 (net)
                      0.108155    0.000038   12.913921 v input41/A (sky130_fd_sc_hd__clkbuf_4)
     1    0.015241    0.081628    0.303428   13.217348 v input41/X (sky130_fd_sc_hd__clkbuf_4)
                                                         net41 (net)
                      0.081633    0.000743   13.218092 v hold34/A (sky130_fd_sc_hd__dlygate4sd3_1)
     1    0.049213    0.487238    1.597996   14.816088 v hold34/X (sky130_fd_sc_hd__dlygate4sd3_1)
                                                         net132 (net)
                      0.487313    0.006393   14.822480 v i_sram/DI[6] (CF_SRAM_1024x32)
                                             14.822480   data arrival time

                                 25.000000   25.000000   clock clk (rise edge)
                                  4.650000   29.650000   clock source latency
     1    0.049821    0.610000    0.000000   29.650000 ^ wb_clk_i (in)
                                                         wb_clk_i (net)
                      0.623578    0.006450   29.656448 ^ clkbuf_0_wb_clk_i/A (sky130_fd_sc_hd__clkbuf_16)
     2    0.059277    0.125510    0.479190   30.135639 ^ clkbuf_0_wb_clk_i/X (sky130_fd_sc_hd__clkbuf_16)
                                                         clknet_0_wb_clk_i (net)
                      0.125549    0.000892   30.136530 ^ clkbuf_1_1__f_wb_clk_i/A (sky130_fd_sc_hd__clkbuf_16)
     1    0.133983    0.225598    0.352799   30.489328 ^ clkbuf_1_1__f_wb_clk_i/X (sky130_fd_sc_hd__clkbuf_16)
                                                         clknet_1_1__leaf_wb_clk_i (net)
                      0.226422    0.010552   30.499882 ^ i_sram/CLKin (CF_SRAM_1024x32)
                                 -0.100000   30.399883   clock uncertainty
                                  0.000000   30.399883   clock reconvergence pessimism
                                 -0.711871   29.688011   library setup time
                                             29.688011   data required time
---------------------------------------------------------------------------------------------
                                             29.688011   data required time
                                            -14.822480   data arrival time
---------------------------------------------------------------------------------------------
                                             14.865531   slack (MET)


Startpoint: wbs_dat_i[29] (input port clocked by clk)
Endpoint: i_sram (rising edge-triggered flip-flop clocked by clk)
Path Group: clk
Path Type: max

Fanout         Cap        Slew       Delay        Time   Description
---------------------------------------------------------------------------------------------
                                  0.000000    0.000000   clock clk (rise edge)
                                  5.570000    5.570000   clock network delay (propagated)
                                  4.610000   10.180000 v input external delay
     1    0.002925    0.840000    0.000000   10.180000 v wbs_dat_i[29] (in)
                                                         wbs_dat_i[29] (net)
                      0.840043    0.000022   10.180022 v hold126/A (sky130_fd_sc_hd__dlygate4sd3_1)
     1    0.002144    0.103223    1.538345   11.718367 v hold126/X (sky130_fd_sc_hd__dlygate4sd3_1)
                                                         net224 (net)
                      0.103223    0.000022   11.718390 v hold19/A (sky130_fd_sc_hd__dlygate4sd3_1)
     1    0.003369    0.110810    1.206105   12.924494 v hold19/X (sky130_fd_sc_hd__dlygate4sd3_1)
                                                         net117 (net)
                      0.110810    0.000037   12.924531 v input34/A (sky130_fd_sc_hd__buf_4)
     1    0.034493    0.103986    0.338566   13.263097 v input34/X (sky130_fd_sc_hd__buf_4)
                                                         net34 (net)
                      0.104273    0.004981   13.268078 v hold20/A (sky130_fd_sc_hd__dlygate4sd3_1)
     1    0.042347    0.430370    1.562892   14.830970 v hold20/X (sky130_fd_sc_hd__dlygate4sd3_1)
                                                         net118 (net)
                      0.430447    0.006078   14.837048 v i_sram/DI[29] (CF_SRAM_1024x32)
                                             14.837048   data arrival time

                                 25.000000   25.000000   clock clk (rise edge)
                                  4.650000   29.650000   clock source latency
     1    0.049821    0.610000    0.000000   29.650000 ^ wb_clk_i (in)
                                                         wb_clk_i (net)
                      0.623578    0.006450   29.656448 ^ clkbuf_0_wb_clk_i/A (sky130_fd_sc_hd__clkbuf_16)
     2    0.059277    0.125510    0.479190   30.135639 ^ clkbuf_0_wb_clk_i/X (sky130_fd_sc_hd__clkbuf_16)
                                                         clknet_0_wb_clk_i (net)
                      0.125549    0.000892   30.136530 ^ clkbuf_1_1__f_wb_clk_i/A (sky130_fd_sc_hd__clkbuf_16)
     1    0.133983    0.225598    0.352799   30.489328 ^ clkbuf_1_1__f_wb_clk_i/X (sky130_fd_sc_hd__clkbuf_16)
                                                         clknet_1_1__leaf_wb_clk_i (net)
                      0.226422    0.010552   30.499882 ^ i_sram/CLKin (CF_SRAM_1024x32)
                                 -0.100000   30.399883   clock uncertainty
                                  0.000000   30.399883   clock reconvergence pessimism
                                 -0.692679   29.707203   library setup time
                                             29.707203   data required time
---------------------------------------------------------------------------------------------
                                             29.707203   data required time
                                            -14.837048   data arrival time
---------------------------------------------------------------------------------------------
                                             14.870155   slack (MET)


Startpoint: wbs_dat_i[19] (input port clocked by clk)
Endpoint: i_sram (rising edge-triggered flip-flop clocked by clk)
Path Group: clk
Path Type: max

Fanout         Cap        Slew       Delay        Time   Description
---------------------------------------------------------------------------------------------
                                  0.000000    0.000000   clock clk (rise edge)
                                  5.570000    5.570000   clock network delay (propagated)
                                  4.610000   10.180000 v input external delay
     1    0.002862    0.840000    0.000000   10.180000 v wbs_dat_i[19] (in)
                                                         wbs_dat_i[19] (net)
                      0.840039    0.000020   10.180020 v hold111/A (sky130_fd_sc_hd__dlygate4sd3_1)
     1    0.002061    0.102329    1.536886   11.716907 v hold111/X (sky130_fd_sc_hd__dlygate4sd3_1)
                                                         net209 (net)
                      0.102329    0.000020   11.716927 v hold45/A (sky130_fd_sc_hd__dlygate4sd3_1)
     1    0.002325    0.104489    1.187082   12.904008 v hold45/X (sky130_fd_sc_hd__dlygate4sd3_1)
                                                         net143 (net)
                      0.104489    0.000020   12.904029 v input23/A (sky130_fd_sc_hd__clkbuf_4)
     1    0.033090    0.135225    0.354320   13.258348 v input23/X (sky130_fd_sc_hd__clkbuf_4)
                                                         net23 (net)
                      0.135324    0.003525   13.261874 v hold46/A (sky130_fd_sc_hd__dlygate4sd3_1)
     1    0.041056    0.419470    1.570608   14.832481 v hold46/X (sky130_fd_sc_hd__dlygate4sd3_1)
                                                         net144 (net)
                      0.419510    0.004571   14.837053 v i_sram/DI[19] (CF_SRAM_1024x32)
                                             14.837053   data arrival time

                                 25.000000   25.000000   clock clk (rise edge)
                                  4.650000   29.650000   clock source latency
     1    0.049821    0.610000    0.000000   29.650000 ^ wb_clk_i (in)
                                                         wb_clk_i (net)
                      0.623578    0.006450   29.656448 ^ clkbuf_0_wb_clk_i/A (sky130_fd_sc_hd__clkbuf_16)
     2    0.059277    0.125510    0.479190   30.135639 ^ clkbuf_0_wb_clk_i/X (sky130_fd_sc_hd__clkbuf_16)
                                                         clknet_0_wb_clk_i (net)
                      0.125549    0.000892   30.136530 ^ clkbuf_1_1__f_wb_clk_i/A (sky130_fd_sc_hd__clkbuf_16)
     1    0.133983    0.225598    0.352799   30.489328 ^ clkbuf_1_1__f_wb_clk_i/X (sky130_fd_sc_hd__clkbuf_16)
                                                         clknet_1_1__leaf_wb_clk_i (net)
                      0.226422    0.010552   30.499882 ^ i_sram/CLKin (CF_SRAM_1024x32)
                                 -0.100000   30.399883   clock uncertainty
                                  0.000000   30.399883   clock reconvergence pessimism
                                 -0.688988   29.710894   library setup time
                                             29.710894   data required time
---------------------------------------------------------------------------------------------
                                             29.710894   data required time
                                            -14.837053   data arrival time
---------------------------------------------------------------------------------------------
                                             14.873841   slack (MET)


Startpoint: wbs_dat_i[26] (input port clocked by clk)
Endpoint: i_sram (rising edge-triggered flip-flop clocked by clk)
Path Group: clk
Path Type: max

Fanout         Cap        Slew       Delay        Time   Description
---------------------------------------------------------------------------------------------
                                  0.000000    0.000000   clock clk (rise edge)
                                  5.570000    5.570000   clock network delay (propagated)
                                  4.610000   10.180000 v input external delay
     1    0.002913    0.840000    0.000000   10.180000 v wbs_dat_i[26] (in)
                                                         wbs_dat_i[26] (net)
                      0.840042    0.000022   10.180022 v hold124/A (sky130_fd_sc_hd__dlygate4sd3_1)
     1    0.001983    0.101488    1.535518   11.715541 v hold124/X (sky130_fd_sc_hd__dlygate4sd3_1)
                                                         net222 (net)
                      0.101488    0.000019   11.715560 v hold75/A (sky130_fd_sc_hd__dlygate4sd3_1)
     1    0.002861    0.110624    1.196193   12.911753 v hold75/X (sky130_fd_sc_hd__dlygate4sd3_1)
                                                         net173 (net)
                      0.110624    0.000031   12.911784 v input31/A (sky130_fd_sc_hd__clkbuf_4)
     1    0.029268    0.123326    0.346918   13.258702 v input31/X (sky130_fd_sc_hd__clkbuf_4)
                                                         net31 (net)
                      0.123448    0.003697   13.262399 v hold76/A (sky130_fd_sc_hd__dlygate4sd3_1)
     1    0.041487    0.423116    1.567212   14.829611 v hold76/X (sky130_fd_sc_hd__dlygate4sd3_1)
                                                         net174 (net)
                      0.423175    0.005404   14.835014 v i_sram/DI[26] (CF_SRAM_1024x32)
                                             14.835014   data arrival time

                                 25.000000   25.000000   clock clk (rise edge)
                                  4.650000   29.650000   clock source latency
     1    0.049821    0.610000    0.000000   29.650000 ^ wb_clk_i (in)
                                                         wb_clk_i (net)
                      0.623578    0.006450   29.656448 ^ clkbuf_0_wb_clk_i/A (sky130_fd_sc_hd__clkbuf_16)
     2    0.059277    0.125510    0.479190   30.135639 ^ clkbuf_0_wb_clk_i/X (sky130_fd_sc_hd__clkbuf_16)
                                                         clknet_0_wb_clk_i (net)
                      0.125549    0.000892   30.136530 ^ clkbuf_1_1__f_wb_clk_i/A (sky130_fd_sc_hd__clkbuf_16)
     1    0.133983    0.225598    0.352799   30.489328 ^ clkbuf_1_1__f_wb_clk_i/X (sky130_fd_sc_hd__clkbuf_16)
                                                         clknet_1_1__leaf_wb_clk_i (net)
                      0.226422    0.010552   30.499882 ^ i_sram/CLKin (CF_SRAM_1024x32)
                                 -0.100000   30.399883   clock uncertainty
                                  0.000000   30.399883   clock reconvergence pessimism
                                 -0.690225   29.709658   library setup time
                                             29.709658   data required time
---------------------------------------------------------------------------------------------
                                             29.709658   data required time
                                            -14.835014   data arrival time
---------------------------------------------------------------------------------------------
                                             14.874643   slack (MET)


Startpoint: wbs_dat_i[18] (input port clocked by clk)
Endpoint: i_sram (rising edge-triggered flip-flop clocked by clk)
Path Group: clk
Path Type: max

Fanout         Cap        Slew       Delay        Time   Description
---------------------------------------------------------------------------------------------
                                  0.000000    0.000000   clock clk (rise edge)
                                  5.570000    5.570000   clock network delay (propagated)
                                  4.610000   10.180000 v input external delay
     1    0.003315    0.840000    0.000000   10.180000 v wbs_dat_i[18] (in)
                                                         wbs_dat_i[18] (net)
                      0.840046    0.000024   10.180024 v hold107/A (sky130_fd_sc_hd__dlygate4sd3_1)
     1    0.002501    0.104040    1.544644   11.724668 v hold107/X (sky130_fd_sc_hd__dlygate4sd3_1)
                                                         net205 (net)
                      0.104040    0.000030   11.724698 v hold39/A (sky130_fd_sc_hd__dlygate4sd3_1)
     1    0.002194    0.102991    1.185621   12.910319 v hold39/X (sky130_fd_sc_hd__dlygate4sd3_1)
                                                         net137 (net)
                      0.102991    0.000009   12.910328 v input22/A (sky130_fd_sc_hd__clkbuf_4)
     1    0.033732    0.137249    0.355117   13.265445 v input22/X (sky130_fd_sc_hd__clkbuf_4)
                                                         net22 (net)
                      0.137366    0.003815   13.269259 v hold40/A (sky130_fd_sc_hd__dlygate4sd3_1)
     1    0.038913    0.401710    1.557250   14.826510 v hold40/X (sky130_fd_sc_hd__dlygate4sd3_1)
                                                         net138 (net)
                      0.401747    0.004347   14.830857 v i_sram/DI[18] (CF_SRAM_1024x32)
                                             14.830857   data arrival time

                                 25.000000   25.000000   clock clk (rise edge)
                                  4.650000   29.650000   clock source latency
     1    0.049821    0.610000    0.000000   29.650000 ^ wb_clk_i (in)
                                                         wb_clk_i (net)
                      0.623578    0.006450   29.656448 ^ clkbuf_0_wb_clk_i/A (sky130_fd_sc_hd__clkbuf_16)
     2    0.059277    0.125510    0.479190   30.135639 ^ clkbuf_0_wb_clk_i/X (sky130_fd_sc_hd__clkbuf_16)
                                                         clknet_0_wb_clk_i (net)
                      0.125549    0.000892   30.136530 ^ clkbuf_1_1__f_wb_clk_i/A (sky130_fd_sc_hd__clkbuf_16)
     1    0.133983    0.225598    0.352799   30.489328 ^ clkbuf_1_1__f_wb_clk_i/X (sky130_fd_sc_hd__clkbuf_16)
                                                         clknet_1_1__leaf_wb_clk_i (net)
                      0.226422    0.010552   30.499882 ^ i_sram/CLKin (CF_SRAM_1024x32)
                                 -0.100000   30.399883   clock uncertainty
                                  0.000000   30.399883   clock reconvergence pessimism
                                 -0.682993   29.716888   library setup time
                                             29.716888   data required time
---------------------------------------------------------------------------------------------
                                             29.716888   data required time
                                            -14.830857   data arrival time
---------------------------------------------------------------------------------------------
                                             14.886032   slack (MET)


Startpoint: wbs_dat_i[17] (input port clocked by clk)
Endpoint: i_sram (rising edge-triggered flip-flop clocked by clk)
Path Group: clk
Path Type: max

Fanout         Cap        Slew       Delay        Time   Description
---------------------------------------------------------------------------------------------
                                  0.000000    0.000000   clock clk (rise edge)
                                  5.570000    5.570000   clock network delay (propagated)
                                  4.610000   10.180000 v input external delay
     1    0.003549    0.840000    0.000000   10.180000 v wbs_dat_i[17] (in)
                                                         wbs_dat_i[17] (net)
                      0.840062    0.000033   10.180033 v hold110/A (sky130_fd_sc_hd__dlygate4sd3_1)
     1    0.002497    0.104017    1.544586   11.724619 v hold110/X (sky130_fd_sc_hd__dlygate4sd3_1)
                                                         net208 (net)
                      0.104017    0.000028   11.724648 v hold43/A (sky130_fd_sc_hd__dlygate4sd3_1)
     1    0.002177    0.102795    1.185305   12.909952 v hold43/X (sky130_fd_sc_hd__dlygate4sd3_1)
                                                         net141 (net)
                      0.102795    0.000009   12.909962 v input21/A (sky130_fd_sc_hd__clkbuf_4)
     1    0.033387    0.136158    0.354165   13.264126 v input21/X (sky130_fd_sc_hd__clkbuf_4)
                                                         net21 (net)
                      0.136274    0.003797   13.267923 v hold44/A (sky130_fd_sc_hd__dlygate4sd3_1)
     1    0.038888    0.401454    1.556724   14.824647 v hold44/X (sky130_fd_sc_hd__dlygate4sd3_1)
                                                         net142 (net)
                      0.401483    0.003996   14.828643 v i_sram/DI[17] (CF_SRAM_1024x32)
                                             14.828643   data arrival time

                                 25.000000   25.000000   clock clk (rise edge)
                                  4.650000   29.650000   clock source latency
     1    0.049821    0.610000    0.000000   29.650000 ^ wb_clk_i (in)
                                                         wb_clk_i (net)
                      0.623578    0.006450   29.656448 ^ clkbuf_0_wb_clk_i/A (sky130_fd_sc_hd__clkbuf_16)
     2    0.059277    0.125510    0.479190   30.135639 ^ clkbuf_0_wb_clk_i/X (sky130_fd_sc_hd__clkbuf_16)
                                                         clknet_0_wb_clk_i (net)
                      0.125549    0.000892   30.136530 ^ clkbuf_1_1__f_wb_clk_i/A (sky130_fd_sc_hd__clkbuf_16)
     1    0.133983    0.225598    0.352799   30.489328 ^ clkbuf_1_1__f_wb_clk_i/X (sky130_fd_sc_hd__clkbuf_16)
                                                         clknet_1_1__leaf_wb_clk_i (net)
                      0.226422    0.010552   30.499882 ^ i_sram/CLKin (CF_SRAM_1024x32)
                                 -0.100000   30.399883   clock uncertainty
                                  0.000000   30.399883   clock reconvergence pessimism
                                 -0.682904   29.716978   library setup time
                                             29.716978   data required time
---------------------------------------------------------------------------------------------
                                             29.716978   data required time
                                            -14.828643   data arrival time
---------------------------------------------------------------------------------------------
                                             14.888335   slack (MET)


Startpoint: wbs_dat_i[28] (input port clocked by clk)
Endpoint: i_sram (rising edge-triggered flip-flop clocked by clk)
Path Group: clk
Path Type: max

Fanout         Cap        Slew       Delay        Time   Description
---------------------------------------------------------------------------------------------
                                  0.000000    0.000000   clock clk (rise edge)
                                  5.570000    5.570000   clock network delay (propagated)
                                  4.610000   10.180000 v input external delay
     1    0.002072    0.840000    0.000000   10.180000 v wbs_dat_i[28] (in)
                                                         wbs_dat_i[28] (net)
                      0.840018    0.000010   10.180010 v hold123/A (sky130_fd_sc_hd__dlygate4sd3_1)
     1    0.002883    0.106759    1.551372   11.731381 v hold123/X (sky130_fd_sc_hd__dlygate4sd3_1)
                                                         net221 (net)
                      0.106759    0.000040   11.731421 v hold11/A (sky130_fd_sc_hd__dlygate4sd3_1)
     1    0.002977    0.111984    1.200951   12.932372 v hold11/X (sky130_fd_sc_hd__dlygate4sd3_1)
                                                         net109 (net)
                      0.111984    0.000030   12.932403 v input33/A (sky130_fd_sc_hd__buf_4)
     1    0.027741    0.090950    0.327895   13.260297 v input33/X (sky130_fd_sc_hd__buf_4)
                                                         net33 (net)
                      0.091122    0.003588   13.263885 v hold12/A (sky130_fd_sc_hd__dlygate4sd3_1)
     1    0.041252    0.421134    1.549534   14.813419 v hold12/X (sky130_fd_sc_hd__dlygate4sd3_1)
                                                         net110 (net)
                      0.421188    0.005186   14.818605 v i_sram/DI[28] (CF_SRAM_1024x32)
                                             14.818605   data arrival time

                                 25.000000   25.000000   clock clk (rise edge)
                                  4.650000   29.650000   clock source latency
     1    0.049821    0.610000    0.000000   29.650000 ^ wb_clk_i (in)
                                                         wb_clk_i (net)
                      0.623578    0.006450   29.656448 ^ clkbuf_0_wb_clk_i/A (sky130_fd_sc_hd__clkbuf_16)
     2    0.059277    0.125510    0.479190   30.135639 ^ clkbuf_0_wb_clk_i/X (sky130_fd_sc_hd__clkbuf_16)
                                                         clknet_0_wb_clk_i (net)
                      0.125549    0.000892   30.136530 ^ clkbuf_1_1__f_wb_clk_i/A (sky130_fd_sc_hd__clkbuf_16)
     1    0.133983    0.225598    0.352799   30.489328 ^ clkbuf_1_1__f_wb_clk_i/X (sky130_fd_sc_hd__clkbuf_16)
                                                         clknet_1_1__leaf_wb_clk_i (net)
                      0.226422    0.010552   30.499882 ^ i_sram/CLKin (CF_SRAM_1024x32)
                                 -0.100000   30.399883   clock uncertainty
                                  0.000000   30.399883   clock reconvergence pessimism
                                 -0.689554   29.710329   library setup time
                                             29.710329   data required time
---------------------------------------------------------------------------------------------
                                             29.710329   data required time
                                            -14.818605   data arrival time
---------------------------------------------------------------------------------------------
                                             14.891724   slack (MET)


Startpoint: wbs_dat_i[11] (input port clocked by clk)
Endpoint: i_sram (rising edge-triggered flip-flop clocked by clk)
Path Group: clk
Path Type: max

Fanout         Cap        Slew       Delay        Time   Description
---------------------------------------------------------------------------------------------
                                  0.000000    0.000000   clock clk (rise edge)
                                  5.570000    5.570000   clock network delay (propagated)
                                  4.610000   10.180000 v input external delay
     1    0.004277    0.840000    0.000000   10.180000 v wbs_dat_i[11] (in)
                                                         wbs_dat_i[11] (net)
                      0.840094    0.000050   10.180050 v hold101/A (sky130_fd_sc_hd__dlygate4sd3_1)
     1    0.003403    0.111232    1.560595   11.740645 v hold101/X (sky130_fd_sc_hd__dlygate4sd3_1)
                                                         net199 (net)
                      0.111232    0.000045   11.740690 v hold35/A (sky130_fd_sc_hd__dlygate4sd3_1)
     1    0.002220    0.103316    1.189772   12.930463 v hold35/X (sky130_fd_sc_hd__dlygate4sd3_1)
                                                         net133 (net)
                      0.103316    0.000013   12.930476 v input15/A (sky130_fd_sc_hd__buf_2)
     1    0.011753    0.079450    0.296195   13.226671 v input15/X (sky130_fd_sc_hd__buf_2)
                                                         net15 (net)
                      0.079451    0.000468   13.227139 v hold36/A (sky130_fd_sc_hd__dlygate4sd3_1)
     1    0.043367    0.438499    1.558357   14.785496 v hold36/X (sky130_fd_sc_hd__dlygate4sd3_1)
                                                         net134 (net)
                      0.438529    0.004242   14.789738 v i_sram/DI[11] (CF_SRAM_1024x32)
                                             14.789738   data arrival time

                                 25.000000   25.000000   clock clk (rise edge)
                                  4.650000   29.650000   clock source latency
     1    0.049821    0.610000    0.000000   29.650000 ^ wb_clk_i (in)
                                                         wb_clk_i (net)
                      0.623578    0.006450   29.656448 ^ clkbuf_0_wb_clk_i/A (sky130_fd_sc_hd__clkbuf_16)
     2    0.059277    0.125510    0.479190   30.135639 ^ clkbuf_0_wb_clk_i/X (sky130_fd_sc_hd__clkbuf_16)
                                                         clknet_0_wb_clk_i (net)
                      0.125549    0.000892   30.136530 ^ clkbuf_1_1__f_wb_clk_i/A (sky130_fd_sc_hd__clkbuf_16)
     1    0.133983    0.225598    0.352799   30.489328 ^ clkbuf_1_1__f_wb_clk_i/X (sky130_fd_sc_hd__clkbuf_16)
                                                         clknet_1_1__leaf_wb_clk_i (net)
                      0.226422    0.010552   30.499882 ^ i_sram/CLKin (CF_SRAM_1024x32)
                                 -0.100000   30.399883   clock uncertainty
                                  0.000000   30.399883   clock reconvergence pessimism
                                 -0.695407   29.704475   library setup time
                                             29.704475   data required time
---------------------------------------------------------------------------------------------
                                             29.704475   data required time
                                            -14.789738   data arrival time
---------------------------------------------------------------------------------------------
                                             14.914739   slack (MET)


Startpoint: wbs_dat_i[10] (input port clocked by clk)
Endpoint: i_sram (rising edge-triggered flip-flop clocked by clk)
Path Group: clk
Path Type: max

Fanout         Cap        Slew       Delay        Time   Description
---------------------------------------------------------------------------------------------
                                  0.000000    0.000000   clock clk (rise edge)
                                  5.570000    5.570000   clock network delay (propagated)
                                  4.610000   10.180000 v input external delay
     1    0.003549    0.840000    0.000000   10.180000 v wbs_dat_i[10] (in)
                                                         wbs_dat_i[10] (net)
                      0.840059    0.000031   10.180032 v hold102/A (sky130_fd_sc_hd__dlygate4sd3_1)
     1    0.001770    0.099171    1.531751   11.711782 v hold102/X (sky130_fd_sc_hd__dlygate4sd3_1)
                                                         net200 (net)
                      0.099171    0.000015   11.711797 v hold5/A (sky130_fd_sc_hd__dlygate4sd3_1)
     1    0.002593    0.107546    1.190239   12.902037 v hold5/X (sky130_fd_sc_hd__dlygate4sd3_1)
                                                         net103 (net)
                      0.107546    0.000027   12.902063 v input14/A (sky130_fd_sc_hd__clkbuf_4)
     1    0.013240    0.075160    0.296398   13.198461 v input14/X (sky130_fd_sc_hd__clkbuf_4)
                                                         net14 (net)
                      0.075161    0.000453   13.198914 v hold6/A (sky130_fd_sc_hd__dlygate4sd3_1)
     1    0.046202    0.461993    1.575438   14.774352 v hold6/X (sky130_fd_sc_hd__dlygate4sd3_1)
                                                         net104 (net)
                      0.462034    0.004932   14.779284 v i_sram/DI[10] (CF_SRAM_1024x32)
                                             14.779284   data arrival time

                                 25.000000   25.000000   clock clk (rise edge)
                                  4.650000   29.650000   clock source latency
     1    0.049821    0.610000    0.000000   29.650000 ^ wb_clk_i (in)
                                                         wb_clk_i (net)
                      0.623578    0.006450   29.656448 ^ clkbuf_0_wb_clk_i/A (sky130_fd_sc_hd__clkbuf_16)
     2    0.059277    0.125510    0.479190   30.135639 ^ clkbuf_0_wb_clk_i/X (sky130_fd_sc_hd__clkbuf_16)
                                                         clknet_0_wb_clk_i (net)
                      0.125549    0.000892   30.136530 ^ clkbuf_1_1__f_wb_clk_i/A (sky130_fd_sc_hd__clkbuf_16)
     1    0.133983    0.225598    0.352799   30.489328 ^ clkbuf_1_1__f_wb_clk_i/X (sky130_fd_sc_hd__clkbuf_16)
                                                         clknet_1_1__leaf_wb_clk_i (net)
                      0.226422    0.010552   30.499882 ^ i_sram/CLKin (CF_SRAM_1024x32)
                                 -0.100000   30.399883   clock uncertainty
                                  0.000000   30.399883   clock reconvergence pessimism
                                 -0.703340   29.696543   library setup time
                                             29.696543   data required time
---------------------------------------------------------------------------------------------
                                             29.696543   data required time
                                            -14.779284   data arrival time
---------------------------------------------------------------------------------------------
                                             14.917259   slack (MET)


Startpoint: wbs_dat_i[9] (input port clocked by clk)
Endpoint: i_sram (rising edge-triggered flip-flop clocked by clk)
Path Group: clk
Path Type: max

Fanout         Cap        Slew       Delay        Time   Description
---------------------------------------------------------------------------------------------
                                  0.000000    0.000000   clock clk (rise edge)
                                  5.570000    5.570000   clock network delay (propagated)
                                  4.610000   10.180000 v input external delay
     1    0.003385    0.840000    0.000000   10.180000 v wbs_dat_i[9] (in)
                                                         wbs_dat_i[9] (net)
                      0.840056    0.000029   10.180030 v hold103/A (sky130_fd_sc_hd__dlygate4sd3_1)
     1    0.002095    0.102699    1.537495   11.717525 v hold103/X (sky130_fd_sc_hd__dlygate4sd3_1)
                                                         net201 (net)
                      0.102699    0.000020   11.717546 v hold13/A (sky130_fd_sc_hd__dlygate4sd3_1)
     1    0.002620    0.107868    1.192519   12.910065 v hold13/X (sky130_fd_sc_hd__dlygate4sd3_1)
                                                         net111 (net)
                      0.107868    0.000027   12.910091 v input44/A (sky130_fd_sc_hd__clkbuf_4)
     1    0.014077    0.077887    0.299287   13.209378 v input44/X (sky130_fd_sc_hd__clkbuf_4)
                                                         net44 (net)
                      0.077891    0.000686   13.210064 v hold14/A (sky130_fd_sc_hd__dlygate4sd3_1)
     1    0.044604    0.448500    1.566687   14.776751 v hold14/X (sky130_fd_sc_hd__dlygate4sd3_1)
                                                         net112 (net)
                      0.448513    0.003266   14.780017 v i_sram/DI[9] (CF_SRAM_1024x32)
                                             14.780017   data arrival time

                                 25.000000   25.000000   clock clk (rise edge)
                                  4.650000   29.650000   clock source latency
     1    0.049821    0.610000    0.000000   29.650000 ^ wb_clk_i (in)
                                                         wb_clk_i (net)
                      0.623578    0.006450   29.656448 ^ clkbuf_0_wb_clk_i/A (sky130_fd_sc_hd__clkbuf_16)
     2    0.059277    0.125510    0.479190   30.135639 ^ clkbuf_0_wb_clk_i/X (sky130_fd_sc_hd__clkbuf_16)
                                                         clknet_0_wb_clk_i (net)
                      0.125549    0.000892   30.136530 ^ clkbuf_1_1__f_wb_clk_i/A (sky130_fd_sc_hd__clkbuf_16)
     1    0.133983    0.225598    0.352799   30.489328 ^ clkbuf_1_1__f_wb_clk_i/X (sky130_fd_sc_hd__clkbuf_16)
                                                         clknet_1_1__leaf_wb_clk_i (net)
                      0.226422    0.010552   30.499882 ^ i_sram/CLKin (CF_SRAM_1024x32)
                                 -0.100000   30.399883   clock uncertainty
                                  0.000000   30.399883   clock reconvergence pessimism
                                 -0.698776   29.701107   library setup time
                                             29.701107   data required time
---------------------------------------------------------------------------------------------
                                             29.701107   data required time
                                            -14.780017   data arrival time
---------------------------------------------------------------------------------------------
                                             14.921089   slack (MET)


Startpoint: wbs_dat_i[8] (input port clocked by clk)
Endpoint: i_sram (rising edge-triggered flip-flop clocked by clk)
Path Group: clk
Path Type: max

Fanout         Cap        Slew       Delay        Time   Description
---------------------------------------------------------------------------------------------
                                  0.000000    0.000000   clock clk (rise edge)
                                  5.570000    5.570000   clock network delay (propagated)
                                  4.610000   10.180000 v input external delay
     1    0.003164    0.840000    0.000000   10.180000 v wbs_dat_i[8] (in)
                                                         wbs_dat_i[8] (net)
                      0.840051    0.000027   10.180027 v hold104/A (sky130_fd_sc_hd__dlygate4sd3_1)
     1    0.001601    0.097341    1.528767   11.708795 v hold104/X (sky130_fd_sc_hd__dlygate4sd3_1)
                                                         net202 (net)
                      0.097341    0.000006   11.708800 v hold23/A (sky130_fd_sc_hd__dlygate4sd3_1)
     1    0.002176    0.102767    1.181874   12.890675 v hold23/X (sky130_fd_sc_hd__dlygate4sd3_1)
                                                         net121 (net)
                      0.102767    0.000009   12.890683 v input43/A (sky130_fd_sc_hd__clkbuf_4)
     1    0.015701    0.083129    0.302316   13.193000 v input43/X (sky130_fd_sc_hd__clkbuf_4)
                                                         net43 (net)
                      0.083134    0.000766   13.193767 v hold24/A (sky130_fd_sc_hd__dlygate4sd3_1)
     1    0.045745    0.458309    1.575877   14.769644 v hold24/X (sky130_fd_sc_hd__dlygate4sd3_1)
                                                         net122 (net)
                      0.458357    0.005169   14.774813 v i_sram/DI[8] (CF_SRAM_1024x32)
                                             14.774813   data arrival time

                                 25.000000   25.000000   clock clk (rise edge)
                                  4.650000   29.650000   clock source latency
     1    0.049821    0.610000    0.000000   29.650000 ^ wb_clk_i (in)
                                                         wb_clk_i (net)
                      0.623578    0.006450   29.656448 ^ clkbuf_0_wb_clk_i/A (sky130_fd_sc_hd__clkbuf_16)
     2    0.059277    0.125510    0.479190   30.135639 ^ clkbuf_0_wb_clk_i/X (sky130_fd_sc_hd__clkbuf_16)
                                                         clknet_0_wb_clk_i (net)
                      0.125549    0.000892   30.136530 ^ clkbuf_1_1__f_wb_clk_i/A (sky130_fd_sc_hd__clkbuf_16)
     1    0.133983    0.225598    0.352799   30.489328 ^ clkbuf_1_1__f_wb_clk_i/X (sky130_fd_sc_hd__clkbuf_16)
                                                         clknet_1_1__leaf_wb_clk_i (net)
                      0.226422    0.010552   30.499882 ^ i_sram/CLKin (CF_SRAM_1024x32)
                                 -0.100000   30.399883   clock uncertainty
                                  0.000000   30.399883   clock reconvergence pessimism
                                 -0.702098   29.697784   library setup time
                                             29.697784   data required time
---------------------------------------------------------------------------------------------
                                             29.697784   data required time
                                            -14.774813   data arrival time
---------------------------------------------------------------------------------------------
                                             14.922972   slack (MET)


Startpoint: wbs_we_i (input port clocked by clk)
Endpoint: wbs_dat_o[28] (output port clocked by clk)
Path Group: clk
Path Type: max

Fanout         Cap        Slew       Delay        Time   Description
---------------------------------------------------------------------------------------------
                                  0.000000    0.000000   clock clk (rise edge)
                                  5.570000    5.570000   clock network delay (propagated)
                                  3.740000    9.310000 v input external delay
     1    0.003461    0.140000    0.000000    9.310000 v wbs_we_i (in)
                                                         wbs_we_i (net)
                      0.140060    0.000031    9.310031 v input50/A (sky130_fd_sc_hd__buf_2)
     5    0.049076    0.225745    0.444584    9.754615 v input50/X (sky130_fd_sc_hd__buf_2)
                                                         net50 (net)
                      0.225854    0.004828    9.759443 v _35_/A_N (sky130_fd_sc_hd__and4b_1)
     1    0.013936    0.249908    0.744739   10.504182 ^ _35_/X (sky130_fd_sc_hd__and4b_1)
                                                         net72 (net)
                      0.249908    0.000406   10.504588 ^ output72/A (sky130_fd_sc_hd__buf_12)
     1    0.192742    0.345721    0.488673   10.993260 ^ output72/X (sky130_fd_sc_hd__buf_12)
                                                         wbs_dat_o[28] (net)
                      0.345753    0.003634   10.996895 ^ wbs_dat_o[28] (out)
                                             10.996895   data arrival time

                                 25.000000   25.000000   clock clk (rise edge)
                                  4.650000   29.650000   clock network delay (propagated)
                                 -0.100000   29.549999   clock uncertainty
                                  0.000000   29.549999   clock reconvergence pessimism
                                 -3.620000   25.929998   output external delay
                                             25.929998   data required time
---------------------------------------------------------------------------------------------
                                             25.929998   data required time
                                            -10.996895   data arrival time
---------------------------------------------------------------------------------------------
                                             14.933105   slack (MET)


Startpoint: wbs_we_i (input port clocked by clk)
Endpoint: wbs_dat_o[30] (output port clocked by clk)
Path Group: clk
Path Type: max

Fanout         Cap        Slew       Delay        Time   Description
---------------------------------------------------------------------------------------------
                                  0.000000    0.000000   clock clk (rise edge)
                                  5.570000    5.570000   clock network delay (propagated)
                                  3.740000    9.310000 v input external delay
     1    0.003461    0.140000    0.000000    9.310000 v wbs_we_i (in)
                                                         wbs_we_i (net)
                      0.140060    0.000031    9.310031 v input50/A (sky130_fd_sc_hd__buf_2)
     5    0.049076    0.225745    0.444584    9.754615 v input50/X (sky130_fd_sc_hd__buf_2)
                                                         net50 (net)
                      0.225857    0.004891    9.759506 v _37_/A_N (sky130_fd_sc_hd__and4b_1)
     1    0.012800    0.235381    0.731354   10.490860 ^ _37_/X (sky130_fd_sc_hd__and4b_1)
                                                         net75 (net)
                      0.235381    0.000348   10.491208 ^ output75/A (sky130_fd_sc_hd__buf_12)
     1    0.191077    0.342618    0.482502   10.973710 ^ output75/X (sky130_fd_sc_hd__buf_12)
                                                         wbs_dat_o[30] (net)
                      0.342626    0.002134   10.975844 ^ wbs_dat_o[30] (out)
                                             10.975844   data arrival time

                                 25.000000   25.000000   clock clk (rise edge)
                                  4.650000   29.650000   clock network delay (propagated)
                                 -0.100000   29.549999   clock uncertainty
                                  0.000000   29.549999   clock reconvergence pessimism
                                 -3.620000   25.929998   output external delay
                                             25.929998   data required time
---------------------------------------------------------------------------------------------
                                             25.929998   data required time
                                            -10.975844   data arrival time
---------------------------------------------------------------------------------------------
                                             14.954154   slack (MET)


Startpoint: wbs_we_i (input port clocked by clk)
Endpoint: wbs_dat_o[29] (output port clocked by clk)
Path Group: clk
Path Type: max

Fanout         Cap        Slew       Delay        Time   Description
---------------------------------------------------------------------------------------------
                                  0.000000    0.000000   clock clk (rise edge)
                                  5.570000    5.570000   clock network delay (propagated)
                                  3.740000    9.310000 v input external delay
     1    0.003461    0.140000    0.000000    9.310000 v wbs_we_i (in)
                                                         wbs_we_i (net)
                      0.140060    0.000031    9.310031 v input50/A (sky130_fd_sc_hd__buf_2)
     5    0.049076    0.225745    0.444584    9.754615 v input50/X (sky130_fd_sc_hd__buf_2)
                                                         net50 (net)
                      0.225855    0.004858    9.759474 v _36_/A_N (sky130_fd_sc_hd__and4b_1)
     1    0.012424    0.232188    0.726298   10.485772 ^ _36_/X (sky130_fd_sc_hd__and4b_1)
                                                         net73 (net)
                      0.232188    0.000266   10.486038 ^ output73/A (sky130_fd_sc_hd__buf_12)
     1    0.192316    0.344935    0.482041   10.968080 ^ output73/X (sky130_fd_sc_hd__buf_12)
                                                         wbs_dat_o[29] (net)
                      0.344962    0.003394   10.971473 ^ wbs_dat_o[29] (out)
                                             10.971473   data arrival time

                                 25.000000   25.000000   clock clk (rise edge)
                                  4.650000   29.650000   clock network delay (propagated)
                                 -0.100000   29.549999   clock uncertainty
                                  0.000000   29.549999   clock reconvergence pessimism
                                 -3.620000   25.929998   output external delay
                                             25.929998   data required time
---------------------------------------------------------------------------------------------
                                             25.929998   data required time
                                            -10.971473   data arrival time
---------------------------------------------------------------------------------------------
                                             14.958526   slack (MET)


Startpoint: wbs_we_i (input port clocked by clk)
Endpoint: wbs_dat_o[31] (output port clocked by clk)
Path Group: clk
Path Type: max

Fanout         Cap        Slew       Delay        Time   Description
---------------------------------------------------------------------------------------------
                                  0.000000    0.000000   clock clk (rise edge)
                                  5.570000    5.570000   clock network delay (propagated)
                                  3.740000    9.310000 v input external delay
     1    0.003461    0.140000    0.000000    9.310000 v wbs_we_i (in)
                                                         wbs_we_i (net)
                      0.140060    0.000031    9.310031 v input50/A (sky130_fd_sc_hd__buf_2)
     5    0.049076    0.225745    0.444584    9.754615 v input50/X (sky130_fd_sc_hd__buf_2)
                                                         net50 (net)
                      0.225860    0.004938    9.759554 v _38_/A_N (sky130_fd_sc_hd__and4b_1)
     1    0.011794    0.225629    0.717812   10.477365 ^ _38_/X (sky130_fd_sc_hd__and4b_1)
                                                         net76 (net)
                      0.225629    0.000253   10.477618 ^ output76/A (sky130_fd_sc_hd__buf_12)
     1    0.190852    0.342195    0.478864   10.956482 ^ output76/X (sky130_fd_sc_hd__buf_12)
                                                         wbs_dat_o[31] (net)
                      0.342201    0.002006   10.958488 ^ wbs_dat_o[31] (out)
                                             10.958488   data arrival time

                                 25.000000   25.000000   clock clk (rise edge)
                                  4.650000   29.650000   clock network delay (propagated)
                                 -0.100000   29.549999   clock uncertainty
                                  0.000000   29.549999   clock reconvergence pessimism
                                 -3.620000   25.929998   output external delay
                                             25.929998   data required time
---------------------------------------------------------------------------------------------
                                             25.929998   data required time
                                            -10.958488   data arrival time
---------------------------------------------------------------------------------------------
                                             14.971511   slack (MET)


Startpoint: wbs_dat_i[12] (input port clocked by clk)
Endpoint: i_sram (rising edge-triggered flip-flop clocked by clk)
Path Group: clk
Path Type: max

Fanout         Cap        Slew       Delay        Time   Description
---------------------------------------------------------------------------------------------
                                  0.000000    0.000000   clock clk (rise edge)
                                  5.570000    5.570000   clock network delay (propagated)
                                  4.610000   10.180000 v input external delay
     1    0.004109    0.840000    0.000000   10.180000 v wbs_dat_i[12] (in)
                                                         wbs_dat_i[12] (net)
                      0.840086    0.000045   10.180045 v hold100/A (sky130_fd_sc_hd__dlygate4sd3_1)
     1    0.003276    0.110046    1.558342   11.738387 v hold100/X (sky130_fd_sc_hd__dlygate4sd3_1)
                                                         net198 (net)
                      0.110046    0.000044   11.738432 v hold27/A (sky130_fd_sc_hd__dlygate4sd3_1)
     1    0.001713    0.097487    1.180140   12.918571 v hold27/X (sky130_fd_sc_hd__dlygate4sd3_1)
                                                         net125 (net)
                      0.097487    0.000006   12.918578 v input16/A (sky130_fd_sc_hd__buf_2)
     1    0.010789    0.075500    0.289005   13.207583 v input16/X (sky130_fd_sc_hd__buf_2)
                                                         net16 (net)
                      0.075501    0.000463   13.208046 v hold28/A (sky130_fd_sc_hd__dlygate4sd3_1)
     1    0.038073    0.403572    1.519560   14.727605 v hold28/X (sky130_fd_sc_hd__dlygate4sd3_1)
                                                         net126 (net)
                      0.403593    0.003376   14.730981 v i_sram/DI[12] (CF_SRAM_1024x32)
                                             14.730981   data arrival time

                                 25.000000   25.000000   clock clk (rise edge)
                                  4.650000   29.650000   clock source latency
     1    0.049821    0.610000    0.000000   29.650000 ^ wb_clk_i (in)
                                                         wb_clk_i (net)
                      0.623578    0.006450   29.656448 ^ clkbuf_0_wb_clk_i/A (sky130_fd_sc_hd__clkbuf_16)
     2    0.059277    0.125510    0.479190   30.135639 ^ clkbuf_0_wb_clk_i/X (sky130_fd_sc_hd__clkbuf_16)
                                                         clknet_0_wb_clk_i (net)
                      0.125549    0.000892   30.136530 ^ clkbuf_1_1__f_wb_clk_i/A (sky130_fd_sc_hd__clkbuf_16)
     1    0.133983    0.225598    0.352799   30.489328 ^ clkbuf_1_1__f_wb_clk_i/X (sky130_fd_sc_hd__clkbuf_16)
                                                         clknet_1_1__leaf_wb_clk_i (net)
                      0.226422    0.010552   30.499882 ^ i_sram/CLKin (CF_SRAM_1024x32)
                                 -0.100000   30.399883   clock uncertainty
                                  0.000000   30.399883   clock reconvergence pessimism
                                 -0.683616   29.716269   library setup time
                                             29.716269   data required time
---------------------------------------------------------------------------------------------
                                             29.716269   data required time
                                            -14.730981   data arrival time
---------------------------------------------------------------------------------------------
                                             14.985287   slack (MET)


Startpoint: wbs_dat_i[14] (input port clocked by clk)
Endpoint: i_sram (rising edge-triggered flip-flop clocked by clk)
Path Group: clk
Path Type: max

Fanout         Cap        Slew       Delay        Time   Description
---------------------------------------------------------------------------------------------
                                  0.000000    0.000000   clock clk (rise edge)
                                  5.570000    5.570000   clock network delay (propagated)
                                  4.610000   10.180000 v input external delay
     1    0.002553    0.840000    0.000000   10.180000 v wbs_dat_i[14] (in)
                                                         wbs_dat_i[14] (net)
                      0.840031    0.000017   10.180017 v hold98/A (sky130_fd_sc_hd__dlygate4sd3_1)
     1    0.003371    0.110924    1.559997   11.740014 v hold98/X (sky130_fd_sc_hd__dlygate4sd3_1)
                                                         net196 (net)
                      0.110924    0.000051   11.740065 v hold17/A (sky130_fd_sc_hd__dlygate4sd3_1)
     1    0.003186    0.109077    1.206773   12.946837 v hold17/X (sky130_fd_sc_hd__dlygate4sd3_1)
                                                         net115 (net)
                      0.109077    0.000044   12.946882 v input18/A (sky130_fd_sc_hd__buf_2)
     1    0.010359    0.073737    0.293026   13.239908 v input18/X (sky130_fd_sc_hd__buf_2)
                                                         net18 (net)
                      0.073738    0.000403   13.240312 v hold18/A (sky130_fd_sc_hd__dlygate4sd3_1)
     1    0.032486    0.361235    1.473953   14.714264 v hold18/X (sky130_fd_sc_hd__dlygate4sd3_1)
                                                         net116 (net)
                      0.361235    0.001007   14.715271 v i_sram/DI[14] (CF_SRAM_1024x32)
                                             14.715271   data arrival time

                                 25.000000   25.000000   clock clk (rise edge)
                                  4.650000   29.650000   clock source latency
     1    0.049821    0.610000    0.000000   29.650000 ^ wb_clk_i (in)
                                                         wb_clk_i (net)
                      0.623578    0.006450   29.656448 ^ clkbuf_0_wb_clk_i/A (sky130_fd_sc_hd__clkbuf_16)
     2    0.059277    0.125510    0.479190   30.135639 ^ clkbuf_0_wb_clk_i/X (sky130_fd_sc_hd__clkbuf_16)
                                                         clknet_0_wb_clk_i (net)
                      0.125549    0.000892   30.136530 ^ clkbuf_1_1__f_wb_clk_i/A (sky130_fd_sc_hd__clkbuf_16)
     1    0.133983    0.225598    0.352799   30.489328 ^ clkbuf_1_1__f_wb_clk_i/X (sky130_fd_sc_hd__clkbuf_16)
                                                         clknet_1_1__leaf_wb_clk_i (net)
                      0.226422    0.010552   30.499882 ^ i_sram/CLKin (CF_SRAM_1024x32)
                                 -0.100000   30.399883   clock uncertainty
                                  0.000000   30.399883   clock reconvergence pessimism
                                 -0.669320   29.730562   library setup time
                                             29.730562   data required time
---------------------------------------------------------------------------------------------
                                             29.730562   data required time
                                            -14.715271   data arrival time
---------------------------------------------------------------------------------------------
                                             15.015291   slack (MET)


Startpoint: wbs_dat_i[13] (input port clocked by clk)
Endpoint: i_sram (rising edge-triggered flip-flop clocked by clk)
Path Group: clk
Path Type: max

Fanout         Cap        Slew       Delay        Time   Description
---------------------------------------------------------------------------------------------
                                  0.000000    0.000000   clock clk (rise edge)
                                  5.570000    5.570000   clock network delay (propagated)
                                  4.610000   10.180000 v input external delay
     1    0.002293    0.840000    0.000000   10.180000 v wbs_dat_i[13] (in)
                                                         wbs_dat_i[13] (net)
                      0.840025    0.000013   10.180014 v hold99/A (sky130_fd_sc_hd__dlygate4sd3_1)
     1    0.002120    0.102965    1.537917   11.717930 v hold99/X (sky130_fd_sc_hd__dlygate4sd3_1)
                                                         net197 (net)
                      0.102965    0.000021   11.717952 v hold21/A (sky130_fd_sc_hd__dlygate4sd3_1)
     1    0.001920    0.099858    1.180207   12.898158 v hold21/X (sky130_fd_sc_hd__dlygate4sd3_1)
                                                         net119 (net)
                      0.099858    0.000017   12.898175 v input17/A (sky130_fd_sc_hd__buf_2)
     1    0.010137    0.072836    0.287390   13.185565 v input17/X (sky130_fd_sc_hd__buf_2)
                                                         net17 (net)
                      0.072836    0.000400   13.185965 v hold22/A (sky130_fd_sc_hd__dlygate4sd3_1)
     1    0.036720    0.398819    1.507441   14.693406 v hold22/X (sky130_fd_sc_hd__dlygate4sd3_1)
                                                         net120 (net)
                      0.398833    0.002745   14.696152 v i_sram/DI[13] (CF_SRAM_1024x32)
                                             14.696152   data arrival time

                                 25.000000   25.000000   clock clk (rise edge)
                                  4.650000   29.650000   clock source latency
     1    0.049821    0.610000    0.000000   29.650000 ^ wb_clk_i (in)
                                                         wb_clk_i (net)
                      0.623578    0.006450   29.656448 ^ clkbuf_0_wb_clk_i/A (sky130_fd_sc_hd__clkbuf_16)
     2    0.059277    0.125510    0.479190   30.135639 ^ clkbuf_0_wb_clk_i/X (sky130_fd_sc_hd__clkbuf_16)
                                                         clknet_0_wb_clk_i (net)
                      0.125549    0.000892   30.136530 ^ clkbuf_1_1__f_wb_clk_i/A (sky130_fd_sc_hd__clkbuf_16)
     1    0.133983    0.225598    0.352799   30.489328 ^ clkbuf_1_1__f_wb_clk_i/X (sky130_fd_sc_hd__clkbuf_16)
                                                         clknet_1_1__leaf_wb_clk_i (net)
                      0.226422    0.010552   30.499882 ^ i_sram/CLKin (CF_SRAM_1024x32)
                                 -0.100000   30.399883   clock uncertainty
                                  0.000000   30.399883   clock reconvergence pessimism
                                 -0.682009   29.717873   library setup time
                                             29.717873   data required time
---------------------------------------------------------------------------------------------
                                             29.717873   data required time
                                            -14.696152   data arrival time
---------------------------------------------------------------------------------------------
                                             15.021723   slack (MET)


Startpoint: wbs_dat_i[15] (input port clocked by clk)
Endpoint: i_sram (rising edge-triggered flip-flop clocked by clk)
Path Group: clk
Path Type: max

Fanout         Cap        Slew       Delay        Time   Description
---------------------------------------------------------------------------------------------
                                  0.000000    0.000000   clock clk (rise edge)
                                  5.570000    5.570000   clock network delay (propagated)
                                  4.610000   10.180000 v input external delay
     1    0.003029    0.840000    0.000000   10.180000 v wbs_dat_i[15] (in)
                                                         wbs_dat_i[15] (net)
                      0.840046    0.000024   10.180024 v hold97/A (sky130_fd_sc_hd__dlygate4sd3_1)
     1    0.001800    0.099499    1.532281   11.712305 v hold97/X (sky130_fd_sc_hd__dlygate4sd3_1)
                                                         net195 (net)
                      0.099499    0.000016   11.712321 v hold1/A (sky130_fd_sc_hd__dlygate4sd3_1)
     1    0.001713    0.097484    1.174750   12.887072 v hold1/X (sky130_fd_sc_hd__dlygate4sd3_1)
                                                         net99 (net)
                      0.097484    0.000006   12.887077 v input19/A (sky130_fd_sc_hd__buf_2)
     1    0.010658    0.074934    0.288489   13.175567 v input19/X (sky130_fd_sc_hd__buf_2)
                                                         net19 (net)
                      0.074934    0.000396   13.175962 v hold2/A (sky130_fd_sc_hd__dlygate4sd3_1)
     1    0.031326    0.351463    1.464408   14.640371 v hold2/X (sky130_fd_sc_hd__dlygate4sd3_1)
                                                         net100 (net)
                      0.351466    0.001720   14.642091 v i_sram/DI[15] (CF_SRAM_1024x32)
                                             14.642091   data arrival time

                                 25.000000   25.000000   clock clk (rise edge)
                                  4.650000   29.650000   clock source latency
     1    0.049821    0.610000    0.000000   29.650000 ^ wb_clk_i (in)
                                                         wb_clk_i (net)
                      0.623578    0.006450   29.656448 ^ clkbuf_0_wb_clk_i/A (sky130_fd_sc_hd__clkbuf_16)
     2    0.059277    0.125510    0.479190   30.135639 ^ clkbuf_0_wb_clk_i/X (sky130_fd_sc_hd__clkbuf_16)
                                                         clknet_0_wb_clk_i (net)
                      0.125549    0.000892   30.136530 ^ clkbuf_1_1__f_wb_clk_i/A (sky130_fd_sc_hd__clkbuf_16)
     1    0.133983    0.225598    0.352799   30.489328 ^ clkbuf_1_1__f_wb_clk_i/X (sky130_fd_sc_hd__clkbuf_16)
                                                         clknet_1_1__leaf_wb_clk_i (net)
                      0.226422    0.010552   30.499882 ^ i_sram/CLKin (CF_SRAM_1024x32)
                                 -0.100000   30.399883   clock uncertainty
                                  0.000000   30.399883   clock reconvergence pessimism
                                 -0.666023   29.733858   library setup time
                                             29.733858   data required time
---------------------------------------------------------------------------------------------
                                             29.733858   data required time
                                            -14.642091   data arrival time
---------------------------------------------------------------------------------------------
                                             15.091768   slack (MET)


Startpoint: wbs_adr_i[2] (input port clocked by clk)
Endpoint: i_sram (rising edge-triggered flip-flop clocked by clk)
Path Group: clk
Path Type: max

Fanout         Cap        Slew       Delay        Time   Description
---------------------------------------------------------------------------------------------
                                  0.000000    0.000000   clock clk (rise edge)
                                  5.570000    5.570000   clock network delay (propagated)
                                  3.890000    9.460000 v input external delay
     1    0.006353    0.920000    0.000000    9.460000 v wbs_adr_i[2] (in)
                                                         wbs_adr_i[2] (net)
                      0.920171    0.000090    9.460090 v hold138/A (sky130_fd_sc_hd__dlygate4sd3_1)
     1    0.003244    0.109692    1.589439   11.049529 v hold138/X (sky130_fd_sc_hd__dlygate4sd3_1)
                                                         net236 (net)
                      0.109692    0.000049   11.049578 v hold81/A (sky130_fd_sc_hd__dlygate4sd3_1)
     1    0.003152    0.108750    1.205546   12.255123 v hold81/X (sky130_fd_sc_hd__dlygate4sd3_1)
                                                         net179 (net)
                      0.108750    0.000039   12.255162 v input4/A (sky130_fd_sc_hd__buf_4)
     3    0.057208    0.149516    0.376174   12.631336 v input4/X (sky130_fd_sc_hd__buf_4)
                                                         net4 (net)
                      0.150395    0.009258   12.640594 v hold82/A (sky130_fd_sc_hd__dlygate4sd3_1)
     1    0.042559    0.431644    1.589152   14.229747 v hold82/X (sky130_fd_sc_hd__dlygate4sd3_1)
                                                         net180 (net)
                      0.431667    0.003767   14.233514 v i_sram/AD[0] (CF_SRAM_1024x32)
                                             14.233514   data arrival time

                                 25.000000   25.000000   clock clk (rise edge)
                                  4.650000   29.650000   clock source latency
     1    0.049821    0.610000    0.000000   29.650000 ^ wb_clk_i (in)
                                                         wb_clk_i (net)
                      0.623578    0.006450   29.656448 ^ clkbuf_0_wb_clk_i/A (sky130_fd_sc_hd__clkbuf_16)
     2    0.059277    0.125510    0.479190   30.135639 ^ clkbuf_0_wb_clk_i/X (sky130_fd_sc_hd__clkbuf_16)
                                                         clknet_0_wb_clk_i (net)
                      0.125549    0.000892   30.136530 ^ clkbuf_1_1__f_wb_clk_i/A (sky130_fd_sc_hd__clkbuf_16)
     1    0.133983    0.225598    0.352799   30.489328 ^ clkbuf_1_1__f_wb_clk_i/X (sky130_fd_sc_hd__clkbuf_16)
                                                         clknet_1_1__leaf_wb_clk_i (net)
                      0.226422    0.010552   30.499882 ^ i_sram/CLKin (CF_SRAM_1024x32)
                                 -0.100000   30.399883   clock uncertainty
                                  0.000000   30.399883   clock reconvergence pessimism
                                 -0.498821   29.901060   library setup time
                                             29.901060   data required time
---------------------------------------------------------------------------------------------
                                             29.901060   data required time
                                            -14.233514   data arrival time
---------------------------------------------------------------------------------------------
                                             15.667546   slack (MET)


Startpoint: wbs_adr_i[4] (input port clocked by clk)
Endpoint: i_sram (rising edge-triggered flip-flop clocked by clk)
Path Group: clk
Path Type: max

Fanout         Cap        Slew       Delay        Time   Description
---------------------------------------------------------------------------------------------
                                  0.000000    0.000000   clock clk (rise edge)
                                  5.570000    5.570000   clock network delay (propagated)
                                  3.890000    9.460000 v input external delay
     1    0.002736    0.920000    0.000000    9.460000 v wbs_adr_i[4] (in)
                                                         wbs_adr_i[4] (net)
                      0.920034    0.000018    9.460018 v hold136/A (sky130_fd_sc_hd__dlygate4sd3_1)
     1    0.002603    0.104633    1.578076   11.038094 v hold136/X (sky130_fd_sc_hd__dlygate4sd3_1)
                                                         net234 (net)
                      0.104633    0.000030   11.038124 v hold79/A (sky130_fd_sc_hd__dlygate4sd3_1)
     1    0.004330    0.123538    1.223921   12.262045 v hold79/X (sky130_fd_sc_hd__dlygate4sd3_1)
                                                         net177 (net)
                      0.123538    0.000049   12.262094 v input6/A (sky130_fd_sc_hd__buf_4)
     2    0.051870    0.138284    0.375736   12.637830 v input6/X (sky130_fd_sc_hd__buf_4)
                                                         net6 (net)
                      0.138652    0.006531   12.644361 v hold80/A (sky130_fd_sc_hd__dlygate4sd3_1)
     1    0.042234    0.429100    1.580607   14.224967 v hold80/X (sky130_fd_sc_hd__dlygate4sd3_1)
                                                         net178 (net)
                      0.429128    0.004082   14.229050 v i_sram/AD[2] (CF_SRAM_1024x32)
                                             14.229050   data arrival time

                                 25.000000   25.000000   clock clk (rise edge)
                                  4.650000   29.650000   clock source latency
     1    0.049821    0.610000    0.000000   29.650000 ^ wb_clk_i (in)
                                                         wb_clk_i (net)
                      0.623578    0.006450   29.656448 ^ clkbuf_0_wb_clk_i/A (sky130_fd_sc_hd__clkbuf_16)
     2    0.059277    0.125510    0.479190   30.135639 ^ clkbuf_0_wb_clk_i/X (sky130_fd_sc_hd__clkbuf_16)
                                                         clknet_0_wb_clk_i (net)
                      0.125549    0.000892   30.136530 ^ clkbuf_1_1__f_wb_clk_i/A (sky130_fd_sc_hd__clkbuf_16)
     1    0.133983    0.225598    0.352799   30.489328 ^ clkbuf_1_1__f_wb_clk_i/X (sky130_fd_sc_hd__clkbuf_16)
                                                         clknet_1_1__leaf_wb_clk_i (net)
                      0.226422    0.010552   30.499882 ^ i_sram/CLKin (CF_SRAM_1024x32)
                                 -0.100000   30.399883   clock uncertainty
                                  0.000000   30.399883   clock reconvergence pessimism
                                 -0.498103   29.901777   library setup time
                                             29.901777   data required time
---------------------------------------------------------------------------------------------
                                             29.901777   data required time
                                            -14.229050   data arrival time
---------------------------------------------------------------------------------------------
                                             15.672729   slack (MET)


Startpoint: wbs_adr_i[5] (input port clocked by clk)
Endpoint: i_sram (rising edge-triggered flip-flop clocked by clk)
Path Group: clk
Path Type: max

Fanout         Cap        Slew       Delay        Time   Description
---------------------------------------------------------------------------------------------
                                  0.000000    0.000000   clock clk (rise edge)
                                  5.570000    5.570000   clock network delay (propagated)
                                  3.890000    9.460000 v input external delay
     1    0.005991    0.920000    0.000000    9.460000 v wbs_adr_i[5] (in)
                                                         wbs_adr_i[5] (net)
                      0.920201    0.000106    9.460106 v hold134/A (sky130_fd_sc_hd__dlygate4sd3_1)
     1    0.003092    0.108376    1.586775   11.046881 v hold134/X (sky130_fd_sc_hd__dlygate4sd3_1)
                                                         net232 (net)
                      0.108376    0.000041   11.046922 v hold71/A (sky130_fd_sc_hd__dlygate4sd3_1)
     1    0.005525    0.132405    1.240516   12.287438 v hold71/X (sky130_fd_sc_hd__dlygate4sd3_1)
                                                         net169 (net)
                      0.132405    0.000105   12.287543 v input7/A (sky130_fd_sc_hd__buf_4)
     1    0.044503    0.122948    0.367779   12.655321 v input7/X (sky130_fd_sc_hd__buf_4)
                                                         net7 (net)
                      0.123154    0.004661   12.659983 v hold72/A (sky130_fd_sc_hd__dlygate4sd3_1)
     1    0.040995    0.418845    1.564499   14.224482 v hold72/X (sky130_fd_sc_hd__dlygate4sd3_1)
                                                         net170 (net)
                      0.418866    0.003672   14.228153 v i_sram/AD[3] (CF_SRAM_1024x32)
                                             14.228153   data arrival time

                                 25.000000   25.000000   clock clk (rise edge)
                                  4.650000   29.650000   clock source latency
     1    0.049821    0.610000    0.000000   29.650000 ^ wb_clk_i (in)
                                                         wb_clk_i (net)
                      0.623578    0.006450   29.656448 ^ clkbuf_0_wb_clk_i/A (sky130_fd_sc_hd__clkbuf_16)
     2    0.059277    0.125510    0.479190   30.135639 ^ clkbuf_0_wb_clk_i/X (sky130_fd_sc_hd__clkbuf_16)
                                                         clknet_0_wb_clk_i (net)
                      0.125549    0.000892   30.136530 ^ clkbuf_1_1__f_wb_clk_i/A (sky130_fd_sc_hd__clkbuf_16)
     1    0.133983    0.225598    0.352799   30.489328 ^ clkbuf_1_1__f_wb_clk_i/X (sky130_fd_sc_hd__clkbuf_16)
                                                         clknet_1_1__leaf_wb_clk_i (net)
                      0.226422    0.010552   30.499882 ^ i_sram/CLKin (CF_SRAM_1024x32)
                                 -0.100000   30.399883   clock uncertainty
                                  0.000000   30.399883   clock reconvergence pessimism
                                 -0.495203   29.904680   library setup time
                                             29.904680   data required time
---------------------------------------------------------------------------------------------
                                             29.904680   data required time
                                            -14.228153   data arrival time
---------------------------------------------------------------------------------------------
                                             15.676527   slack (MET)


Startpoint: wbs_adr_i[3] (input port clocked by clk)
Endpoint: i_sram (rising edge-triggered flip-flop clocked by clk)
Path Group: clk
Path Type: max

Fanout         Cap        Slew       Delay        Time   Description
---------------------------------------------------------------------------------------------
                                  0.000000    0.000000   clock clk (rise edge)
                                  5.570000    5.570000   clock network delay (propagated)
                                  3.890000    9.460000 v input external delay
     1    0.004177    0.920000    0.000000    9.460000 v wbs_adr_i[3] (in)
                                                         wbs_adr_i[3] (net)
                      0.920087    0.000045    9.460046 v hold137/A (sky130_fd_sc_hd__dlygate4sd3_1)
     1    0.002670    0.105103    1.579286   11.039331 v hold137/X (sky130_fd_sc_hd__dlygate4sd3_1)
                                                         net235 (net)
                      0.105103    0.000030   11.039362 v hold83/A (sky130_fd_sc_hd__dlygate4sd3_1)
     1    0.003254    0.109688    1.205021   12.244383 v hold83/X (sky130_fd_sc_hd__dlygate4sd3_1)
                                                         net181 (net)
                      0.109688    0.000040   12.244423 v input5/A (sky130_fd_sc_hd__buf_4)
     1    0.052273    0.139186    0.369305   12.613728 v input5/X (sky130_fd_sc_hd__buf_4)
                                                         net5 (net)
                      0.139536    0.006420   12.620147 v hold84/A (sky130_fd_sc_hd__dlygate4sd3_1)
     1    0.043768    0.441798    1.591411   14.211558 v hold84/X (sky130_fd_sc_hd__dlygate4sd3_1)
                                                         net182 (net)
                      0.441828    0.004215   14.215774 v i_sram/AD[1] (CF_SRAM_1024x32)
                                             14.215774   data arrival time

                                 25.000000   25.000000   clock clk (rise edge)
                                  4.650000   29.650000   clock source latency
     1    0.049821    0.610000    0.000000   29.650000 ^ wb_clk_i (in)
                                                         wb_clk_i (net)
                      0.623578    0.006450   29.656448 ^ clkbuf_0_wb_clk_i/A (sky130_fd_sc_hd__clkbuf_16)
     2    0.059277    0.125510    0.479190   30.135639 ^ clkbuf_0_wb_clk_i/X (sky130_fd_sc_hd__clkbuf_16)
                                                         clknet_0_wb_clk_i (net)
                      0.125549    0.000892   30.136530 ^ clkbuf_1_1__f_wb_clk_i/A (sky130_fd_sc_hd__clkbuf_16)
     1    0.133983    0.225598    0.352799   30.489328 ^ clkbuf_1_1__f_wb_clk_i/X (sky130_fd_sc_hd__clkbuf_16)
                                                         clknet_1_1__leaf_wb_clk_i (net)
                      0.226422    0.010552   30.499882 ^ i_sram/CLKin (CF_SRAM_1024x32)
                                 -0.100000   30.399883   clock uncertainty
                                  0.000000   30.399883   clock reconvergence pessimism
                                 -0.501693   29.898190   library setup time
                                             29.898190   data required time
---------------------------------------------------------------------------------------------
                                             29.898190   data required time
                                            -14.215774   data arrival time
---------------------------------------------------------------------------------------------
                                             15.682416   slack (MET)


Startpoint: wbs_adr_i[6] (input port clocked by clk)
Endpoint: i_sram (rising edge-triggered flip-flop clocked by clk)
Path Group: clk
Path Type: max

Fanout         Cap        Slew       Delay        Time   Description
---------------------------------------------------------------------------------------------
                                  0.000000    0.000000   clock clk (rise edge)
                                  5.570000    5.570000   clock network delay (propagated)
                                  3.890000    9.460000 v input external delay
     1    0.003578    0.920000    0.000000    9.460000 v wbs_adr_i[6] (in)
                                                         wbs_adr_i[6] (net)
                      0.920061    0.000032    9.460032 v hold135/A (sky130_fd_sc_hd__dlygate4sd3_1)
     1    0.001977    0.101332    1.567038   11.027070 v hold135/X (sky130_fd_sc_hd__dlygate4sd3_1)
                                                         net233 (net)
                      0.101332    0.000019   11.027089 v hold77/A (sky130_fd_sc_hd__dlygate4sd3_1)
     1    0.003201    0.109153    1.202146   12.229235 v hold77/X (sky130_fd_sc_hd__dlygate4sd3_1)
                                                         net175 (net)
                      0.109153    0.000036   12.229271 v input8/A (sky130_fd_sc_hd__buf_4)
     1    0.052930    0.139708    0.372451   12.601722 v input8/X (sky130_fd_sc_hd__buf_4)
                                                         net8 (net)
                      0.139733    0.001994   12.603716 v hold78/A (sky130_fd_sc_hd__dlygate4sd3_1)
     1    0.044052    0.444137    1.593473   14.197188 v hold78/X (sky130_fd_sc_hd__dlygate4sd3_1)
                                                         net176 (net)
                      0.444166    0.004176   14.201365 v i_sram/AD[4] (CF_SRAM_1024x32)
                                             14.201365   data arrival time

                                 25.000000   25.000000   clock clk (rise edge)
                                  4.650000   29.650000   clock source latency
     1    0.049821    0.610000    0.000000   29.650000 ^ wb_clk_i (in)
                                                         wb_clk_i (net)
                      0.623578    0.006450   29.656448 ^ clkbuf_0_wb_clk_i/A (sky130_fd_sc_hd__clkbuf_16)
     2    0.059277    0.125510    0.479190   30.135639 ^ clkbuf_0_wb_clk_i/X (sky130_fd_sc_hd__clkbuf_16)
                                                         clknet_0_wb_clk_i (net)
                      0.125549    0.000892   30.136530 ^ clkbuf_1_1__f_wb_clk_i/A (sky130_fd_sc_hd__clkbuf_16)
     1    0.133983    0.225598    0.352799   30.489328 ^ clkbuf_1_1__f_wb_clk_i/X (sky130_fd_sc_hd__clkbuf_16)
                                                         clknet_1_1__leaf_wb_clk_i (net)
                      0.226422    0.010552   30.499882 ^ i_sram/CLKin (CF_SRAM_1024x32)
                                 -0.100000   30.399883   clock uncertainty
                                  0.000000   30.399883   clock reconvergence pessimism
                                 -0.502353   29.897530   library setup time
                                             29.897530   data required time
---------------------------------------------------------------------------------------------
                                             29.897530   data required time
                                            -14.201365   data arrival time
---------------------------------------------------------------------------------------------
                                             15.696163   slack (MET)


Startpoint: wbs_adr_i[10] (input port clocked by clk)
Endpoint: i_sram (rising edge-triggered flip-flop clocked by clk)
Path Group: clk
Path Type: max

Fanout         Cap        Slew       Delay        Time   Description
---------------------------------------------------------------------------------------------
                                  0.000000    0.000000   clock clk (rise edge)
                                  5.570000    5.570000   clock network delay (propagated)
                                  3.890000    9.460000 v input external delay
     1    0.004256    0.920000    0.000000    9.460000 v wbs_adr_i[10] (in)
                                                         wbs_adr_i[10] (net)
                      0.920111    0.000059    9.460059 v hold130/A (sky130_fd_sc_hd__dlygate4sd3_1)
     1    0.003554    0.112831    1.594888   11.054947 v hold130/X (sky130_fd_sc_hd__dlygate4sd3_1)
                                                         net228 (net)
                      0.112831    0.000058   11.055004 v hold53/A (sky130_fd_sc_hd__dlygate4sd3_1)
     1    0.002746    0.109360    1.199936   12.254941 v hold53/X (sky130_fd_sc_hd__dlygate4sd3_1)
                                                         net151 (net)
                      0.109360    0.000026   12.254967 v input2/A (sky130_fd_sc_hd__buf_4)
     1    0.040524    0.115177    0.349242   12.604209 v input2/X (sky130_fd_sc_hd__buf_4)
                                                         net2 (net)
                      0.115391    0.004587   12.608795 v hold54/A (sky130_fd_sc_hd__dlygate4sd3_1)
     1    0.043854    0.442531    1.579758   14.188553 v hold54/X (sky130_fd_sc_hd__dlygate4sd3_1)
                                                         net152 (net)
                      0.442559    0.004146   14.192699 v i_sram/AD[8] (CF_SRAM_1024x32)
                                             14.192699   data arrival time

                                 25.000000   25.000000   clock clk (rise edge)
                                  4.650000   29.650000   clock source latency
     1    0.049821    0.610000    0.000000   29.650000 ^ wb_clk_i (in)
                                                         wb_clk_i (net)
                      0.623578    0.006450   29.656448 ^ clkbuf_0_wb_clk_i/A (sky130_fd_sc_hd__clkbuf_16)
     2    0.059277    0.125510    0.479190   30.135639 ^ clkbuf_0_wb_clk_i/X (sky130_fd_sc_hd__clkbuf_16)
                                                         clknet_0_wb_clk_i (net)
                      0.125549    0.000892   30.136530 ^ clkbuf_1_1__f_wb_clk_i/A (sky130_fd_sc_hd__clkbuf_16)
     1    0.133983    0.225598    0.352799   30.489328 ^ clkbuf_1_1__f_wb_clk_i/X (sky130_fd_sc_hd__clkbuf_16)
                                                         clknet_1_1__leaf_wb_clk_i (net)
                      0.226422    0.010552   30.499882 ^ i_sram/CLKin (CF_SRAM_1024x32)
                                 -0.100000   30.399883   clock uncertainty
                                  0.000000   30.399883   clock reconvergence pessimism
                                 -0.501899   29.897984   library setup time
                                             29.897984   data required time
---------------------------------------------------------------------------------------------
                                             29.897984   data required time
                                            -14.192699   data arrival time
---------------------------------------------------------------------------------------------
                                             15.705285   slack (MET)


Startpoint: wbs_adr_i[8] (input port clocked by clk)
Endpoint: i_sram (rising edge-triggered flip-flop clocked by clk)
Path Group: clk
Path Type: max

Fanout         Cap        Slew       Delay        Time   Description
---------------------------------------------------------------------------------------------
                                  0.000000    0.000000   clock clk (rise edge)
                                  5.570000    5.570000   clock network delay (propagated)
                                  3.890000    9.460000 v input external delay
     1    0.002813    0.920000    0.000000    9.460000 v wbs_adr_i[8] (in)
                                                         wbs_adr_i[8] (net)
                      0.920039    0.000020    9.460021 v hold132/A (sky130_fd_sc_hd__dlygate4sd3_1)
     1    0.002609    0.104676    1.578187   11.038207 v hold132/X (sky130_fd_sc_hd__dlygate4sd3_1)
                                                         net230 (net)
                      0.104676    0.000030   11.038238 v hold67/A (sky130_fd_sc_hd__dlygate4sd3_1)
     1    0.002860    0.110626    1.197798   12.236035 v hold67/X (sky130_fd_sc_hd__dlygate4sd3_1)
                                                         net165 (net)
                      0.110626    0.000028   12.236063 v input10/A (sky130_fd_sc_hd__buf_4)
     1    0.048372    0.130518    0.365341   12.601404 v input10/X (sky130_fd_sc_hd__buf_4)
                                                         net10 (net)
                      0.130532    0.001600   12.603004 v hold68/A (sky130_fd_sc_hd__dlygate4sd3_1)
     1    0.042195    0.428773    1.576261   14.179265 v hold68/X (sky130_fd_sc_hd__dlygate4sd3_1)
                                                         net166 (net)
                      0.428801    0.004058   14.183323 v i_sram/AD[6] (CF_SRAM_1024x32)
                                             14.183323   data arrival time

                                 25.000000   25.000000   clock clk (rise edge)
                                  4.650000   29.650000   clock source latency
     1    0.049821    0.610000    0.000000   29.650000 ^ wb_clk_i (in)
                                                         wb_clk_i (net)
                      0.623578    0.006450   29.656448 ^ clkbuf_0_wb_clk_i/A (sky130_fd_sc_hd__clkbuf_16)
     2    0.059277    0.125510    0.479190   30.135639 ^ clkbuf_0_wb_clk_i/X (sky130_fd_sc_hd__clkbuf_16)
                                                         clknet_0_wb_clk_i (net)
                      0.125549    0.000892   30.136530 ^ clkbuf_1_1__f_wb_clk_i/A (sky130_fd_sc_hd__clkbuf_16)
     1    0.133983    0.225598    0.352799   30.489328 ^ clkbuf_1_1__f_wb_clk_i/X (sky130_fd_sc_hd__clkbuf_16)
                                                         clknet_1_1__leaf_wb_clk_i (net)
                      0.226422    0.010552   30.499882 ^ i_sram/CLKin (CF_SRAM_1024x32)
                                 -0.100000   30.399883   clock uncertainty
                                  0.000000   30.399883   clock reconvergence pessimism
                                 -0.498011   29.901871   library setup time
                                             29.901871   data required time
---------------------------------------------------------------------------------------------
                                             29.901871   data required time
                                            -14.183323   data arrival time
---------------------------------------------------------------------------------------------
                                             15.718547   slack (MET)


Startpoint: wbs_adr_i[7] (input port clocked by clk)
Endpoint: i_sram (rising edge-triggered flip-flop clocked by clk)
Path Group: clk
Path Type: max

Fanout         Cap        Slew       Delay        Time   Description
---------------------------------------------------------------------------------------------
                                  0.000000    0.000000   clock clk (rise edge)
                                  5.570000    5.570000   clock network delay (propagated)
                                  3.890000    9.460000 v input external delay
     1    0.002727    0.920000    0.000000    9.460000 v wbs_adr_i[7] (in)
                                                         wbs_adr_i[7] (net)
                      0.920036    0.000020    9.460020 v hold133/A (sky130_fd_sc_hd__dlygate4sd3_1)
     1    0.001856    0.100023    1.564899   11.024920 v hold133/X (sky130_fd_sc_hd__dlygate4sd3_1)
                                                         net231 (net)
                      0.100023    0.000017   11.024936 v hold69/A (sky130_fd_sc_hd__dlygate4sd3_1)
     1    0.002704    0.108812    1.192639   12.217575 v hold69/X (sky130_fd_sc_hd__dlygate4sd3_1)
                                                         net167 (net)
                      0.108812    0.000025   12.217600 v input9/A (sky130_fd_sc_hd__buf_4)
     1    0.049552    0.132977    0.366284   12.583883 v input9/X (sky130_fd_sc_hd__buf_4)
                                                         net9 (net)
                      0.132999    0.001859   12.585743 v hold70/A (sky130_fd_sc_hd__dlygate4sd3_1)
     1    0.040596    0.415541    1.566769   14.152512 v hold70/X (sky130_fd_sc_hd__dlygate4sd3_1)
                                                         net168 (net)
                      0.415566    0.003848   14.156360 v i_sram/AD[5] (CF_SRAM_1024x32)
                                             14.156360   data arrival time

                                 25.000000   25.000000   clock clk (rise edge)
                                  4.650000   29.650000   clock source latency
     1    0.049821    0.610000    0.000000   29.650000 ^ wb_clk_i (in)
                                                         wb_clk_i (net)
                      0.623578    0.006450   29.656448 ^ clkbuf_0_wb_clk_i/A (sky130_fd_sc_hd__clkbuf_16)
     2    0.059277    0.125510    0.479190   30.135639 ^ clkbuf_0_wb_clk_i/X (sky130_fd_sc_hd__clkbuf_16)
                                                         clknet_0_wb_clk_i (net)
                      0.125549    0.000892   30.136530 ^ clkbuf_1_1__f_wb_clk_i/A (sky130_fd_sc_hd__clkbuf_16)
     1    0.133983    0.225598    0.352799   30.489328 ^ clkbuf_1_1__f_wb_clk_i/X (sky130_fd_sc_hd__clkbuf_16)
                                                         clknet_1_1__leaf_wb_clk_i (net)
                      0.226422    0.010552   30.499882 ^ i_sram/CLKin (CF_SRAM_1024x32)
                                 -0.100000   30.399883   clock uncertainty
                                  0.000000   30.399883   clock reconvergence pessimism
                                 -0.494270   29.905611   library setup time
                                             29.905611   data required time
---------------------------------------------------------------------------------------------
                                             29.905611   data required time
                                            -14.156360   data arrival time
---------------------------------------------------------------------------------------------
                                             15.749251   slack (MET)


Startpoint: wbs_adr_i[9] (input port clocked by clk)
Endpoint: i_sram (rising edge-triggered flip-flop clocked by clk)
Path Group: clk
Path Type: max

Fanout         Cap        Slew       Delay        Time   Description
---------------------------------------------------------------------------------------------
                                  0.000000    0.000000   clock clk (rise edge)
                                  5.570000    5.570000   clock network delay (propagated)
                                  3.890000    9.460000 v input external delay
     1    0.003301    0.920000    0.000000    9.460000 v wbs_adr_i[9] (in)
                                                         wbs_adr_i[9] (net)
                      0.920052    0.000028    9.460028 v hold131/A (sky130_fd_sc_hd__dlygate4sd3_1)
     1    0.001698    0.098302    1.562105   11.022133 v hold131/X (sky130_fd_sc_hd__dlygate4sd3_1)
                                                         net229 (net)
                      0.098302    0.000014   11.022147 v hold61/A (sky130_fd_sc_hd__dlygate4sd3_1)
     1    0.002694    0.108696    1.191591   12.213737 v hold61/X (sky130_fd_sc_hd__dlygate4sd3_1)
                                                         net159 (net)
                      0.108696    0.000025   12.213763 v input11/A (sky130_fd_sc_hd__buf_4)
     1    0.041493    0.117574    0.350286   12.564049 v input11/X (sky130_fd_sc_hd__buf_4)
                                                         net11 (net)
                      0.117886    0.005531   12.569579 v hold62/A (sky130_fd_sc_hd__dlygate4sd3_1)
     1    0.042960    0.435084    1.575102   14.144681 v hold62/X (sky130_fd_sc_hd__dlygate4sd3_1)
                                                         net160 (net)
                      0.435112    0.004083   14.148765 v i_sram/AD[7] (CF_SRAM_1024x32)
                                             14.148765   data arrival time

                                 25.000000   25.000000   clock clk (rise edge)
                                  4.650000   29.650000   clock source latency
     1    0.049821    0.610000    0.000000   29.650000 ^ wb_clk_i (in)
                                                         wb_clk_i (net)
                      0.623578    0.006450   29.656448 ^ clkbuf_0_wb_clk_i/A (sky130_fd_sc_hd__clkbuf_16)
     2    0.059277    0.125510    0.479190   30.135639 ^ clkbuf_0_wb_clk_i/X (sky130_fd_sc_hd__clkbuf_16)
                                                         clknet_0_wb_clk_i (net)
                      0.125549    0.000892   30.136530 ^ clkbuf_1_1__f_wb_clk_i/A (sky130_fd_sc_hd__clkbuf_16)
     1    0.133983    0.225598    0.352799   30.489328 ^ clkbuf_1_1__f_wb_clk_i/X (sky130_fd_sc_hd__clkbuf_16)
                                                         clknet_1_1__leaf_wb_clk_i (net)
                      0.226422    0.010552   30.499882 ^ i_sram/CLKin (CF_SRAM_1024x32)
                                 -0.100000   30.399883   clock uncertainty
                                  0.000000   30.399883   clock reconvergence pessimism
                                 -0.499794   29.900087   library setup time
                                             29.900087   data required time
---------------------------------------------------------------------------------------------
                                             29.900087   data required time
                                            -14.148765   data arrival time
---------------------------------------------------------------------------------------------
                                             15.751323   slack (MET)


Startpoint: wbs_adr_i[11] (input port clocked by clk)
Endpoint: i_sram (rising edge-triggered flip-flop clocked by clk)
Path Group: clk
Path Type: max

Fanout         Cap        Slew       Delay        Time   Description
---------------------------------------------------------------------------------------------
                                  0.000000    0.000000   clock clk (rise edge)
                                  5.570000    5.570000   clock network delay (propagated)
                                  3.890000    9.460000 v input external delay
     1    0.002957    0.920000    0.000000    9.460000 v wbs_adr_i[11] (in)
                                                         wbs_adr_i[11] (net)
                      0.920041    0.000021    9.460021 v hold129/A (sky130_fd_sc_hd__dlygate4sd3_1)
     1    0.001601    0.097252    1.560394   11.020415 v hold129/X (sky130_fd_sc_hd__dlygate4sd3_1)
                                                         net227 (net)
                      0.097252    0.000006   11.020421 v hold41/A (sky130_fd_sc_hd__dlygate4sd3_1)
     1    0.002708    0.108853    1.191308   12.211729 v hold41/X (sky130_fd_sc_hd__dlygate4sd3_1)
                                                         net139 (net)
                      0.108853    0.000025   12.211754 v input3/A (sky130_fd_sc_hd__buf_4)
     1    0.039982    0.114155    0.349228   12.560982 v input3/X (sky130_fd_sc_hd__buf_4)
                                                         net3 (net)
                      0.114170    0.001434   12.562415 v hold42/A (sky130_fd_sc_hd__dlygate4sd3_1)
     1    0.042434    0.430658    1.569915   14.132330 v hold42/X (sky130_fd_sc_hd__dlygate4sd3_1)
                                                         net140 (net)
                      0.430679    0.003665   14.135995 v i_sram/AD[9] (CF_SRAM_1024x32)
                                             14.135995   data arrival time

                                 25.000000   25.000000   clock clk (rise edge)
                                  4.650000   29.650000   clock source latency
     1    0.049821    0.610000    0.000000   29.650000 ^ wb_clk_i (in)
                                                         wb_clk_i (net)
                      0.623578    0.006450   29.656448 ^ clkbuf_0_wb_clk_i/A (sky130_fd_sc_hd__clkbuf_16)
     2    0.059277    0.125510    0.479190   30.135639 ^ clkbuf_0_wb_clk_i/X (sky130_fd_sc_hd__clkbuf_16)
                                                         clknet_0_wb_clk_i (net)
                      0.125549    0.000892   30.136530 ^ clkbuf_1_1__f_wb_clk_i/A (sky130_fd_sc_hd__clkbuf_16)
     1    0.133983    0.225598    0.352799   30.489328 ^ clkbuf_1_1__f_wb_clk_i/X (sky130_fd_sc_hd__clkbuf_16)
                                                         clknet_1_1__leaf_wb_clk_i (net)
                      0.226422    0.010552   30.499882 ^ i_sram/CLKin (CF_SRAM_1024x32)
                                 -0.100000   30.399883   clock uncertainty
                                  0.000000   30.399883   clock reconvergence pessimism
                                 -0.498542   29.901340   library setup time
                                             29.901340   data required time
---------------------------------------------------------------------------------------------
                                             29.901340   data required time
                                            -14.135995   data arrival time
---------------------------------------------------------------------------------------------
                                             15.765345   slack (MET)


Startpoint: wbs_sel_i[3] (input port clocked by clk)
Endpoint: i_sram (rising edge-triggered flip-flop clocked by clk)
Path Group: clk
Path Type: max

Fanout         Cap        Slew       Delay        Time   Description
---------------------------------------------------------------------------------------------
                                  0.000000    0.000000   clock clk (rise edge)
                                  5.570000    5.570000   clock network delay (propagated)
                                  3.170000    8.740000 v input external delay
     1    0.006693    0.180000    0.000000    8.740000 v wbs_sel_i[3] (in)
                                                         wbs_sel_i[3] (net)
                      0.180213    0.000112    8.740112 v hold96/A (sky130_fd_sc_hd__dlygate4sd3_1)
     1    0.004482    0.126267    1.264791   10.004903 v hold96/X (sky130_fd_sc_hd__dlygate4sd3_1)
                                                         net194 (net)
                      0.126267    0.000081   10.004984 v hold94/A (sky130_fd_sc_hd__dlygate4sd3_1)
     1    0.010953    0.185393    1.314507   11.319490 v hold94/X (sky130_fd_sc_hd__dlygate4sd3_1)
                                                         net192 (net)
                      0.185393    0.000214   11.319705 v input48/A (sky130_fd_sc_hd__buf_12)
     1    0.069309    0.083607    0.337744   11.657449 v input48/X (sky130_fd_sc_hd__buf_12)
                                                         net48 (net)
                      0.083681    0.002399   11.659847 v hold95/A (sky130_fd_sc_hd__buf_12)
     8    0.191314    0.181866    0.343013   12.002860 v hold95/X (sky130_fd_sc_hd__buf_12)
                                                         net193 (net)
                      0.191456    0.034181   12.037041 v i_sram/BEN[31] (CF_SRAM_1024x32)
                                             12.037041   data arrival time

                                 25.000000   25.000000   clock clk (rise edge)
                                  4.650000   29.650000   clock source latency
     1    0.049821    0.610000    0.000000   29.650000 ^ wb_clk_i (in)
                                                         wb_clk_i (net)
                      0.623578    0.006450   29.656448 ^ clkbuf_0_wb_clk_i/A (sky130_fd_sc_hd__clkbuf_16)
     2    0.059277    0.125510    0.479190   30.135639 ^ clkbuf_0_wb_clk_i/X (sky130_fd_sc_hd__clkbuf_16)
                                                         clknet_0_wb_clk_i (net)
                      0.125549    0.000892   30.136530 ^ clkbuf_1_1__f_wb_clk_i/A (sky130_fd_sc_hd__clkbuf_16)
     1    0.133983    0.225598    0.352799   30.489328 ^ clkbuf_1_1__f_wb_clk_i/X (sky130_fd_sc_hd__clkbuf_16)
                                                         clknet_1_1__leaf_wb_clk_i (net)
                      0.226422    0.010552   30.499882 ^ i_sram/CLKin (CF_SRAM_1024x32)
                                 -0.100000   30.399883   clock uncertainty
                                  0.000000   30.399883   clock reconvergence pessimism
                                 -0.611519   29.788364   library setup time
                                             29.788364   data required time
---------------------------------------------------------------------------------------------
                                             29.788364   data required time
                                            -12.037041   data arrival time
---------------------------------------------------------------------------------------------
                                             17.751322   slack (MET)


Startpoint: wbs_sel_i[3] (input port clocked by clk)
Endpoint: i_sram (rising edge-triggered flip-flop clocked by clk)
Path Group: clk
Path Type: max

Fanout         Cap        Slew       Delay        Time   Description
---------------------------------------------------------------------------------------------
                                  0.000000    0.000000   clock clk (rise edge)
                                  5.570000    5.570000   clock network delay (propagated)
                                  3.170000    8.740000 v input external delay
     1    0.006693    0.180000    0.000000    8.740000 v wbs_sel_i[3] (in)
                                                         wbs_sel_i[3] (net)
                      0.180213    0.000112    8.740112 v hold96/A (sky130_fd_sc_hd__dlygate4sd3_1)
     1    0.004482    0.126267    1.264791   10.004903 v hold96/X (sky130_fd_sc_hd__dlygate4sd3_1)
                                                         net194 (net)
                      0.126267    0.000081   10.004984 v hold94/A (sky130_fd_sc_hd__dlygate4sd3_1)
     1    0.010953    0.185393    1.314507   11.319490 v hold94/X (sky130_fd_sc_hd__dlygate4sd3_1)
                                                         net192 (net)
                      0.185393    0.000214   11.319705 v input48/A (sky130_fd_sc_hd__buf_12)
     1    0.069309    0.083607    0.337744   11.657449 v input48/X (sky130_fd_sc_hd__buf_12)
                                                         net48 (net)
                      0.083681    0.002399   11.659847 v hold95/A (sky130_fd_sc_hd__buf_12)
     8    0.191314    0.181866    0.343013   12.002860 v hold95/X (sky130_fd_sc_hd__buf_12)
                                                         net193 (net)
                      0.191390    0.034070   12.036930 v i_sram/BEN[30] (CF_SRAM_1024x32)
                                             12.036930   data arrival time

                                 25.000000   25.000000   clock clk (rise edge)
                                  4.650000   29.650000   clock source latency
     1    0.049821    0.610000    0.000000   29.650000 ^ wb_clk_i (in)
                                                         wb_clk_i (net)
                      0.623578    0.006450   29.656448 ^ clkbuf_0_wb_clk_i/A (sky130_fd_sc_hd__clkbuf_16)
     2    0.059277    0.125510    0.479190   30.135639 ^ clkbuf_0_wb_clk_i/X (sky130_fd_sc_hd__clkbuf_16)
                                                         clknet_0_wb_clk_i (net)
                      0.125549    0.000892   30.136530 ^ clkbuf_1_1__f_wb_clk_i/A (sky130_fd_sc_hd__clkbuf_16)
     1    0.133983    0.225598    0.352799   30.489328 ^ clkbuf_1_1__f_wb_clk_i/X (sky130_fd_sc_hd__clkbuf_16)
                                                         clknet_1_1__leaf_wb_clk_i (net)
                      0.226422    0.010552   30.499882 ^ i_sram/CLKin (CF_SRAM_1024x32)
                                 -0.100000   30.399883   clock uncertainty
                                  0.000000   30.399883   clock reconvergence pessimism
                                 -0.611494   29.788389   library setup time
                                             29.788389   data required time
---------------------------------------------------------------------------------------------
                                             29.788389   data required time
                                            -12.036930   data arrival time
---------------------------------------------------------------------------------------------
                                             17.751459   slack (MET)


Startpoint: wbs_sel_i[3] (input port clocked by clk)
Endpoint: i_sram (rising edge-triggered flip-flop clocked by clk)
Path Group: clk
Path Type: max

Fanout         Cap        Slew       Delay        Time   Description
---------------------------------------------------------------------------------------------
                                  0.000000    0.000000   clock clk (rise edge)
                                  5.570000    5.570000   clock network delay (propagated)
                                  3.170000    8.740000 v input external delay
     1    0.006693    0.180000    0.000000    8.740000 v wbs_sel_i[3] (in)
                                                         wbs_sel_i[3] (net)
                      0.180213    0.000112    8.740112 v hold96/A (sky130_fd_sc_hd__dlygate4sd3_1)
     1    0.004482    0.126267    1.264791   10.004903 v hold96/X (sky130_fd_sc_hd__dlygate4sd3_1)
                                                         net194 (net)
                      0.126267    0.000081   10.004984 v hold94/A (sky130_fd_sc_hd__dlygate4sd3_1)
     1    0.010953    0.185393    1.314507   11.319490 v hold94/X (sky130_fd_sc_hd__dlygate4sd3_1)
                                                         net192 (net)
                      0.185393    0.000214   11.319705 v input48/A (sky130_fd_sc_hd__buf_12)
     1    0.069309    0.083607    0.337744   11.657449 v input48/X (sky130_fd_sc_hd__buf_12)
                                                         net48 (net)
                      0.083681    0.002399   11.659847 v hold95/A (sky130_fd_sc_hd__buf_12)
     8    0.191314    0.181866    0.343013   12.002860 v hold95/X (sky130_fd_sc_hd__buf_12)
                                                         net193 (net)
                      0.191173    0.033701   12.036561 v i_sram/BEN[29] (CF_SRAM_1024x32)
                                             12.036561   data arrival time

                                 25.000000   25.000000   clock clk (rise edge)
                                  4.650000   29.650000   clock source latency
     1    0.049821    0.610000    0.000000   29.650000 ^ wb_clk_i (in)
                                                         wb_clk_i (net)
                      0.623578    0.006450   29.656448 ^ clkbuf_0_wb_clk_i/A (sky130_fd_sc_hd__clkbuf_16)
     2    0.059277    0.125510    0.479190   30.135639 ^ clkbuf_0_wb_clk_i/X (sky130_fd_sc_hd__clkbuf_16)
                                                         clknet_0_wb_clk_i (net)
                      0.125549    0.000892   30.136530 ^ clkbuf_1_1__f_wb_clk_i/A (sky130_fd_sc_hd__clkbuf_16)
     1    0.133983    0.225598    0.352799   30.489328 ^ clkbuf_1_1__f_wb_clk_i/X (sky130_fd_sc_hd__clkbuf_16)
                                                         clknet_1_1__leaf_wb_clk_i (net)
                      0.226422    0.010552   30.499882 ^ i_sram/CLKin (CF_SRAM_1024x32)
                                 -0.100000   30.399883   clock uncertainty
                                  0.000000   30.399883   clock reconvergence pessimism
                                 -0.611411   29.788471   library setup time
                                             29.788471   data required time
---------------------------------------------------------------------------------------------
                                             29.788471   data required time
                                            -12.036561   data arrival time
---------------------------------------------------------------------------------------------
                                             17.751909   slack (MET)


Startpoint: wbs_sel_i[3] (input port clocked by clk)
Endpoint: i_sram (rising edge-triggered flip-flop clocked by clk)
Path Group: clk
Path Type: max

Fanout         Cap        Slew       Delay        Time   Description
---------------------------------------------------------------------------------------------
                                  0.000000    0.000000   clock clk (rise edge)
                                  5.570000    5.570000   clock network delay (propagated)
                                  3.170000    8.740000 v input external delay
     1    0.006693    0.180000    0.000000    8.740000 v wbs_sel_i[3] (in)
                                                         wbs_sel_i[3] (net)
                      0.180213    0.000112    8.740112 v hold96/A (sky130_fd_sc_hd__dlygate4sd3_1)
     1    0.004482    0.126267    1.264791   10.004903 v hold96/X (sky130_fd_sc_hd__dlygate4sd3_1)
                                                         net194 (net)
                      0.126267    0.000081   10.004984 v hold94/A (sky130_fd_sc_hd__dlygate4sd3_1)
     1    0.010953    0.185393    1.314507   11.319490 v hold94/X (sky130_fd_sc_hd__dlygate4sd3_1)
                                                         net192 (net)
                      0.185393    0.000214   11.319705 v input48/A (sky130_fd_sc_hd__buf_12)
     1    0.069309    0.083607    0.337744   11.657449 v input48/X (sky130_fd_sc_hd__buf_12)
                                                         net48 (net)
                      0.083681    0.002399   11.659847 v hold95/A (sky130_fd_sc_hd__buf_12)
     8    0.191314    0.181866    0.343013   12.002860 v hold95/X (sky130_fd_sc_hd__buf_12)
                                                         net193 (net)
                      0.190737    0.032947   12.035808 v i_sram/BEN[28] (CF_SRAM_1024x32)
                                             12.035808   data arrival time

                                 25.000000   25.000000   clock clk (rise edge)
                                  4.650000   29.650000   clock source latency
     1    0.049821    0.610000    0.000000   29.650000 ^ wb_clk_i (in)
                                                         wb_clk_i (net)
                      0.623578    0.006450   29.656448 ^ clkbuf_0_wb_clk_i/A (sky130_fd_sc_hd__clkbuf_16)
     2    0.059277    0.125510    0.479190   30.135639 ^ clkbuf_0_wb_clk_i/X (sky130_fd_sc_hd__clkbuf_16)
                                                         clknet_0_wb_clk_i (net)
                      0.125549    0.000892   30.136530 ^ clkbuf_1_1__f_wb_clk_i/A (sky130_fd_sc_hd__clkbuf_16)
     1    0.133983    0.225598    0.352799   30.489328 ^ clkbuf_1_1__f_wb_clk_i/X (sky130_fd_sc_hd__clkbuf_16)
                                                         clknet_1_1__leaf_wb_clk_i (net)
                      0.226422    0.010552   30.499882 ^ i_sram/CLKin (CF_SRAM_1024x32)
                                 -0.100000   30.399883   clock uncertainty
                                  0.000000   30.399883   clock reconvergence pessimism
                                 -0.611246   29.788637   library setup time
                                             29.788637   data required time
---------------------------------------------------------------------------------------------
                                             29.788637   data required time
                                            -12.035808   data arrival time
---------------------------------------------------------------------------------------------
                                             17.752829   slack (MET)


Startpoint: wbs_sel_i[3] (input port clocked by clk)
Endpoint: i_sram (rising edge-triggered flip-flop clocked by clk)
Path Group: clk
Path Type: max

Fanout         Cap        Slew       Delay        Time   Description
---------------------------------------------------------------------------------------------
                                  0.000000    0.000000   clock clk (rise edge)
                                  5.570000    5.570000   clock network delay (propagated)
                                  3.170000    8.740000 v input external delay
     1    0.006693    0.180000    0.000000    8.740000 v wbs_sel_i[3] (in)
                                                         wbs_sel_i[3] (net)
                      0.180213    0.000112    8.740112 v hold96/A (sky130_fd_sc_hd__dlygate4sd3_1)
     1    0.004482    0.126267    1.264791   10.004903 v hold96/X (sky130_fd_sc_hd__dlygate4sd3_1)
                                                         net194 (net)
                      0.126267    0.000081   10.004984 v hold94/A (sky130_fd_sc_hd__dlygate4sd3_1)
     1    0.010953    0.185393    1.314507   11.319490 v hold94/X (sky130_fd_sc_hd__dlygate4sd3_1)
                                                         net192 (net)
                      0.185393    0.000214   11.319705 v input48/A (sky130_fd_sc_hd__buf_12)
     1    0.069309    0.083607    0.337744   11.657449 v input48/X (sky130_fd_sc_hd__buf_12)
                                                         net48 (net)
                      0.083681    0.002399   11.659847 v hold95/A (sky130_fd_sc_hd__buf_12)
     8    0.191314    0.181866    0.343013   12.002860 v hold95/X (sky130_fd_sc_hd__buf_12)
                                                         net193 (net)
                      0.190077    0.031774   12.034634 v i_sram/BEN[27] (CF_SRAM_1024x32)
                                             12.034634   data arrival time

                                 25.000000   25.000000   clock clk (rise edge)
                                  4.650000   29.650000   clock source latency
     1    0.049821    0.610000    0.000000   29.650000 ^ wb_clk_i (in)
                                                         wb_clk_i (net)
                      0.623578    0.006450   29.656448 ^ clkbuf_0_wb_clk_i/A (sky130_fd_sc_hd__clkbuf_16)
     2    0.059277    0.125510    0.479190   30.135639 ^ clkbuf_0_wb_clk_i/X (sky130_fd_sc_hd__clkbuf_16)
                                                         clknet_0_wb_clk_i (net)
                      0.125549    0.000892   30.136530 ^ clkbuf_1_1__f_wb_clk_i/A (sky130_fd_sc_hd__clkbuf_16)
     1    0.133983    0.225598    0.352799   30.489328 ^ clkbuf_1_1__f_wb_clk_i/X (sky130_fd_sc_hd__clkbuf_16)
                                                         clknet_1_1__leaf_wb_clk_i (net)
                      0.226422    0.010552   30.499882 ^ i_sram/CLKin (CF_SRAM_1024x32)
                                 -0.100000   30.399883   clock uncertainty
                                  0.000000   30.399883   clock reconvergence pessimism
                                 -0.610996   29.788887   library setup time
                                             29.788887   data required time
---------------------------------------------------------------------------------------------
                                             29.788887   data required time
                                            -12.034634   data arrival time
---------------------------------------------------------------------------------------------
                                             17.754253   slack (MET)


Startpoint: wbs_sel_i[3] (input port clocked by clk)
Endpoint: i_sram (rising edge-triggered flip-flop clocked by clk)
Path Group: clk
Path Type: max

Fanout         Cap        Slew       Delay        Time   Description
---------------------------------------------------------------------------------------------
                                  0.000000    0.000000   clock clk (rise edge)
                                  5.570000    5.570000   clock network delay (propagated)
                                  3.170000    8.740000 v input external delay
     1    0.006693    0.180000    0.000000    8.740000 v wbs_sel_i[3] (in)
                                                         wbs_sel_i[3] (net)
                      0.180213    0.000112    8.740112 v hold96/A (sky130_fd_sc_hd__dlygate4sd3_1)
     1    0.004482    0.126267    1.264791   10.004903 v hold96/X (sky130_fd_sc_hd__dlygate4sd3_1)
                                                         net194 (net)
                      0.126267    0.000081   10.004984 v hold94/A (sky130_fd_sc_hd__dlygate4sd3_1)
     1    0.010953    0.185393    1.314507   11.319490 v hold94/X (sky130_fd_sc_hd__dlygate4sd3_1)
                                                         net192 (net)
                      0.185393    0.000214   11.319705 v input48/A (sky130_fd_sc_hd__buf_12)
     1    0.069309    0.083607    0.337744   11.657449 v input48/X (sky130_fd_sc_hd__buf_12)
                                                         net48 (net)
                      0.083681    0.002399   11.659847 v hold95/A (sky130_fd_sc_hd__buf_12)
     8    0.191314    0.181866    0.343013   12.002860 v hold95/X (sky130_fd_sc_hd__buf_12)
                                                         net193 (net)
                      0.189478    0.030671   12.033531 v i_sram/BEN[26] (CF_SRAM_1024x32)
                                             12.033531   data arrival time

                                 25.000000   25.000000   clock clk (rise edge)
                                  4.650000   29.650000   clock source latency
     1    0.049821    0.610000    0.000000   29.650000 ^ wb_clk_i (in)
                                                         wb_clk_i (net)
                      0.623578    0.006450   29.656448 ^ clkbuf_0_wb_clk_i/A (sky130_fd_sc_hd__clkbuf_16)
     2    0.059277    0.125510    0.479190   30.135639 ^ clkbuf_0_wb_clk_i/X (sky130_fd_sc_hd__clkbuf_16)
                                                         clknet_0_wb_clk_i (net)
                      0.125549    0.000892   30.136530 ^ clkbuf_1_1__f_wb_clk_i/A (sky130_fd_sc_hd__clkbuf_16)
     1    0.133983    0.225598    0.352799   30.489328 ^ clkbuf_1_1__f_wb_clk_i/X (sky130_fd_sc_hd__clkbuf_16)
                                                         clknet_1_1__leaf_wb_clk_i (net)
                      0.226422    0.010552   30.499882 ^ i_sram/CLKin (CF_SRAM_1024x32)
                                 -0.100000   30.399883   clock uncertainty
                                  0.000000   30.399883   clock reconvergence pessimism
                                 -0.610769   29.789114   library setup time
                                             29.789114   data required time
---------------------------------------------------------------------------------------------
                                             29.789114   data required time
                                            -12.033531   data arrival time
---------------------------------------------------------------------------------------------
                                             17.755583   slack (MET)


Startpoint: wbs_sel_i[3] (input port clocked by clk)
Endpoint: i_sram (rising edge-triggered flip-flop clocked by clk)
Path Group: clk
Path Type: max

Fanout         Cap        Slew       Delay        Time   Description
---------------------------------------------------------------------------------------------
                                  0.000000    0.000000   clock clk (rise edge)
                                  5.570000    5.570000   clock network delay (propagated)
                                  3.170000    8.740000 v input external delay
     1    0.006693    0.180000    0.000000    8.740000 v wbs_sel_i[3] (in)
                                                         wbs_sel_i[3] (net)
                      0.180213    0.000112    8.740112 v hold96/A (sky130_fd_sc_hd__dlygate4sd3_1)
     1    0.004482    0.126267    1.264791   10.004903 v hold96/X (sky130_fd_sc_hd__dlygate4sd3_1)
                                                         net194 (net)
                      0.126267    0.000081   10.004984 v hold94/A (sky130_fd_sc_hd__dlygate4sd3_1)
     1    0.010953    0.185393    1.314507   11.319490 v hold94/X (sky130_fd_sc_hd__dlygate4sd3_1)
                                                         net192 (net)
                      0.185393    0.000214   11.319705 v input48/A (sky130_fd_sc_hd__buf_12)
     1    0.069309    0.083607    0.337744   11.657449 v input48/X (sky130_fd_sc_hd__buf_12)
                                                         net48 (net)
                      0.083681    0.002399   11.659847 v hold95/A (sky130_fd_sc_hd__buf_12)
     8    0.191314    0.181866    0.343013   12.002860 v hold95/X (sky130_fd_sc_hd__buf_12)
                                                         net193 (net)
                      0.188773    0.029316   12.032176 v i_sram/BEN[25] (CF_SRAM_1024x32)
                                             12.032176   data arrival time

                                 25.000000   25.000000   clock clk (rise edge)
                                  4.650000   29.650000   clock source latency
     1    0.049821    0.610000    0.000000   29.650000 ^ wb_clk_i (in)
                                                         wb_clk_i (net)
                      0.623578    0.006450   29.656448 ^ clkbuf_0_wb_clk_i/A (sky130_fd_sc_hd__clkbuf_16)
     2    0.059277    0.125510    0.479190   30.135639 ^ clkbuf_0_wb_clk_i/X (sky130_fd_sc_hd__clkbuf_16)
                                                         clknet_0_wb_clk_i (net)
                      0.125549    0.000892   30.136530 ^ clkbuf_1_1__f_wb_clk_i/A (sky130_fd_sc_hd__clkbuf_16)
     1    0.133983    0.225598    0.352799   30.489328 ^ clkbuf_1_1__f_wb_clk_i/X (sky130_fd_sc_hd__clkbuf_16)
                                                         clknet_1_1__leaf_wb_clk_i (net)
                      0.226422    0.010552   30.499882 ^ i_sram/CLKin (CF_SRAM_1024x32)
                                 -0.100000   30.399883   clock uncertainty
                                  0.000000   30.399883   clock reconvergence pessimism
                                 -0.610502   29.789381   library setup time
                                             29.789381   data required time
---------------------------------------------------------------------------------------------
                                             29.789381   data required time
                                            -12.032176   data arrival time
---------------------------------------------------------------------------------------------
                                             17.757204   slack (MET)


Startpoint: wbs_sel_i[3] (input port clocked by clk)
Endpoint: i_sram (rising edge-triggered flip-flop clocked by clk)
Path Group: clk
Path Type: max

Fanout         Cap        Slew       Delay        Time   Description
---------------------------------------------------------------------------------------------
                                  0.000000    0.000000   clock clk (rise edge)
                                  5.570000    5.570000   clock network delay (propagated)
                                  3.170000    8.740000 v input external delay
     1    0.006693    0.180000    0.000000    8.740000 v wbs_sel_i[3] (in)
                                                         wbs_sel_i[3] (net)
                      0.180213    0.000112    8.740112 v hold96/A (sky130_fd_sc_hd__dlygate4sd3_1)
     1    0.004482    0.126267    1.264791   10.004903 v hold96/X (sky130_fd_sc_hd__dlygate4sd3_1)
                                                         net194 (net)
                      0.126267    0.000081   10.004984 v hold94/A (sky130_fd_sc_hd__dlygate4sd3_1)
     1    0.010953    0.185393    1.314507   11.319490 v hold94/X (sky130_fd_sc_hd__dlygate4sd3_1)
                                                         net192 (net)
                      0.185393    0.000214   11.319705 v input48/A (sky130_fd_sc_hd__buf_12)
     1    0.069309    0.083607    0.337744   11.657449 v input48/X (sky130_fd_sc_hd__buf_12)
                                                         net48 (net)
                      0.083681    0.002399   11.659847 v hold95/A (sky130_fd_sc_hd__buf_12)
     8    0.191314    0.181866    0.343013   12.002860 v hold95/X (sky130_fd_sc_hd__buf_12)
                                                         net193 (net)
                      0.187848    0.027435   12.030295 v i_sram/BEN[24] (CF_SRAM_1024x32)
                                             12.030295   data arrival time

                                 25.000000   25.000000   clock clk (rise edge)
                                  4.650000   29.650000   clock source latency
     1    0.049821    0.610000    0.000000   29.650000 ^ wb_clk_i (in)
                                                         wb_clk_i (net)
                      0.623578    0.006450   29.656448 ^ clkbuf_0_wb_clk_i/A (sky130_fd_sc_hd__clkbuf_16)
     2    0.059277    0.125510    0.479190   30.135639 ^ clkbuf_0_wb_clk_i/X (sky130_fd_sc_hd__clkbuf_16)
                                                         clknet_0_wb_clk_i (net)
                      0.125549    0.000892   30.136530 ^ clkbuf_1_1__f_wb_clk_i/A (sky130_fd_sc_hd__clkbuf_16)
     1    0.133983    0.225598    0.352799   30.489328 ^ clkbuf_1_1__f_wb_clk_i/X (sky130_fd_sc_hd__clkbuf_16)
                                                         clknet_1_1__leaf_wb_clk_i (net)
                      0.226422    0.010552   30.499882 ^ i_sram/CLKin (CF_SRAM_1024x32)
                                 -0.100000   30.399883   clock uncertainty
                                  0.000000   30.399883   clock reconvergence pessimism
                                 -0.610151   29.789730   library setup time
                                             29.789730   data required time
---------------------------------------------------------------------------------------------
                                             29.789730   data required time
                                            -12.030295   data arrival time
---------------------------------------------------------------------------------------------
                                             17.759436   slack (MET)


Startpoint: wbs_sel_i[2] (input port clocked by clk)
Endpoint: i_sram (rising edge-triggered flip-flop clocked by clk)
Path Group: clk
Path Type: max

Fanout         Cap        Slew       Delay        Time   Description
---------------------------------------------------------------------------------------------
                                  0.000000    0.000000   clock clk (rise edge)
                                  5.570000    5.570000   clock network delay (propagated)
                                  3.170000    8.740000 v input external delay
     1    0.005125    0.180000    0.000000    8.740000 v wbs_sel_i[2] (in)
                                                         wbs_sel_i[2] (net)
                      0.180137    0.000072    8.740072 v hold93/A (sky130_fd_sc_hd__dlygate4sd3_1)
     1    0.003678    0.115143    1.250925    9.990996 v hold93/X (sky130_fd_sc_hd__dlygate4sd3_1)
                                                         net191 (net)
                      0.115143    0.000068    9.991064 v hold91/A (sky130_fd_sc_hd__dlygate4sd3_1)
     1    0.011265    0.188618    1.312573   11.303638 v hold91/X (sky130_fd_sc_hd__dlygate4sd3_1)
                                                         net189 (net)
                      0.188618    0.000211   11.303849 v input47/A (sky130_fd_sc_hd__buf_12)
     1    0.058137    0.075940    0.329866   11.633715 v input47/X (sky130_fd_sc_hd__buf_12)
                                                         net47 (net)
                      0.077628    0.009173   11.642888 v hold92/A (sky130_fd_sc_hd__buf_12)
     8    0.186909    0.176897    0.343600   11.986487 v hold92/X (sky130_fd_sc_hd__buf_12)
                                                         net190 (net)
                      0.182468    0.026119   12.012607 v i_sram/BEN[23] (CF_SRAM_1024x32)
                                             12.012607   data arrival time

                                 25.000000   25.000000   clock clk (rise edge)
                                  4.650000   29.650000   clock source latency
     1    0.049821    0.610000    0.000000   29.650000 ^ wb_clk_i (in)
                                                         wb_clk_i (net)
                      0.623578    0.006450   29.656448 ^ clkbuf_0_wb_clk_i/A (sky130_fd_sc_hd__clkbuf_16)
     2    0.059277    0.125510    0.479190   30.135639 ^ clkbuf_0_wb_clk_i/X (sky130_fd_sc_hd__clkbuf_16)
                                                         clknet_0_wb_clk_i (net)
                      0.125549    0.000892   30.136530 ^ clkbuf_1_1__f_wb_clk_i/A (sky130_fd_sc_hd__clkbuf_16)
     1    0.133983    0.225598    0.352799   30.489328 ^ clkbuf_1_1__f_wb_clk_i/X (sky130_fd_sc_hd__clkbuf_16)
                                                         clknet_1_1__leaf_wb_clk_i (net)
                      0.226422    0.010552   30.499882 ^ i_sram/CLKin (CF_SRAM_1024x32)
                                 -0.100000   30.399883   clock uncertainty
                                  0.000000   30.399883   clock reconvergence pessimism
                                 -0.608113   29.791769   library setup time
                                             29.791769   data required time
---------------------------------------------------------------------------------------------
                                             29.791769   data required time
                                            -12.012607   data arrival time
---------------------------------------------------------------------------------------------
                                             17.779163   slack (MET)


Startpoint: wbs_sel_i[2] (input port clocked by clk)
Endpoint: i_sram (rising edge-triggered flip-flop clocked by clk)
Path Group: clk
Path Type: max

Fanout         Cap        Slew       Delay        Time   Description
---------------------------------------------------------------------------------------------
                                  0.000000    0.000000   clock clk (rise edge)
                                  5.570000    5.570000   clock network delay (propagated)
                                  3.170000    8.740000 v input external delay
     1    0.005125    0.180000    0.000000    8.740000 v wbs_sel_i[2] (in)
                                                         wbs_sel_i[2] (net)
                      0.180137    0.000072    8.740072 v hold93/A (sky130_fd_sc_hd__dlygate4sd3_1)
     1    0.003678    0.115143    1.250925    9.990996 v hold93/X (sky130_fd_sc_hd__dlygate4sd3_1)
                                                         net191 (net)
                      0.115143    0.000068    9.991064 v hold91/A (sky130_fd_sc_hd__dlygate4sd3_1)
     1    0.011265    0.188618    1.312573   11.303638 v hold91/X (sky130_fd_sc_hd__dlygate4sd3_1)
                                                         net189 (net)
                      0.188618    0.000211   11.303849 v input47/A (sky130_fd_sc_hd__buf_12)
     1    0.058137    0.075940    0.329866   11.633715 v input47/X (sky130_fd_sc_hd__buf_12)
                                                         net47 (net)
                      0.077628    0.009173   11.642888 v hold92/A (sky130_fd_sc_hd__buf_12)
     8    0.186909    0.176897    0.343600   11.986487 v hold92/X (sky130_fd_sc_hd__buf_12)
                                                         net190 (net)
                      0.182341    0.025836   12.012324 v i_sram/BEN[22] (CF_SRAM_1024x32)
                                             12.012324   data arrival time

                                 25.000000   25.000000   clock clk (rise edge)
                                  4.650000   29.650000   clock source latency
     1    0.049821    0.610000    0.000000   29.650000 ^ wb_clk_i (in)
                                                         wb_clk_i (net)
                      0.623578    0.006450   29.656448 ^ clkbuf_0_wb_clk_i/A (sky130_fd_sc_hd__clkbuf_16)
     2    0.059277    0.125510    0.479190   30.135639 ^ clkbuf_0_wb_clk_i/X (sky130_fd_sc_hd__clkbuf_16)
                                                         clknet_0_wb_clk_i (net)
                      0.125549    0.000892   30.136530 ^ clkbuf_1_1__f_wb_clk_i/A (sky130_fd_sc_hd__clkbuf_16)
     1    0.133983    0.225598    0.352799   30.489328 ^ clkbuf_1_1__f_wb_clk_i/X (sky130_fd_sc_hd__clkbuf_16)
                                                         clknet_1_1__leaf_wb_clk_i (net)
                      0.226422    0.010552   30.499882 ^ i_sram/CLKin (CF_SRAM_1024x32)
                                 -0.100000   30.399883   clock uncertainty
                                  0.000000   30.399883   clock reconvergence pessimism
                                 -0.608064   29.791819   library setup time
                                             29.791819   data required time
---------------------------------------------------------------------------------------------
                                             29.791819   data required time
                                            -12.012324   data arrival time
---------------------------------------------------------------------------------------------
                                             17.779493   slack (MET)


Startpoint: wbs_sel_i[2] (input port clocked by clk)
Endpoint: i_sram (rising edge-triggered flip-flop clocked by clk)
Path Group: clk
Path Type: max

Fanout         Cap        Slew       Delay        Time   Description
---------------------------------------------------------------------------------------------
                                  0.000000    0.000000   clock clk (rise edge)
                                  5.570000    5.570000   clock network delay (propagated)
                                  3.170000    8.740000 v input external delay
     1    0.005125    0.180000    0.000000    8.740000 v wbs_sel_i[2] (in)
                                                         wbs_sel_i[2] (net)
                      0.180137    0.000072    8.740072 v hold93/A (sky130_fd_sc_hd__dlygate4sd3_1)
     1    0.003678    0.115143    1.250925    9.990996 v hold93/X (sky130_fd_sc_hd__dlygate4sd3_1)
                                                         net191 (net)
                      0.115143    0.000068    9.991064 v hold91/A (sky130_fd_sc_hd__dlygate4sd3_1)
     1    0.011265    0.188618    1.312573   11.303638 v hold91/X (sky130_fd_sc_hd__dlygate4sd3_1)
                                                         net189 (net)
                      0.188618    0.000211   11.303849 v input47/A (sky130_fd_sc_hd__buf_12)
     1    0.058137    0.075940    0.329866   11.633715 v input47/X (sky130_fd_sc_hd__buf_12)
                                                         net47 (net)
                      0.077628    0.009173   11.642888 v hold92/A (sky130_fd_sc_hd__buf_12)
     8    0.186909    0.176897    0.343600   11.986487 v hold92/X (sky130_fd_sc_hd__buf_12)
                                                         net190 (net)
                      0.182149    0.025404   12.011891 v i_sram/BEN[21] (CF_SRAM_1024x32)
                                             12.011891   data arrival time

                                 25.000000   25.000000   clock clk (rise edge)
                                  4.650000   29.650000   clock source latency
     1    0.049821    0.610000    0.000000   29.650000 ^ wb_clk_i (in)
                                                         wb_clk_i (net)
                      0.623578    0.006450   29.656448 ^ clkbuf_0_wb_clk_i/A (sky130_fd_sc_hd__clkbuf_16)
     2    0.059277    0.125510    0.479190   30.135639 ^ clkbuf_0_wb_clk_i/X (sky130_fd_sc_hd__clkbuf_16)
                                                         clknet_0_wb_clk_i (net)
                      0.125549    0.000892   30.136530 ^ clkbuf_1_1__f_wb_clk_i/A (sky130_fd_sc_hd__clkbuf_16)
     1    0.133983    0.225598    0.352799   30.489328 ^ clkbuf_1_1__f_wb_clk_i/X (sky130_fd_sc_hd__clkbuf_16)
                                                         clknet_1_1__leaf_wb_clk_i (net)
                      0.226422    0.010552   30.499882 ^ i_sram/CLKin (CF_SRAM_1024x32)
                                 -0.100000   30.399883   clock uncertainty
                                  0.000000   30.399883   clock reconvergence pessimism
                                 -0.607992   29.791891   library setup time
                                             29.791891   data required time
---------------------------------------------------------------------------------------------
                                             29.791891   data required time
                                            -12.011891   data arrival time
---------------------------------------------------------------------------------------------
                                             17.780001   slack (MET)


Startpoint: wbs_sel_i[2] (input port clocked by clk)
Endpoint: i_sram (rising edge-triggered flip-flop clocked by clk)
Path Group: clk
Path Type: max

Fanout         Cap        Slew       Delay        Time   Description
---------------------------------------------------------------------------------------------
                                  0.000000    0.000000   clock clk (rise edge)
                                  5.570000    5.570000   clock network delay (propagated)
                                  3.170000    8.740000 v input external delay
     1    0.005125    0.180000    0.000000    8.740000 v wbs_sel_i[2] (in)
                                                         wbs_sel_i[2] (net)
                      0.180137    0.000072    8.740072 v hold93/A (sky130_fd_sc_hd__dlygate4sd3_1)
     1    0.003678    0.115143    1.250925    9.990996 v hold93/X (sky130_fd_sc_hd__dlygate4sd3_1)
                                                         net191 (net)
                      0.115143    0.000068    9.991064 v hold91/A (sky130_fd_sc_hd__dlygate4sd3_1)
     1    0.011265    0.188618    1.312573   11.303638 v hold91/X (sky130_fd_sc_hd__dlygate4sd3_1)
                                                         net189 (net)
                      0.188618    0.000211   11.303849 v input47/A (sky130_fd_sc_hd__buf_12)
     1    0.058137    0.075940    0.329866   11.633715 v input47/X (sky130_fd_sc_hd__buf_12)
                                                         net47 (net)
                      0.077628    0.009173   11.642888 v hold92/A (sky130_fd_sc_hd__buf_12)
     8    0.186909    0.176897    0.343600   11.986487 v hold92/X (sky130_fd_sc_hd__buf_12)
                                                         net190 (net)
                      0.181926    0.024891   12.011379 v i_sram/BEN[20] (CF_SRAM_1024x32)
                                             12.011379   data arrival time

                                 25.000000   25.000000   clock clk (rise edge)
                                  4.650000   29.650000   clock source latency
     1    0.049821    0.610000    0.000000   29.650000 ^ wb_clk_i (in)
                                                         wb_clk_i (net)
                      0.623578    0.006450   29.656448 ^ clkbuf_0_wb_clk_i/A (sky130_fd_sc_hd__clkbuf_16)
     2    0.059277    0.125510    0.479190   30.135639 ^ clkbuf_0_wb_clk_i/X (sky130_fd_sc_hd__clkbuf_16)
                                                         clknet_0_wb_clk_i (net)
                      0.125549    0.000892   30.136530 ^ clkbuf_1_1__f_wb_clk_i/A (sky130_fd_sc_hd__clkbuf_16)
     1    0.133983    0.225598    0.352799   30.489328 ^ clkbuf_1_1__f_wb_clk_i/X (sky130_fd_sc_hd__clkbuf_16)
                                                         clknet_1_1__leaf_wb_clk_i (net)
                      0.226422    0.010552   30.499882 ^ i_sram/CLKin (CF_SRAM_1024x32)
                                 -0.100000   30.399883   clock uncertainty
                                  0.000000   30.399883   clock reconvergence pessimism
                                 -0.607907   29.791975   library setup time
                                             29.791975   data required time
---------------------------------------------------------------------------------------------
                                             29.791975   data required time
                                            -12.011379   data arrival time
---------------------------------------------------------------------------------------------
                                             17.780598   slack (MET)


Startpoint: wbs_sel_i[2] (input port clocked by clk)
Endpoint: i_sram (rising edge-triggered flip-flop clocked by clk)
Path Group: clk
Path Type: max

Fanout         Cap        Slew       Delay        Time   Description
---------------------------------------------------------------------------------------------
                                  0.000000    0.000000   clock clk (rise edge)
                                  5.570000    5.570000   clock network delay (propagated)
                                  3.170000    8.740000 v input external delay
     1    0.005125    0.180000    0.000000    8.740000 v wbs_sel_i[2] (in)
                                                         wbs_sel_i[2] (net)
                      0.180137    0.000072    8.740072 v hold93/A (sky130_fd_sc_hd__dlygate4sd3_1)
     1    0.003678    0.115143    1.250925    9.990996 v hold93/X (sky130_fd_sc_hd__dlygate4sd3_1)
                                                         net191 (net)
                      0.115143    0.000068    9.991064 v hold91/A (sky130_fd_sc_hd__dlygate4sd3_1)
     1    0.011265    0.188618    1.312573   11.303638 v hold91/X (sky130_fd_sc_hd__dlygate4sd3_1)
                                                         net189 (net)
                      0.188618    0.000211   11.303849 v input47/A (sky130_fd_sc_hd__buf_12)
     1    0.058137    0.075940    0.329866   11.633715 v input47/X (sky130_fd_sc_hd__buf_12)
                                                         net47 (net)
                      0.077628    0.009173   11.642888 v hold92/A (sky130_fd_sc_hd__buf_12)
     8    0.186909    0.176897    0.343600   11.986487 v hold92/X (sky130_fd_sc_hd__buf_12)
                                                         net190 (net)
                      0.181655    0.024255   12.010743 v i_sram/BEN[19] (CF_SRAM_1024x32)
                                             12.010743   data arrival time

                                 25.000000   25.000000   clock clk (rise edge)
                                  4.650000   29.650000   clock source latency
     1    0.049821    0.610000    0.000000   29.650000 ^ wb_clk_i (in)
                                                         wb_clk_i (net)
                      0.623578    0.006450   29.656448 ^ clkbuf_0_wb_clk_i/A (sky130_fd_sc_hd__clkbuf_16)
     2    0.059277    0.125510    0.479190   30.135639 ^ clkbuf_0_wb_clk_i/X (sky130_fd_sc_hd__clkbuf_16)
                                                         clknet_0_wb_clk_i (net)
                      0.125549    0.000892   30.136530 ^ clkbuf_1_1__f_wb_clk_i/A (sky130_fd_sc_hd__clkbuf_16)
     1    0.133983    0.225598    0.352799   30.489328 ^ clkbuf_1_1__f_wb_clk_i/X (sky130_fd_sc_hd__clkbuf_16)
                                                         clknet_1_1__leaf_wb_clk_i (net)
                      0.226422    0.010552   30.499882 ^ i_sram/CLKin (CF_SRAM_1024x32)
                                 -0.100000   30.399883   clock uncertainty
                                  0.000000   30.399883   clock reconvergence pessimism
                                 -0.607804   29.792078   library setup time
                                             29.792078   data required time
---------------------------------------------------------------------------------------------
                                             29.792078   data required time
                                            -12.010743   data arrival time
---------------------------------------------------------------------------------------------
                                             17.781334   slack (MET)


Startpoint: wbs_sel_i[2] (input port clocked by clk)
Endpoint: i_sram (rising edge-triggered flip-flop clocked by clk)
Path Group: clk
Path Type: max

Fanout         Cap        Slew       Delay        Time   Description
---------------------------------------------------------------------------------------------
                                  0.000000    0.000000   clock clk (rise edge)
                                  5.570000    5.570000   clock network delay (propagated)
                                  3.170000    8.740000 v input external delay
     1    0.005125    0.180000    0.000000    8.740000 v wbs_sel_i[2] (in)
                                                         wbs_sel_i[2] (net)
                      0.180137    0.000072    8.740072 v hold93/A (sky130_fd_sc_hd__dlygate4sd3_1)
     1    0.003678    0.115143    1.250925    9.990996 v hold93/X (sky130_fd_sc_hd__dlygate4sd3_1)
                                                         net191 (net)
                      0.115143    0.000068    9.991064 v hold91/A (sky130_fd_sc_hd__dlygate4sd3_1)
     1    0.011265    0.188618    1.312573   11.303638 v hold91/X (sky130_fd_sc_hd__dlygate4sd3_1)
                                                         net189 (net)
                      0.188618    0.000211   11.303849 v input47/A (sky130_fd_sc_hd__buf_12)
     1    0.058137    0.075940    0.329866   11.633715 v input47/X (sky130_fd_sc_hd__buf_12)
                                                         net47 (net)
                      0.077628    0.009173   11.642888 v hold92/A (sky130_fd_sc_hd__buf_12)
     8    0.186909    0.176897    0.343600   11.986487 v hold92/X (sky130_fd_sc_hd__buf_12)
                                                         net190 (net)
                      0.181276    0.023333   12.009821 v i_sram/BEN[18] (CF_SRAM_1024x32)
                                             12.009821   data arrival time

                                 25.000000   25.000000   clock clk (rise edge)
                                  4.650000   29.650000   clock source latency
     1    0.049821    0.610000    0.000000   29.650000 ^ wb_clk_i (in)
                                                         wb_clk_i (net)
                      0.623578    0.006450   29.656448 ^ clkbuf_0_wb_clk_i/A (sky130_fd_sc_hd__clkbuf_16)
     2    0.059277    0.125510    0.479190   30.135639 ^ clkbuf_0_wb_clk_i/X (sky130_fd_sc_hd__clkbuf_16)
                                                         clknet_0_wb_clk_i (net)
                      0.125549    0.000892   30.136530 ^ clkbuf_1_1__f_wb_clk_i/A (sky130_fd_sc_hd__clkbuf_16)
     1    0.133983    0.225598    0.352799   30.489328 ^ clkbuf_1_1__f_wb_clk_i/X (sky130_fd_sc_hd__clkbuf_16)
                                                         clknet_1_1__leaf_wb_clk_i (net)
                      0.226422    0.010552   30.499882 ^ i_sram/CLKin (CF_SRAM_1024x32)
                                 -0.100000   30.399883   clock uncertainty
                                  0.000000   30.399883   clock reconvergence pessimism
                                 -0.607661   29.792221   library setup time
                                             29.792221   data required time
---------------------------------------------------------------------------------------------
                                             29.792221   data required time
                                            -12.009821   data arrival time
---------------------------------------------------------------------------------------------
                                             17.782400   slack (MET)


Startpoint: wbs_sel_i[2] (input port clocked by clk)
Endpoint: i_sram (rising edge-triggered flip-flop clocked by clk)
Path Group: clk
Path Type: max

Fanout         Cap        Slew       Delay        Time   Description
---------------------------------------------------------------------------------------------
                                  0.000000    0.000000   clock clk (rise edge)
                                  5.570000    5.570000   clock network delay (propagated)
                                  3.170000    8.740000 v input external delay
     1    0.005125    0.180000    0.000000    8.740000 v wbs_sel_i[2] (in)
                                                         wbs_sel_i[2] (net)
                      0.180137    0.000072    8.740072 v hold93/A (sky130_fd_sc_hd__dlygate4sd3_1)
     1    0.003678    0.115143    1.250925    9.990996 v hold93/X (sky130_fd_sc_hd__dlygate4sd3_1)
                                                         net191 (net)
                      0.115143    0.000068    9.991064 v hold91/A (sky130_fd_sc_hd__dlygate4sd3_1)
     1    0.011265    0.188618    1.312573   11.303638 v hold91/X (sky130_fd_sc_hd__dlygate4sd3_1)
                                                         net189 (net)
                      0.188618    0.000211   11.303849 v input47/A (sky130_fd_sc_hd__buf_12)
     1    0.058137    0.075940    0.329866   11.633715 v input47/X (sky130_fd_sc_hd__buf_12)
                                                         net47 (net)
                      0.077628    0.009173   11.642888 v hold92/A (sky130_fd_sc_hd__buf_12)
     8    0.186909    0.176897    0.343600   11.986487 v hold92/X (sky130_fd_sc_hd__buf_12)
                                                         net190 (net)
                      0.180891    0.022354   12.008842 v i_sram/BEN[17] (CF_SRAM_1024x32)
                                             12.008842   data arrival time

                                 25.000000   25.000000   clock clk (rise edge)
                                  4.650000   29.650000   clock source latency
     1    0.049821    0.610000    0.000000   29.650000 ^ wb_clk_i (in)
                                                         wb_clk_i (net)
                      0.623578    0.006450   29.656448 ^ clkbuf_0_wb_clk_i/A (sky130_fd_sc_hd__clkbuf_16)
     2    0.059277    0.125510    0.479190   30.135639 ^ clkbuf_0_wb_clk_i/X (sky130_fd_sc_hd__clkbuf_16)
                                                         clknet_0_wb_clk_i (net)
                      0.125549    0.000892   30.136530 ^ clkbuf_1_1__f_wb_clk_i/A (sky130_fd_sc_hd__clkbuf_16)
     1    0.133983    0.225598    0.352799   30.489328 ^ clkbuf_1_1__f_wb_clk_i/X (sky130_fd_sc_hd__clkbuf_16)
                                                         clknet_1_1__leaf_wb_clk_i (net)
                      0.226422    0.010552   30.499882 ^ i_sram/CLKin (CF_SRAM_1024x32)
                                 -0.100000   30.399883   clock uncertainty
                                  0.000000   30.399883   clock reconvergence pessimism
                                 -0.607515   29.792368   library setup time
                                             29.792368   data required time
---------------------------------------------------------------------------------------------
                                             29.792368   data required time
                                            -12.008842   data arrival time
---------------------------------------------------------------------------------------------
                                             17.783527   slack (MET)


Startpoint: wbs_sel_i[2] (input port clocked by clk)
Endpoint: i_sram (rising edge-triggered flip-flop clocked by clk)
Path Group: clk
Path Type: max

Fanout         Cap        Slew       Delay        Time   Description
---------------------------------------------------------------------------------------------
                                  0.000000    0.000000   clock clk (rise edge)
                                  5.570000    5.570000   clock network delay (propagated)
                                  3.170000    8.740000 v input external delay
     1    0.005125    0.180000    0.000000    8.740000 v wbs_sel_i[2] (in)
                                                         wbs_sel_i[2] (net)
                      0.180137    0.000072    8.740072 v hold93/A (sky130_fd_sc_hd__dlygate4sd3_1)
     1    0.003678    0.115143    1.250925    9.990996 v hold93/X (sky130_fd_sc_hd__dlygate4sd3_1)
                                                         net191 (net)
                      0.115143    0.000068    9.991064 v hold91/A (sky130_fd_sc_hd__dlygate4sd3_1)
     1    0.011265    0.188618    1.312573   11.303638 v hold91/X (sky130_fd_sc_hd__dlygate4sd3_1)
                                                         net189 (net)
                      0.188618    0.000211   11.303849 v input47/A (sky130_fd_sc_hd__buf_12)
     1    0.058137    0.075940    0.329866   11.633715 v input47/X (sky130_fd_sc_hd__buf_12)
                                                         net47 (net)
                      0.077628    0.009173   11.642888 v hold92/A (sky130_fd_sc_hd__buf_12)
     8    0.186909    0.176897    0.343600   11.986487 v hold92/X (sky130_fd_sc_hd__buf_12)
                                                         net190 (net)
                      0.180276    0.020687   12.007174 v i_sram/BEN[16] (CF_SRAM_1024x32)
                                             12.007174   data arrival time

                                 25.000000   25.000000   clock clk (rise edge)
                                  4.650000   29.650000   clock source latency
     1    0.049821    0.610000    0.000000   29.650000 ^ wb_clk_i (in)
                                                         wb_clk_i (net)
                      0.623578    0.006450   29.656448 ^ clkbuf_0_wb_clk_i/A (sky130_fd_sc_hd__clkbuf_16)
     2    0.059277    0.125510    0.479190   30.135639 ^ clkbuf_0_wb_clk_i/X (sky130_fd_sc_hd__clkbuf_16)
                                                         clknet_0_wb_clk_i (net)
                      0.125549    0.000892   30.136530 ^ clkbuf_1_1__f_wb_clk_i/A (sky130_fd_sc_hd__clkbuf_16)
     1    0.133983    0.225598    0.352799   30.489328 ^ clkbuf_1_1__f_wb_clk_i/X (sky130_fd_sc_hd__clkbuf_16)
                                                         clknet_1_1__leaf_wb_clk_i (net)
                      0.226422    0.010552   30.499882 ^ i_sram/CLKin (CF_SRAM_1024x32)
                                 -0.100000   30.399883   clock uncertainty
                                  0.000000   30.399883   clock reconvergence pessimism
                                 -0.607282   29.792601   library setup time
                                             29.792601   data required time
---------------------------------------------------------------------------------------------
                                             29.792601   data required time
                                            -12.007174   data arrival time
---------------------------------------------------------------------------------------------
                                             17.785427   slack (MET)


Startpoint: wbs_sel_i[0] (input port clocked by clk)
Endpoint: i_sram (rising edge-triggered flip-flop clocked by clk)
Path Group: clk
Path Type: max

Fanout         Cap        Slew       Delay        Time   Description
---------------------------------------------------------------------------------------------
                                  0.000000    0.000000   clock clk (rise edge)
                                  5.570000    5.570000   clock network delay (propagated)
                                  3.170000    8.740000 v input external delay
     1    0.003572    0.180000    0.000000    8.740000 v wbs_sel_i[0] (in)
                                                         wbs_sel_i[0] (net)
                      0.180067    0.000036    8.740036 v hold90/A (sky130_fd_sc_hd__dlygate4sd3_1)
     1    0.002421    0.103012    1.228512    9.968548 v hold90/X (sky130_fd_sc_hd__dlygate4sd3_1)
                                                         net188 (net)
                      0.103012    0.000026    9.968574 v hold88/A (sky130_fd_sc_hd__dlygate4sd3_1)
     1    0.009712    0.172363    1.287853   11.256426 v hold88/X (sky130_fd_sc_hd__dlygate4sd3_1)
                                                         net186 (net)
                      0.172363    0.000126   11.256553 v input45/A (sky130_fd_sc_hd__buf_12)
     1    0.025257    0.051413    0.292753   11.549306 v input45/X (sky130_fd_sc_hd__buf_12)
                                                         net45 (net)
                      0.051515    0.001668   11.550974 v hold89/A (sky130_fd_sc_hd__buf_12)
     8    0.203786    0.192130    0.332656   11.883630 v hold89/X (sky130_fd_sc_hd__buf_12)
                                                         net187 (net)
                      0.203906    0.038719   11.922349 v i_sram/BEN[0] (CF_SRAM_1024x32)
                                             11.922349   data arrival time

                                 25.000000   25.000000   clock clk (rise edge)
                                  4.650000   29.650000   clock source latency
     1    0.049821    0.610000    0.000000   29.650000 ^ wb_clk_i (in)
                                                         wb_clk_i (net)
                      0.623578    0.006450   29.656448 ^ clkbuf_0_wb_clk_i/A (sky130_fd_sc_hd__clkbuf_16)
     2    0.059277    0.125510    0.479190   30.135639 ^ clkbuf_0_wb_clk_i/X (sky130_fd_sc_hd__clkbuf_16)
                                                         clknet_0_wb_clk_i (net)
                      0.125549    0.000892   30.136530 ^ clkbuf_1_1__f_wb_clk_i/A (sky130_fd_sc_hd__clkbuf_16)
     1    0.133983    0.225598    0.352799   30.489328 ^ clkbuf_1_1__f_wb_clk_i/X (sky130_fd_sc_hd__clkbuf_16)
                                                         clknet_1_1__leaf_wb_clk_i (net)
                      0.226422    0.010552   30.499882 ^ i_sram/CLKin (CF_SRAM_1024x32)
                                 -0.100000   30.399883   clock uncertainty
                                  0.000000   30.399883   clock reconvergence pessimism
                                 -0.616237   29.783648   library setup time
                                             29.783648   data required time
---------------------------------------------------------------------------------------------
                                             29.783648   data required time
                                            -11.922349   data arrival time
---------------------------------------------------------------------------------------------
                                             17.861298   slack (MET)


Startpoint: wbs_sel_i[0] (input port clocked by clk)
Endpoint: i_sram (rising edge-triggered flip-flop clocked by clk)
Path Group: clk
Path Type: max

Fanout         Cap        Slew       Delay        Time   Description
---------------------------------------------------------------------------------------------
                                  0.000000    0.000000   clock clk (rise edge)
                                  5.570000    5.570000   clock network delay (propagated)
                                  3.170000    8.740000 v input external delay
     1    0.003572    0.180000    0.000000    8.740000 v wbs_sel_i[0] (in)
                                                         wbs_sel_i[0] (net)
                      0.180067    0.000036    8.740036 v hold90/A (sky130_fd_sc_hd__dlygate4sd3_1)
     1    0.002421    0.103012    1.228512    9.968548 v hold90/X (sky130_fd_sc_hd__dlygate4sd3_1)
                                                         net188 (net)
                      0.103012    0.000026    9.968574 v hold88/A (sky130_fd_sc_hd__dlygate4sd3_1)
     1    0.009712    0.172363    1.287853   11.256426 v hold88/X (sky130_fd_sc_hd__dlygate4sd3_1)
                                                         net186 (net)
                      0.172363    0.000126   11.256553 v input45/A (sky130_fd_sc_hd__buf_12)
     1    0.025257    0.051413    0.292753   11.549306 v input45/X (sky130_fd_sc_hd__buf_12)
                                                         net45 (net)
                      0.051515    0.001668   11.550974 v hold89/A (sky130_fd_sc_hd__buf_12)
     8    0.203786    0.192130    0.332656   11.883630 v hold89/X (sky130_fd_sc_hd__buf_12)
                                                         net187 (net)
                      0.203732    0.038447   11.922077 v i_sram/BEN[1] (CF_SRAM_1024x32)
                                             11.922077   data arrival time

                                 25.000000   25.000000   clock clk (rise edge)
                                  4.650000   29.650000   clock source latency
     1    0.049821    0.610000    0.000000   29.650000 ^ wb_clk_i (in)
                                                         wb_clk_i (net)
                      0.623578    0.006450   29.656448 ^ clkbuf_0_wb_clk_i/A (sky130_fd_sc_hd__clkbuf_16)
     2    0.059277    0.125510    0.479190   30.135639 ^ clkbuf_0_wb_clk_i/X (sky130_fd_sc_hd__clkbuf_16)
                                                         clknet_0_wb_clk_i (net)
                      0.125549    0.000892   30.136530 ^ clkbuf_1_1__f_wb_clk_i/A (sky130_fd_sc_hd__clkbuf_16)
     1    0.133983    0.225598    0.352799   30.489328 ^ clkbuf_1_1__f_wb_clk_i/X (sky130_fd_sc_hd__clkbuf_16)
                                                         clknet_1_1__leaf_wb_clk_i (net)
                      0.226422    0.010552   30.499882 ^ i_sram/CLKin (CF_SRAM_1024x32)
                                 -0.100000   30.399883   clock uncertainty
                                  0.000000   30.399883   clock reconvergence pessimism
                                 -0.616171   29.783712   library setup time
                                             29.783712   data required time
---------------------------------------------------------------------------------------------
                                             29.783712   data required time
                                            -11.922077   data arrival time
---------------------------------------------------------------------------------------------
                                             17.861635   slack (MET)


Startpoint: wbs_sel_i[0] (input port clocked by clk)
Endpoint: i_sram (rising edge-triggered flip-flop clocked by clk)
Path Group: clk
Path Type: max

Fanout         Cap        Slew       Delay        Time   Description
---------------------------------------------------------------------------------------------
                                  0.000000    0.000000   clock clk (rise edge)
                                  5.570000    5.570000   clock network delay (propagated)
                                  3.170000    8.740000 v input external delay
     1    0.003572    0.180000    0.000000    8.740000 v wbs_sel_i[0] (in)
                                                         wbs_sel_i[0] (net)
                      0.180067    0.000036    8.740036 v hold90/A (sky130_fd_sc_hd__dlygate4sd3_1)
     1    0.002421    0.103012    1.228512    9.968548 v hold90/X (sky130_fd_sc_hd__dlygate4sd3_1)
                                                         net188 (net)
                      0.103012    0.000026    9.968574 v hold88/A (sky130_fd_sc_hd__dlygate4sd3_1)
     1    0.009712    0.172363    1.287853   11.256426 v hold88/X (sky130_fd_sc_hd__dlygate4sd3_1)
                                                         net186 (net)
                      0.172363    0.000126   11.256553 v input45/A (sky130_fd_sc_hd__buf_12)
     1    0.025257    0.051413    0.292753   11.549306 v input45/X (sky130_fd_sc_hd__buf_12)
                                                         net45 (net)
                      0.051515    0.001668   11.550974 v hold89/A (sky130_fd_sc_hd__buf_12)
     8    0.203786    0.192130    0.332656   11.883630 v hold89/X (sky130_fd_sc_hd__buf_12)
                                                         net187 (net)
                      0.203458    0.038015   11.921644 v i_sram/BEN[2] (CF_SRAM_1024x32)
                                             11.921644   data arrival time

                                 25.000000   25.000000   clock clk (rise edge)
                                  4.650000   29.650000   clock source latency
     1    0.049821    0.610000    0.000000   29.650000 ^ wb_clk_i (in)
                                                         wb_clk_i (net)
                      0.623578    0.006450   29.656448 ^ clkbuf_0_wb_clk_i/A (sky130_fd_sc_hd__clkbuf_16)
     2    0.059277    0.125510    0.479190   30.135639 ^ clkbuf_0_wb_clk_i/X (sky130_fd_sc_hd__clkbuf_16)
                                                         clknet_0_wb_clk_i (net)
                      0.125549    0.000892   30.136530 ^ clkbuf_1_1__f_wb_clk_i/A (sky130_fd_sc_hd__clkbuf_16)
     1    0.133983    0.225598    0.352799   30.489328 ^ clkbuf_1_1__f_wb_clk_i/X (sky130_fd_sc_hd__clkbuf_16)
                                                         clknet_1_1__leaf_wb_clk_i (net)
                      0.226422    0.010552   30.499882 ^ i_sram/CLKin (CF_SRAM_1024x32)
                                 -0.100000   30.399883   clock uncertainty
                                  0.000000   30.399883   clock reconvergence pessimism
                                 -0.616067   29.783815   library setup time
                                             29.783815   data required time
---------------------------------------------------------------------------------------------
                                             29.783815   data required time
                                            -11.921644   data arrival time
---------------------------------------------------------------------------------------------
                                             17.862171   slack (MET)


Startpoint: wbs_sel_i[0] (input port clocked by clk)
Endpoint: i_sram (rising edge-triggered flip-flop clocked by clk)
Path Group: clk
Path Type: max

Fanout         Cap        Slew       Delay        Time   Description
---------------------------------------------------------------------------------------------
                                  0.000000    0.000000   clock clk (rise edge)
                                  5.570000    5.570000   clock network delay (propagated)
                                  3.170000    8.740000 v input external delay
     1    0.003572    0.180000    0.000000    8.740000 v wbs_sel_i[0] (in)
                                                         wbs_sel_i[0] (net)
                      0.180067    0.000036    8.740036 v hold90/A (sky130_fd_sc_hd__dlygate4sd3_1)
     1    0.002421    0.103012    1.228512    9.968548 v hold90/X (sky130_fd_sc_hd__dlygate4sd3_1)
                                                         net188 (net)
                      0.103012    0.000026    9.968574 v hold88/A (sky130_fd_sc_hd__dlygate4sd3_1)
     1    0.009712    0.172363    1.287853   11.256426 v hold88/X (sky130_fd_sc_hd__dlygate4sd3_1)
                                                         net186 (net)
                      0.172363    0.000126   11.256553 v input45/A (sky130_fd_sc_hd__buf_12)
     1    0.025257    0.051413    0.292753   11.549306 v input45/X (sky130_fd_sc_hd__buf_12)
                                                         net45 (net)
                      0.051515    0.001668   11.550974 v hold89/A (sky130_fd_sc_hd__buf_12)
     8    0.203786    0.192130    0.332656   11.883630 v hold89/X (sky130_fd_sc_hd__buf_12)
                                                         net187 (net)
                      0.203143    0.037513   11.921143 v i_sram/BEN[3] (CF_SRAM_1024x32)
                                             11.921143   data arrival time

                                 25.000000   25.000000   clock clk (rise edge)
                                  4.650000   29.650000   clock source latency
     1    0.049821    0.610000    0.000000   29.650000 ^ wb_clk_i (in)
                                                         wb_clk_i (net)
                      0.623578    0.006450   29.656448 ^ clkbuf_0_wb_clk_i/A (sky130_fd_sc_hd__clkbuf_16)
     2    0.059277    0.125510    0.479190   30.135639 ^ clkbuf_0_wb_clk_i/X (sky130_fd_sc_hd__clkbuf_16)
                                                         clknet_0_wb_clk_i (net)
                      0.125549    0.000892   30.136530 ^ clkbuf_1_1__f_wb_clk_i/A (sky130_fd_sc_hd__clkbuf_16)
     1    0.133983    0.225598    0.352799   30.489328 ^ clkbuf_1_1__f_wb_clk_i/X (sky130_fd_sc_hd__clkbuf_16)
                                                         clknet_1_1__leaf_wb_clk_i (net)
                      0.226422    0.010552   30.499882 ^ i_sram/CLKin (CF_SRAM_1024x32)
                                 -0.100000   30.399883   clock uncertainty
                                  0.000000   30.399883   clock reconvergence pessimism
                                 -0.615948   29.783934   library setup time
                                             29.783934   data required time
---------------------------------------------------------------------------------------------
                                             29.783934   data required time
                                            -11.921143   data arrival time
---------------------------------------------------------------------------------------------
                                             17.862793   slack (MET)


Startpoint: wbs_sel_i[0] (input port clocked by clk)
Endpoint: i_sram (rising edge-triggered flip-flop clocked by clk)
Path Group: clk
Path Type: max

Fanout         Cap        Slew       Delay        Time   Description
---------------------------------------------------------------------------------------------
                                  0.000000    0.000000   clock clk (rise edge)
                                  5.570000    5.570000   clock network delay (propagated)
                                  3.170000    8.740000 v input external delay
     1    0.003572    0.180000    0.000000    8.740000 v wbs_sel_i[0] (in)
                                                         wbs_sel_i[0] (net)
                      0.180067    0.000036    8.740036 v hold90/A (sky130_fd_sc_hd__dlygate4sd3_1)
     1    0.002421    0.103012    1.228512    9.968548 v hold90/X (sky130_fd_sc_hd__dlygate4sd3_1)
                                                         net188 (net)
                      0.103012    0.000026    9.968574 v hold88/A (sky130_fd_sc_hd__dlygate4sd3_1)
     1    0.009712    0.172363    1.287853   11.256426 v hold88/X (sky130_fd_sc_hd__dlygate4sd3_1)
                                                         net186 (net)
                      0.172363    0.000126   11.256553 v input45/A (sky130_fd_sc_hd__buf_12)
     1    0.025257    0.051413    0.292753   11.549306 v input45/X (sky130_fd_sc_hd__buf_12)
                                                         net45 (net)
                      0.051515    0.001668   11.550974 v hold89/A (sky130_fd_sc_hd__buf_12)
     8    0.203786    0.192130    0.332656   11.883630 v hold89/X (sky130_fd_sc_hd__buf_12)
                                                         net187 (net)
                      0.202747    0.036874   11.920504 v i_sram/BEN[4] (CF_SRAM_1024x32)
                                             11.920504   data arrival time

                                 25.000000   25.000000   clock clk (rise edge)
                                  4.650000   29.650000   clock source latency
     1    0.049821    0.610000    0.000000   29.650000 ^ wb_clk_i (in)
                                                         wb_clk_i (net)
                      0.623578    0.006450   29.656448 ^ clkbuf_0_wb_clk_i/A (sky130_fd_sc_hd__clkbuf_16)
     2    0.059277    0.125510    0.479190   30.135639 ^ clkbuf_0_wb_clk_i/X (sky130_fd_sc_hd__clkbuf_16)
                                                         clknet_0_wb_clk_i (net)
                      0.125549    0.000892   30.136530 ^ clkbuf_1_1__f_wb_clk_i/A (sky130_fd_sc_hd__clkbuf_16)
     1    0.133983    0.225598    0.352799   30.489328 ^ clkbuf_1_1__f_wb_clk_i/X (sky130_fd_sc_hd__clkbuf_16)
                                                         clknet_1_1__leaf_wb_clk_i (net)
                      0.226422    0.010552   30.499882 ^ i_sram/CLKin (CF_SRAM_1024x32)
                                 -0.100000   30.399883   clock uncertainty
                                  0.000000   30.399883   clock reconvergence pessimism
                                 -0.615798   29.784086   library setup time
                                             29.784086   data required time
---------------------------------------------------------------------------------------------
                                             29.784086   data required time
                                            -11.920504   data arrival time
---------------------------------------------------------------------------------------------
                                             17.863581   slack (MET)


Startpoint: wbs_sel_i[0] (input port clocked by clk)
Endpoint: i_sram (rising edge-triggered flip-flop clocked by clk)
Path Group: clk
Path Type: max

Fanout         Cap        Slew       Delay        Time   Description
---------------------------------------------------------------------------------------------
                                  0.000000    0.000000   clock clk (rise edge)
                                  5.570000    5.570000   clock network delay (propagated)
                                  3.170000    8.740000 v input external delay
     1    0.003572    0.180000    0.000000    8.740000 v wbs_sel_i[0] (in)
                                                         wbs_sel_i[0] (net)
                      0.180067    0.000036    8.740036 v hold90/A (sky130_fd_sc_hd__dlygate4sd3_1)
     1    0.002421    0.103012    1.228512    9.968548 v hold90/X (sky130_fd_sc_hd__dlygate4sd3_1)
                                                         net188 (net)
                      0.103012    0.000026    9.968574 v hold88/A (sky130_fd_sc_hd__dlygate4sd3_1)
     1    0.009712    0.172363    1.287853   11.256426 v hold88/X (sky130_fd_sc_hd__dlygate4sd3_1)
                                                         net186 (net)
                      0.172363    0.000126   11.256553 v input45/A (sky130_fd_sc_hd__buf_12)
     1    0.025257    0.051413    0.292753   11.549306 v input45/X (sky130_fd_sc_hd__buf_12)
                                                         net45 (net)
                      0.051515    0.001668   11.550974 v hold89/A (sky130_fd_sc_hd__buf_12)
     8    0.203786    0.192130    0.332656   11.883630 v hold89/X (sky130_fd_sc_hd__buf_12)
                                                         net187 (net)
                      0.202013    0.035656   11.919286 v i_sram/BEN[5] (CF_SRAM_1024x32)
                                             11.919286   data arrival time

                                 25.000000   25.000000   clock clk (rise edge)
                                  4.650000   29.650000   clock source latency
     1    0.049821    0.610000    0.000000   29.650000 ^ wb_clk_i (in)
                                                         wb_clk_i (net)
                      0.623578    0.006450   29.656448 ^ clkbuf_0_wb_clk_i/A (sky130_fd_sc_hd__clkbuf_16)
     2    0.059277    0.125510    0.479190   30.135639 ^ clkbuf_0_wb_clk_i/X (sky130_fd_sc_hd__clkbuf_16)
                                                         clknet_0_wb_clk_i (net)
                      0.125549    0.000892   30.136530 ^ clkbuf_1_1__f_wb_clk_i/A (sky130_fd_sc_hd__clkbuf_16)
     1    0.133983    0.225598    0.352799   30.489328 ^ clkbuf_1_1__f_wb_clk_i/X (sky130_fd_sc_hd__clkbuf_16)
                                                         clknet_1_1__leaf_wb_clk_i (net)
                      0.226422    0.010552   30.499882 ^ i_sram/CLKin (CF_SRAM_1024x32)
                                 -0.100000   30.399883   clock uncertainty
                                  0.000000   30.399883   clock reconvergence pessimism
                                 -0.615519   29.784363   library setup time
                                             29.784363   data required time
---------------------------------------------------------------------------------------------
                                             29.784363   data required time
                                            -11.919286   data arrival time
---------------------------------------------------------------------------------------------
                                             17.865078   slack (MET)


Startpoint: wbs_sel_i[0] (input port clocked by clk)
Endpoint: i_sram (rising edge-triggered flip-flop clocked by clk)
Path Group: clk
Path Type: max

Fanout         Cap        Slew       Delay        Time   Description
---------------------------------------------------------------------------------------------
                                  0.000000    0.000000   clock clk (rise edge)
                                  5.570000    5.570000   clock network delay (propagated)
                                  3.170000    8.740000 v input external delay
     1    0.003572    0.180000    0.000000    8.740000 v wbs_sel_i[0] (in)
                                                         wbs_sel_i[0] (net)
                      0.180067    0.000036    8.740036 v hold90/A (sky130_fd_sc_hd__dlygate4sd3_1)
     1    0.002421    0.103012    1.228512    9.968548 v hold90/X (sky130_fd_sc_hd__dlygate4sd3_1)
                                                         net188 (net)
                      0.103012    0.000026    9.968574 v hold88/A (sky130_fd_sc_hd__dlygate4sd3_1)
     1    0.009712    0.172363    1.287853   11.256426 v hold88/X (sky130_fd_sc_hd__dlygate4sd3_1)
                                                         net186 (net)
                      0.172363    0.000126   11.256553 v input45/A (sky130_fd_sc_hd__buf_12)
     1    0.025257    0.051413    0.292753   11.549306 v input45/X (sky130_fd_sc_hd__buf_12)
                                                         net45 (net)
                      0.051515    0.001668   11.550974 v hold89/A (sky130_fd_sc_hd__buf_12)
     8    0.203786    0.192130    0.332656   11.883630 v hold89/X (sky130_fd_sc_hd__buf_12)
                                                         net187 (net)
                      0.200795    0.033539   11.917168 v i_sram/BEN[6] (CF_SRAM_1024x32)
                                             11.917168   data arrival time

                                 25.000000   25.000000   clock clk (rise edge)
                                  4.650000   29.650000   clock source latency
     1    0.049821    0.610000    0.000000   29.650000 ^ wb_clk_i (in)
                                                         wb_clk_i (net)
                      0.623578    0.006450   29.656448 ^ clkbuf_0_wb_clk_i/A (sky130_fd_sc_hd__clkbuf_16)
     2    0.059277    0.125510    0.479190   30.135639 ^ clkbuf_0_wb_clk_i/X (sky130_fd_sc_hd__clkbuf_16)
                                                         clknet_0_wb_clk_i (net)
                      0.125549    0.000892   30.136530 ^ clkbuf_1_1__f_wb_clk_i/A (sky130_fd_sc_hd__clkbuf_16)
     1    0.133983    0.225598    0.352799   30.489328 ^ clkbuf_1_1__f_wb_clk_i/X (sky130_fd_sc_hd__clkbuf_16)
                                                         clknet_1_1__leaf_wb_clk_i (net)
                      0.226422    0.010552   30.499882 ^ i_sram/CLKin (CF_SRAM_1024x32)
                                 -0.100000   30.399883   clock uncertainty
                                  0.000000   30.399883   clock reconvergence pessimism
                                 -0.615058   29.784824   library setup time
                                             29.784824   data required time
---------------------------------------------------------------------------------------------
                                             29.784824   data required time
                                            -11.917168   data arrival time
---------------------------------------------------------------------------------------------
                                             17.867657   slack (MET)


Startpoint: wbs_sel_i[0] (input port clocked by clk)
Endpoint: i_sram (rising edge-triggered flip-flop clocked by clk)
Path Group: clk
Path Type: max

Fanout         Cap        Slew       Delay        Time   Description
---------------------------------------------------------------------------------------------
                                  0.000000    0.000000   clock clk (rise edge)
                                  5.570000    5.570000   clock network delay (propagated)
                                  3.170000    8.740000 v input external delay
     1    0.003572    0.180000    0.000000    8.740000 v wbs_sel_i[0] (in)
                                                         wbs_sel_i[0] (net)
                      0.180067    0.000036    8.740036 v hold90/A (sky130_fd_sc_hd__dlygate4sd3_1)
     1    0.002421    0.103012    1.228512    9.968548 v hold90/X (sky130_fd_sc_hd__dlygate4sd3_1)
                                                         net188 (net)
                      0.103012    0.000026    9.968574 v hold88/A (sky130_fd_sc_hd__dlygate4sd3_1)
     1    0.009712    0.172363    1.287853   11.256426 v hold88/X (sky130_fd_sc_hd__dlygate4sd3_1)
                                                         net186 (net)
                      0.172363    0.000126   11.256553 v input45/A (sky130_fd_sc_hd__buf_12)
     1    0.025257    0.051413    0.292753   11.549306 v input45/X (sky130_fd_sc_hd__buf_12)
                                                         net45 (net)
                      0.051515    0.001668   11.550974 v hold89/A (sky130_fd_sc_hd__buf_12)
     8    0.203786    0.192130    0.332656   11.883630 v hold89/X (sky130_fd_sc_hd__buf_12)
                                                         net187 (net)
                      0.200027    0.032131   11.915760 v i_sram/BEN[7] (CF_SRAM_1024x32)
                                             11.915760   data arrival time

                                 25.000000   25.000000   clock clk (rise edge)
                                  4.650000   29.650000   clock source latency
     1    0.049821    0.610000    0.000000   29.650000 ^ wb_clk_i (in)
                                                         wb_clk_i (net)
                      0.623578    0.006450   29.656448 ^ clkbuf_0_wb_clk_i/A (sky130_fd_sc_hd__clkbuf_16)
     2    0.059277    0.125510    0.479190   30.135639 ^ clkbuf_0_wb_clk_i/X (sky130_fd_sc_hd__clkbuf_16)
                                                         clknet_0_wb_clk_i (net)
                      0.125549    0.000892   30.136530 ^ clkbuf_1_1__f_wb_clk_i/A (sky130_fd_sc_hd__clkbuf_16)
     1    0.133983    0.225598    0.352799   30.489328 ^ clkbuf_1_1__f_wb_clk_i/X (sky130_fd_sc_hd__clkbuf_16)
                                                         clknet_1_1__leaf_wb_clk_i (net)
                      0.226422    0.010552   30.499882 ^ i_sram/CLKin (CF_SRAM_1024x32)
                                 -0.100000   30.399883   clock uncertainty
                                  0.000000   30.399883   clock reconvergence pessimism
                                 -0.614767   29.785116   library setup time
                                             29.785116   data required time
---------------------------------------------------------------------------------------------
                                             29.785116   data required time
                                            -11.915760   data arrival time
---------------------------------------------------------------------------------------------
                                             17.869354   slack (MET)


Startpoint: wbs_sel_i[1] (input port clocked by clk)
Endpoint: i_sram (rising edge-triggered flip-flop clocked by clk)
Path Group: clk
Path Type: max

Fanout         Cap        Slew       Delay        Time   Description
---------------------------------------------------------------------------------------------
                                  0.000000    0.000000   clock clk (rise edge)
                                  5.570000    5.570000   clock network delay (propagated)
                                  3.170000    8.740000 v input external delay
     1    0.004720    0.180000    0.000000    8.740000 v wbs_sel_i[1] (in)
                                                         wbs_sel_i[1] (net)
                      0.180109    0.000058    8.740058 v hold87/A (sky130_fd_sc_hd__dlygate4sd3_1)
     1    0.001855    0.099175    1.218464    9.958522 v hold87/X (sky130_fd_sc_hd__dlygate4sd3_1)
                                                         net185 (net)
                      0.099175    0.000017    9.958538 v hold85/A (sky130_fd_sc_hd__dlygate4sd3_1)
     1    0.010028    0.175549    1.289661   11.248199 v hold85/X (sky130_fd_sc_hd__dlygate4sd3_1)
                                                         net183 (net)
                      0.175549    0.000153   11.248352 v input46/A (sky130_fd_sc_hd__buf_12)
     1    0.023682    0.050327    0.292776   11.541128 v input46/X (sky130_fd_sc_hd__buf_12)
                                                         net46 (net)
                      0.050354    0.001616   11.542744 v hold86/A (sky130_fd_sc_hd__buf_12)
     8    0.195577    0.182222    0.339701   11.882444 v hold86/X (sky130_fd_sc_hd__buf_12)
                                                         net184 (net)
                      0.185850    0.021653   11.904098 v i_sram/BEN[8] (CF_SRAM_1024x32)
                                             11.904098   data arrival time

                                 25.000000   25.000000   clock clk (rise edge)
                                  4.650000   29.650000   clock source latency
     1    0.049821    0.610000    0.000000   29.650000 ^ wb_clk_i (in)
                                                         wb_clk_i (net)
                      0.623578    0.006450   29.656448 ^ clkbuf_0_wb_clk_i/A (sky130_fd_sc_hd__clkbuf_16)
     2    0.059277    0.125510    0.479190   30.135639 ^ clkbuf_0_wb_clk_i/X (sky130_fd_sc_hd__clkbuf_16)
                                                         clknet_0_wb_clk_i (net)
                      0.125549    0.000892   30.136530 ^ clkbuf_1_1__f_wb_clk_i/A (sky130_fd_sc_hd__clkbuf_16)
     1    0.133983    0.225598    0.352799   30.489328 ^ clkbuf_1_1__f_wb_clk_i/X (sky130_fd_sc_hd__clkbuf_16)
                                                         clknet_1_1__leaf_wb_clk_i (net)
                      0.226422    0.010552   30.499882 ^ i_sram/CLKin (CF_SRAM_1024x32)
                                 -0.100000   30.399883   clock uncertainty
                                  0.000000   30.399883   clock reconvergence pessimism
                                 -0.609394   29.790489   library setup time
                                             29.790489   data required time
---------------------------------------------------------------------------------------------
                                             29.790489   data required time
                                            -11.904098   data arrival time
---------------------------------------------------------------------------------------------
                                             17.886391   slack (MET)


Startpoint: wbs_sel_i[1] (input port clocked by clk)
Endpoint: i_sram (rising edge-triggered flip-flop clocked by clk)
Path Group: clk
Path Type: max

Fanout         Cap        Slew       Delay        Time   Description
---------------------------------------------------------------------------------------------
                                  0.000000    0.000000   clock clk (rise edge)
                                  5.570000    5.570000   clock network delay (propagated)
                                  3.170000    8.740000 v input external delay
     1    0.004720    0.180000    0.000000    8.740000 v wbs_sel_i[1] (in)
                                                         wbs_sel_i[1] (net)
                      0.180109    0.000058    8.740058 v hold87/A (sky130_fd_sc_hd__dlygate4sd3_1)
     1    0.001855    0.099175    1.218464    9.958522 v hold87/X (sky130_fd_sc_hd__dlygate4sd3_1)
                                                         net185 (net)
                      0.099175    0.000017    9.958538 v hold85/A (sky130_fd_sc_hd__dlygate4sd3_1)
     1    0.010028    0.175549    1.289661   11.248199 v hold85/X (sky130_fd_sc_hd__dlygate4sd3_1)
                                                         net183 (net)
                      0.175549    0.000153   11.248352 v input46/A (sky130_fd_sc_hd__buf_12)
     1    0.023682    0.050327    0.292776   11.541128 v input46/X (sky130_fd_sc_hd__buf_12)
                                                         net46 (net)
                      0.050354    0.001616   11.542744 v hold86/A (sky130_fd_sc_hd__buf_12)
     8    0.195577    0.182222    0.339701   11.882444 v hold86/X (sky130_fd_sc_hd__buf_12)
                                                         net184 (net)
                      0.185784    0.021467   11.903912 v i_sram/BEN[9] (CF_SRAM_1024x32)
                                             11.903912   data arrival time

                                 25.000000   25.000000   clock clk (rise edge)
                                  4.650000   29.650000   clock source latency
     1    0.049821    0.610000    0.000000   29.650000 ^ wb_clk_i (in)
                                                         wb_clk_i (net)
                      0.623578    0.006450   29.656448 ^ clkbuf_0_wb_clk_i/A (sky130_fd_sc_hd__clkbuf_16)
     2    0.059277    0.125510    0.479190   30.135639 ^ clkbuf_0_wb_clk_i/X (sky130_fd_sc_hd__clkbuf_16)
                                                         clknet_0_wb_clk_i (net)
                      0.125549    0.000892   30.136530 ^ clkbuf_1_1__f_wb_clk_i/A (sky130_fd_sc_hd__clkbuf_16)
     1    0.133983    0.225598    0.352799   30.489328 ^ clkbuf_1_1__f_wb_clk_i/X (sky130_fd_sc_hd__clkbuf_16)
                                                         clknet_1_1__leaf_wb_clk_i (net)
                      0.226422    0.010552   30.499882 ^ i_sram/CLKin (CF_SRAM_1024x32)
                                 -0.100000   30.399883   clock uncertainty
                                  0.000000   30.399883   clock reconvergence pessimism
                                 -0.609369   29.790514   library setup time
                                             29.790514   data required time
---------------------------------------------------------------------------------------------
                                             29.790514   data required time
                                            -11.903912   data arrival time
---------------------------------------------------------------------------------------------
                                             17.886602   slack (MET)


Startpoint: wbs_sel_i[1] (input port clocked by clk)
Endpoint: i_sram (rising edge-triggered flip-flop clocked by clk)
Path Group: clk
Path Type: max

Fanout         Cap        Slew       Delay        Time   Description
---------------------------------------------------------------------------------------------
                                  0.000000    0.000000   clock clk (rise edge)
                                  5.570000    5.570000   clock network delay (propagated)
                                  3.170000    8.740000 v input external delay
     1    0.004720    0.180000    0.000000    8.740000 v wbs_sel_i[1] (in)
                                                         wbs_sel_i[1] (net)
                      0.180109    0.000058    8.740058 v hold87/A (sky130_fd_sc_hd__dlygate4sd3_1)
     1    0.001855    0.099175    1.218464    9.958522 v hold87/X (sky130_fd_sc_hd__dlygate4sd3_1)
                                                         net185 (net)
                      0.099175    0.000017    9.958538 v hold85/A (sky130_fd_sc_hd__dlygate4sd3_1)
     1    0.010028    0.175549    1.289661   11.248199 v hold85/X (sky130_fd_sc_hd__dlygate4sd3_1)
                                                         net183 (net)
                      0.175549    0.000153   11.248352 v input46/A (sky130_fd_sc_hd__buf_12)
     1    0.023682    0.050327    0.292776   11.541128 v input46/X (sky130_fd_sc_hd__buf_12)
                                                         net46 (net)
                      0.050354    0.001616   11.542744 v hold86/A (sky130_fd_sc_hd__buf_12)
     8    0.195577    0.182222    0.339701   11.882444 v hold86/X (sky130_fd_sc_hd__buf_12)
                                                         net184 (net)
                      0.185665    0.021126   11.903571 v i_sram/BEN[10] (CF_SRAM_1024x32)
                                             11.903571   data arrival time

                                 25.000000   25.000000   clock clk (rise edge)
                                  4.650000   29.650000   clock source latency
     1    0.049821    0.610000    0.000000   29.650000 ^ wb_clk_i (in)
                                                         wb_clk_i (net)
                      0.623578    0.006450   29.656448 ^ clkbuf_0_wb_clk_i/A (sky130_fd_sc_hd__clkbuf_16)
     2    0.059277    0.125510    0.479190   30.135639 ^ clkbuf_0_wb_clk_i/X (sky130_fd_sc_hd__clkbuf_16)
                                                         clknet_0_wb_clk_i (net)
                      0.125549    0.000892   30.136530 ^ clkbuf_1_1__f_wb_clk_i/A (sky130_fd_sc_hd__clkbuf_16)
     1    0.133983    0.225598    0.352799   30.489328 ^ clkbuf_1_1__f_wb_clk_i/X (sky130_fd_sc_hd__clkbuf_16)
                                                         clknet_1_1__leaf_wb_clk_i (net)
                      0.226422    0.010552   30.499882 ^ i_sram/CLKin (CF_SRAM_1024x32)
                                 -0.100000   30.399883   clock uncertainty
                                  0.000000   30.399883   clock reconvergence pessimism
                                 -0.609324   29.790558   library setup time
                                             29.790558   data required time
---------------------------------------------------------------------------------------------
                                             29.790558   data required time
                                            -11.903571   data arrival time
---------------------------------------------------------------------------------------------
                                             17.886986   slack (MET)


Startpoint: wbs_sel_i[1] (input port clocked by clk)
Endpoint: i_sram (rising edge-triggered flip-flop clocked by clk)
Path Group: clk
Path Type: max

Fanout         Cap        Slew       Delay        Time   Description
---------------------------------------------------------------------------------------------
                                  0.000000    0.000000   clock clk (rise edge)
                                  5.570000    5.570000   clock network delay (propagated)
                                  3.170000    8.740000 v input external delay
     1    0.004720    0.180000    0.000000    8.740000 v wbs_sel_i[1] (in)
                                                         wbs_sel_i[1] (net)
                      0.180109    0.000058    8.740058 v hold87/A (sky130_fd_sc_hd__dlygate4sd3_1)
     1    0.001855    0.099175    1.218464    9.958522 v hold87/X (sky130_fd_sc_hd__dlygate4sd3_1)
                                                         net185 (net)
                      0.099175    0.000017    9.958538 v hold85/A (sky130_fd_sc_hd__dlygate4sd3_1)
     1    0.010028    0.175549    1.289661   11.248199 v hold85/X (sky130_fd_sc_hd__dlygate4sd3_1)
                                                         net183 (net)
                      0.175549    0.000153   11.248352 v input46/A (sky130_fd_sc_hd__buf_12)
     1    0.023682    0.050327    0.292776   11.541128 v input46/X (sky130_fd_sc_hd__buf_12)
                                                         net46 (net)
                      0.050354    0.001616   11.542744 v hold86/A (sky130_fd_sc_hd__buf_12)
     8    0.195577    0.182222    0.339701   11.882444 v hold86/X (sky130_fd_sc_hd__buf_12)
                                                         net184 (net)
                      0.185529    0.020729   11.903173 v i_sram/BEN[11] (CF_SRAM_1024x32)
                                             11.903173   data arrival time

                                 25.000000   25.000000   clock clk (rise edge)
                                  4.650000   29.650000   clock source latency
     1    0.049821    0.610000    0.000000   29.650000 ^ wb_clk_i (in)
                                                         wb_clk_i (net)
                      0.623578    0.006450   29.656448 ^ clkbuf_0_wb_clk_i/A (sky130_fd_sc_hd__clkbuf_16)
     2    0.059277    0.125510    0.479190   30.135639 ^ clkbuf_0_wb_clk_i/X (sky130_fd_sc_hd__clkbuf_16)
                                                         clknet_0_wb_clk_i (net)
                      0.125549    0.000892   30.136530 ^ clkbuf_1_1__f_wb_clk_i/A (sky130_fd_sc_hd__clkbuf_16)
     1    0.133983    0.225598    0.352799   30.489328 ^ clkbuf_1_1__f_wb_clk_i/X (sky130_fd_sc_hd__clkbuf_16)
                                                         clknet_1_1__leaf_wb_clk_i (net)
                      0.226422    0.010552   30.499882 ^ i_sram/CLKin (CF_SRAM_1024x32)
                                 -0.100000   30.399883   clock uncertainty
                                  0.000000   30.399883   clock reconvergence pessimism
                                 -0.609272   29.790609   library setup time
                                             29.790609   data required time
---------------------------------------------------------------------------------------------
                                             29.790609   data required time
                                            -11.903173   data arrival time
---------------------------------------------------------------------------------------------
                                             17.887436   slack (MET)


Startpoint: wbs_sel_i[1] (input port clocked by clk)
Endpoint: i_sram (rising edge-triggered flip-flop clocked by clk)
Path Group: clk
Path Type: max

Fanout         Cap        Slew       Delay        Time   Description
---------------------------------------------------------------------------------------------
                                  0.000000    0.000000   clock clk (rise edge)
                                  5.570000    5.570000   clock network delay (propagated)
                                  3.170000    8.740000 v input external delay
     1    0.004720    0.180000    0.000000    8.740000 v wbs_sel_i[1] (in)
                                                         wbs_sel_i[1] (net)
                      0.180109    0.000058    8.740058 v hold87/A (sky130_fd_sc_hd__dlygate4sd3_1)
     1    0.001855    0.099175    1.218464    9.958522 v hold87/X (sky130_fd_sc_hd__dlygate4sd3_1)
                                                         net185 (net)
                      0.099175    0.000017    9.958538 v hold85/A (sky130_fd_sc_hd__dlygate4sd3_1)
     1    0.010028    0.175549    1.289661   11.248199 v hold85/X (sky130_fd_sc_hd__dlygate4sd3_1)
                                                         net183 (net)
                      0.175549    0.000153   11.248352 v input46/A (sky130_fd_sc_hd__buf_12)
     1    0.023682    0.050327    0.292776   11.541128 v input46/X (sky130_fd_sc_hd__buf_12)
                                                         net46 (net)
                      0.050354    0.001616   11.542744 v hold86/A (sky130_fd_sc_hd__buf_12)
     8    0.195577    0.182222    0.339701   11.882444 v hold86/X (sky130_fd_sc_hd__buf_12)
                                                         net184 (net)
                      0.185279    0.019980   11.902424 v i_sram/BEN[12] (CF_SRAM_1024x32)
                                             11.902424   data arrival time

                                 25.000000   25.000000   clock clk (rise edge)
                                  4.650000   29.650000   clock source latency
     1    0.049821    0.610000    0.000000   29.650000 ^ wb_clk_i (in)
                                                         wb_clk_i (net)
                      0.623578    0.006450   29.656448 ^ clkbuf_0_wb_clk_i/A (sky130_fd_sc_hd__clkbuf_16)
     2    0.059277    0.125510    0.479190   30.135639 ^ clkbuf_0_wb_clk_i/X (sky130_fd_sc_hd__clkbuf_16)
                                                         clknet_0_wb_clk_i (net)
                      0.125549    0.000892   30.136530 ^ clkbuf_1_1__f_wb_clk_i/A (sky130_fd_sc_hd__clkbuf_16)
     1    0.133983    0.225598    0.352799   30.489328 ^ clkbuf_1_1__f_wb_clk_i/X (sky130_fd_sc_hd__clkbuf_16)
                                                         clknet_1_1__leaf_wb_clk_i (net)
                      0.226422    0.010552   30.499882 ^ i_sram/CLKin (CF_SRAM_1024x32)
                                 -0.100000   30.399883   clock uncertainty
                                  0.000000   30.399883   clock reconvergence pessimism
                                 -0.609178   29.790705   library setup time
                                             29.790705   data required time
---------------------------------------------------------------------------------------------
                                             29.790705   data required time
                                            -11.902424   data arrival time
---------------------------------------------------------------------------------------------
                                             17.888279   slack (MET)


Startpoint: wbs_sel_i[1] (input port clocked by clk)
Endpoint: i_sram (rising edge-triggered flip-flop clocked by clk)
Path Group: clk
Path Type: max

Fanout         Cap        Slew       Delay        Time   Description
---------------------------------------------------------------------------------------------
                                  0.000000    0.000000   clock clk (rise edge)
                                  5.570000    5.570000   clock network delay (propagated)
                                  3.170000    8.740000 v input external delay
     1    0.004720    0.180000    0.000000    8.740000 v wbs_sel_i[1] (in)
                                                         wbs_sel_i[1] (net)
                      0.180109    0.000058    8.740058 v hold87/A (sky130_fd_sc_hd__dlygate4sd3_1)
     1    0.001855    0.099175    1.218464    9.958522 v hold87/X (sky130_fd_sc_hd__dlygate4sd3_1)
                                                         net185 (net)
                      0.099175    0.000017    9.958538 v hold85/A (sky130_fd_sc_hd__dlygate4sd3_1)
     1    0.010028    0.175549    1.289661   11.248199 v hold85/X (sky130_fd_sc_hd__dlygate4sd3_1)
                                                         net183 (net)
                      0.175549    0.000153   11.248352 v input46/A (sky130_fd_sc_hd__buf_12)
     1    0.023682    0.050327    0.292776   11.541128 v input46/X (sky130_fd_sc_hd__buf_12)
                                                         net46 (net)
                      0.050354    0.001616   11.542744 v hold86/A (sky130_fd_sc_hd__buf_12)
     8    0.195577    0.182222    0.339701   11.882444 v hold86/X (sky130_fd_sc_hd__buf_12)
                                                         net184 (net)
                      0.184957    0.018963   11.901407 v i_sram/BEN[13] (CF_SRAM_1024x32)
                                             11.901407   data arrival time

                                 25.000000   25.000000   clock clk (rise edge)
                                  4.650000   29.650000   clock source latency
     1    0.049821    0.610000    0.000000   29.650000 ^ wb_clk_i (in)
                                                         wb_clk_i (net)
                      0.623578    0.006450   29.656448 ^ clkbuf_0_wb_clk_i/A (sky130_fd_sc_hd__clkbuf_16)
     2    0.059277    0.125510    0.479190   30.135639 ^ clkbuf_0_wb_clk_i/X (sky130_fd_sc_hd__clkbuf_16)
                                                         clknet_0_wb_clk_i (net)
                      0.125549    0.000892   30.136530 ^ clkbuf_1_1__f_wb_clk_i/A (sky130_fd_sc_hd__clkbuf_16)
     1    0.133983    0.225598    0.352799   30.489328 ^ clkbuf_1_1__f_wb_clk_i/X (sky130_fd_sc_hd__clkbuf_16)
                                                         clknet_1_1__leaf_wb_clk_i (net)
                      0.226422    0.010552   30.499882 ^ i_sram/CLKin (CF_SRAM_1024x32)
                                 -0.100000   30.399883   clock uncertainty
                                  0.000000   30.399883   clock reconvergence pessimism
                                 -0.609056   29.790827   library setup time
                                             29.790827   data required time
---------------------------------------------------------------------------------------------
                                             29.790827   data required time
                                            -11.901407   data arrival time
---------------------------------------------------------------------------------------------
                                             17.889420   slack (MET)


Startpoint: wbs_sel_i[1] (input port clocked by clk)
Endpoint: i_sram (rising edge-triggered flip-flop clocked by clk)
Path Group: clk
Path Type: max

Fanout         Cap        Slew       Delay        Time   Description
---------------------------------------------------------------------------------------------
                                  0.000000    0.000000   clock clk (rise edge)
                                  5.570000    5.570000   clock network delay (propagated)
                                  3.170000    8.740000 v input external delay
     1    0.004720    0.180000    0.000000    8.740000 v wbs_sel_i[1] (in)
                                                         wbs_sel_i[1] (net)
                      0.180109    0.000058    8.740058 v hold87/A (sky130_fd_sc_hd__dlygate4sd3_1)
     1    0.001855    0.099175    1.218464    9.958522 v hold87/X (sky130_fd_sc_hd__dlygate4sd3_1)
                                                         net185 (net)
                      0.099175    0.000017    9.958538 v hold85/A (sky130_fd_sc_hd__dlygate4sd3_1)
     1    0.010028    0.175549    1.289661   11.248199 v hold85/X (sky130_fd_sc_hd__dlygate4sd3_1)
                                                         net183 (net)
                      0.175549    0.000153   11.248352 v input46/A (sky130_fd_sc_hd__buf_12)
     1    0.023682    0.050327    0.292776   11.541128 v input46/X (sky130_fd_sc_hd__buf_12)
                                                         net46 (net)
                      0.050354    0.001616   11.542744 v hold86/A (sky130_fd_sc_hd__buf_12)
     8    0.195577    0.182222    0.339701   11.882444 v hold86/X (sky130_fd_sc_hd__buf_12)
                                                         net184 (net)
                      0.184231    0.016418   11.898863 v i_sram/BEN[14] (CF_SRAM_1024x32)
                                             11.898863   data arrival time

                                 25.000000   25.000000   clock clk (rise edge)
                                  4.650000   29.650000   clock source latency
     1    0.049821    0.610000    0.000000   29.650000 ^ wb_clk_i (in)
                                                         wb_clk_i (net)
                      0.623578    0.006450   29.656448 ^ clkbuf_0_wb_clk_i/A (sky130_fd_sc_hd__clkbuf_16)
     2    0.059277    0.125510    0.479190   30.135639 ^ clkbuf_0_wb_clk_i/X (sky130_fd_sc_hd__clkbuf_16)
                                                         clknet_0_wb_clk_i (net)
                      0.125549    0.000892   30.136530 ^ clkbuf_1_1__f_wb_clk_i/A (sky130_fd_sc_hd__clkbuf_16)
     1    0.133983    0.225598    0.352799   30.489328 ^ clkbuf_1_1__f_wb_clk_i/X (sky130_fd_sc_hd__clkbuf_16)
                                                         clknet_1_1__leaf_wb_clk_i (net)
                      0.226422    0.010552   30.499882 ^ i_sram/CLKin (CF_SRAM_1024x32)
                                 -0.100000   30.399883   clock uncertainty
                                  0.000000   30.399883   clock reconvergence pessimism
                                 -0.608781   29.791101   library setup time
                                             29.791101   data required time
---------------------------------------------------------------------------------------------
                                             29.791101   data required time
                                            -11.898863   data arrival time
---------------------------------------------------------------------------------------------
                                             17.892239   slack (MET)


Startpoint: wbs_sel_i[1] (input port clocked by clk)
Endpoint: i_sram (rising edge-triggered flip-flop clocked by clk)
Path Group: clk
Path Type: max

Fanout         Cap        Slew       Delay        Time   Description
---------------------------------------------------------------------------------------------
                                  0.000000    0.000000   clock clk (rise edge)
                                  5.570000    5.570000   clock network delay (propagated)
                                  3.170000    8.740000 v input external delay
     1    0.004720    0.180000    0.000000    8.740000 v wbs_sel_i[1] (in)
                                                         wbs_sel_i[1] (net)
                      0.180109    0.000058    8.740058 v hold87/A (sky130_fd_sc_hd__dlygate4sd3_1)
     1    0.001855    0.099175    1.218464    9.958522 v hold87/X (sky130_fd_sc_hd__dlygate4sd3_1)
                                                         net185 (net)
                      0.099175    0.000017    9.958538 v hold85/A (sky130_fd_sc_hd__dlygate4sd3_1)
     1    0.010028    0.175549    1.289661   11.248199 v hold85/X (sky130_fd_sc_hd__dlygate4sd3_1)
                                                         net183 (net)
                      0.175549    0.000153   11.248352 v input46/A (sky130_fd_sc_hd__buf_12)
     1    0.023682    0.050327    0.292776   11.541128 v input46/X (sky130_fd_sc_hd__buf_12)
                                                         net46 (net)
                      0.050354    0.001616   11.542744 v hold86/A (sky130_fd_sc_hd__buf_12)
     8    0.195577    0.182222    0.339701   11.882444 v hold86/X (sky130_fd_sc_hd__buf_12)
                                                         net184 (net)
                      0.183780    0.014579   11.897023 v i_sram/BEN[15] (CF_SRAM_1024x32)
                                             11.897023   data arrival time

                                 25.000000   25.000000   clock clk (rise edge)
                                  4.650000   29.650000   clock source latency
     1    0.049821    0.610000    0.000000   29.650000 ^ wb_clk_i (in)
                                                         wb_clk_i (net)
                      0.623578    0.006450   29.656448 ^ clkbuf_0_wb_clk_i/A (sky130_fd_sc_hd__clkbuf_16)
     2    0.059277    0.125510    0.479190   30.135639 ^ clkbuf_0_wb_clk_i/X (sky130_fd_sc_hd__clkbuf_16)
                                                         clknet_0_wb_clk_i (net)
                      0.125549    0.000892   30.136530 ^ clkbuf_1_1__f_wb_clk_i/A (sky130_fd_sc_hd__clkbuf_16)
     1    0.133983    0.225598    0.352799   30.489328 ^ clkbuf_1_1__f_wb_clk_i/X (sky130_fd_sc_hd__clkbuf_16)
                                                         clknet_1_1__leaf_wb_clk_i (net)
                      0.226422    0.010552   30.499882 ^ i_sram/CLKin (CF_SRAM_1024x32)
                                 -0.100000   30.399883   clock uncertainty
                                  0.000000   30.399883   clock reconvergence pessimism
                                 -0.608610   29.791273   library setup time
                                             29.791273   data required time
---------------------------------------------------------------------------------------------
                                             29.791273   data required time
                                            -11.897023   data arrival time
---------------------------------------------------------------------------------------------
                                             17.894249   slack (MET)


Startpoint: wbs_we_i (input port clocked by clk)
Endpoint: i_sram (rising edge-triggered flip-flop clocked by clk)
Path Group: clk
Path Type: max

Fanout         Cap        Slew       Delay        Time   Description
---------------------------------------------------------------------------------------------
                                  0.000000    0.000000   clock clk (rise edge)
                                  5.570000    5.570000   clock network delay (propagated)
                                  3.740000    9.310000 ^ input external delay
     1    0.003589    0.140000    0.000000    9.310000 ^ wbs_we_i (in)
                                                         wbs_we_i (net)
                      0.140062    0.000033    9.310033 ^ input50/A (sky130_fd_sc_hd__buf_2)
     5    0.049653    0.387022    0.478698    9.788731 ^ input50/X (sky130_fd_sc_hd__buf_2)
                                                         net50 (net)
                      0.387031    0.001680    9.790411 ^ fanout85/A (sky130_fd_sc_hd__buf_4)
    15    0.069907    0.313914    0.549651   10.340061 ^ fanout85/X (sky130_fd_sc_hd__buf_4)
                                                         net85 (net)
                      0.313932    0.002821   10.342882 ^ _10_/A (sky130_fd_sc_hd__clkinv_4)
     1    0.075943    0.280982    0.366764   10.709647 v _10_/Y (sky130_fd_sc_hd__clkinv_4)
                                                         i_ram_wb_controller.R_WB (net)
                      0.281493    0.010431   10.720078 v i_sram/R_WB (CF_SRAM_1024x32)
                                             10.720078   data arrival time

                                 25.000000   25.000000   clock clk (rise edge)
                                  4.650000   29.650000   clock source latency
     1    0.049821    0.610000    0.000000   29.650000 ^ wb_clk_i (in)
                                                         wb_clk_i (net)
                      0.623578    0.006450   29.656448 ^ clkbuf_0_wb_clk_i/A (sky130_fd_sc_hd__clkbuf_16)
     2    0.059277    0.125510    0.479190   30.135639 ^ clkbuf_0_wb_clk_i/X (sky130_fd_sc_hd__clkbuf_16)
                                                         clknet_0_wb_clk_i (net)
                      0.125549    0.000892   30.136530 ^ clkbuf_1_1__f_wb_clk_i/A (sky130_fd_sc_hd__clkbuf_16)
     1    0.133983    0.225598    0.352799   30.489328 ^ clkbuf_1_1__f_wb_clk_i/X (sky130_fd_sc_hd__clkbuf_16)
                                                         clknet_1_1__leaf_wb_clk_i (net)
                      0.226422    0.010552   30.499882 ^ i_sram/CLKin (CF_SRAM_1024x32)
                                 -0.100000   30.399883   clock uncertainty
                                  0.000000   30.399883   clock reconvergence pessimism
                                 -0.452992   29.946890   library setup time
                                             29.946890   data required time
---------------------------------------------------------------------------------------------
                                             29.946890   data required time
                                            -10.720078   data arrival time
---------------------------------------------------------------------------------------------
                                             19.226812   slack (MET)


Startpoint: _45_ (rising edge-triggered flip-flop clocked by clk)
Endpoint: wbs_ack_o (output port clocked by clk)
Path Group: clk
Path Type: max

Fanout         Cap        Slew       Delay        Time   Description
---------------------------------------------------------------------------------------------
                                  0.000000    0.000000   clock clk (rise edge)
                                  5.570000    5.570000   clock source latency
     1    0.049821    0.610000    0.000000    5.570000 ^ wb_clk_i (in)
                                                         wb_clk_i (net)
                      0.623578    0.007128    5.577128 ^ clkbuf_0_wb_clk_i/A (sky130_fd_sc_hd__clkbuf_16)
     2    0.059277    0.125510    0.529631    6.106759 ^ clkbuf_0_wb_clk_i/X (sky130_fd_sc_hd__clkbuf_16)
                                                         clknet_0_wb_clk_i (net)
                      0.125938    0.006140    6.112899 ^ clkbuf_1_0__f_wb_clk_i/A (sky130_fd_sc_hd__clkbuf_16)
     2    0.052775    0.110904    0.304608    6.417507 ^ clkbuf_1_0__f_wb_clk_i/X (sky130_fd_sc_hd__clkbuf_16)
                                                         clknet_1_0__leaf_wb_clk_i (net)
                      0.110906    0.000702    6.418209 ^ _45_/CLK (sky130_fd_sc_hd__dfrtp_1)
     1    0.015707    0.182214    0.913480    7.331689 v _45_/Q (sky130_fd_sc_hd__dfrtp_1)
                                                         net51 (net)
                      0.182214    0.000730    7.332418 v output51/A (sky130_fd_sc_hd__buf_12)
     1    0.190676    0.173288    0.416803    7.749222 v output51/X (sky130_fd_sc_hd__buf_12)
                                                         wbs_ack_o (net)
                      0.173301    0.001648    7.750869 v wbs_ack_o (out)
                                              7.750869   data arrival time

                                 50.000000   50.000000   clock clk (rise edge)
                                  4.650000   54.650002   clock network delay (propagated)
                                 -0.100000   54.550003   clock uncertainty
                                  0.000000   54.550003   clock reconvergence pessimism
                                 -8.410000   46.139996   output external delay
                                             46.139996   data required time
---------------------------------------------------------------------------------------------
                                             46.139996   data required time
                                             -7.750869   data arrival time
---------------------------------------------------------------------------------------------
                                             38.389126   slack (MET)


Startpoint: wbs_cyc_i (input port clocked by clk)
Endpoint: i_sram (rising edge-triggered flip-flop clocked by clk)
Path Group: clk
Path Type: max

Fanout         Cap        Slew       Delay        Time   Description
---------------------------------------------------------------------------------------------
                                  0.000000    0.000000   clock clk (rise edge)
                                  5.570000    5.570000   clock network delay (propagated)
                                  4.740000   10.310000 ^ input external delay
     1    0.002873    0.170000    0.000000   10.310000 ^ wbs_cyc_i (in)
                                                         wbs_cyc_i (net)
                      0.170035    0.000019   10.310019 ^ input12/A (sky130_fd_sc_hd__buf_2)
     5    0.051235    0.399015    0.501605   10.811624 ^ input12/X (sky130_fd_sc_hd__buf_2)
                                                         net12 (net)
                      0.399030    0.002206   10.813830 ^ fanout89/A (sky130_fd_sc_hd__clkbuf_4)
    15    0.058117    0.285041    0.579347   11.393177 ^ fanout89/X (sky130_fd_sc_hd__clkbuf_4)
                                                         net89 (net)
                      0.285060    0.002838   11.396015 ^ _12_/A (sky130_fd_sc_hd__and2_4)
     2    0.083964    0.394152    0.660426   12.056441 ^ _12_/X (sky130_fd_sc_hd__and2_4)
                                                         i_ram_wb_controller.EN (net)
                      0.394685    0.012586   12.069028 ^ i_sram/EN (CF_SRAM_1024x32)
                                             12.069028   data arrival time

                                 50.000000   50.000000   clock clk (rise edge)
                                  4.650000   54.650002   clock source latency
     1    0.049821    0.610000    0.000000   54.650002 ^ wb_clk_i (in)
                                                         wb_clk_i (net)
                      0.623578    0.006448   54.656448 ^ clkbuf_0_wb_clk_i/A (sky130_fd_sc_hd__clkbuf_16)
     2    0.059277    0.125510    0.479190   55.135639 ^ clkbuf_0_wb_clk_i/X (sky130_fd_sc_hd__clkbuf_16)
                                                         clknet_0_wb_clk_i (net)
                      0.125549    0.000892   55.136528 ^ clkbuf_1_1__f_wb_clk_i/A (sky130_fd_sc_hd__clkbuf_16)
     1    0.133983    0.225598    0.352799   55.489330 ^ clkbuf_1_1__f_wb_clk_i/X (sky130_fd_sc_hd__clkbuf_16)
                                                         clknet_1_1__leaf_wb_clk_i (net)
                      0.226422    0.010552   55.499882 ^ i_sram/CLKin (CF_SRAM_1024x32)
                                 -0.100000   55.399883   clock uncertainty
                                  0.000000   55.399883   clock reconvergence pessimism
                                 -1.278779   54.121105   library setup time
                                             54.121105   data required time
---------------------------------------------------------------------------------------------
                                             54.121105   data required time
                                            -12.069028   data arrival time
---------------------------------------------------------------------------------------------
                                             42.052078   slack (MET)


Startpoint: wbs_cyc_i (input port clocked by clk)
Endpoint: _45_ (rising edge-triggered flip-flop clocked by clk)
Path Group: clk
Path Type: max

Fanout         Cap        Slew       Delay        Time   Description
---------------------------------------------------------------------------------------------
                                  0.000000    0.000000   clock clk (rise edge)
                                  5.570000    5.570000   clock network delay (propagated)
                                  4.740000   10.310000 ^ input external delay
     1    0.002873    0.170000    0.000000   10.310000 ^ wbs_cyc_i (in)
                                                         wbs_cyc_i (net)
                      0.170035    0.000019   10.310019 ^ input12/A (sky130_fd_sc_hd__buf_2)
     5    0.051235    0.399015    0.501605   10.811624 ^ input12/X (sky130_fd_sc_hd__buf_2)
                                                         net12 (net)
                      0.399030    0.002206   10.813830 ^ fanout89/A (sky130_fd_sc_hd__clkbuf_4)
    15    0.058117    0.285041    0.579347   11.393177 ^ fanout89/X (sky130_fd_sc_hd__clkbuf_4)
                                                         net89 (net)
                      0.285060    0.002838   11.396015 ^ _12_/A (sky130_fd_sc_hd__and2_4)
     2    0.083964    0.394152    0.660426   12.056441 ^ _12_/X (sky130_fd_sc_hd__and2_4)
                                                         i_ram_wb_controller.EN (net)
                      0.394152    0.000384   12.056826 ^ _45_/D (sky130_fd_sc_hd__dfrtp_1)
                                             12.056826   data arrival time

                                 50.000000   50.000000   clock clk (rise edge)
                                  4.650000   54.650002   clock source latency
     1    0.049821    0.610000    0.000000   54.650002 ^ wb_clk_i (in)
                                                         wb_clk_i (net)
                      0.623578    0.006448   54.656448 ^ clkbuf_0_wb_clk_i/A (sky130_fd_sc_hd__clkbuf_16)
     2    0.059277    0.125510    0.479190   55.135639 ^ clkbuf_0_wb_clk_i/X (sky130_fd_sc_hd__clkbuf_16)
                                                         clknet_0_wb_clk_i (net)
                      0.125938    0.005556   55.141193 ^ clkbuf_1_0__f_wb_clk_i/A (sky130_fd_sc_hd__clkbuf_16)
     2    0.052775    0.110904    0.275595   55.416790 ^ clkbuf_1_0__f_wb_clk_i/X (sky130_fd_sc_hd__clkbuf_16)
                                                         clknet_1_0__leaf_wb_clk_i (net)
                      0.110906    0.000636   55.417423 ^ _45_/CLK (sky130_fd_sc_hd__dfrtp_1)
                                 -0.100000   55.317429   clock uncertainty
                                  0.000000   55.317429   clock reconvergence pessimism
                                 -0.207463   55.109962   library setup time
                                             55.109962   data required time
---------------------------------------------------------------------------------------------
                                             55.109962   data required time
                                            -12.056826   data arrival time
---------------------------------------------------------------------------------------------
                                             43.053135   slack (MET)



