
===========================================================================
report_checks -path_delay max (Setup)
============================================================================
======================= max_ss_100C_1v60 Corner ===================================

Startpoint: wb_rst_i (input port clocked by clk)
Endpoint: _45_ (recovery check against rising-edge clock clk)
Path Group: asynchronous
Path Type: max

Fanout         Cap        Slew       Delay        Time   Description
---------------------------------------------------------------------------------------------
                                  0.000000    0.000000   clock clk (rise edge)
                                  5.570000    5.570000   clock network delay (propagated)
                                 12.500000   18.070000 v input external delay
     1    0.002404    0.000000    0.000000   18.070000 v wb_rst_i (in)
                                                         wb_rst_i (net)
                      0.000127    0.000068   18.070066 v input1/A (sky130_fd_sc_hd__buf_1)
     1    0.009901    0.124010    0.199089   18.269156 v input1/X (sky130_fd_sc_hd__buf_1)
                                                         net1 (net)
                      0.124012    0.000719   18.269875 v _11_/A (sky130_fd_sc_hd__inv_2)
     1    0.008637    0.080070    0.125960   18.395834 ^ _11_/Y (sky130_fd_sc_hd__inv_2)
                                                         _00_ (net)
                      0.080071    0.000531   18.396366 ^ _45_/RESET_B (sky130_fd_sc_hd__dfrtp_1)
                                             18.396366   data arrival time

                                 25.000000   25.000000   clock clk (rise edge)
                                  4.650000   29.650000   clock source latency
     1    0.057273    0.610000    0.000000   29.650000 ^ wb_clk_i (in)
                                                         wb_clk_i (net)
                      0.633517    0.011172   29.661171 ^ clkbuf_0_wb_clk_i/A (sky130_fd_sc_hd__clkbuf_16)
     2    0.068881    0.138494    0.490182   30.151352 ^ clkbuf_0_wb_clk_i/X (sky130_fd_sc_hd__clkbuf_16)
                                                         clknet_0_wb_clk_i (net)
                      0.140521    0.011589   30.162941 ^ clkbuf_1_0__f_wb_clk_i/A (sky130_fd_sc_hd__clkbuf_16)
     2    0.054999    0.113990    0.283116   30.446056 ^ clkbuf_1_0__f_wb_clk_i/X (sky130_fd_sc_hd__clkbuf_16)
                                                         clknet_1_0__leaf_wb_clk_i (net)
                      0.114096    0.002867   30.448925 ^ _45_/CLK (sky130_fd_sc_hd__dfrtp_1)
                                 -0.100000   30.348927   clock uncertainty
                                  0.000000   30.348927   clock reconvergence pessimism
                                  0.473544   30.822472   library recovery time
                                             30.822472   data required time
---------------------------------------------------------------------------------------------
                                             30.822472   data required time
                                            -18.396366   data arrival time
---------------------------------------------------------------------------------------------
                                             12.426105   slack (MET)


Startpoint: wbs_we_i (input port clocked by clk)
Endpoint: wbs_dat_o[15] (output port clocked by clk)
Path Group: clk
Path Type: max

Fanout         Cap        Slew       Delay        Time   Description
---------------------------------------------------------------------------------------------
                                  0.000000    0.000000   clock clk (rise edge)
                                  5.570000    5.570000   clock network delay (propagated)
                                  3.740000    9.310000 v input external delay
     1    0.003813    0.140000    0.000000    9.310000 v wbs_we_i (in)
                                                         wbs_we_i (net)
                      0.140186    0.000098    9.310098 v input50/A (sky130_fd_sc_hd__buf_2)
     5    0.057008    0.259217    0.466067    9.776165 v input50/X (sky130_fd_sc_hd__buf_2)
                                                         net50 (net)
                      0.259389    0.006508    9.782673 v fanout85/A (sky130_fd_sc_hd__buf_4)
    15    0.075114    0.187476    0.479362   10.262035 v fanout85/X (sky130_fd_sc_hd__buf_4)
                                                         net85 (net)
                      0.187485    0.002102   10.264137 v fanout84/A (sky130_fd_sc_hd__clkbuf_2)
    15    0.036311    0.255052    0.420560   10.684697 v fanout84/X (sky130_fd_sc_hd__clkbuf_2)
                                                         net84 (net)
                      0.255052    0.001002   10.685699 v _22_/A_N (sky130_fd_sc_hd__and4b_2)
     1    0.033267    0.323392    0.920562   11.606261 ^ _22_/X (sky130_fd_sc_hd__and4b_2)
                                                         net58 (net)
                      0.323487    0.005578   11.611839 ^ output58/A (sky130_fd_sc_hd__buf_12)
     1    0.191801    0.345149    0.508956   12.120795 ^ output58/X (sky130_fd_sc_hd__buf_12)
                                                         wbs_dat_o[15] (net)
                      0.345629    0.009824   12.130619 ^ wbs_dat_o[15] (out)
                                             12.130619   data arrival time

                                 25.000000   25.000000   clock clk (rise edge)
                                  4.650000   29.650000   clock network delay (propagated)
                                 -0.100000   29.549999   clock uncertainty
                                  0.000000   29.549999   clock reconvergence pessimism
                                 -3.620000   25.929998   output external delay
                                             25.929998   data required time
---------------------------------------------------------------------------------------------
                                             25.929998   data required time
                                            -12.130619   data arrival time
---------------------------------------------------------------------------------------------
                                             13.799379   slack (MET)


Startpoint: wbs_we_i (input port clocked by clk)
Endpoint: wbs_dat_o[10] (output port clocked by clk)
Path Group: clk
Path Type: max

Fanout         Cap        Slew       Delay        Time   Description
---------------------------------------------------------------------------------------------
                                  0.000000    0.000000   clock clk (rise edge)
                                  5.570000    5.570000   clock network delay (propagated)
                                  3.740000    9.310000 v input external delay
     1    0.003813    0.140000    0.000000    9.310000 v wbs_we_i (in)
                                                         wbs_we_i (net)
                      0.140186    0.000098    9.310098 v input50/A (sky130_fd_sc_hd__buf_2)
     5    0.057008    0.259217    0.466067    9.776165 v input50/X (sky130_fd_sc_hd__buf_2)
                                                         net50 (net)
                      0.259389    0.006508    9.782673 v fanout85/A (sky130_fd_sc_hd__buf_4)
    15    0.075114    0.187476    0.479362   10.262035 v fanout85/X (sky130_fd_sc_hd__buf_4)
                                                         net85 (net)
                      0.187485    0.002102   10.264137 v fanout84/A (sky130_fd_sc_hd__clkbuf_2)
    15    0.036311    0.255052    0.420560   10.684697 v fanout84/X (sky130_fd_sc_hd__clkbuf_2)
                                                         net84 (net)
                      0.255079    0.002836   10.687533 v _17_/A_N (sky130_fd_sc_hd__and4b_1)
     1    0.024916    0.403849    0.880617   11.568151 ^ _17_/X (sky130_fd_sc_hd__and4b_1)
                                                         net53 (net)
                      0.403885    0.004252   11.572402 ^ output53/A (sky130_fd_sc_hd__buf_12)
     1    0.191578    0.343089    0.537375   12.109776 ^ output53/X (sky130_fd_sc_hd__buf_12)
                                                         wbs_dat_o[10] (net)
                      0.343534    0.009386   12.119163 ^ wbs_dat_o[10] (out)
                                             12.119163   data arrival time

                                 25.000000   25.000000   clock clk (rise edge)
                                  4.650000   29.650000   clock network delay (propagated)
                                 -0.100000   29.549999   clock uncertainty
                                  0.000000   29.549999   clock reconvergence pessimism
                                 -3.620000   25.929998   output external delay
                                             25.929998   data required time
---------------------------------------------------------------------------------------------
                                             25.929998   data required time
                                            -12.119163   data arrival time
---------------------------------------------------------------------------------------------
                                             13.810836   slack (MET)


Startpoint: wbs_we_i (input port clocked by clk)
Endpoint: wbs_dat_o[14] (output port clocked by clk)
Path Group: clk
Path Type: max

Fanout         Cap        Slew       Delay        Time   Description
---------------------------------------------------------------------------------------------
                                  0.000000    0.000000   clock clk (rise edge)
                                  5.570000    5.570000   clock network delay (propagated)
                                  3.740000    9.310000 ^ input external delay
     1    0.003941    0.140000    0.000000    9.310000 ^ wbs_we_i (in)
                                                         wbs_we_i (net)
                      0.140196    0.000103    9.310103 ^ input50/A (sky130_fd_sc_hd__buf_2)
     5    0.057585    0.446971    0.518075    9.828178 ^ input50/X (sky130_fd_sc_hd__buf_2)
                                                         net50 (net)
                      0.447095    0.006594    9.834772 ^ fanout85/A (sky130_fd_sc_hd__buf_4)
    15    0.077814    0.347828    0.593931   10.428703 ^ fanout85/X (sky130_fd_sc_hd__buf_4)
                                                         net85 (net)
                      0.347845    0.002183   10.430886 ^ fanout84/A (sky130_fd_sc_hd__clkbuf_2)
    15    0.037711    0.323612    0.513656   10.944543 ^ fanout84/X (sky130_fd_sc_hd__clkbuf_2)
                                                         net84 (net)
                      0.323612    0.001006   10.945549 ^ _21_/A_N (sky130_fd_sc_hd__and4b_2)
     1    0.027728    0.182125    0.717798   11.663347 v _21_/X (sky130_fd_sc_hd__and4b_2)
                                                         net57 (net)
                      0.182277    0.004972   11.668319 v output57/A (sky130_fd_sc_hd__buf_12)
     1    0.191393    0.176267    0.411301   12.079620 v output57/X (sky130_fd_sc_hd__buf_12)
                                                         wbs_dat_o[14] (net)
                      0.176870    0.009337   12.088958 v wbs_dat_o[14] (out)
                                             12.088958   data arrival time

                                 25.000000   25.000000   clock clk (rise edge)
                                  4.650000   29.650000   clock network delay (propagated)
                                 -0.100000   29.549999   clock uncertainty
                                  0.000000   29.549999   clock reconvergence pessimism
                                 -3.620000   25.929998   output external delay
                                             25.929998   data required time
---------------------------------------------------------------------------------------------
                                             25.929998   data required time
                                            -12.088958   data arrival time
---------------------------------------------------------------------------------------------
                                             13.841041   slack (MET)


Startpoint: wbs_we_i (input port clocked by clk)
Endpoint: wbs_dat_o[13] (output port clocked by clk)
Path Group: clk
Path Type: max

Fanout         Cap        Slew       Delay        Time   Description
---------------------------------------------------------------------------------------------
                                  0.000000    0.000000   clock clk (rise edge)
                                  5.570000    5.570000   clock network delay (propagated)
                                  3.740000    9.310000 ^ input external delay
     1    0.003941    0.140000    0.000000    9.310000 ^ wbs_we_i (in)
                                                         wbs_we_i (net)
                      0.140196    0.000103    9.310103 ^ input50/A (sky130_fd_sc_hd__buf_2)
     5    0.057585    0.446971    0.518075    9.828178 ^ input50/X (sky130_fd_sc_hd__buf_2)
                                                         net50 (net)
                      0.447095    0.006594    9.834772 ^ fanout85/A (sky130_fd_sc_hd__buf_4)
    15    0.077814    0.347828    0.593931   10.428703 ^ fanout85/X (sky130_fd_sc_hd__buf_4)
                                                         net85 (net)
                      0.347845    0.002183   10.430886 ^ fanout84/A (sky130_fd_sc_hd__clkbuf_2)
    15    0.037711    0.323612    0.513656   10.944543 ^ fanout84/X (sky130_fd_sc_hd__clkbuf_2)
                                                         net84 (net)
                      0.323632    0.002990   10.947533 ^ _20_/A_N (sky130_fd_sc_hd__and4b_2)
     1    0.027151    0.179757    0.715994   11.663527 v _20_/X (sky130_fd_sc_hd__and4b_2)
                                                         net56 (net)
                      0.179860    0.004142   11.667669 v output56/A (sky130_fd_sc_hd__buf_12)
     1    0.192458    0.177342    0.410100   12.077768 v output56/X (sky130_fd_sc_hd__buf_12)
                                                         wbs_dat_o[13] (net)
                      0.178060    0.010183   12.087952 v wbs_dat_o[13] (out)
                                             12.087952   data arrival time

                                 25.000000   25.000000   clock clk (rise edge)
                                  4.650000   29.650000   clock network delay (propagated)
                                 -0.100000   29.549999   clock uncertainty
                                  0.000000   29.549999   clock reconvergence pessimism
                                 -3.620000   25.929998   output external delay
                                             25.929998   data required time
---------------------------------------------------------------------------------------------
                                             25.929998   data required time
                                            -12.087952   data arrival time
---------------------------------------------------------------------------------------------
                                             13.842047   slack (MET)


Startpoint: wbs_we_i (input port clocked by clk)
Endpoint: wbs_dat_o[11] (output port clocked by clk)
Path Group: clk
Path Type: max

Fanout         Cap        Slew       Delay        Time   Description
---------------------------------------------------------------------------------------------
                                  0.000000    0.000000   clock clk (rise edge)
                                  5.570000    5.570000   clock network delay (propagated)
                                  3.740000    9.310000 v input external delay
     1    0.003813    0.140000    0.000000    9.310000 v wbs_we_i (in)
                                                         wbs_we_i (net)
                      0.140186    0.000098    9.310098 v input50/A (sky130_fd_sc_hd__buf_2)
     5    0.057008    0.259217    0.466067    9.776165 v input50/X (sky130_fd_sc_hd__buf_2)
                                                         net50 (net)
                      0.259389    0.006508    9.782673 v fanout85/A (sky130_fd_sc_hd__buf_4)
    15    0.075114    0.187476    0.479362   10.262035 v fanout85/X (sky130_fd_sc_hd__buf_4)
                                                         net85 (net)
                      0.187485    0.002102   10.264137 v fanout84/A (sky130_fd_sc_hd__clkbuf_2)
    15    0.036311    0.255052    0.420560   10.684697 v fanout84/X (sky130_fd_sc_hd__clkbuf_2)
                                                         net84 (net)
                      0.255079    0.002857   10.687554 v _18_/A_N (sky130_fd_sc_hd__and4b_1)
     1    0.022411    0.368361    0.853239   11.540793 ^ _18_/X (sky130_fd_sc_hd__and4b_1)
                                                         net54 (net)
                      0.368377    0.002975   11.543768 ^ output54/A (sky130_fd_sc_hd__buf_12)
     1    0.191521    0.342918    0.524696   12.068464 ^ output54/X (sky130_fd_sc_hd__buf_12)
                                                         wbs_dat_o[11] (net)
                      0.343370    0.009472   12.077935 ^ wbs_dat_o[11] (out)
                                             12.077935   data arrival time

                                 25.000000   25.000000   clock clk (rise edge)
                                  4.650000   29.650000   clock network delay (propagated)
                                 -0.100000   29.549999   clock uncertainty
                                  0.000000   29.549999   clock reconvergence pessimism
                                 -3.620000   25.929998   output external delay
                                             25.929998   data required time
---------------------------------------------------------------------------------------------
                                             25.929998   data required time
                                            -12.077935   data arrival time
---------------------------------------------------------------------------------------------
                                             13.852063   slack (MET)


Startpoint: wbs_we_i (input port clocked by clk)
Endpoint: wbs_dat_o[8] (output port clocked by clk)
Path Group: clk
Path Type: max

Fanout         Cap        Slew       Delay        Time   Description
---------------------------------------------------------------------------------------------
                                  0.000000    0.000000   clock clk (rise edge)
                                  5.570000    5.570000   clock network delay (propagated)
                                  3.740000    9.310000 v input external delay
     1    0.003813    0.140000    0.000000    9.310000 v wbs_we_i (in)
                                                         wbs_we_i (net)
                      0.140186    0.000098    9.310098 v input50/A (sky130_fd_sc_hd__buf_2)
     5    0.057008    0.259217    0.466067    9.776165 v input50/X (sky130_fd_sc_hd__buf_2)
                                                         net50 (net)
                      0.259389    0.006508    9.782673 v fanout85/A (sky130_fd_sc_hd__buf_4)
    15    0.075114    0.187476    0.479362   10.262035 v fanout85/X (sky130_fd_sc_hd__buf_4)
                                                         net85 (net)
                      0.187485    0.002102   10.264137 v fanout84/A (sky130_fd_sc_hd__clkbuf_2)
    15    0.036311    0.255052    0.420560   10.684697 v fanout84/X (sky130_fd_sc_hd__clkbuf_2)
                                                         net84 (net)
                      0.255087    0.003161   10.687858 v _15_/A_N (sky130_fd_sc_hd__and4b_1)
     1    0.021894    0.361058    0.847539   11.535397 ^ _15_/X (sky130_fd_sc_hd__and4b_1)
                                                         net82 (net)
                      0.361068    0.002555   11.537952 ^ output82/A (sky130_fd_sc_hd__buf_12)
     1    0.191509    0.342877    0.522213   12.060164 ^ output82/X (sky130_fd_sc_hd__buf_12)
                                                         wbs_dat_o[8] (net)
                      0.343317    0.009323   12.069488 ^ wbs_dat_o[8] (out)
                                             12.069488   data arrival time

                                 25.000000   25.000000   clock clk (rise edge)
                                  4.650000   29.650000   clock network delay (propagated)
                                 -0.100000   29.549999   clock uncertainty
                                  0.000000   29.549999   clock reconvergence pessimism
                                 -3.620000   25.929998   output external delay
                                             25.929998   data required time
---------------------------------------------------------------------------------------------
                                             25.929998   data required time
                                            -12.069488   data arrival time
---------------------------------------------------------------------------------------------
                                             13.860511   slack (MET)


Startpoint: wbs_we_i (input port clocked by clk)
Endpoint: wbs_dat_o[9] (output port clocked by clk)
Path Group: clk
Path Type: max

Fanout         Cap        Slew       Delay        Time   Description
---------------------------------------------------------------------------------------------
                                  0.000000    0.000000   clock clk (rise edge)
                                  5.570000    5.570000   clock network delay (propagated)
                                  3.740000    9.310000 v input external delay
     1    0.003813    0.140000    0.000000    9.310000 v wbs_we_i (in)
                                                         wbs_we_i (net)
                      0.140186    0.000098    9.310098 v input50/A (sky130_fd_sc_hd__buf_2)
     5    0.057008    0.259217    0.466067    9.776165 v input50/X (sky130_fd_sc_hd__buf_2)
                                                         net50 (net)
                      0.259389    0.006508    9.782673 v fanout85/A (sky130_fd_sc_hd__buf_4)
    15    0.075114    0.187476    0.479362   10.262035 v fanout85/X (sky130_fd_sc_hd__buf_4)
                                                         net85 (net)
                      0.187485    0.002102   10.264137 v fanout84/A (sky130_fd_sc_hd__clkbuf_2)
    15    0.036311    0.255052    0.420560   10.684697 v fanout84/X (sky130_fd_sc_hd__clkbuf_2)
                                                         net84 (net)
                      0.255080    0.002871   10.687568 v _16_/A_N (sky130_fd_sc_hd__and4b_1)
     1    0.020871    0.346758    0.835803   11.523371 ^ _16_/X (sky130_fd_sc_hd__and4b_1)
                                                         net83 (net)
                      0.346776    0.002967   11.526338 ^ output83/A (sky130_fd_sc_hd__buf_12)
     1    0.192862    0.347030    0.518002   12.044339 ^ output83/X (sky130_fd_sc_hd__buf_12)
                                                         wbs_dat_o[9] (net)
                      0.347571    0.010588   12.054927 ^ wbs_dat_o[9] (out)
                                             12.054927   data arrival time

                                 25.000000   25.000000   clock clk (rise edge)
                                  4.650000   29.650000   clock network delay (propagated)
                                 -0.100000   29.549999   clock uncertainty
                                  0.000000   29.549999   clock reconvergence pessimism
                                 -3.620000   25.929998   output external delay
                                             25.929998   data required time
---------------------------------------------------------------------------------------------
                                             25.929998   data required time
                                            -12.054927   data arrival time
---------------------------------------------------------------------------------------------
                                             13.875072   slack (MET)


Startpoint: wbs_we_i (input port clocked by clk)
Endpoint: wbs_dat_o[12] (output port clocked by clk)
Path Group: clk
Path Type: max

Fanout         Cap        Slew       Delay        Time   Description
---------------------------------------------------------------------------------------------
                                  0.000000    0.000000   clock clk (rise edge)
                                  5.570000    5.570000   clock network delay (propagated)
                                  3.740000    9.310000 ^ input external delay
     1    0.003941    0.140000    0.000000    9.310000 ^ wbs_we_i (in)
                                                         wbs_we_i (net)
                      0.140196    0.000103    9.310103 ^ input50/A (sky130_fd_sc_hd__buf_2)
     5    0.057585    0.446971    0.518075    9.828178 ^ input50/X (sky130_fd_sc_hd__buf_2)
                                                         net50 (net)
                      0.447095    0.006594    9.834772 ^ fanout85/A (sky130_fd_sc_hd__buf_4)
    15    0.077814    0.347828    0.593931   10.428703 ^ fanout85/X (sky130_fd_sc_hd__buf_4)
                                                         net85 (net)
                      0.347845    0.002183   10.430886 ^ fanout84/A (sky130_fd_sc_hd__clkbuf_2)
    15    0.037711    0.323612    0.513656   10.944543 ^ fanout84/X (sky130_fd_sc_hd__clkbuf_2)
                                                         net84 (net)
                      0.323621    0.002315   10.946857 ^ _19_/A_N (sky130_fd_sc_hd__and4b_2)
     1    0.021319    0.157566    0.693298   11.640155 v _19_/X (sky130_fd_sc_hd__and4b_2)
                                                         net55 (net)
                      0.157666    0.003704   11.643859 v output55/A (sky130_fd_sc_hd__buf_12)
     1    0.191568    0.176318    0.398904   12.042763 v output55/X (sky130_fd_sc_hd__buf_12)
                                                         wbs_dat_o[12] (net)
                      0.176902    0.009199   12.051962 v wbs_dat_o[12] (out)
                                             12.051962   data arrival time

                                 25.000000   25.000000   clock clk (rise edge)
                                  4.650000   29.650000   clock network delay (propagated)
                                 -0.100000   29.549999   clock uncertainty
                                  0.000000   29.549999   clock reconvergence pessimism
                                 -3.620000   25.929998   output external delay
                                             25.929998   data required time
---------------------------------------------------------------------------------------------
                                             25.929998   data required time
                                            -12.051962   data arrival time
---------------------------------------------------------------------------------------------
                                             13.878036   slack (MET)


Startpoint: wbs_we_i (input port clocked by clk)
Endpoint: wbs_dat_o[0] (output port clocked by clk)
Path Group: clk
Path Type: max

Fanout         Cap        Slew       Delay        Time   Description
---------------------------------------------------------------------------------------------
                                  0.000000    0.000000   clock clk (rise edge)
                                  5.570000    5.570000   clock network delay (propagated)
                                  3.740000    9.310000 v input external delay
     1    0.003813    0.140000    0.000000    9.310000 v wbs_we_i (in)
                                                         wbs_we_i (net)
                      0.140186    0.000098    9.310098 v input50/A (sky130_fd_sc_hd__buf_2)
     5    0.057008    0.259217    0.466067    9.776165 v input50/X (sky130_fd_sc_hd__buf_2)
                                                         net50 (net)
                      0.259389    0.006508    9.782673 v fanout85/A (sky130_fd_sc_hd__buf_4)
    15    0.075114    0.187476    0.479362   10.262035 v fanout85/X (sky130_fd_sc_hd__buf_4)
                                                         net85 (net)
                      0.187485    0.002102   10.264137 v fanout84/A (sky130_fd_sc_hd__clkbuf_2)
    15    0.036311    0.255052    0.420560   10.684697 v fanout84/X (sky130_fd_sc_hd__clkbuf_2)
                                                         net84 (net)
                      0.255112    0.003951   10.688647 v _39_/A_N (sky130_fd_sc_hd__and4b_1)
     1    0.019251    0.323975    0.817835   11.506482 ^ _39_/X (sky130_fd_sc_hd__and4b_1)
                                                         net52 (net)
                      0.323985    0.002408   11.508890 ^ output52/A (sky130_fd_sc_hd__buf_12)
     1    0.191498    0.344628    0.508872   12.017762 ^ output52/X (sky130_fd_sc_hd__buf_12)
                                                         wbs_dat_o[0] (net)
                      0.345095    0.009648   12.027411 ^ wbs_dat_o[0] (out)
                                             12.027411   data arrival time

                                 25.000000   25.000000   clock clk (rise edge)
                                  4.650000   29.650000   clock network delay (propagated)
                                 -0.100000   29.549999   clock uncertainty
                                  0.000000   29.549999   clock reconvergence pessimism
                                 -3.620000   25.929998   output external delay
                                             25.929998   data required time
---------------------------------------------------------------------------------------------
                                             25.929998   data required time
                                            -12.027411   data arrival time
---------------------------------------------------------------------------------------------
                                             13.902588   slack (MET)


Startpoint: wbs_we_i (input port clocked by clk)
Endpoint: wbs_dat_o[7] (output port clocked by clk)
Path Group: clk
Path Type: max

Fanout         Cap        Slew       Delay        Time   Description
---------------------------------------------------------------------------------------------
                                  0.000000    0.000000   clock clk (rise edge)
                                  5.570000    5.570000   clock network delay (propagated)
                                  3.740000    9.310000 v input external delay
     1    0.003813    0.140000    0.000000    9.310000 v wbs_we_i (in)
                                                         wbs_we_i (net)
                      0.140186    0.000098    9.310098 v input50/A (sky130_fd_sc_hd__buf_2)
     5    0.057008    0.259217    0.466067    9.776165 v input50/X (sky130_fd_sc_hd__buf_2)
                                                         net50 (net)
                      0.259389    0.006508    9.782673 v fanout85/A (sky130_fd_sc_hd__buf_4)
    15    0.075114    0.187476    0.479362   10.262035 v fanout85/X (sky130_fd_sc_hd__buf_4)
                                                         net85 (net)
                      0.187485    0.002102   10.264137 v fanout84/A (sky130_fd_sc_hd__clkbuf_2)
    15    0.036311    0.255052    0.420560   10.684697 v fanout84/X (sky130_fd_sc_hd__clkbuf_2)
                                                         net84 (net)
                      0.255090    0.003268   10.687964 v _14_/A_N (sky130_fd_sc_hd__and4b_1)
     1    0.018821    0.317969    0.812982   11.500946 ^ _14_/X (sky130_fd_sc_hd__and4b_1)
                                                         net81 (net)
                      0.317979    0.002385   11.503331 ^ output81/A (sky130_fd_sc_hd__buf_12)
     1    0.191316    0.342458    0.506889   12.010220 ^ output81/X (sky130_fd_sc_hd__buf_12)
                                                         wbs_dat_o[7] (net)
                      0.342886    0.009151   12.019371 ^ wbs_dat_o[7] (out)
                                             12.019371   data arrival time

                                 25.000000   25.000000   clock clk (rise edge)
                                  4.650000   29.650000   clock network delay (propagated)
                                 -0.100000   29.549999   clock uncertainty
                                  0.000000   29.549999   clock reconvergence pessimism
                                 -3.620000   25.929998   output external delay
                                             25.929998   data required time
---------------------------------------------------------------------------------------------
                                             25.929998   data required time
                                            -12.019371   data arrival time
---------------------------------------------------------------------------------------------
                                             13.910627   slack (MET)


Startpoint: wbs_we_i (input port clocked by clk)
Endpoint: wbs_dat_o[6] (output port clocked by clk)
Path Group: clk
Path Type: max

Fanout         Cap        Slew       Delay        Time   Description
---------------------------------------------------------------------------------------------
                                  0.000000    0.000000   clock clk (rise edge)
                                  5.570000    5.570000   clock network delay (propagated)
                                  3.740000    9.310000 ^ input external delay
     1    0.003941    0.140000    0.000000    9.310000 ^ wbs_we_i (in)
                                                         wbs_we_i (net)
                      0.140196    0.000103    9.310103 ^ input50/A (sky130_fd_sc_hd__buf_2)
     5    0.057585    0.446971    0.518075    9.828178 ^ input50/X (sky130_fd_sc_hd__buf_2)
                                                         net50 (net)
                      0.447095    0.006594    9.834772 ^ fanout85/A (sky130_fd_sc_hd__buf_4)
    15    0.077814    0.347828    0.593931   10.428703 ^ fanout85/X (sky130_fd_sc_hd__buf_4)
                                                         net85 (net)
                      0.347845    0.002183   10.430886 ^ fanout84/A (sky130_fd_sc_hd__clkbuf_2)
    15    0.037711    0.323612    0.513656   10.944543 ^ fanout84/X (sky130_fd_sc_hd__clkbuf_2)
                                                         net84 (net)
                      0.323649    0.003748   10.948291 ^ _13_/A_N (sky130_fd_sc_hd__and4b_1)
     1    0.014025    0.163709    0.608910   11.557200 v _13_/X (sky130_fd_sc_hd__and4b_1)
                                                         net80 (net)
                      0.163721    0.001636   11.558837 v output80/A (sky130_fd_sc_hd__buf_12)
     1    0.191488    0.176403    0.401621   11.960458 v output80/X (sky130_fd_sc_hd__buf_12)
                                                         wbs_dat_o[6] (net)
                      0.177047    0.009645   11.970102 v wbs_dat_o[6] (out)
                                             11.970102   data arrival time

                                 25.000000   25.000000   clock clk (rise edge)
                                  4.650000   29.650000   clock network delay (propagated)
                                 -0.100000   29.549999   clock uncertainty
                                  0.000000   29.549999   clock reconvergence pessimism
                                 -3.620000   25.929998   output external delay
                                             25.929998   data required time
---------------------------------------------------------------------------------------------
                                             25.929998   data required time
                                            -11.970102   data arrival time
---------------------------------------------------------------------------------------------
                                             13.959896   slack (MET)


Startpoint: wbs_we_i (input port clocked by clk)
Endpoint: wbs_dat_o[5] (output port clocked by clk)
Path Group: clk
Path Type: max

Fanout         Cap        Slew       Delay        Time   Description
---------------------------------------------------------------------------------------------
                                  0.000000    0.000000   clock clk (rise edge)
                                  5.570000    5.570000   clock network delay (propagated)
                                  3.740000    9.310000 ^ input external delay
     1    0.003941    0.140000    0.000000    9.310000 ^ wbs_we_i (in)
                                                         wbs_we_i (net)
                      0.140196    0.000103    9.310103 ^ input50/A (sky130_fd_sc_hd__buf_2)
     5    0.057585    0.446971    0.518075    9.828178 ^ input50/X (sky130_fd_sc_hd__buf_2)
                                                         net50 (net)
                      0.447095    0.006594    9.834772 ^ fanout85/A (sky130_fd_sc_hd__buf_4)
    15    0.077814    0.347828    0.593931   10.428703 ^ fanout85/X (sky130_fd_sc_hd__buf_4)
                                                         net85 (net)
                      0.347845    0.002183   10.430886 ^ fanout84/A (sky130_fd_sc_hd__clkbuf_2)
    15    0.037711    0.323612    0.513656   10.944543 ^ fanout84/X (sky130_fd_sc_hd__clkbuf_2)
                                                         net84 (net)
                      0.323654    0.003936   10.948479 ^ _44_/A_N (sky130_fd_sc_hd__and4b_1)
     1    0.013342    0.158091    0.604126   11.552605 v _44_/X (sky130_fd_sc_hd__and4b_1)
                                                         net79 (net)
                      0.158104    0.001604   11.554209 v output79/A (sky130_fd_sc_hd__buf_12)
     1    0.191469    0.176363    0.398771   11.952979 v output79/X (sky130_fd_sc_hd__buf_12)
                                                         wbs_dat_o[5] (net)
                      0.176999    0.009581   11.962560 v wbs_dat_o[5] (out)
                                             11.962560   data arrival time

                                 25.000000   25.000000   clock clk (rise edge)
                                  4.650000   29.650000   clock network delay (propagated)
                                 -0.100000   29.549999   clock uncertainty
                                  0.000000   29.549999   clock reconvergence pessimism
                                 -3.620000   25.929998   output external delay
                                             25.929998   data required time
---------------------------------------------------------------------------------------------
                                             25.929998   data required time
                                            -11.962560   data arrival time
---------------------------------------------------------------------------------------------
                                             13.967439   slack (MET)


Startpoint: wbs_we_i (input port clocked by clk)
Endpoint: wbs_dat_o[2] (output port clocked by clk)
Path Group: clk
Path Type: max

Fanout         Cap        Slew       Delay        Time   Description
---------------------------------------------------------------------------------------------
                                  0.000000    0.000000   clock clk (rise edge)
                                  5.570000    5.570000   clock network delay (propagated)
                                  3.740000    9.310000 ^ input external delay
     1    0.003941    0.140000    0.000000    9.310000 ^ wbs_we_i (in)
                                                         wbs_we_i (net)
                      0.140196    0.000103    9.310103 ^ input50/A (sky130_fd_sc_hd__buf_2)
     5    0.057585    0.446971    0.518075    9.828178 ^ input50/X (sky130_fd_sc_hd__buf_2)
                                                         net50 (net)
                      0.447095    0.006594    9.834772 ^ fanout85/A (sky130_fd_sc_hd__buf_4)
    15    0.077814    0.347828    0.593931   10.428703 ^ fanout85/X (sky130_fd_sc_hd__buf_4)
                                                         net85 (net)
                      0.347845    0.002183   10.430886 ^ fanout84/A (sky130_fd_sc_hd__clkbuf_2)
    15    0.037711    0.323612    0.513656   10.944543 ^ fanout84/X (sky130_fd_sc_hd__clkbuf_2)
                                                         net84 (net)
                      0.323663    0.004266   10.948809 ^ _41_/A_N (sky130_fd_sc_hd__and4b_1)
     1    0.013150    0.156750    0.602983   11.551792 v _41_/X (sky130_fd_sc_hd__and4b_1)
                                                         net74 (net)
                      0.156755    0.001188   11.552980 v output74/A (sky130_fd_sc_hd__buf_12)
     1    0.191334    0.176110    0.398356   11.951336 v output74/X (sky130_fd_sc_hd__buf_12)
                                                         wbs_dat_o[2] (net)
                      0.176683    0.009112   11.960448 v wbs_dat_o[2] (out)
                                             11.960448   data arrival time

                                 25.000000   25.000000   clock clk (rise edge)
                                  4.650000   29.650000   clock network delay (propagated)
                                 -0.100000   29.549999   clock uncertainty
                                  0.000000   29.549999   clock reconvergence pessimism
                                 -3.620000   25.929998   output external delay
                                             25.929998   data required time
---------------------------------------------------------------------------------------------
                                             25.929998   data required time
                                            -11.960448   data arrival time
---------------------------------------------------------------------------------------------
                                             13.969550   slack (MET)


Startpoint: wbs_we_i (input port clocked by clk)
Endpoint: wbs_dat_o[4] (output port clocked by clk)
Path Group: clk
Path Type: max

Fanout         Cap        Slew       Delay        Time   Description
---------------------------------------------------------------------------------------------
                                  0.000000    0.000000   clock clk (rise edge)
                                  5.570000    5.570000   clock network delay (propagated)
                                  3.740000    9.310000 ^ input external delay
     1    0.003941    0.140000    0.000000    9.310000 ^ wbs_we_i (in)
                                                         wbs_we_i (net)
                      0.140196    0.000103    9.310103 ^ input50/A (sky130_fd_sc_hd__buf_2)
     5    0.057585    0.446971    0.518075    9.828178 ^ input50/X (sky130_fd_sc_hd__buf_2)
                                                         net50 (net)
                      0.447095    0.006594    9.834772 ^ fanout85/A (sky130_fd_sc_hd__buf_4)
    15    0.077814    0.347828    0.593931   10.428703 ^ fanout85/X (sky130_fd_sc_hd__buf_4)
                                                         net85 (net)
                      0.347845    0.002183   10.430886 ^ fanout84/A (sky130_fd_sc_hd__clkbuf_2)
    15    0.037711    0.323612    0.513656   10.944543 ^ fanout84/X (sky130_fd_sc_hd__clkbuf_2)
                                                         net84 (net)
                      0.323663    0.004265   10.948808 ^ _43_/A_N (sky130_fd_sc_hd__and4b_1)
     1    0.012102    0.153136    0.593478   11.542286 v _43_/X (sky130_fd_sc_hd__and4b_1)
                                                         net78 (net)
                      0.153141    0.001044   11.543329 v output78/A (sky130_fd_sc_hd__buf_12)
     1    0.191561    0.176342    0.396485   11.939814 v output78/X (sky130_fd_sc_hd__buf_12)
                                                         wbs_dat_o[4] (net)
                      0.176944    0.009338   11.949152 v wbs_dat_o[4] (out)
                                             11.949152   data arrival time

                                 25.000000   25.000000   clock clk (rise edge)
                                  4.650000   29.650000   clock network delay (propagated)
                                 -0.100000   29.549999   clock uncertainty
                                  0.000000   29.549999   clock reconvergence pessimism
                                 -3.620000   25.929998   output external delay
                                             25.929998   data required time
---------------------------------------------------------------------------------------------
                                             25.929998   data required time
                                            -11.949152   data arrival time
---------------------------------------------------------------------------------------------
                                             13.980846   slack (MET)


Startpoint: wbs_we_i (input port clocked by clk)
Endpoint: wbs_dat_o[3] (output port clocked by clk)
Path Group: clk
Path Type: max

Fanout         Cap        Slew       Delay        Time   Description
---------------------------------------------------------------------------------------------
                                  0.000000    0.000000   clock clk (rise edge)
                                  5.570000    5.570000   clock network delay (propagated)
                                  3.740000    9.310000 ^ input external delay
     1    0.003941    0.140000    0.000000    9.310000 ^ wbs_we_i (in)
                                                         wbs_we_i (net)
                      0.140196    0.000103    9.310103 ^ input50/A (sky130_fd_sc_hd__buf_2)
     5    0.057585    0.446971    0.518075    9.828178 ^ input50/X (sky130_fd_sc_hd__buf_2)
                                                         net50 (net)
                      0.447095    0.006594    9.834772 ^ fanout85/A (sky130_fd_sc_hd__buf_4)
    15    0.077814    0.347828    0.593931   10.428703 ^ fanout85/X (sky130_fd_sc_hd__buf_4)
                                                         net85 (net)
                      0.347845    0.002183   10.430886 ^ fanout84/A (sky130_fd_sc_hd__clkbuf_2)
    15    0.037711    0.323612    0.513656   10.944543 ^ fanout84/X (sky130_fd_sc_hd__clkbuf_2)
                                                         net84 (net)
                      0.323656    0.004024   10.948566 ^ _42_/A_N (sky130_fd_sc_hd__and4b_1)
     1    0.010600    0.140048    0.579948   11.528515 v _42_/X (sky130_fd_sc_hd__and4b_1)
                                                         net77 (net)
                      0.140050    0.000854   11.529369 v output77/A (sky130_fd_sc_hd__buf_12)
     1    0.191552    0.176226    0.389983   11.919353 v output77/X (sky130_fd_sc_hd__buf_12)
                                                         wbs_dat_o[3] (net)
                      0.176792    0.009059   11.928411 v wbs_dat_o[3] (out)
                                             11.928411   data arrival time

                                 25.000000   25.000000   clock clk (rise edge)
                                  4.650000   29.650000   clock network delay (propagated)
                                 -0.100000   29.549999   clock uncertainty
                                  0.000000   29.549999   clock reconvergence pessimism
                                 -3.620000   25.929998   output external delay
                                             25.929998   data required time
---------------------------------------------------------------------------------------------
                                             25.929998   data required time
                                            -11.928411   data arrival time
---------------------------------------------------------------------------------------------
                                             14.001587   slack (MET)


Startpoint: wbs_we_i (input port clocked by clk)
Endpoint: wbs_dat_o[1] (output port clocked by clk)
Path Group: clk
Path Type: max

Fanout         Cap        Slew       Delay        Time   Description
---------------------------------------------------------------------------------------------
                                  0.000000    0.000000   clock clk (rise edge)
                                  5.570000    5.570000   clock network delay (propagated)
                                  3.740000    9.310000 v input external delay
     1    0.003813    0.140000    0.000000    9.310000 v wbs_we_i (in)
                                                         wbs_we_i (net)
                      0.140186    0.000098    9.310098 v input50/A (sky130_fd_sc_hd__buf_2)
     5    0.057008    0.259217    0.466067    9.776165 v input50/X (sky130_fd_sc_hd__buf_2)
                                                         net50 (net)
                      0.259389    0.006508    9.782673 v fanout85/A (sky130_fd_sc_hd__buf_4)
    15    0.075114    0.187476    0.479362   10.262035 v fanout85/X (sky130_fd_sc_hd__buf_4)
                                                         net85 (net)
                      0.187739    0.004389   10.266424 v _40_/A_N (sky130_fd_sc_hd__and4b_1)
     1    0.018964    0.319935    0.780853   11.047277 ^ _40_/X (sky130_fd_sc_hd__and4b_1)
                                                         net63 (net)
                      0.319945    0.002365   11.049643 ^ output63/A (sky130_fd_sc_hd__buf_12)
     1    0.190593    0.341247    0.507307   11.556950 ^ output63/X (sky130_fd_sc_hd__buf_12)
                                                         wbs_dat_o[1] (net)
                      0.341619    0.008336   11.565286 ^ wbs_dat_o[1] (out)
                                             11.565286   data arrival time

                                 25.000000   25.000000   clock clk (rise edge)
                                  4.650000   29.650000   clock network delay (propagated)
                                 -0.100000   29.549999   clock uncertainty
                                  0.000000   29.549999   clock reconvergence pessimism
                                 -3.620000   25.929998   output external delay
                                             25.929998   data required time
---------------------------------------------------------------------------------------------
                                             25.929998   data required time
                                            -11.565286   data arrival time
---------------------------------------------------------------------------------------------
                                             14.364713   slack (MET)


Startpoint: wbs_we_i (input port clocked by clk)
Endpoint: wbs_dat_o[24] (output port clocked by clk)
Path Group: clk
Path Type: max

Fanout         Cap        Slew       Delay        Time   Description
---------------------------------------------------------------------------------------------
                                  0.000000    0.000000   clock clk (rise edge)
                                  5.570000    5.570000   clock network delay (propagated)
                                  3.740000    9.310000 v input external delay
     1    0.003813    0.140000    0.000000    9.310000 v wbs_we_i (in)
                                                         wbs_we_i (net)
                      0.140186    0.000098    9.310098 v input50/A (sky130_fd_sc_hd__buf_2)
     5    0.057008    0.259217    0.466067    9.776165 v input50/X (sky130_fd_sc_hd__buf_2)
                                                         net50 (net)
                      0.259389    0.006508    9.782673 v fanout85/A (sky130_fd_sc_hd__buf_4)
    15    0.075114    0.187476    0.479362   10.262035 v fanout85/X (sky130_fd_sc_hd__buf_4)
                                                         net85 (net)
                      0.189834    0.017316   10.279351 v _31_/A_N (sky130_fd_sc_hd__and4b_1)
     1    0.016492    0.285274    0.754565   11.033916 ^ _31_/X (sky130_fd_sc_hd__and4b_1)
                                                         net68 (net)
                      0.285275    0.001470   11.035386 ^ output68/A (sky130_fd_sc_hd__buf_12)
     1    0.193296    0.347673    0.496353   11.531739 ^ output68/X (sky130_fd_sc_hd__buf_12)
                                                         wbs_dat_o[24] (net)
                      0.348272    0.011267   11.543006 ^ wbs_dat_o[24] (out)
                                             11.543006   data arrival time

                                 25.000000   25.000000   clock clk (rise edge)
                                  4.650000   29.650000   clock network delay (propagated)
                                 -0.100000   29.549999   clock uncertainty
                                  0.000000   29.549999   clock reconvergence pessimism
                                 -3.620000   25.929998   output external delay
                                             25.929998   data required time
---------------------------------------------------------------------------------------------
                                             25.929998   data required time
                                            -11.543006   data arrival time
---------------------------------------------------------------------------------------------
                                             14.386992   slack (MET)


Startpoint: wbs_we_i (input port clocked by clk)
Endpoint: wbs_dat_o[21] (output port clocked by clk)
Path Group: clk
Path Type: max

Fanout         Cap        Slew       Delay        Time   Description
---------------------------------------------------------------------------------------------
                                  0.000000    0.000000   clock clk (rise edge)
                                  5.570000    5.570000   clock network delay (propagated)
                                  3.740000    9.310000 v input external delay
     1    0.003813    0.140000    0.000000    9.310000 v wbs_we_i (in)
                                                         wbs_we_i (net)
                      0.140186    0.000098    9.310098 v input50/A (sky130_fd_sc_hd__buf_2)
     5    0.057008    0.259217    0.466067    9.776165 v input50/X (sky130_fd_sc_hd__buf_2)
                                                         net50 (net)
                      0.259389    0.006508    9.782673 v fanout85/A (sky130_fd_sc_hd__buf_4)
    15    0.075114    0.187476    0.479362   10.262035 v fanout85/X (sky130_fd_sc_hd__buf_4)
                                                         net85 (net)
                      0.189727    0.016915   10.278951 v _28_/A_N (sky130_fd_sc_hd__and4b_1)
     1    0.015957    0.277838    0.748402   11.027352 ^ _28_/X (sky130_fd_sc_hd__and4b_1)
                                                         net65 (net)
                      0.277840    0.001509   11.028862 ^ output65/A (sky130_fd_sc_hd__buf_12)
     1    0.193114    0.347350    0.493525   11.522387 ^ output65/X (sky130_fd_sc_hd__buf_12)
                                                         wbs_dat_o[21] (net)
                      0.347941    0.011177   11.533564 ^ wbs_dat_o[21] (out)
                                             11.533564   data arrival time

                                 25.000000   25.000000   clock clk (rise edge)
                                  4.650000   29.650000   clock network delay (propagated)
                                 -0.100000   29.549999   clock uncertainty
                                  0.000000   29.549999   clock reconvergence pessimism
                                 -3.620000   25.929998   output external delay
                                             25.929998   data required time
---------------------------------------------------------------------------------------------
                                             25.929998   data required time
                                            -11.533564   data arrival time
---------------------------------------------------------------------------------------------
                                             14.396435   slack (MET)


Startpoint: wbs_we_i (input port clocked by clk)
Endpoint: wbs_dat_o[17] (output port clocked by clk)
Path Group: clk
Path Type: max

Fanout         Cap        Slew       Delay        Time   Description
---------------------------------------------------------------------------------------------
                                  0.000000    0.000000   clock clk (rise edge)
                                  5.570000    5.570000   clock network delay (propagated)
                                  3.740000    9.310000 v input external delay
     1    0.003813    0.140000    0.000000    9.310000 v wbs_we_i (in)
                                                         wbs_we_i (net)
                      0.140186    0.000098    9.310098 v input50/A (sky130_fd_sc_hd__buf_2)
     5    0.057008    0.259217    0.466067    9.776165 v input50/X (sky130_fd_sc_hd__buf_2)
                                                         net50 (net)
                      0.259389    0.006508    9.782673 v fanout85/A (sky130_fd_sc_hd__buf_4)
    15    0.075114    0.187476    0.479362   10.262035 v fanout85/X (sky130_fd_sc_hd__buf_4)
                                                         net85 (net)
                      0.188670    0.012178   10.274213 v _24_/A_N (sky130_fd_sc_hd__and4b_1)
     1    0.016106    0.279978    0.749269   11.023482 ^ _24_/X (sky130_fd_sc_hd__and4b_1)
                                                         net60 (net)
                      0.279985    0.001978   11.025460 ^ output60/A (sky130_fd_sc_hd__buf_12)
     1    0.191715    0.344943    0.493211   11.518671 ^ output60/X (sky130_fd_sc_hd__buf_12)
                                                         wbs_dat_o[17] (net)
                      0.345453    0.010196   11.528867 ^ wbs_dat_o[17] (out)
                                             11.528867   data arrival time

                                 25.000000   25.000000   clock clk (rise edge)
                                  4.650000   29.650000   clock network delay (propagated)
                                 -0.100000   29.549999   clock uncertainty
                                  0.000000   29.549999   clock reconvergence pessimism
                                 -3.620000   25.929998   output external delay
                                             25.929998   data required time
---------------------------------------------------------------------------------------------
                                             25.929998   data required time
                                            -11.528867   data arrival time
---------------------------------------------------------------------------------------------
                                             14.401132   slack (MET)


Startpoint: wbs_we_i (input port clocked by clk)
Endpoint: wbs_dat_o[19] (output port clocked by clk)
Path Group: clk
Path Type: max

Fanout         Cap        Slew       Delay        Time   Description
---------------------------------------------------------------------------------------------
                                  0.000000    0.000000   clock clk (rise edge)
                                  5.570000    5.570000   clock network delay (propagated)
                                  3.740000    9.310000 v input external delay
     1    0.003813    0.140000    0.000000    9.310000 v wbs_we_i (in)
                                                         wbs_we_i (net)
                      0.140186    0.000098    9.310098 v input50/A (sky130_fd_sc_hd__buf_2)
     5    0.057008    0.259217    0.466067    9.776165 v input50/X (sky130_fd_sc_hd__buf_2)
                                                         net50 (net)
                      0.259389    0.006508    9.782673 v fanout85/A (sky130_fd_sc_hd__buf_4)
    15    0.075114    0.187476    0.479362   10.262035 v fanout85/X (sky130_fd_sc_hd__buf_4)
                                                         net85 (net)
                      0.189257    0.015011   10.277046 v _26_/A_N (sky130_fd_sc_hd__and4b_1)
     1    0.014972    0.264110    0.737219   11.014265 ^ _26_/X (sky130_fd_sc_hd__and4b_1)
                                                         net62 (net)
                      0.264111    0.001301   11.015567 ^ output62/A (sky130_fd_sc_hd__buf_12)
     1    0.191563    0.344603    0.487838   11.503405 ^ output62/X (sky130_fd_sc_hd__buf_12)
                                                         wbs_dat_o[19] (net)
                      0.345067    0.009605   11.513009 ^ wbs_dat_o[19] (out)
                                             11.513009   data arrival time

                                 25.000000   25.000000   clock clk (rise edge)
                                  4.650000   29.650000   clock network delay (propagated)
                                 -0.100000   29.549999   clock uncertainty
                                  0.000000   29.549999   clock reconvergence pessimism
                                 -3.620000   25.929998   output external delay
                                             25.929998   data required time
---------------------------------------------------------------------------------------------
                                             25.929998   data required time
                                            -11.513009   data arrival time
---------------------------------------------------------------------------------------------
                                             14.416989   slack (MET)


Startpoint: wbs_we_i (input port clocked by clk)
Endpoint: wbs_dat_o[25] (output port clocked by clk)
Path Group: clk
Path Type: max

Fanout         Cap        Slew       Delay        Time   Description
---------------------------------------------------------------------------------------------
                                  0.000000    0.000000   clock clk (rise edge)
                                  5.570000    5.570000   clock network delay (propagated)
                                  3.740000    9.310000 v input external delay
     1    0.003813    0.140000    0.000000    9.310000 v wbs_we_i (in)
                                                         wbs_we_i (net)
                      0.140186    0.000098    9.310098 v input50/A (sky130_fd_sc_hd__buf_2)
     5    0.057008    0.259217    0.466067    9.776165 v input50/X (sky130_fd_sc_hd__buf_2)
                                                         net50 (net)
                      0.259389    0.006508    9.782673 v fanout85/A (sky130_fd_sc_hd__buf_4)
    15    0.075114    0.187476    0.479362   10.262035 v fanout85/X (sky130_fd_sc_hd__buf_4)
                                                         net85 (net)
                      0.189859    0.017411   10.279446 v _32_/A_N (sky130_fd_sc_hd__and4b_1)
     1    0.014272    0.254419    0.729593   11.009039 ^ _32_/X (sky130_fd_sc_hd__and4b_1)
                                                         net69 (net)
                      0.254420    0.001278   11.010318 ^ output69/A (sky130_fd_sc_hd__buf_12)
     1    0.191934    0.345235    0.484638   11.494955 ^ output69/X (sky130_fd_sc_hd__buf_12)
                                                         wbs_dat_o[25] (net)
                      0.345726    0.009961   11.504916 ^ wbs_dat_o[25] (out)
                                             11.504916   data arrival time

                                 25.000000   25.000000   clock clk (rise edge)
                                  4.650000   29.650000   clock network delay (propagated)
                                 -0.100000   29.549999   clock uncertainty
                                  0.000000   29.549999   clock reconvergence pessimism
                                 -3.620000   25.929998   output external delay
                                             25.929998   data required time
---------------------------------------------------------------------------------------------
                                             25.929998   data required time
                                            -11.504916   data arrival time
---------------------------------------------------------------------------------------------
                                             14.425082   slack (MET)


Startpoint: wbs_we_i (input port clocked by clk)
Endpoint: wbs_dat_o[16] (output port clocked by clk)
Path Group: clk
Path Type: max

Fanout         Cap        Slew       Delay        Time   Description
---------------------------------------------------------------------------------------------
                                  0.000000    0.000000   clock clk (rise edge)
                                  5.570000    5.570000   clock network delay (propagated)
                                  3.740000    9.310000 v input external delay
     1    0.003813    0.140000    0.000000    9.310000 v wbs_we_i (in)
                                                         wbs_we_i (net)
                      0.140186    0.000098    9.310098 v input50/A (sky130_fd_sc_hd__buf_2)
     5    0.057008    0.259217    0.466067    9.776165 v input50/X (sky130_fd_sc_hd__buf_2)
                                                         net50 (net)
                      0.259389    0.006508    9.782673 v fanout85/A (sky130_fd_sc_hd__buf_4)
    15    0.075114    0.187476    0.479362   10.262035 v fanout85/X (sky130_fd_sc_hd__buf_4)
                                                         net85 (net)
                      0.188422    0.010727   10.272762 v _23_/A_N (sky130_fd_sc_hd__and4b_1)
     1    0.014691    0.260212    0.733603   11.006365 ^ _23_/X (sky130_fd_sc_hd__and4b_1)
                                                         net59 (net)
                      0.260213    0.001293   11.007658 ^ output59/A (sky130_fd_sc_hd__buf_12)
     1    0.191491    0.342628    0.486525   11.494183 ^ output59/X (sky130_fd_sc_hd__buf_12)
                                                         wbs_dat_o[16] (net)
                      0.343072    0.009381   11.503564 ^ wbs_dat_o[16] (out)
                                             11.503564   data arrival time

                                 25.000000   25.000000   clock clk (rise edge)
                                  4.650000   29.650000   clock network delay (propagated)
                                 -0.100000   29.549999   clock uncertainty
                                  0.000000   29.549999   clock reconvergence pessimism
                                 -3.620000   25.929998   output external delay
                                             25.929998   data required time
---------------------------------------------------------------------------------------------
                                             25.929998   data required time
                                            -11.503564   data arrival time
---------------------------------------------------------------------------------------------
                                             14.426435   slack (MET)


Startpoint: wbs_we_i (input port clocked by clk)
Endpoint: wbs_dat_o[18] (output port clocked by clk)
Path Group: clk
Path Type: max

Fanout         Cap        Slew       Delay        Time   Description
---------------------------------------------------------------------------------------------
                                  0.000000    0.000000   clock clk (rise edge)
                                  5.570000    5.570000   clock network delay (propagated)
                                  3.740000    9.310000 v input external delay
     1    0.003813    0.140000    0.000000    9.310000 v wbs_we_i (in)
                                                         wbs_we_i (net)
                      0.140186    0.000098    9.310098 v input50/A (sky130_fd_sc_hd__buf_2)
     5    0.057008    0.259217    0.466067    9.776165 v input50/X (sky130_fd_sc_hd__buf_2)
                                                         net50 (net)
                      0.259389    0.006508    9.782673 v fanout85/A (sky130_fd_sc_hd__buf_4)
    15    0.075114    0.187476    0.479362   10.262035 v fanout85/X (sky130_fd_sc_hd__buf_4)
                                                         net85 (net)
                      0.188990    0.013801   10.275836 v _25_/A_N (sky130_fd_sc_hd__and4b_1)
     1    0.014399    0.256218    0.730403   11.006239 ^ _25_/X (sky130_fd_sc_hd__and4b_1)
                                                         net61 (net)
                      0.256223    0.001664   11.007902 ^ output61/A (sky130_fd_sc_hd__buf_12)
     1    0.191305    0.342309    0.484889   11.492792 ^ output61/X (sky130_fd_sc_hd__buf_12)
                                                         wbs_dat_o[18] (net)
                      0.342753    0.009369   11.502160 ^ wbs_dat_o[18] (out)
                                             11.502160   data arrival time

                                 25.000000   25.000000   clock clk (rise edge)
                                  4.650000   29.650000   clock network delay (propagated)
                                 -0.100000   29.549999   clock uncertainty
                                  0.000000   29.549999   clock reconvergence pessimism
                                 -3.620000   25.929998   output external delay
                                             25.929998   data required time
---------------------------------------------------------------------------------------------
                                             25.929998   data required time
                                            -11.502160   data arrival time
---------------------------------------------------------------------------------------------
                                             14.427838   slack (MET)


Startpoint: wbs_we_i (input port clocked by clk)
Endpoint: wbs_dat_o[26] (output port clocked by clk)
Path Group: clk
Path Type: max

Fanout         Cap        Slew       Delay        Time   Description
---------------------------------------------------------------------------------------------
                                  0.000000    0.000000   clock clk (rise edge)
                                  5.570000    5.570000   clock network delay (propagated)
                                  3.740000    9.310000 v input external delay
     1    0.003813    0.140000    0.000000    9.310000 v wbs_we_i (in)
                                                         wbs_we_i (net)
                      0.140186    0.000098    9.310098 v input50/A (sky130_fd_sc_hd__buf_2)
     5    0.057008    0.259217    0.466067    9.776165 v input50/X (sky130_fd_sc_hd__buf_2)
                                                         net50 (net)
                      0.259389    0.006508    9.782673 v fanout85/A (sky130_fd_sc_hd__buf_4)
    15    0.075114    0.187476    0.479362   10.262035 v fanout85/X (sky130_fd_sc_hd__buf_4)
                                                         net85 (net)
                      0.189896    0.017546   10.279581 v _33_/A_N (sky130_fd_sc_hd__and4b_1)
     1    0.013579    0.244840    0.721723   11.001305 ^ _33_/X (sky130_fd_sc_hd__and4b_1)
                                                         net70 (net)
                      0.244843    0.001482   11.002787 ^ output70/A (sky130_fd_sc_hd__buf_12)
     1    0.192224    0.351884    0.486000   11.488787 ^ output70/X (sky130_fd_sc_hd__buf_12)
                                                         wbs_dat_o[26] (net)
                      0.352345    0.011038   11.499825 ^ wbs_dat_o[26] (out)
                                             11.499825   data arrival time

                                 25.000000   25.000000   clock clk (rise edge)
                                  4.650000   29.650000   clock network delay (propagated)
                                 -0.100000   29.549999   clock uncertainty
                                  0.000000   29.549999   clock reconvergence pessimism
                                 -3.620000   25.929998   output external delay
                                             25.929998   data required time
---------------------------------------------------------------------------------------------
                                             25.929998   data required time
                                            -11.499825   data arrival time
---------------------------------------------------------------------------------------------
                                             14.430174   slack (MET)


Startpoint: wbs_we_i (input port clocked by clk)
Endpoint: wbs_dat_o[27] (output port clocked by clk)
Path Group: clk
Path Type: max

Fanout         Cap        Slew       Delay        Time   Description
---------------------------------------------------------------------------------------------
                                  0.000000    0.000000   clock clk (rise edge)
                                  5.570000    5.570000   clock network delay (propagated)
                                  3.740000    9.310000 v input external delay
     1    0.003813    0.140000    0.000000    9.310000 v wbs_we_i (in)
                                                         wbs_we_i (net)
                      0.140186    0.000098    9.310098 v input50/A (sky130_fd_sc_hd__buf_2)
     5    0.057008    0.259217    0.466067    9.776165 v input50/X (sky130_fd_sc_hd__buf_2)
                                                         net50 (net)
                      0.259389    0.006508    9.782673 v fanout85/A (sky130_fd_sc_hd__buf_4)
    15    0.075114    0.187476    0.479362   10.262035 v fanout85/X (sky130_fd_sc_hd__buf_4)
                                                         net85 (net)
                      0.189893    0.017534   10.279569 v _34_/A_N (sky130_fd_sc_hd__and4b_1)
     1    0.013506    0.243816    0.720989   11.000557 ^ _34_/X (sky130_fd_sc_hd__and4b_1)
                                                         net71 (net)
                      0.243817    0.001227   11.001784 ^ output71/A (sky130_fd_sc_hd__buf_12)
     1    0.192538    0.346290    0.480991   11.482776 ^ output71/X (sky130_fd_sc_hd__buf_12)
                                                         wbs_dat_o[27] (net)
                      0.346856    0.010880   11.493656 ^ wbs_dat_o[27] (out)
                                             11.493656   data arrival time

                                 25.000000   25.000000   clock clk (rise edge)
                                  4.650000   29.650000   clock network delay (propagated)
                                 -0.100000   29.549999   clock uncertainty
                                  0.000000   29.549999   clock reconvergence pessimism
                                 -3.620000   25.929998   output external delay
                                             25.929998   data required time
---------------------------------------------------------------------------------------------
                                             25.929998   data required time
                                            -11.493656   data arrival time
---------------------------------------------------------------------------------------------
                                             14.436342   slack (MET)


Startpoint: wbs_we_i (input port clocked by clk)
Endpoint: wbs_dat_o[23] (output port clocked by clk)
Path Group: clk
Path Type: max

Fanout         Cap        Slew       Delay        Time   Description
---------------------------------------------------------------------------------------------
                                  0.000000    0.000000   clock clk (rise edge)
                                  5.570000    5.570000   clock network delay (propagated)
                                  3.740000    9.310000 v input external delay
     1    0.003813    0.140000    0.000000    9.310000 v wbs_we_i (in)
                                                         wbs_we_i (net)
                      0.140186    0.000098    9.310098 v input50/A (sky130_fd_sc_hd__buf_2)
     5    0.057008    0.259217    0.466067    9.776165 v input50/X (sky130_fd_sc_hd__buf_2)
                                                         net50 (net)
                      0.259389    0.006508    9.782673 v fanout85/A (sky130_fd_sc_hd__buf_4)
    15    0.075114    0.187476    0.479362   10.262035 v fanout85/X (sky130_fd_sc_hd__buf_4)
                                                         net85 (net)
                      0.189808    0.017219   10.279254 v _30_/A_N (sky130_fd_sc_hd__and4b_1)
     1    0.013634    0.245585    0.722373   11.001628 ^ _30_/X (sky130_fd_sc_hd__and4b_1)
                                                         net67 (net)
                      0.245586    0.001262   11.002890 ^ output67/A (sky130_fd_sc_hd__buf_12)
     1    0.191114    0.341964    0.481022   11.483912 ^ output67/X (sky130_fd_sc_hd__buf_12)
                                                         wbs_dat_o[23] (net)
                      0.342396    0.009203   11.493115 ^ wbs_dat_o[23] (out)
                                             11.493115   data arrival time

                                 25.000000   25.000000   clock clk (rise edge)
                                  4.650000   29.650000   clock network delay (propagated)
                                 -0.100000   29.549999   clock uncertainty
                                  0.000000   29.549999   clock reconvergence pessimism
                                 -3.620000   25.929998   output external delay
                                             25.929998   data required time
---------------------------------------------------------------------------------------------
                                             25.929998   data required time
                                            -11.493115   data arrival time
---------------------------------------------------------------------------------------------
                                             14.436883   slack (MET)


Startpoint: wbs_we_i (input port clocked by clk)
Endpoint: wbs_dat_o[20] (output port clocked by clk)
Path Group: clk
Path Type: max

Fanout         Cap        Slew       Delay        Time   Description
---------------------------------------------------------------------------------------------
                                  0.000000    0.000000   clock clk (rise edge)
                                  5.570000    5.570000   clock network delay (propagated)
                                  3.740000    9.310000 v input external delay
     1    0.003813    0.140000    0.000000    9.310000 v wbs_we_i (in)
                                                         wbs_we_i (net)
                      0.140186    0.000098    9.310098 v input50/A (sky130_fd_sc_hd__buf_2)
     5    0.057008    0.259217    0.466067    9.776165 v input50/X (sky130_fd_sc_hd__buf_2)
                                                         net50 (net)
                      0.259389    0.006508    9.782673 v fanout85/A (sky130_fd_sc_hd__buf_4)
    15    0.075114    0.187476    0.479362   10.262035 v fanout85/X (sky130_fd_sc_hd__buf_4)
                                                         net85 (net)
                      0.189501    0.016029   10.278064 v _27_/A_N (sky130_fd_sc_hd__and4b_1)
     1    0.013647    0.245763    0.722344   11.000408 ^ _27_/X (sky130_fd_sc_hd__and4b_1)
                                                         net64 (net)
                      0.245765    0.001285   11.001693 ^ output64/A (sky130_fd_sc_hd__buf_12)
     1    0.191333    0.342332    0.481230   11.482924 ^ output64/X (sky130_fd_sc_hd__buf_12)
                                                         wbs_dat_o[20] (net)
                      0.342776    0.009370   11.492293 ^ wbs_dat_o[20] (out)
                                             11.492293   data arrival time

                                 25.000000   25.000000   clock clk (rise edge)
                                  4.650000   29.650000   clock network delay (propagated)
                                 -0.100000   29.549999   clock uncertainty
                                  0.000000   29.549999   clock reconvergence pessimism
                                 -3.620000   25.929998   output external delay
                                             25.929998   data required time
---------------------------------------------------------------------------------------------
                                             25.929998   data required time
                                            -11.492293   data arrival time
---------------------------------------------------------------------------------------------
                                             14.437705   slack (MET)


Startpoint: wbs_we_i (input port clocked by clk)
Endpoint: wbs_dat_o[22] (output port clocked by clk)
Path Group: clk
Path Type: max

Fanout         Cap        Slew       Delay        Time   Description
---------------------------------------------------------------------------------------------
                                  0.000000    0.000000   clock clk (rise edge)
                                  5.570000    5.570000   clock network delay (propagated)
                                  3.740000    9.310000 v input external delay
     1    0.003813    0.140000    0.000000    9.310000 v wbs_we_i (in)
                                                         wbs_we_i (net)
                      0.140186    0.000098    9.310098 v input50/A (sky130_fd_sc_hd__buf_2)
     5    0.057008    0.259217    0.466067    9.776165 v input50/X (sky130_fd_sc_hd__buf_2)
                                                         net50 (net)
                      0.259389    0.006508    9.782673 v fanout85/A (sky130_fd_sc_hd__buf_4)
    15    0.075114    0.187476    0.479362   10.262035 v fanout85/X (sky130_fd_sc_hd__buf_4)
                                                         net85 (net)
                      0.189768    0.017072   10.279107 v _29_/A_N (sky130_fd_sc_hd__and4b_1)
     1    0.012843    0.235636    0.712873   10.991981 ^ _29_/X (sky130_fd_sc_hd__and4b_1)
                                                         net66 (net)
                      0.235637    0.001148   10.993128 ^ output66/A (sky130_fd_sc_hd__buf_12)
     1    0.192893    0.353139    0.483542   11.476669 ^ output66/X (sky130_fd_sc_hd__buf_12)
                                                         wbs_dat_o[22] (net)
                      0.353618    0.011267   11.487936 ^ wbs_dat_o[22] (out)
                                             11.487936   data arrival time

                                 25.000000   25.000000   clock clk (rise edge)
                                  4.650000   29.650000   clock network delay (propagated)
                                 -0.100000   29.549999   clock uncertainty
                                  0.000000   29.549999   clock reconvergence pessimism
                                 -3.620000   25.929998   output external delay
                                             25.929998   data required time
---------------------------------------------------------------------------------------------
                                             25.929998   data required time
                                            -11.487936   data arrival time
---------------------------------------------------------------------------------------------
                                             14.442062   slack (MET)


Startpoint: wbs_dat_i[0] (input port clocked by clk)
Endpoint: i_sram (rising edge-triggered flip-flop clocked by clk)
Path Group: clk
Path Type: max

Fanout         Cap        Slew       Delay        Time   Description
---------------------------------------------------------------------------------------------
                                  0.000000    0.000000   clock clk (rise edge)
                                  5.570000    5.570000   clock network delay (propagated)
                                  4.610000   10.180000 v input external delay
     1    0.002662    0.840000    0.000000   10.180000 v wbs_dat_i[0] (in)
                                                         wbs_dat_i[0] (net)
                      0.840145    0.000076   10.180077 v hold125/A (sky130_fd_sc_hd__dlygate4sd3_1)
     1    0.002793    0.106050    1.549783   11.729860 v hold125/X (sky130_fd_sc_hd__dlygate4sd3_1)
                                                         net223 (net)
                      0.106050    0.000213   11.730073 v hold15/A (sky130_fd_sc_hd__dlygate4sd3_1)
     1    0.004269    0.122502    1.223467   12.953540 v hold15/X (sky130_fd_sc_hd__dlygate4sd3_1)
                                                         net113 (net)
                      0.122502    0.000278   12.953818 v input13/A (sky130_fd_sc_hd__buf_4)
     1    0.022494    0.083968    0.322035   13.275853 v input13/X (sky130_fd_sc_hd__buf_4)
                                                         net13 (net)
                      0.084068    0.002717   13.278570 v hold16/A (sky130_fd_sc_hd__dlygate4sd3_1)
     1    0.081017    0.751413    1.803834   15.082403 v hold16/X (sky130_fd_sc_hd__dlygate4sd3_1)
                                                         net114 (net)
                      0.752583    0.027596   15.109999 v i_sram/DI[0] (CF_SRAM_1024x32)
                                             15.109999   data arrival time

                                 25.000000   25.000000   clock clk (rise edge)
                                  4.650000   29.650000   clock source latency
     1    0.057273    0.610000    0.000000   29.650000 ^ wb_clk_i (in)
                                                         wb_clk_i (net)
                      0.633517    0.011172   29.661171 ^ clkbuf_0_wb_clk_i/A (sky130_fd_sc_hd__clkbuf_16)
     2    0.068881    0.138494    0.490182   30.151352 ^ clkbuf_0_wb_clk_i/X (sky130_fd_sc_hd__clkbuf_16)
                                                         clknet_0_wb_clk_i (net)
                      0.138944    0.003730   30.155083 ^ clkbuf_1_1__f_wb_clk_i/A (sky130_fd_sc_hd__clkbuf_16)
     1    0.137055    0.232415    0.354827   30.509911 ^ clkbuf_1_1__f_wb_clk_i/X (sky130_fd_sc_hd__clkbuf_16)
                                                         clknet_1_1__leaf_wb_clk_i (net)
                      0.235472    0.020325   30.530235 ^ i_sram/CLKin (CF_SRAM_1024x32)
                                 -0.100000   30.430237   clock uncertainty
                                  0.000000   30.430237   clock reconvergence pessimism
                                 -0.778266   29.651970   library setup time
                                             29.651970   data required time
---------------------------------------------------------------------------------------------
                                             29.651970   data required time
                                            -15.109999   data arrival time
---------------------------------------------------------------------------------------------
                                             14.541971   slack (MET)


Startpoint: wbs_dat_i[5] (input port clocked by clk)
Endpoint: i_sram (rising edge-triggered flip-flop clocked by clk)
Path Group: clk
Path Type: max

Fanout         Cap        Slew       Delay        Time   Description
---------------------------------------------------------------------------------------------
                                  0.000000    0.000000   clock clk (rise edge)
                                  5.570000    5.570000   clock network delay (propagated)
                                  4.610000   10.180000 v input external delay
     1    0.003702    0.840000    0.000000   10.180000 v wbs_dat_i[5] (in)
                                                         wbs_dat_i[5] (net)
                      0.840167    0.000088   10.180088 v hold108/A (sky130_fd_sc_hd__dlygate4sd3_1)
     1    0.004809    0.126854    1.583038   11.763126 v hold108/X (sky130_fd_sc_hd__dlygate4sd3_1)
                                                         net206 (net)
                      0.126854    0.000189   11.763315 v hold37/A (sky130_fd_sc_hd__dlygate4sd3_1)
     1    0.006978    0.146480    1.267220   13.030536 v hold37/X (sky130_fd_sc_hd__dlygate4sd3_1)
                                                         net135 (net)
                      0.146480    0.000449   13.030985 v input40/A (sky130_fd_sc_hd__clkbuf_4)
     1    0.017577    0.089566    0.329984   13.360969 v input40/X (sky130_fd_sc_hd__clkbuf_4)
                                                         net40 (net)
                      0.089594    0.001600   13.362568 v hold38/A (sky130_fd_sc_hd__dlygate4sd3_1)
     1    0.070912    0.666785    1.742242   15.104811 v hold38/X (sky130_fd_sc_hd__dlygate4sd3_1)
                                                         net136 (net)
                      0.667424    0.019471   15.124281 v i_sram/DI[5] (CF_SRAM_1024x32)
                                             15.124281   data arrival time

                                 25.000000   25.000000   clock clk (rise edge)
                                  4.650000   29.650000   clock source latency
     1    0.057273    0.610000    0.000000   29.650000 ^ wb_clk_i (in)
                                                         wb_clk_i (net)
                      0.633517    0.011172   29.661171 ^ clkbuf_0_wb_clk_i/A (sky130_fd_sc_hd__clkbuf_16)
     2    0.068881    0.138494    0.490182   30.151352 ^ clkbuf_0_wb_clk_i/X (sky130_fd_sc_hd__clkbuf_16)
                                                         clknet_0_wb_clk_i (net)
                      0.138944    0.003730   30.155083 ^ clkbuf_1_1__f_wb_clk_i/A (sky130_fd_sc_hd__clkbuf_16)
     1    0.137055    0.232415    0.354827   30.509911 ^ clkbuf_1_1__f_wb_clk_i/X (sky130_fd_sc_hd__clkbuf_16)
                                                         clknet_1_1__leaf_wb_clk_i (net)
                      0.235472    0.020325   30.530235 ^ i_sram/CLKin (CF_SRAM_1024x32)
                                 -0.100000   30.430237   clock uncertainty
                                  0.000000   30.430237   clock reconvergence pessimism
                                 -0.756891   29.673346   library setup time
                                             29.673346   data required time
---------------------------------------------------------------------------------------------
                                             29.673346   data required time
                                            -15.124281   data arrival time
---------------------------------------------------------------------------------------------
                                             14.549065   slack (MET)


Startpoint: wbs_dat_i[2] (input port clocked by clk)
Endpoint: i_sram (rising edge-triggered flip-flop clocked by clk)
Path Group: clk
Path Type: max

Fanout         Cap        Slew       Delay        Time   Description
---------------------------------------------------------------------------------------------
                                  0.000000    0.000000   clock clk (rise edge)
                                  5.570000    5.570000   clock network delay (propagated)
                                  4.610000   10.180000 v input external delay
     1    0.004375    0.840000    0.000000   10.180000 v wbs_dat_i[2] (in)
                                                         wbs_dat_i[2] (net)
                      0.840210    0.000110   10.180110 v hold118/A (sky130_fd_sc_hd__dlygate4sd3_1)
     1    0.004556    0.125108    1.580011   11.760121 v hold118/X (sky130_fd_sc_hd__dlygate4sd3_1)
                                                         net216 (net)
                      0.125108    0.000322   11.760444 v hold3/A (sky130_fd_sc_hd__dlygate4sd3_1)
     1    0.005178    0.130052    1.244841   13.005284 v hold3/X (sky130_fd_sc_hd__dlygate4sd3_1)
                                                         net101 (net)
                      0.130052    0.000382   13.005666 v input35/A (sky130_fd_sc_hd__buf_4)
     2    0.024154    0.084579    0.329582   13.335248 v input35/X (sky130_fd_sc_hd__buf_4)
                                                         net35 (net)
                      0.084789    0.003806   13.339054 v hold4/A (sky130_fd_sc_hd__dlygate4sd3_1)
     1    0.073517    0.688685    1.755166   15.094219 v hold4/X (sky130_fd_sc_hd__dlygate4sd3_1)
                                                         net102 (net)
                      0.689634    0.023901   15.118120 v i_sram/DI[2] (CF_SRAM_1024x32)
                                             15.118120   data arrival time

                                 25.000000   25.000000   clock clk (rise edge)
                                  4.650000   29.650000   clock source latency
     1    0.057273    0.610000    0.000000   29.650000 ^ wb_clk_i (in)
                                                         wb_clk_i (net)
                      0.633517    0.011172   29.661171 ^ clkbuf_0_wb_clk_i/A (sky130_fd_sc_hd__clkbuf_16)
     2    0.068881    0.138494    0.490182   30.151352 ^ clkbuf_0_wb_clk_i/X (sky130_fd_sc_hd__clkbuf_16)
                                                         clknet_0_wb_clk_i (net)
                      0.138944    0.003730   30.155083 ^ clkbuf_1_1__f_wb_clk_i/A (sky130_fd_sc_hd__clkbuf_16)
     1    0.137055    0.232415    0.354827   30.509911 ^ clkbuf_1_1__f_wb_clk_i/X (sky130_fd_sc_hd__clkbuf_16)
                                                         clknet_1_1__leaf_wb_clk_i (net)
                      0.235472    0.020325   30.530235 ^ i_sram/CLKin (CF_SRAM_1024x32)
                                 -0.100000   30.430237   clock uncertainty
                                  0.000000   30.430237   clock reconvergence pessimism
                                 -0.762466   29.667770   library setup time
                                             29.667770   data required time
---------------------------------------------------------------------------------------------
                                             29.667770   data required time
                                            -15.118120   data arrival time
---------------------------------------------------------------------------------------------
                                             14.549651   slack (MET)


Startpoint: wbs_dat_i[3] (input port clocked by clk)
Endpoint: i_sram (rising edge-triggered flip-flop clocked by clk)
Path Group: clk
Path Type: max

Fanout         Cap        Slew       Delay        Time   Description
---------------------------------------------------------------------------------------------
                                  0.000000    0.000000   clock clk (rise edge)
                                  5.570000    5.570000   clock network delay (propagated)
                                  4.610000   10.180000 v input external delay
     1    0.006136    0.840000    0.000000   10.180000 v wbs_dat_i[3] (in)
                                                         wbs_dat_i[3] (net)
                      0.840542    0.000285   10.180285 v hold119/A (sky130_fd_sc_hd__dlygate4sd3_1)
     1    0.005153    0.129255    1.587211   11.767497 v hold119/X (sky130_fd_sc_hd__dlygate4sd3_1)
                                                         net217 (net)
                      0.129255    0.000357   11.767854 v hold65/A (sky130_fd_sc_hd__dlygate4sd3_1)
     1    0.003119    0.108570    1.214930   12.982784 v hold65/X (sky130_fd_sc_hd__dlygate4sd3_1)
                                                         net163 (net)
                      0.108570    0.000137   12.982921 v input38/A (sky130_fd_sc_hd__clkbuf_4)
     2    0.023538    0.105888    0.330767   13.313687 v input38/X (sky130_fd_sc_hd__clkbuf_4)
                                                         net38 (net)
                      0.105990    0.003066   13.316753 v hold66/A (sky130_fd_sc_hd__dlygate4sd3_1)
     1    0.073816    0.691130    1.768943   15.085696 v hold66/X (sky130_fd_sc_hd__dlygate4sd3_1)
                                                         net164 (net)
                      0.691953    0.022386   15.108083 v i_sram/DI[3] (CF_SRAM_1024x32)
                                             15.108083   data arrival time

                                 25.000000   25.000000   clock clk (rise edge)
                                  4.650000   29.650000   clock source latency
     1    0.057273    0.610000    0.000000   29.650000 ^ wb_clk_i (in)
                                                         wb_clk_i (net)
                      0.633517    0.011172   29.661171 ^ clkbuf_0_wb_clk_i/A (sky130_fd_sc_hd__clkbuf_16)
     2    0.068881    0.138494    0.490182   30.151352 ^ clkbuf_0_wb_clk_i/X (sky130_fd_sc_hd__clkbuf_16)
                                                         clknet_0_wb_clk_i (net)
                      0.138944    0.003730   30.155083 ^ clkbuf_1_1__f_wb_clk_i/A (sky130_fd_sc_hd__clkbuf_16)
     1    0.137055    0.232415    0.354827   30.509911 ^ clkbuf_1_1__f_wb_clk_i/X (sky130_fd_sc_hd__clkbuf_16)
                                                         clknet_1_1__leaf_wb_clk_i (net)
                      0.235472    0.020325   30.530235 ^ i_sram/CLKin (CF_SRAM_1024x32)
                                 -0.100000   30.430237   clock uncertainty
                                  0.000000   30.430237   clock reconvergence pessimism
                                 -0.763048   29.667189   library setup time
                                             29.667189   data required time
---------------------------------------------------------------------------------------------
                                             29.667189   data required time
                                            -15.108083   data arrival time
---------------------------------------------------------------------------------------------
                                             14.559106   slack (MET)


Startpoint: wbs_dat_i[25] (input port clocked by clk)
Endpoint: i_sram (rising edge-triggered flip-flop clocked by clk)
Path Group: clk
Path Type: max

Fanout         Cap        Slew       Delay        Time   Description
---------------------------------------------------------------------------------------------
                                  0.000000    0.000000   clock clk (rise edge)
                                  5.570000    5.570000   clock network delay (propagated)
                                  4.610000   10.180000 v input external delay
     1    0.005590    0.840000    0.000000   10.180000 v wbs_dat_i[25] (in)
                                                         wbs_dat_i[25] (net)
                      0.840260    0.000137   10.180137 v hold120/A (sky130_fd_sc_hd__dlygate4sd3_1)
     1    0.004300    0.122540    1.576394   11.756531 v hold120/X (sky130_fd_sc_hd__dlygate4sd3_1)
                                                         net218 (net)
                      0.122540    0.000297   11.756828 v hold73/A (sky130_fd_sc_hd__dlygate4sd3_1)
     1    0.006253    0.140068    1.256362   13.013190 v hold73/X (sky130_fd_sc_hd__dlygate4sd3_1)
                                                         net171 (net)
                      0.140068    0.000434   13.013624 v input30/A (sky130_fd_sc_hd__clkbuf_4)
     1    0.037810    0.151118    0.381413   13.395038 v input30/X (sky130_fd_sc_hd__clkbuf_4)
                                                         net30 (net)
                      0.151788    0.007891   13.402928 v hold74/A (sky130_fd_sc_hd__dlygate4sd3_1)
     1    0.052591    0.514118    1.653405   15.056334 v hold74/X (sky130_fd_sc_hd__dlygate4sd3_1)
                                                         net172 (net)
                      0.514394    0.011569   15.067903 v i_sram/DI[25] (CF_SRAM_1024x32)
                                             15.067903   data arrival time

                                 25.000000   25.000000   clock clk (rise edge)
                                  4.650000   29.650000   clock source latency
     1    0.057273    0.610000    0.000000   29.650000 ^ wb_clk_i (in)
                                                         wb_clk_i (net)
                      0.633517    0.011172   29.661171 ^ clkbuf_0_wb_clk_i/A (sky130_fd_sc_hd__clkbuf_16)
     2    0.068881    0.138494    0.490182   30.151352 ^ clkbuf_0_wb_clk_i/X (sky130_fd_sc_hd__clkbuf_16)
                                                         clknet_0_wb_clk_i (net)
                      0.138944    0.003730   30.155083 ^ clkbuf_1_1__f_wb_clk_i/A (sky130_fd_sc_hd__clkbuf_16)
     1    0.137055    0.232415    0.354827   30.509911 ^ clkbuf_1_1__f_wb_clk_i/X (sky130_fd_sc_hd__clkbuf_16)
                                                         clknet_1_1__leaf_wb_clk_i (net)
                      0.235472    0.020325   30.530235 ^ i_sram/CLKin (CF_SRAM_1024x32)
                                 -0.100000   30.430237   clock uncertainty
                                  0.000000   30.430237   clock reconvergence pessimism
                                 -0.718480   29.711758   library setup time
                                             29.711758   data required time
---------------------------------------------------------------------------------------------
                                             29.711758   data required time
                                            -15.067903   data arrival time
---------------------------------------------------------------------------------------------
                                             14.643854   slack (MET)


Startpoint: wbs_dat_i[1] (input port clocked by clk)
Endpoint: i_sram (rising edge-triggered flip-flop clocked by clk)
Path Group: clk
Path Type: max

Fanout         Cap        Slew       Delay        Time   Description
---------------------------------------------------------------------------------------------
                                  0.000000    0.000000   clock clk (rise edge)
                                  5.570000    5.570000   clock network delay (propagated)
                                  4.610000   10.180000 v input external delay
     1    0.004005    0.840000    0.000000   10.180000 v wbs_dat_i[1] (in)
                                                         wbs_dat_i[1] (net)
                      0.840186    0.000098   10.180098 v hold122/A (sky130_fd_sc_hd__dlygate4sd3_1)
     1    0.001968    0.099527    1.535272   11.715369 v hold122/X (sky130_fd_sc_hd__dlygate4sd3_1)
                                                         net220 (net)
                      0.099527    0.000095   11.715465 v hold9/A (sky130_fd_sc_hd__dlygate4sd3_1)
     1    0.003280    0.109874    1.202564   12.918029 v hold9/X (sky130_fd_sc_hd__dlygate4sd3_1)
                                                         net107 (net)
                      0.109874    0.000227   12.918256 v input24/A (sky130_fd_sc_hd__buf_4)
     1    0.015815    0.067935    0.298381   13.216637 v input24/X (sky130_fd_sc_hd__buf_4)
                                                         net24 (net)
                      0.068014    0.002172   13.218808 v hold10/A (sky130_fd_sc_hd__dlygate4sd3_1)
     1    0.074010    0.692754    1.750595   14.969404 v hold10/X (sky130_fd_sc_hd__dlygate4sd3_1)
                                                         net108 (net)
                      0.693594    0.022590   14.991994 v i_sram/DI[1] (CF_SRAM_1024x32)
                                             14.991994   data arrival time

                                 25.000000   25.000000   clock clk (rise edge)
                                  4.650000   29.650000   clock source latency
     1    0.057273    0.610000    0.000000   29.650000 ^ wb_clk_i (in)
                                                         wb_clk_i (net)
                      0.633517    0.011172   29.661171 ^ clkbuf_0_wb_clk_i/A (sky130_fd_sc_hd__clkbuf_16)
     2    0.068881    0.138494    0.490182   30.151352 ^ clkbuf_0_wb_clk_i/X (sky130_fd_sc_hd__clkbuf_16)
                                                         clknet_0_wb_clk_i (net)
                      0.138944    0.003730   30.155083 ^ clkbuf_1_1__f_wb_clk_i/A (sky130_fd_sc_hd__clkbuf_16)
     1    0.137055    0.232415    0.354827   30.509911 ^ clkbuf_1_1__f_wb_clk_i/X (sky130_fd_sc_hd__clkbuf_16)
                                                         clknet_1_1__leaf_wb_clk_i (net)
                      0.235472    0.020325   30.530235 ^ i_sram/CLKin (CF_SRAM_1024x32)
                                 -0.100000   30.430237   clock uncertainty
                                  0.000000   30.430237   clock reconvergence pessimism
                                 -0.763460   29.666777   library setup time
                                             29.666777   data required time
---------------------------------------------------------------------------------------------
                                             29.666777   data required time
                                            -14.991994   data arrival time
---------------------------------------------------------------------------------------------
                                             14.674783   slack (MET)


Startpoint: wbs_dat_i[21] (input port clocked by clk)
Endpoint: i_sram (rising edge-triggered flip-flop clocked by clk)
Path Group: clk
Path Type: max

Fanout         Cap        Slew       Delay        Time   Description
---------------------------------------------------------------------------------------------
                                  0.000000    0.000000   clock clk (rise edge)
                                  5.570000    5.570000   clock network delay (propagated)
                                  4.610000   10.180000 v input external delay
     1    0.002970    0.840000    0.000000   10.180000 v wbs_dat_i[21] (in)
                                                         wbs_dat_i[21] (net)
                      0.840165    0.000086   10.180086 v hold114/A (sky130_fd_sc_hd__dlygate4sd3_1)
     1    0.003361    0.110811    1.559775   11.739861 v hold114/X (sky130_fd_sc_hd__dlygate4sd3_1)
                                                         net212 (net)
                      0.110811    0.000271   11.740132 v hold55/A (sky130_fd_sc_hd__dlygate4sd3_1)
     1    0.004045    0.119238    1.221895   12.962029 v hold55/X (sky130_fd_sc_hd__dlygate4sd3_1)
                                                         net153 (net)
                      0.119238    0.000300   12.962329 v input26/A (sky130_fd_sc_hd__clkbuf_4)
     1    0.039354    0.155875    0.375815   13.338143 v input26/X (sky130_fd_sc_hd__clkbuf_4)
                                                         net26 (net)
                      0.156560    0.008044   13.346188 v hold56/A (sky130_fd_sc_hd__dlygate4sd3_1)
     1    0.048792    0.482550    1.631034   14.977221 v hold56/X (sky130_fd_sc_hd__dlygate4sd3_1)
                                                         net154 (net)
                      0.482758    0.009845   14.987066 v i_sram/DI[21] (CF_SRAM_1024x32)
                                             14.987066   data arrival time

                                 25.000000   25.000000   clock clk (rise edge)
                                  4.650000   29.650000   clock source latency
     1    0.057273    0.610000    0.000000   29.650000 ^ wb_clk_i (in)
                                                         wb_clk_i (net)
                      0.633517    0.011172   29.661171 ^ clkbuf_0_wb_clk_i/A (sky130_fd_sc_hd__clkbuf_16)
     2    0.068881    0.138494    0.490182   30.151352 ^ clkbuf_0_wb_clk_i/X (sky130_fd_sc_hd__clkbuf_16)
                                                         clknet_0_wb_clk_i (net)
                      0.138944    0.003730   30.155083 ^ clkbuf_1_1__f_wb_clk_i/A (sky130_fd_sc_hd__clkbuf_16)
     1    0.137055    0.232415    0.354827   30.509911 ^ clkbuf_1_1__f_wb_clk_i/X (sky130_fd_sc_hd__clkbuf_16)
                                                         clknet_1_1__leaf_wb_clk_i (net)
                      0.235472    0.020325   30.530235 ^ i_sram/CLKin (CF_SRAM_1024x32)
                                 -0.100000   30.430237   clock uncertainty
                                  0.000000   30.430237   clock reconvergence pessimism
                                 -0.709048   29.721188   library setup time
                                             29.721188   data required time
---------------------------------------------------------------------------------------------
                                             29.721188   data required time
                                            -14.987066   data arrival time
---------------------------------------------------------------------------------------------
                                             14.734122   slack (MET)


Startpoint: wbs_dat_i[22] (input port clocked by clk)
Endpoint: i_sram (rising edge-triggered flip-flop clocked by clk)
Path Group: clk
Path Type: max

Fanout         Cap        Slew       Delay        Time   Description
---------------------------------------------------------------------------------------------
                                  0.000000    0.000000   clock clk (rise edge)
                                  5.570000    5.570000   clock network delay (propagated)
                                  4.610000   10.180000 v input external delay
     1    0.003817    0.840000    0.000000   10.180000 v wbs_dat_i[22] (in)
                                                         wbs_dat_i[22] (net)
                      0.840171    0.000090   10.180090 v hold112/A (sky130_fd_sc_hd__dlygate4sd3_1)
     1    0.002607    0.104735    1.546543   11.726632 v hold112/X (sky130_fd_sc_hd__dlygate4sd3_1)
                                                         net210 (net)
                      0.104735    0.000112   11.726745 v hold57/A (sky130_fd_sc_hd__dlygate4sd3_1)
     1    0.003452    0.113239    1.208279   12.935023 v hold57/X (sky130_fd_sc_hd__dlygate4sd3_1)
                                                         net155 (net)
                      0.113239    0.000222   12.935246 v input27/A (sky130_fd_sc_hd__clkbuf_4)
     1    0.040452    0.159556    0.374313   13.309558 v input27/X (sky130_fd_sc_hd__clkbuf_4)
                                                         net27 (net)
                      0.160630    0.010431   13.319989 v hold58/A (sky130_fd_sc_hd__dlygate4sd3_1)
     1    0.050458    0.496385    1.643969   14.963958 v hold58/X (sky130_fd_sc_hd__dlygate4sd3_1)
                                                         net156 (net)
                      0.496618    0.010504   14.974462 v i_sram/DI[22] (CF_SRAM_1024x32)
                                             14.974462   data arrival time

                                 25.000000   25.000000   clock clk (rise edge)
                                  4.650000   29.650000   clock source latency
     1    0.057273    0.610000    0.000000   29.650000 ^ wb_clk_i (in)
                                                         wb_clk_i (net)
                      0.633517    0.011172   29.661171 ^ clkbuf_0_wb_clk_i/A (sky130_fd_sc_hd__clkbuf_16)
     2    0.068881    0.138494    0.490182   30.151352 ^ clkbuf_0_wb_clk_i/X (sky130_fd_sc_hd__clkbuf_16)
                                                         clknet_0_wb_clk_i (net)
                      0.138944    0.003730   30.155083 ^ clkbuf_1_1__f_wb_clk_i/A (sky130_fd_sc_hd__clkbuf_16)
     1    0.137055    0.232415    0.354827   30.509911 ^ clkbuf_1_1__f_wb_clk_i/X (sky130_fd_sc_hd__clkbuf_16)
                                                         clknet_1_1__leaf_wb_clk_i (net)
                      0.235472    0.020325   30.530235 ^ i_sram/CLKin (CF_SRAM_1024x32)
                                 -0.100000   30.430237   clock uncertainty
                                  0.000000   30.430237   clock reconvergence pessimism
                                 -0.713726   29.716511   library setup time
                                             29.716511   data required time
---------------------------------------------------------------------------------------------
                                             29.716511   data required time
                                            -14.974462   data arrival time
---------------------------------------------------------------------------------------------
                                             14.742050   slack (MET)


Startpoint: wbs_dat_i[16] (input port clocked by clk)
Endpoint: i_sram (rising edge-triggered flip-flop clocked by clk)
Path Group: clk
Path Type: max

Fanout         Cap        Slew       Delay        Time   Description
---------------------------------------------------------------------------------------------
                                  0.000000    0.000000   clock clk (rise edge)
                                  5.570000    5.570000   clock network delay (propagated)
                                  4.610000   10.180000 v input external delay
     1    0.002693    0.840000    0.000000   10.180000 v wbs_dat_i[16] (in)
                                                         wbs_dat_i[16] (net)
                      0.840142    0.000075   10.180075 v hold113/A (sky130_fd_sc_hd__dlygate4sd3_1)
     1    0.003825    0.116054    1.567954   11.748029 v hold113/X (sky130_fd_sc_hd__dlygate4sd3_1)
                                                         net211 (net)
                      0.116054    0.000294   11.748322 v hold49/A (sky130_fd_sc_hd__dlygate4sd3_1)
     1    0.003964    0.118191    1.223180   12.971502 v hold49/X (sky130_fd_sc_hd__dlygate4sd3_1)
                                                         net147 (net)
                      0.118191    0.000250   12.971752 v input20/A (sky130_fd_sc_hd__clkbuf_4)
     1    0.043508    0.169280    0.385300   13.357052 v input20/X (sky130_fd_sc_hd__clkbuf_4)
                                                         net20 (net)
                      0.170178    0.009883   13.366935 v hold50/A (sky130_fd_sc_hd__dlygate4sd3_1)
     1    0.044542    0.447302    1.610237   14.977172 v hold50/X (sky130_fd_sc_hd__dlygate4sd3_1)
                                                         net148 (net)
                      0.447442    0.007917   14.985089 v i_sram/DI[16] (CF_SRAM_1024x32)
                                             14.985089   data arrival time

                                 25.000000   25.000000   clock clk (rise edge)
                                  4.650000   29.650000   clock source latency
     1    0.057273    0.610000    0.000000   29.650000 ^ wb_clk_i (in)
                                                         wb_clk_i (net)
                      0.633517    0.011172   29.661171 ^ clkbuf_0_wb_clk_i/A (sky130_fd_sc_hd__clkbuf_16)
     2    0.068881    0.138494    0.490182   30.151352 ^ clkbuf_0_wb_clk_i/X (sky130_fd_sc_hd__clkbuf_16)
                                                         clknet_0_wb_clk_i (net)
                      0.138944    0.003730   30.155083 ^ clkbuf_1_1__f_wb_clk_i/A (sky130_fd_sc_hd__clkbuf_16)
     1    0.137055    0.232415    0.354827   30.509911 ^ clkbuf_1_1__f_wb_clk_i/X (sky130_fd_sc_hd__clkbuf_16)
                                                         clknet_1_1__leaf_wb_clk_i (net)
                      0.235472    0.020325   30.530235 ^ i_sram/CLKin (CF_SRAM_1024x32)
                                 -0.100000   30.430237   clock uncertainty
                                  0.000000   30.430237   clock reconvergence pessimism
                                 -0.697129   29.733107   library setup time
                                             29.733107   data required time
---------------------------------------------------------------------------------------------
                                             29.733107   data required time
                                            -14.985089   data arrival time
---------------------------------------------------------------------------------------------
                                             14.748018   slack (MET)


Startpoint: wbs_dat_i[7] (input port clocked by clk)
Endpoint: i_sram (rising edge-triggered flip-flop clocked by clk)
Path Group: clk
Path Type: max

Fanout         Cap        Slew       Delay        Time   Description
---------------------------------------------------------------------------------------------
                                  0.000000    0.000000   clock clk (rise edge)
                                  5.570000    5.570000   clock network delay (propagated)
                                  4.610000   10.180000 v input external delay
     1    0.003208    0.840000    0.000000   10.180000 v wbs_dat_i[7] (in)
                                                         wbs_dat_i[7] (net)
                      0.840143    0.000075   10.180076 v hold105/A (sky130_fd_sc_hd__dlygate4sd3_1)
     1    0.001772    0.097752    1.531793   11.711868 v hold105/X (sky130_fd_sc_hd__dlygate4sd3_1)
                                                         net203 (net)
                      0.097752    0.000130   11.711998 v hold31/A (sky130_fd_sc_hd__dlygate4sd3_1)
     1    0.002683    0.104609    1.191037   12.903034 v hold31/X (sky130_fd_sc_hd__dlygate4sd3_1)
                                                         net129 (net)
                      0.104609    0.000209   12.903243 v input42/A (sky130_fd_sc_hd__clkbuf_4)
     1    0.017547    0.089492    0.309046   13.212290 v input42/X (sky130_fd_sc_hd__clkbuf_4)
                                                         net42 (net)
                      0.089529    0.001805   13.214094 v hold32/A (sky130_fd_sc_hd__dlygate4sd3_1)
     1    0.063431    0.604291    1.693612   14.907705 v hold32/X (sky130_fd_sc_hd__dlygate4sd3_1)
                                                         net130 (net)
                      0.604755    0.015927   14.923633 v i_sram/DI[7] (CF_SRAM_1024x32)
                                             14.923633   data arrival time

                                 25.000000   25.000000   clock clk (rise edge)
                                  4.650000   29.650000   clock source latency
     1    0.057273    0.610000    0.000000   29.650000 ^ wb_clk_i (in)
                                                         wb_clk_i (net)
                      0.633517    0.011172   29.661171 ^ clkbuf_0_wb_clk_i/A (sky130_fd_sc_hd__clkbuf_16)
     2    0.068881    0.138494    0.490182   30.151352 ^ clkbuf_0_wb_clk_i/X (sky130_fd_sc_hd__clkbuf_16)
                                                         clknet_0_wb_clk_i (net)
                      0.138944    0.003730   30.155083 ^ clkbuf_1_1__f_wb_clk_i/A (sky130_fd_sc_hd__clkbuf_16)
     1    0.137055    0.232415    0.354827   30.509911 ^ clkbuf_1_1__f_wb_clk_i/X (sky130_fd_sc_hd__clkbuf_16)
                                                         clknet_1_1__leaf_wb_clk_i (net)
                      0.235472    0.020325   30.530235 ^ i_sram/CLKin (CF_SRAM_1024x32)
                                 -0.100000   30.430237   clock uncertainty
                                  0.000000   30.430237   clock reconvergence pessimism
                                 -0.741161   29.689075   library setup time
                                             29.689075   data required time
---------------------------------------------------------------------------------------------
                                             29.689075   data required time
                                            -14.923633   data arrival time
---------------------------------------------------------------------------------------------
                                             14.765443   slack (MET)


Startpoint: wbs_dat_i[30] (input port clocked by clk)
Endpoint: i_sram (rising edge-triggered flip-flop clocked by clk)
Path Group: clk
Path Type: max

Fanout         Cap        Slew       Delay        Time   Description
---------------------------------------------------------------------------------------------
                                  0.000000    0.000000   clock clk (rise edge)
                                  5.570000    5.570000   clock network delay (propagated)
                                  4.610000   10.180000 v input external delay
     1    0.003111    0.840000    0.000000   10.180000 v wbs_dat_i[30] (in)
                                                         wbs_dat_i[30] (net)
                      0.840184    0.000097   10.180097 v hold127/A (sky130_fd_sc_hd__dlygate4sd3_1)
     1    0.003539    0.112701    1.562967   11.743064 v hold127/X (sky130_fd_sc_hd__dlygate4sd3_1)
                                                         net225 (net)
                      0.112701    0.000209   11.743273 v hold25/A (sky130_fd_sc_hd__dlygate4sd3_1)
     1    0.002460    0.103018    1.194753   12.938025 v hold25/X (sky130_fd_sc_hd__dlygate4sd3_1)
                                                         net123 (net)
                      0.103018    0.000120   12.938145 v input36/A (sky130_fd_sc_hd__buf_4)
     1    0.041796    0.118871    0.345266   13.283411 v input36/X (sky130_fd_sc_hd__buf_4)
                                                         net36 (net)
                      0.119995    0.009622   13.293033 v hold26/A (sky130_fd_sc_hd__dlygate4sd3_1)
     1    0.052448    0.512992    1.635671   14.928704 v hold26/X (sky130_fd_sc_hd__dlygate4sd3_1)
                                                         net124 (net)
                      0.513336    0.012772   14.941476 v i_sram/DI[30] (CF_SRAM_1024x32)
                                             14.941476   data arrival time

                                 25.000000   25.000000   clock clk (rise edge)
                                  4.650000   29.650000   clock source latency
     1    0.057273    0.610000    0.000000   29.650000 ^ wb_clk_i (in)
                                                         wb_clk_i (net)
                      0.633517    0.011172   29.661171 ^ clkbuf_0_wb_clk_i/A (sky130_fd_sc_hd__clkbuf_16)
     2    0.068881    0.138494    0.490182   30.151352 ^ clkbuf_0_wb_clk_i/X (sky130_fd_sc_hd__clkbuf_16)
                                                         clknet_0_wb_clk_i (net)
                      0.138944    0.003730   30.155083 ^ clkbuf_1_1__f_wb_clk_i/A (sky130_fd_sc_hd__clkbuf_16)
     1    0.137055    0.232415    0.354827   30.509911 ^ clkbuf_1_1__f_wb_clk_i/X (sky130_fd_sc_hd__clkbuf_16)
                                                         clknet_1_1__leaf_wb_clk_i (net)
                      0.235472    0.020325   30.530235 ^ i_sram/CLKin (CF_SRAM_1024x32)
                                 -0.100000   30.430237   clock uncertainty
                                  0.000000   30.430237   clock reconvergence pessimism
                                 -0.718215   29.712023   library setup time
                                             29.712023   data required time
---------------------------------------------------------------------------------------------
                                             29.712023   data required time
                                            -14.941476   data arrival time
---------------------------------------------------------------------------------------------
                                             14.770546   slack (MET)


Startpoint: wbs_dat_i[4] (input port clocked by clk)
Endpoint: i_sram (rising edge-triggered flip-flop clocked by clk)
Path Group: clk
Path Type: max

Fanout         Cap        Slew       Delay        Time   Description
---------------------------------------------------------------------------------------------
                                  0.000000    0.000000   clock clk (rise edge)
                                  5.570000    5.570000   clock network delay (propagated)
                                  4.610000   10.180000 v input external delay
     1    0.004016    0.840000    0.000000   10.180000 v wbs_dat_i[4] (in)
                                                         wbs_dat_i[4] (net)
                      0.840183    0.000096   10.180097 v hold115/A (sky130_fd_sc_hd__dlygate4sd3_1)
     1    0.001660    0.096727    1.529847   11.709943 v hold115/X (sky130_fd_sc_hd__dlygate4sd3_1)
                                                         net213 (net)
                      0.096727    0.000080   11.710023 v hold47/A (sky130_fd_sc_hd__dlygate4sd3_1)
     1    0.003330    0.110340    1.202020   12.912043 v hold47/X (sky130_fd_sc_hd__dlygate4sd3_1)
                                                         net145 (net)
                      0.111826    0.000226   12.912268 v input39/A (sky130_fd_sc_hd__clkbuf_4)
     2    0.018337    0.092163    0.314642   13.226910 v input39/X (sky130_fd_sc_hd__clkbuf_4)
                                                         net39 (net)
                      0.092262    0.002857   13.229767 v hold48/A (sky130_fd_sc_hd__dlygate4sd3_1)
     1    0.060758    0.582152    1.676077   14.905844 v hold48/X (sky130_fd_sc_hd__dlygate4sd3_1)
                                                         net146 (net)
                      0.582695    0.016843   14.922688 v i_sram/DI[4] (CF_SRAM_1024x32)
                                             14.922688   data arrival time

                                 25.000000   25.000000   clock clk (rise edge)
                                  4.650000   29.650000   clock source latency
     1    0.057273    0.610000    0.000000   29.650000 ^ wb_clk_i (in)
                                                         wb_clk_i (net)
                      0.633517    0.011172   29.661171 ^ clkbuf_0_wb_clk_i/A (sky130_fd_sc_hd__clkbuf_16)
     2    0.068881    0.138494    0.490182   30.151352 ^ clkbuf_0_wb_clk_i/X (sky130_fd_sc_hd__clkbuf_16)
                                                         clknet_0_wb_clk_i (net)
                      0.138944    0.003730   30.155083 ^ clkbuf_1_1__f_wb_clk_i/A (sky130_fd_sc_hd__clkbuf_16)
     1    0.137055    0.232415    0.354827   30.509911 ^ clkbuf_1_1__f_wb_clk_i/X (sky130_fd_sc_hd__clkbuf_16)
                                                         clknet_1_1__leaf_wb_clk_i (net)
                      0.235472    0.020325   30.530235 ^ i_sram/CLKin (CF_SRAM_1024x32)
                                 -0.100000   30.430237   clock uncertainty
                                  0.000000   30.430237   clock reconvergence pessimism
                                 -0.735624   29.694614   library setup time
                                             29.694614   data required time
---------------------------------------------------------------------------------------------
                                             29.694614   data required time
                                            -14.922688   data arrival time
---------------------------------------------------------------------------------------------
                                             14.771926   slack (MET)


Startpoint: wbs_dat_i[27] (input port clocked by clk)
Endpoint: i_sram (rising edge-triggered flip-flop clocked by clk)
Path Group: clk
Path Type: max

Fanout         Cap        Slew       Delay        Time   Description
---------------------------------------------------------------------------------------------
                                  0.000000    0.000000   clock clk (rise edge)
                                  5.570000    5.570000   clock network delay (propagated)
                                  4.610000   10.180000 v input external delay
     1    0.003873    0.840000    0.000000   10.180000 v wbs_dat_i[27] (in)
                                                         wbs_dat_i[27] (net)
                      0.840186    0.000098   10.180098 v hold121/A (sky130_fd_sc_hd__dlygate4sd3_1)
     1    0.002757    0.105787    1.549184   11.729281 v hold121/X (sky130_fd_sc_hd__dlygate4sd3_1)
                                                         net219 (net)
                      0.105787    0.000174   11.729456 v hold7/A (sky130_fd_sc_hd__dlygate4sd3_1)
     1    0.003668    0.114278    1.212621   12.942077 v hold7/X (sky130_fd_sc_hd__dlygate4sd3_1)
                                                         net105 (net)
                      0.114278    0.000290   12.942368 v input32/A (sky130_fd_sc_hd__buf_4)
     1    0.038301    0.111701    0.345408   13.287776 v input32/X (sky130_fd_sc_hd__buf_4)
                                                         net32 (net)
                      0.112699    0.008195   13.295971 v hold8/A (sky130_fd_sc_hd__dlygate4sd3_1)
     1    0.051773    0.507380    1.627690   14.923661 v hold8/X (sky130_fd_sc_hd__dlygate4sd3_1)
                                                         net106 (net)
                      0.507682    0.011980   14.935640 v i_sram/DI[27] (CF_SRAM_1024x32)
                                             14.935640   data arrival time

                                 25.000000   25.000000   clock clk (rise edge)
                                  4.650000   29.650000   clock source latency
     1    0.057273    0.610000    0.000000   29.650000 ^ wb_clk_i (in)
                                                         wb_clk_i (net)
                      0.633517    0.011172   29.661171 ^ clkbuf_0_wb_clk_i/A (sky130_fd_sc_hd__clkbuf_16)
     2    0.068881    0.138494    0.490182   30.151352 ^ clkbuf_0_wb_clk_i/X (sky130_fd_sc_hd__clkbuf_16)
                                                         clknet_0_wb_clk_i (net)
                      0.138944    0.003730   30.155083 ^ clkbuf_1_1__f_wb_clk_i/A (sky130_fd_sc_hd__clkbuf_16)
     1    0.137055    0.232415    0.354827   30.509911 ^ clkbuf_1_1__f_wb_clk_i/X (sky130_fd_sc_hd__clkbuf_16)
                                                         clknet_1_1__leaf_wb_clk_i (net)
                      0.235472    0.020325   30.530235 ^ i_sram/CLKin (CF_SRAM_1024x32)
                                 -0.100000   30.430237   clock uncertainty
                                  0.000000   30.430237   clock reconvergence pessimism
                                 -0.716796   29.713442   library setup time
                                             29.713442   data required time
---------------------------------------------------------------------------------------------
                                             29.713442   data required time
                                            -14.935640   data arrival time
---------------------------------------------------------------------------------------------
                                             14.777801   slack (MET)


Startpoint: wbs_dat_i[23] (input port clocked by clk)
Endpoint: i_sram (rising edge-triggered flip-flop clocked by clk)
Path Group: clk
Path Type: max

Fanout         Cap        Slew       Delay        Time   Description
---------------------------------------------------------------------------------------------
                                  0.000000    0.000000   clock clk (rise edge)
                                  5.570000    5.570000   clock network delay (propagated)
                                  4.610000   10.180000 v input external delay
     1    0.003222    0.840000    0.000000   10.180000 v wbs_dat_i[23] (in)
                                                         wbs_dat_i[23] (net)
                      0.840185    0.000097   10.180097 v hold116/A (sky130_fd_sc_hd__dlygate4sd3_1)
     1    0.002602    0.104682    1.546446   11.726542 v hold116/X (sky130_fd_sc_hd__dlygate4sd3_1)
                                                         net214 (net)
                      0.104682    0.000181   11.726724 v hold59/A (sky130_fd_sc_hd__dlygate4sd3_1)
     1    0.002158    0.100404    1.185289   12.912013 v hold59/X (sky130_fd_sc_hd__dlygate4sd3_1)
                                                         net157 (net)
                      0.100404    0.000106   12.912119 v input28/A (sky130_fd_sc_hd__clkbuf_4)
     1    0.038539    0.153391    0.363595   13.275713 v input28/X (sky130_fd_sc_hd__clkbuf_4)
                                                         net28 (net)
                      0.154195    0.008757   13.284470 v hold60/A (sky130_fd_sc_hd__dlygate4sd3_1)
     1    0.050377    0.495719    1.640093   14.924563 v hold60/X (sky130_fd_sc_hd__dlygate4sd3_1)
                                                         net158 (net)
                      0.495960    0.010667   14.935230 v i_sram/DI[23] (CF_SRAM_1024x32)
                                             14.935230   data arrival time

                                 25.000000   25.000000   clock clk (rise edge)
                                  4.650000   29.650000   clock source latency
     1    0.057273    0.610000    0.000000   29.650000 ^ wb_clk_i (in)
                                                         wb_clk_i (net)
                      0.633517    0.011172   29.661171 ^ clkbuf_0_wb_clk_i/A (sky130_fd_sc_hd__clkbuf_16)
     2    0.068881    0.138494    0.490182   30.151352 ^ clkbuf_0_wb_clk_i/X (sky130_fd_sc_hd__clkbuf_16)
                                                         clknet_0_wb_clk_i (net)
                      0.138944    0.003730   30.155083 ^ clkbuf_1_1__f_wb_clk_i/A (sky130_fd_sc_hd__clkbuf_16)
     1    0.137055    0.232415    0.354827   30.509911 ^ clkbuf_1_1__f_wb_clk_i/X (sky130_fd_sc_hd__clkbuf_16)
                                                         clknet_1_1__leaf_wb_clk_i (net)
                      0.235472    0.020325   30.530235 ^ i_sram/CLKin (CF_SRAM_1024x32)
                                 -0.100000   30.430237   clock uncertainty
                                  0.000000   30.430237   clock reconvergence pessimism
                                 -0.713504   29.716734   library setup time
                                             29.716734   data required time
---------------------------------------------------------------------------------------------
                                             29.716734   data required time
                                            -14.935230   data arrival time
---------------------------------------------------------------------------------------------
                                             14.781503   slack (MET)


Startpoint: wbs_dat_i[20] (input port clocked by clk)
Endpoint: i_sram (rising edge-triggered flip-flop clocked by clk)
Path Group: clk
Path Type: max

Fanout         Cap        Slew       Delay        Time   Description
---------------------------------------------------------------------------------------------
                                  0.000000    0.000000   clock clk (rise edge)
                                  5.570000    5.570000   clock network delay (propagated)
                                  4.610000   10.180000 v input external delay
     1    0.003397    0.840000    0.000000   10.180000 v wbs_dat_i[20] (in)
                                                         wbs_dat_i[20] (net)
                      0.840184    0.000097   10.180097 v hold109/A (sky130_fd_sc_hd__dlygate4sd3_1)
     1    0.002698    0.105359    1.548151   11.728248 v hold109/X (sky130_fd_sc_hd__dlygate4sd3_1)
                                                         net207 (net)
                      0.105359    0.000171   11.728418 v hold51/A (sky130_fd_sc_hd__dlygate4sd3_1)
     1    0.002202    0.100824    1.186404   12.914823 v hold51/X (sky130_fd_sc_hd__dlygate4sd3_1)
                                                         net149 (net)
                      0.100824    0.000108   12.914931 v input25/A (sky130_fd_sc_hd__clkbuf_4)
     1    0.041509    0.162770    0.372057   13.286988 v input25/X (sky130_fd_sc_hd__clkbuf_4)
                                                         net25 (net)
                      0.163561    0.008959   13.295947 v hold52/A (sky130_fd_sc_hd__dlygate4sd3_1)
     1    0.047818    0.474467    1.628220   14.924168 v hold52/X (sky130_fd_sc_hd__dlygate4sd3_1)
                                                         net150 (net)
                      0.474660    0.009434   14.933601 v i_sram/DI[20] (CF_SRAM_1024x32)
                                             14.933601   data arrival time

                                 25.000000   25.000000   clock clk (rise edge)
                                  4.650000   29.650000   clock source latency
     1    0.057273    0.610000    0.000000   29.650000 ^ wb_clk_i (in)
                                                         wb_clk_i (net)
                      0.633517    0.011172   29.661171 ^ clkbuf_0_wb_clk_i/A (sky130_fd_sc_hd__clkbuf_16)
     2    0.068881    0.138494    0.490182   30.151352 ^ clkbuf_0_wb_clk_i/X (sky130_fd_sc_hd__clkbuf_16)
                                                         clknet_0_wb_clk_i (net)
                      0.138944    0.003730   30.155083 ^ clkbuf_1_1__f_wb_clk_i/A (sky130_fd_sc_hd__clkbuf_16)
     1    0.137055    0.232415    0.354827   30.509911 ^ clkbuf_1_1__f_wb_clk_i/X (sky130_fd_sc_hd__clkbuf_16)
                                                         clknet_1_1__leaf_wb_clk_i (net)
                      0.235472    0.020325   30.530235 ^ i_sram/CLKin (CF_SRAM_1024x32)
                                 -0.100000   30.430237   clock uncertainty
                                  0.000000   30.430237   clock reconvergence pessimism
                                 -0.706315   29.723923   library setup time
                                             29.723923   data required time
---------------------------------------------------------------------------------------------
                                             29.723923   data required time
                                            -14.933601   data arrival time
---------------------------------------------------------------------------------------------
                                             14.790320   slack (MET)


Startpoint: wbs_dat_i[31] (input port clocked by clk)
Endpoint: i_sram (rising edge-triggered flip-flop clocked by clk)
Path Group: clk
Path Type: max

Fanout         Cap        Slew       Delay        Time   Description
---------------------------------------------------------------------------------------------
                                  0.000000    0.000000   clock clk (rise edge)
                                  5.570000    5.570000   clock network delay (propagated)
                                  4.610000   10.180000 v input external delay
     1    0.002823    0.840000    0.000000   10.180000 v wbs_dat_i[31] (in)
                                                         wbs_dat_i[31] (net)
                      0.840149    0.000078   10.180079 v hold128/A (sky130_fd_sc_hd__dlygate4sd3_1)
     1    0.002200    0.101630    1.539367   11.719445 v hold128/X (sky130_fd_sc_hd__dlygate4sd3_1)
                                                         net226 (net)
                      0.101630    0.000095   11.719541 v hold29/A (sky130_fd_sc_hd__dlygate4sd3_1)
     1    0.003579    0.113160    1.208953   12.928493 v hold29/X (sky130_fd_sc_hd__dlygate4sd3_1)
                                                         net127 (net)
                      0.114646    0.000246   12.928740 v input37/A (sky130_fd_sc_hd__buf_4)
     1    0.044493    0.124380    0.355032   13.283772 v input37/X (sky130_fd_sc_hd__buf_4)
                                                         net37 (net)
                      0.125703    0.010712   13.294484 v hold30/A (sky130_fd_sc_hd__dlygate4sd3_1)
     1    0.049402    0.487741    1.617920   14.912404 v hold30/X (sky130_fd_sc_hd__dlygate4sd3_1)
                                                         net128 (net)
                      0.488138    0.013308   14.925713 v i_sram/DI[31] (CF_SRAM_1024x32)
                                             14.925713   data arrival time

                                 25.000000   25.000000   clock clk (rise edge)
                                  4.650000   29.650000   clock source latency
     1    0.057273    0.610000    0.000000   29.650000 ^ wb_clk_i (in)
                                                         wb_clk_i (net)
                      0.633517    0.011172   29.661171 ^ clkbuf_0_wb_clk_i/A (sky130_fd_sc_hd__clkbuf_16)
     2    0.068881    0.138494    0.490182   30.151352 ^ clkbuf_0_wb_clk_i/X (sky130_fd_sc_hd__clkbuf_16)
                                                         clknet_0_wb_clk_i (net)
                      0.138944    0.003730   30.155083 ^ clkbuf_1_1__f_wb_clk_i/A (sky130_fd_sc_hd__clkbuf_16)
     1    0.137055    0.232415    0.354827   30.509911 ^ clkbuf_1_1__f_wb_clk_i/X (sky130_fd_sc_hd__clkbuf_16)
                                                         clknet_1_1__leaf_wb_clk_i (net)
                      0.235472    0.020325   30.530235 ^ i_sram/CLKin (CF_SRAM_1024x32)
                                 -0.100000   30.430237   clock uncertainty
                                  0.000000   30.430237   clock reconvergence pessimism
                                 -0.710864   29.719372   library setup time
                                             29.719372   data required time
---------------------------------------------------------------------------------------------
                                             29.719372   data required time
                                            -14.925713   data arrival time
---------------------------------------------------------------------------------------------
                                             14.793660   slack (MET)


Startpoint: wbs_dat_i[24] (input port clocked by clk)
Endpoint: i_sram (rising edge-triggered flip-flop clocked by clk)
Path Group: clk
Path Type: max

Fanout         Cap        Slew       Delay        Time   Description
---------------------------------------------------------------------------------------------
                                  0.000000    0.000000   clock clk (rise edge)
                                  5.570000    5.570000   clock network delay (propagated)
                                  4.610000   10.180000 v input external delay
     1    0.002805    0.840000    0.000000   10.180000 v wbs_dat_i[24] (in)
                                                         wbs_dat_i[24] (net)
                      0.840147    0.000077   10.180078 v hold117/A (sky130_fd_sc_hd__dlygate4sd3_1)
     1    0.001837    0.098346    1.532960   11.713037 v hold117/X (sky130_fd_sc_hd__dlygate4sd3_1)
                                                         net215 (net)
                      0.098346    0.000089   11.713126 v hold63/A (sky130_fd_sc_hd__dlygate4sd3_1)
     1    0.002641    0.104286    1.190610   12.903736 v hold63/X (sky130_fd_sc_hd__dlygate4sd3_1)
                                                         net161 (net)
                      0.104286    0.000185   12.903921 v input29/A (sky130_fd_sc_hd__clkbuf_4)
     1    0.033876    0.138371    0.354766   13.258687 v input29/X (sky130_fd_sc_hd__clkbuf_4)
                                                         net29 (net)
                      0.138899    0.006431   13.265119 v hold64/A (sky130_fd_sc_hd__dlygate4sd3_1)
     1    0.051308    0.503458    1.638447   14.903565 v hold64/X (sky130_fd_sc_hd__dlygate4sd3_1)
                                                         net162 (net)
                      0.503716    0.011102   14.914667 v i_sram/DI[24] (CF_SRAM_1024x32)
                                             14.914667   data arrival time

                                 25.000000   25.000000   clock clk (rise edge)
                                  4.650000   29.650000   clock source latency
     1    0.057273    0.610000    0.000000   29.650000 ^ wb_clk_i (in)
                                                         wb_clk_i (net)
                      0.633517    0.011172   29.661171 ^ clkbuf_0_wb_clk_i/A (sky130_fd_sc_hd__clkbuf_16)
     2    0.068881    0.138494    0.490182   30.151352 ^ clkbuf_0_wb_clk_i/X (sky130_fd_sc_hd__clkbuf_16)
                                                         clknet_0_wb_clk_i (net)
                      0.138944    0.003730   30.155083 ^ clkbuf_1_1__f_wb_clk_i/A (sky130_fd_sc_hd__clkbuf_16)
     1    0.137055    0.232415    0.354827   30.509911 ^ clkbuf_1_1__f_wb_clk_i/X (sky130_fd_sc_hd__clkbuf_16)
                                                         clknet_1_1__leaf_wb_clk_i (net)
                      0.235472    0.020325   30.530235 ^ i_sram/CLKin (CF_SRAM_1024x32)
                                 -0.100000   30.430237   clock uncertainty
                                  0.000000   30.430237   clock reconvergence pessimism
                                 -0.715800   29.714436   library setup time
                                             29.714436   data required time
---------------------------------------------------------------------------------------------
                                             29.714436   data required time
                                            -14.914667   data arrival time
---------------------------------------------------------------------------------------------
                                             14.799769   slack (MET)


Startpoint: wbs_dat_i[19] (input port clocked by clk)
Endpoint: i_sram (rising edge-triggered flip-flop clocked by clk)
Path Group: clk
Path Type: max

Fanout         Cap        Slew       Delay        Time   Description
---------------------------------------------------------------------------------------------
                                  0.000000    0.000000   clock clk (rise edge)
                                  5.570000    5.570000   clock network delay (propagated)
                                  4.610000   10.180000 v input external delay
     1    0.003154    0.840000    0.000000   10.180000 v wbs_dat_i[19] (in)
                                                         wbs_dat_i[19] (net)
                      0.840175    0.000092   10.180093 v hold111/A (sky130_fd_sc_hd__dlygate4sd3_1)
     1    0.002235    0.101948    1.539964   11.720057 v hold111/X (sky130_fd_sc_hd__dlygate4sd3_1)
                                                         net209 (net)
                      0.101948    0.000163   11.720219 v hold45/A (sky130_fd_sc_hd__dlygate4sd3_1)
     1    0.002428    0.102728    1.188663   12.908881 v hold45/X (sky130_fd_sc_hd__dlygate4sd3_1)
                                                         net143 (net)
                      0.102728    0.000176   12.909058 v input23/A (sky130_fd_sc_hd__clkbuf_4)
     1    0.040312    0.158900    0.370262   13.279320 v input23/X (sky130_fd_sc_hd__clkbuf_4)
                                                         net23 (net)
                      0.159546    0.007907   13.287227 v hold46/A (sky130_fd_sc_hd__dlygate4sd3_1)
     1    0.045954    0.459019    1.613894   14.901121 v hold46/X (sky130_fd_sc_hd__dlygate4sd3_1)
                                                         net144 (net)
                      0.459191    0.008814   14.909935 v i_sram/DI[19] (CF_SRAM_1024x32)
                                             14.909935   data arrival time

                                 25.000000   25.000000   clock clk (rise edge)
                                  4.650000   29.650000   clock source latency
     1    0.057273    0.610000    0.000000   29.650000 ^ wb_clk_i (in)
                                                         wb_clk_i (net)
                      0.633517    0.011172   29.661171 ^ clkbuf_0_wb_clk_i/A (sky130_fd_sc_hd__clkbuf_16)
     2    0.068881    0.138494    0.490182   30.151352 ^ clkbuf_0_wb_clk_i/X (sky130_fd_sc_hd__clkbuf_16)
                                                         clknet_0_wb_clk_i (net)
                      0.138944    0.003730   30.155083 ^ clkbuf_1_1__f_wb_clk_i/A (sky130_fd_sc_hd__clkbuf_16)
     1    0.137055    0.232415    0.354827   30.509911 ^ clkbuf_1_1__f_wb_clk_i/X (sky130_fd_sc_hd__clkbuf_16)
                                                         clknet_1_1__leaf_wb_clk_i (net)
                      0.235472    0.020325   30.530235 ^ i_sram/CLKin (CF_SRAM_1024x32)
                                 -0.100000   30.430237   clock uncertainty
                                  0.000000   30.430237   clock reconvergence pessimism
                                 -0.701095   29.729143   library setup time
                                             29.729143   data required time
---------------------------------------------------------------------------------------------
                                             29.729143   data required time
                                            -14.909935   data arrival time
---------------------------------------------------------------------------------------------
                                             14.819207   slack (MET)


Startpoint: wbs_dat_i[6] (input port clocked by clk)
Endpoint: i_sram (rising edge-triggered flip-flop clocked by clk)
Path Group: clk
Path Type: max

Fanout         Cap        Slew       Delay        Time   Description
---------------------------------------------------------------------------------------------
                                  0.000000    0.000000   clock clk (rise edge)
                                  5.570000    5.570000   clock network delay (propagated)
                                  4.610000   10.180000 v input external delay
     1    0.003497    0.840000    0.000000   10.180000 v wbs_dat_i[6] (in)
                                                         wbs_dat_i[6] (net)
                      0.840214    0.000112   10.180112 v hold106/A (sky130_fd_sc_hd__dlygate4sd3_1)
     1    0.001985    0.099684    1.535573   11.715685 v hold106/X (sky130_fd_sc_hd__dlygate4sd3_1)
                                                         net204 (net)
                      0.099684    0.000138   11.715822 v hold33/A (sky130_fd_sc_hd__dlygate4sd3_1)
     1    0.003415    0.112785    1.205043   12.920866 v hold33/X (sky130_fd_sc_hd__dlygate4sd3_1)
                                                         net131 (net)
                      0.112785    0.000221   12.921087 v input41/A (sky130_fd_sc_hd__clkbuf_4)
     1    0.017283    0.088668    0.312097   13.233184 v input41/X (sky130_fd_sc_hd__clkbuf_4)
                                                         net41 (net)
                      0.088710    0.001885   13.235068 v hold34/A (sky130_fd_sc_hd__dlygate4sd3_1)
     1    0.054844    0.532867    1.636121   14.871189 v hold34/X (sky130_fd_sc_hd__dlygate4sd3_1)
                                                         net132 (net)
                      0.533214    0.013062   14.884252 v i_sram/DI[6] (CF_SRAM_1024x32)
                                             14.884252   data arrival time

                                 25.000000   25.000000   clock clk (rise edge)
                                  4.650000   29.650000   clock source latency
     1    0.057273    0.610000    0.000000   29.650000 ^ wb_clk_i (in)
                                                         wb_clk_i (net)
                      0.633517    0.011172   29.661171 ^ clkbuf_0_wb_clk_i/A (sky130_fd_sc_hd__clkbuf_16)
     2    0.068881    0.138494    0.490182   30.151352 ^ clkbuf_0_wb_clk_i/X (sky130_fd_sc_hd__clkbuf_16)
                                                         clknet_0_wb_clk_i (net)
                      0.138944    0.003730   30.155083 ^ clkbuf_1_1__f_wb_clk_i/A (sky130_fd_sc_hd__clkbuf_16)
     1    0.137055    0.232415    0.354827   30.509911 ^ clkbuf_1_1__f_wb_clk_i/X (sky130_fd_sc_hd__clkbuf_16)
                                                         clknet_1_1__leaf_wb_clk_i (net)
                      0.235472    0.020325   30.530235 ^ i_sram/CLKin (CF_SRAM_1024x32)
                                 -0.100000   30.430237   clock uncertainty
                                  0.000000   30.430237   clock reconvergence pessimism
                                 -0.723204   29.707033   library setup time
                                             29.707033   data required time
---------------------------------------------------------------------------------------------
                                             29.707033   data required time
                                            -14.884252   data arrival time
---------------------------------------------------------------------------------------------
                                             14.822781   slack (MET)


Startpoint: wbs_dat_i[29] (input port clocked by clk)
Endpoint: i_sram (rising edge-triggered flip-flop clocked by clk)
Path Group: clk
Path Type: max

Fanout         Cap        Slew       Delay        Time   Description
---------------------------------------------------------------------------------------------
                                  0.000000    0.000000   clock clk (rise edge)
                                  5.570000    5.570000   clock network delay (propagated)
                                  4.610000   10.180000 v input external delay
     1    0.003174    0.840000    0.000000   10.180000 v wbs_dat_i[29] (in)
                                                         wbs_dat_i[29] (net)
                      0.840145    0.000076   10.180077 v hold126/A (sky130_fd_sc_hd__dlygate4sd3_1)
     1    0.002319    0.102704    1.541443   11.721520 v hold126/X (sky130_fd_sc_hd__dlygate4sd3_1)
                                                         net224 (net)
                      0.102704    0.000152   11.721672 v hold19/A (sky130_fd_sc_hd__dlygate4sd3_1)
     1    0.003627    0.113747    1.210355   12.932027 v hold19/X (sky130_fd_sc_hd__dlygate4sd3_1)
                                                         net117 (net)
                      0.113747    0.000241   12.932267 v input34/A (sky130_fd_sc_hd__buf_4)
     1    0.042281    0.119771    0.351162   13.283429 v input34/X (sky130_fd_sc_hd__buf_4)
                                                         net34 (net)
                      0.121050    0.009786   13.293215 v hold20/A (sky130_fd_sc_hd__dlygate4sd3_1)
     1    0.046699    0.465284    1.598496   14.891711 v hold20/X (sky130_fd_sc_hd__dlygate4sd3_1)
                                                         net118 (net)
                      0.465551    0.010848   14.902559 v i_sram/DI[29] (CF_SRAM_1024x32)
                                             14.902559   data arrival time

                                 25.000000   25.000000   clock clk (rise edge)
                                  4.650000   29.650000   clock source latency
     1    0.057273    0.610000    0.000000   29.650000 ^ wb_clk_i (in)
                                                         wb_clk_i (net)
                      0.633517    0.011172   29.661171 ^ clkbuf_0_wb_clk_i/A (sky130_fd_sc_hd__clkbuf_16)
     2    0.068881    0.138494    0.490182   30.151352 ^ clkbuf_0_wb_clk_i/X (sky130_fd_sc_hd__clkbuf_16)
                                                         clknet_0_wb_clk_i (net)
                      0.138944    0.003730   30.155083 ^ clkbuf_1_1__f_wb_clk_i/A (sky130_fd_sc_hd__clkbuf_16)
     1    0.137055    0.232415    0.354827   30.509911 ^ clkbuf_1_1__f_wb_clk_i/X (sky130_fd_sc_hd__clkbuf_16)
                                                         clknet_1_1__leaf_wb_clk_i (net)
                      0.235472    0.020325   30.530235 ^ i_sram/CLKin (CF_SRAM_1024x32)
                                 -0.100000   30.430237   clock uncertainty
                                  0.000000   30.430237   clock reconvergence pessimism
                                 -0.703241   29.726997   library setup time
                                             29.726997   data required time
---------------------------------------------------------------------------------------------
                                             29.726997   data required time
                                            -14.902559   data arrival time
---------------------------------------------------------------------------------------------
                                             14.824437   slack (MET)


Startpoint: wbs_dat_i[26] (input port clocked by clk)
Endpoint: i_sram (rising edge-triggered flip-flop clocked by clk)
Path Group: clk
Path Type: max

Fanout         Cap        Slew       Delay        Time   Description
---------------------------------------------------------------------------------------------
                                  0.000000    0.000000   clock clk (rise edge)
                                  5.570000    5.570000   clock network delay (propagated)
                                  4.610000   10.180000 v input external delay
     1    0.003315    0.840000    0.000000   10.180000 v wbs_dat_i[26] (in)
                                                         wbs_dat_i[26] (net)
                      0.840189    0.000099   10.180099 v hold124/A (sky130_fd_sc_hd__dlygate4sd3_1)
     1    0.002115    0.100863    1.537859   11.717958 v hold124/X (sky130_fd_sc_hd__dlygate4sd3_1)
                                                         net222 (net)
                      0.100863    0.000147   11.718106 v hold75/A (sky130_fd_sc_hd__dlygate4sd3_1)
     1    0.003114    0.108314    1.200293   12.918399 v hold75/X (sky130_fd_sc_hd__dlygate4sd3_1)
                                                         net173 (net)
                      0.108314    0.000210   12.918610 v input31/A (sky130_fd_sc_hd__clkbuf_4)
     1    0.035866    0.144823    0.361110   13.279720 v input31/X (sky130_fd_sc_hd__clkbuf_4)
                                                         net31 (net)
                      0.145455    0.007399   13.287119 v hold76/A (sky130_fd_sc_hd__dlygate4sd3_1)
     1    0.046074    0.460032    1.607255   14.894374 v hold76/X (sky130_fd_sc_hd__dlygate4sd3_1)
                                                         net174 (net)
                      0.460253    0.009910   14.904284 v i_sram/DI[26] (CF_SRAM_1024x32)
                                             14.904284   data arrival time

                                 25.000000   25.000000   clock clk (rise edge)
                                  4.650000   29.650000   clock source latency
     1    0.057273    0.610000    0.000000   29.650000 ^ wb_clk_i (in)
                                                         wb_clk_i (net)
                      0.633517    0.011172   29.661171 ^ clkbuf_0_wb_clk_i/A (sky130_fd_sc_hd__clkbuf_16)
     2    0.068881    0.138494    0.490182   30.151352 ^ clkbuf_0_wb_clk_i/X (sky130_fd_sc_hd__clkbuf_16)
                                                         clknet_0_wb_clk_i (net)
                      0.138944    0.003730   30.155083 ^ clkbuf_1_1__f_wb_clk_i/A (sky130_fd_sc_hd__clkbuf_16)
     1    0.137055    0.232415    0.354827   30.509911 ^ clkbuf_1_1__f_wb_clk_i/X (sky130_fd_sc_hd__clkbuf_16)
                                                         clknet_1_1__leaf_wb_clk_i (net)
                      0.235472    0.020325   30.530235 ^ i_sram/CLKin (CF_SRAM_1024x32)
                                 -0.100000   30.430237   clock uncertainty
                                  0.000000   30.430237   clock reconvergence pessimism
                                 -0.701453   29.728785   library setup time
                                             29.728785   data required time
---------------------------------------------------------------------------------------------
                                             29.728785   data required time
                                            -14.904284   data arrival time
---------------------------------------------------------------------------------------------
                                             14.824499   slack (MET)


Startpoint: wbs_dat_i[18] (input port clocked by clk)
Endpoint: i_sram (rising edge-triggered flip-flop clocked by clk)
Path Group: clk
Path Type: max

Fanout         Cap        Slew       Delay        Time   Description
---------------------------------------------------------------------------------------------
                                  0.000000    0.000000   clock clk (rise edge)
                                  5.570000    5.570000   clock network delay (propagated)
                                  4.610000   10.180000 v input external delay
     1    0.003681    0.840000    0.000000   10.180000 v wbs_dat_i[18] (in)
                                                         wbs_dat_i[18] (net)
                      0.840157    0.000083   10.180083 v hold107/A (sky130_fd_sc_hd__dlygate4sd3_1)
     1    0.002745    0.105696    1.548960   11.729043 v hold107/X (sky130_fd_sc_hd__dlygate4sd3_1)
                                                         net205 (net)
                      0.105696    0.000174   11.729217 v hold39/A (sky130_fd_sc_hd__dlygate4sd3_1)
     1    0.002248    0.101269    1.187396   12.916613 v hold39/X (sky130_fd_sc_hd__dlygate4sd3_1)
                                                         net137 (net)
                      0.101269    0.000108   12.916721 v input22/A (sky130_fd_sc_hd__clkbuf_4)
     1    0.041118    0.161570    0.370926   13.287647 v input22/X (sky130_fd_sc_hd__clkbuf_4)
                                                         net22 (net)
                      0.162414    0.009234   13.296882 v hold40/A (sky130_fd_sc_hd__dlygate4sd3_1)
     1    0.043217    0.436338    1.597557   14.894438 v hold40/X (sky130_fd_sc_hd__dlygate4sd3_1)
                                                         net138 (net)
                      0.436492    0.008189   14.902627 v i_sram/DI[18] (CF_SRAM_1024x32)
                                             14.902627   data arrival time

                                 25.000000   25.000000   clock clk (rise edge)
                                  4.650000   29.650000   clock source latency
     1    0.057273    0.610000    0.000000   29.650000 ^ wb_clk_i (in)
                                                         wb_clk_i (net)
                      0.633517    0.011172   29.661171 ^ clkbuf_0_wb_clk_i/A (sky130_fd_sc_hd__clkbuf_16)
     2    0.068881    0.138494    0.490182   30.151352 ^ clkbuf_0_wb_clk_i/X (sky130_fd_sc_hd__clkbuf_16)
                                                         clknet_0_wb_clk_i (net)
                      0.138944    0.003730   30.155083 ^ clkbuf_1_1__f_wb_clk_i/A (sky130_fd_sc_hd__clkbuf_16)
     1    0.137055    0.232415    0.354827   30.509911 ^ clkbuf_1_1__f_wb_clk_i/X (sky130_fd_sc_hd__clkbuf_16)
                                                         clknet_1_1__leaf_wb_clk_i (net)
                      0.235472    0.020325   30.530235 ^ i_sram/CLKin (CF_SRAM_1024x32)
                                 -0.100000   30.430237   clock uncertainty
                                  0.000000   30.430237   clock reconvergence pessimism
                                 -0.693433   29.736805   library setup time
                                             29.736805   data required time
---------------------------------------------------------------------------------------------
                                             29.736805   data required time
                                            -14.902627   data arrival time
---------------------------------------------------------------------------------------------
                                             14.834177   slack (MET)


Startpoint: wbs_dat_i[17] (input port clocked by clk)
Endpoint: i_sram (rising edge-triggered flip-flop clocked by clk)
Path Group: clk
Path Type: max

Fanout         Cap        Slew       Delay        Time   Description
---------------------------------------------------------------------------------------------
                                  0.000000    0.000000   clock clk (rise edge)
                                  5.570000    5.570000   clock network delay (propagated)
                                  4.610000   10.180000 v input external delay
     1    0.004023    0.840000    0.000000   10.180000 v wbs_dat_i[17] (in)
                                                         wbs_dat_i[17] (net)
                      0.840191    0.000100   10.180100 v hold110/A (sky130_fd_sc_hd__dlygate4sd3_1)
     1    0.002749    0.105722    1.549020   11.729120 v hold110/X (sky130_fd_sc_hd__dlygate4sd3_1)
                                                         net208 (net)
                      0.105722    0.000211   11.729332 v hold43/A (sky130_fd_sc_hd__dlygate4sd3_1)
     1    0.002201    0.100818    1.186579   12.915911 v hold43/X (sky130_fd_sc_hd__dlygate4sd3_1)
                                                         net141 (net)
                      0.100818    0.000107   12.916018 v input21/A (sky130_fd_sc_hd__clkbuf_4)
     1    0.040591    0.159863    0.369499   13.285516 v input21/X (sky130_fd_sc_hd__clkbuf_4)
                                                         net21 (net)
                      0.160685    0.009043   13.294559 v hold44/A (sky130_fd_sc_hd__dlygate4sd3_1)
     1    0.042684    0.431992    1.592523   14.887081 v hold44/X (sky130_fd_sc_hd__dlygate4sd3_1)
                                                         net142 (net)
                      0.432197    0.009236   14.896317 v i_sram/DI[17] (CF_SRAM_1024x32)
                                             14.896317   data arrival time

                                 25.000000   25.000000   clock clk (rise edge)
                                  4.650000   29.650000   clock source latency
     1    0.057273    0.610000    0.000000   29.650000 ^ wb_clk_i (in)
                                                         wb_clk_i (net)
                      0.633517    0.011172   29.661171 ^ clkbuf_0_wb_clk_i/A (sky130_fd_sc_hd__clkbuf_16)
     2    0.068881    0.138494    0.490182   30.151352 ^ clkbuf_0_wb_clk_i/X (sky130_fd_sc_hd__clkbuf_16)
                                                         clknet_0_wb_clk_i (net)
                      0.138944    0.003730   30.155083 ^ clkbuf_1_1__f_wb_clk_i/A (sky130_fd_sc_hd__clkbuf_16)
     1    0.137055    0.232415    0.354827   30.509911 ^ clkbuf_1_1__f_wb_clk_i/X (sky130_fd_sc_hd__clkbuf_16)
                                                         clknet_1_1__leaf_wb_clk_i (net)
                      0.235472    0.020325   30.530235 ^ i_sram/CLKin (CF_SRAM_1024x32)
                                 -0.100000   30.430237   clock uncertainty
                                  0.000000   30.430237   clock reconvergence pessimism
                                 -0.691984   29.738253   library setup time
                                             29.738253   data required time
---------------------------------------------------------------------------------------------
                                             29.738253   data required time
                                            -14.896317   data arrival time
---------------------------------------------------------------------------------------------
                                             14.841936   slack (MET)


Startpoint: wbs_dat_i[28] (input port clocked by clk)
Endpoint: i_sram (rising edge-triggered flip-flop clocked by clk)
Path Group: clk
Path Type: max

Fanout         Cap        Slew       Delay        Time   Description
---------------------------------------------------------------------------------------------
                                  0.000000    0.000000   clock clk (rise edge)
                                  5.570000    5.570000   clock network delay (propagated)
                                  4.610000   10.180000 v input external delay
     1    0.002185    0.840000    0.000000   10.180000 v wbs_dat_i[28] (in)
                                                         wbs_dat_i[28] (net)
                      0.840118    0.000061   10.180061 v hold123/A (sky130_fd_sc_hd__dlygate4sd3_1)
     1    0.003202    0.109372    1.556992   11.737054 v hold123/X (sky130_fd_sc_hd__dlygate4sd3_1)
                                                         net221 (net)
                      0.109372    0.000217   11.737270 v hold11/A (sky130_fd_sc_hd__dlygate4sd3_1)
     1    0.003126    0.108489    1.204858   12.942128 v hold11/X (sky130_fd_sc_hd__dlygate4sd3_1)
                                                         net109 (net)
                      0.108489    0.000221   12.942349 v input33/A (sky130_fd_sc_hd__buf_4)
     1    0.033818    0.102796    0.335293   13.277642 v input33/X (sky130_fd_sc_hd__buf_4)
                                                         net33 (net)
                      0.103654    0.007128   13.284770 v hold12/A (sky130_fd_sc_hd__dlygate4sd3_1)
     1    0.045692    0.456900    1.583857   14.868627 v hold12/X (sky130_fd_sc_hd__dlygate4sd3_1)
                                                         net110 (net)
                      0.457129    0.009995   14.878621 v i_sram/DI[28] (CF_SRAM_1024x32)
                                             14.878621   data arrival time

                                 25.000000   25.000000   clock clk (rise edge)
                                  4.650000   29.650000   clock source latency
     1    0.057273    0.610000    0.000000   29.650000 ^ wb_clk_i (in)
                                                         wb_clk_i (net)
                      0.633517    0.011172   29.661171 ^ clkbuf_0_wb_clk_i/A (sky130_fd_sc_hd__clkbuf_16)
     2    0.068881    0.138494    0.490182   30.151352 ^ clkbuf_0_wb_clk_i/X (sky130_fd_sc_hd__clkbuf_16)
                                                         clknet_0_wb_clk_i (net)
                      0.138944    0.003730   30.155083 ^ clkbuf_1_1__f_wb_clk_i/A (sky130_fd_sc_hd__clkbuf_16)
     1    0.137055    0.232415    0.354827   30.509911 ^ clkbuf_1_1__f_wb_clk_i/X (sky130_fd_sc_hd__clkbuf_16)
                                                         clknet_1_1__leaf_wb_clk_i (net)
                      0.235472    0.020325   30.530235 ^ i_sram/CLKin (CF_SRAM_1024x32)
                                 -0.100000   30.430237   clock uncertainty
                                  0.000000   30.430237   clock reconvergence pessimism
                                 -0.700399   29.729839   library setup time
                                             29.729839   data required time
---------------------------------------------------------------------------------------------
                                             29.729839   data required time
                                            -14.878621   data arrival time
---------------------------------------------------------------------------------------------
                                             14.851217   slack (MET)


Startpoint: wbs_we_i (input port clocked by clk)
Endpoint: wbs_dat_o[28] (output port clocked by clk)
Path Group: clk
Path Type: max

Fanout         Cap        Slew       Delay        Time   Description
---------------------------------------------------------------------------------------------
                                  0.000000    0.000000   clock clk (rise edge)
                                  5.570000    5.570000   clock network delay (propagated)
                                  3.740000    9.310000 v input external delay
     1    0.003813    0.140000    0.000000    9.310000 v wbs_we_i (in)
                                                         wbs_we_i (net)
                      0.140186    0.000098    9.310098 v input50/A (sky130_fd_sc_hd__buf_2)
     5    0.057008    0.259217    0.466067    9.776165 v input50/X (sky130_fd_sc_hd__buf_2)
                                                         net50 (net)
                      0.260140    0.012768    9.788933 v _35_/A_N (sky130_fd_sc_hd__and4b_1)
     1    0.014998    0.264928    0.772850   10.561783 ^ _35_/X (sky130_fd_sc_hd__and4b_1)
                                                         net72 (net)
                      0.264930    0.001419   10.563202 ^ output72/A (sky130_fd_sc_hd__buf_12)
     1    0.193255    0.347580    0.488875   11.052077 ^ output72/X (sky130_fd_sc_hd__buf_12)
                                                         wbs_dat_o[28] (net)
                      0.348212    0.011621   11.063698 ^ wbs_dat_o[28] (out)
                                             11.063698   data arrival time

                                 25.000000   25.000000   clock clk (rise edge)
                                  4.650000   29.650000   clock network delay (propagated)
                                 -0.100000   29.549999   clock uncertainty
                                  0.000000   29.549999   clock reconvergence pessimism
                                 -3.620000   25.929998   output external delay
                                             25.929998   data required time
---------------------------------------------------------------------------------------------
                                             25.929998   data required time
                                            -11.063698   data arrival time
---------------------------------------------------------------------------------------------
                                             14.866301   slack (MET)


Startpoint: wbs_dat_i[10] (input port clocked by clk)
Endpoint: i_sram (rising edge-triggered flip-flop clocked by clk)
Path Group: clk
Path Type: max

Fanout         Cap        Slew       Delay        Time   Description
---------------------------------------------------------------------------------------------
                                  0.000000    0.000000   clock clk (rise edge)
                                  5.570000    5.570000   clock network delay (propagated)
                                  4.610000   10.180000 v input external delay
     1    0.004112    0.840000    0.000000   10.180000 v wbs_dat_i[10] (in)
                                                         wbs_dat_i[10] (net)
                      0.840181    0.000095   10.180096 v hold102/A (sky130_fd_sc_hd__dlygate4sd3_1)
     1    0.001850    0.098466    1.533190   11.713284 v hold102/X (sky130_fd_sc_hd__dlygate4sd3_1)
                                                         net200 (net)
                      0.098466    0.000134   11.713419 v hold5/A (sky130_fd_sc_hd__dlygate4sd3_1)
     1    0.002749    0.105143    1.192586   12.906005 v hold5/X (sky130_fd_sc_hd__dlygate4sd3_1)
                                                         net103 (net)
                      0.105143    0.000210   12.906215 v input14/A (sky130_fd_sc_hd__clkbuf_4)
     1    0.016086    0.084569    0.304484   13.210699 v input14/X (sky130_fd_sc_hd__clkbuf_4)
                                                         net14 (net)
                      0.084592    0.001401   13.212099 v hold6/A (sky130_fd_sc_hd__dlygate4sd3_1)
     1    0.052550    0.515362    1.620740   14.832839 v hold6/X (sky130_fd_sc_hd__dlygate4sd3_1)
                                                         net104 (net)
                      0.515535    0.009422   14.842261 v i_sram/DI[10] (CF_SRAM_1024x32)
                                             14.842261   data arrival time

                                 25.000000   25.000000   clock clk (rise edge)
                                  4.650000   29.650000   clock source latency
     1    0.057273    0.610000    0.000000   29.650000 ^ wb_clk_i (in)
                                                         wb_clk_i (net)
                      0.633517    0.011172   29.661171 ^ clkbuf_0_wb_clk_i/A (sky130_fd_sc_hd__clkbuf_16)
     2    0.068881    0.138494    0.490182   30.151352 ^ clkbuf_0_wb_clk_i/X (sky130_fd_sc_hd__clkbuf_16)
                                                         clknet_0_wb_clk_i (net)
                      0.138944    0.003730   30.155083 ^ clkbuf_1_1__f_wb_clk_i/A (sky130_fd_sc_hd__clkbuf_16)
     1    0.137055    0.232415    0.354827   30.509911 ^ clkbuf_1_1__f_wb_clk_i/X (sky130_fd_sc_hd__clkbuf_16)
                                                         clknet_1_1__leaf_wb_clk_i (net)
                      0.235472    0.020325   30.530235 ^ i_sram/CLKin (CF_SRAM_1024x32)
                                 -0.100000   30.430237   clock uncertainty
                                  0.000000   30.430237   clock reconvergence pessimism
                                 -0.718767   29.711470   library setup time
                                             29.711470   data required time
---------------------------------------------------------------------------------------------
                                             29.711470   data required time
                                            -14.842261   data arrival time
---------------------------------------------------------------------------------------------
                                             14.869208   slack (MET)


Startpoint: wbs_dat_i[11] (input port clocked by clk)
Endpoint: i_sram (rising edge-triggered flip-flop clocked by clk)
Path Group: clk
Path Type: max

Fanout         Cap        Slew       Delay        Time   Description
---------------------------------------------------------------------------------------------
                                  0.000000    0.000000   clock clk (rise edge)
                                  5.570000    5.570000   clock network delay (propagated)
                                  4.610000   10.180000 v input external delay
     1    0.004868    0.840000    0.000000   10.180000 v wbs_dat_i[11] (in)
                                                         wbs_dat_i[11] (net)
                      0.840250    0.000131   10.180132 v hold101/A (sky130_fd_sc_hd__dlygate4sd3_1)
     1    0.003865    0.116559    1.568742   11.748874 v hold101/X (sky130_fd_sc_hd__dlygate4sd3_1)
                                                         net199 (net)
                      0.116559    0.000243   11.749117 v hold35/A (sky130_fd_sc_hd__dlygate4sd3_1)
     1    0.002319    0.101989    1.194230   12.943346 v hold35/X (sky130_fd_sc_hd__dlygate4sd3_1)
                                                         net133 (net)
                      0.101989    0.000098   12.943444 v input15/A (sky130_fd_sc_hd__buf_2)
     1    0.014000    0.089078    0.305073   13.248517 v input15/X (sky130_fd_sc_hd__buf_2)
                                                         net15 (net)
                      0.089091    0.001104   13.249621 v hold36/A (sky130_fd_sc_hd__dlygate4sd3_1)
     1    0.048232    0.479308    1.594406   14.844027 v hold36/X (sky130_fd_sc_hd__dlygate4sd3_1)
                                                         net134 (net)
                      0.479452    0.008367   14.852393 v i_sram/DI[11] (CF_SRAM_1024x32)
                                             14.852393   data arrival time

                                 25.000000   25.000000   clock clk (rise edge)
                                  4.650000   29.650000   clock source latency
     1    0.057273    0.610000    0.000000   29.650000 ^ wb_clk_i (in)
                                                         wb_clk_i (net)
                      0.633517    0.011172   29.661171 ^ clkbuf_0_wb_clk_i/A (sky130_fd_sc_hd__clkbuf_16)
     2    0.068881    0.138494    0.490182   30.151352 ^ clkbuf_0_wb_clk_i/X (sky130_fd_sc_hd__clkbuf_16)
                                                         clknet_0_wb_clk_i (net)
                      0.138944    0.003730   30.155083 ^ clkbuf_1_1__f_wb_clk_i/A (sky130_fd_sc_hd__clkbuf_16)
     1    0.137055    0.232415    0.354827   30.509911 ^ clkbuf_1_1__f_wb_clk_i/X (sky130_fd_sc_hd__clkbuf_16)
                                                         clknet_1_1__leaf_wb_clk_i (net)
                      0.235472    0.020325   30.530235 ^ i_sram/CLKin (CF_SRAM_1024x32)
                                 -0.100000   30.430237   clock uncertainty
                                  0.000000   30.430237   clock reconvergence pessimism
                                 -0.707933   29.722303   library setup time
                                             29.722303   data required time
---------------------------------------------------------------------------------------------
                                             29.722303   data required time
                                            -14.852393   data arrival time
---------------------------------------------------------------------------------------------
                                             14.869910   slack (MET)


Startpoint: wbs_dat_i[9] (input port clocked by clk)
Endpoint: i_sram (rising edge-triggered flip-flop clocked by clk)
Path Group: clk
Path Type: max

Fanout         Cap        Slew       Delay        Time   Description
---------------------------------------------------------------------------------------------
                                  0.000000    0.000000   clock clk (rise edge)
                                  5.570000    5.570000   clock network delay (propagated)
                                  4.610000   10.180000 v input external delay
     1    0.003844    0.840000    0.000000   10.180000 v wbs_dat_i[9] (in)
                                                         wbs_dat_i[9] (net)
                      0.840178    0.000093   10.180094 v hold103/A (sky130_fd_sc_hd__dlygate4sd3_1)
     1    0.002247    0.102057    1.540172   11.720265 v hold103/X (sky130_fd_sc_hd__dlygate4sd3_1)
                                                         net201 (net)
                      0.102057    0.000169   11.720434 v hold13/A (sky130_fd_sc_hd__dlygate4sd3_1)
     1    0.002808    0.105641    1.195468   12.915901 v hold13/X (sky130_fd_sc_hd__dlygate4sd3_1)
                                                         net111 (net)
                      0.105641    0.000195   12.916097 v input44/A (sky130_fd_sc_hd__clkbuf_4)
     1    0.016616    0.086396    0.306372   13.222468 v input44/X (sky130_fd_sc_hd__clkbuf_4)
                                                         net44 (net)
                      0.086436    0.001846   13.224315 v hold14/A (sky130_fd_sc_hd__dlygate4sd3_1)
     1    0.050058    0.494427    1.605582   14.829896 v hold14/X (sky130_fd_sc_hd__dlygate4sd3_1)
                                                         net112 (net)
                      0.494548    0.007891   14.837788 v i_sram/DI[9] (CF_SRAM_1024x32)
                                             14.837788   data arrival time

                                 25.000000   25.000000   clock clk (rise edge)
                                  4.650000   29.650000   clock source latency
     1    0.057273    0.610000    0.000000   29.650000 ^ wb_clk_i (in)
                                                         wb_clk_i (net)
                      0.633517    0.011172   29.661171 ^ clkbuf_0_wb_clk_i/A (sky130_fd_sc_hd__clkbuf_16)
     2    0.068881    0.138494    0.490182   30.151352 ^ clkbuf_0_wb_clk_i/X (sky130_fd_sc_hd__clkbuf_16)
                                                         clknet_0_wb_clk_i (net)
                      0.138944    0.003730   30.155083 ^ clkbuf_1_1__f_wb_clk_i/A (sky130_fd_sc_hd__clkbuf_16)
     1    0.137055    0.232415    0.354827   30.509911 ^ clkbuf_1_1__f_wb_clk_i/X (sky130_fd_sc_hd__clkbuf_16)
                                                         clknet_1_1__leaf_wb_clk_i (net)
                      0.235472    0.020325   30.530235 ^ i_sram/CLKin (CF_SRAM_1024x32)
                                 -0.100000   30.430237   clock uncertainty
                                  0.000000   30.430237   clock reconvergence pessimism
                                 -0.713028   29.717209   library setup time
                                             29.717209   data required time
---------------------------------------------------------------------------------------------
                                             29.717209   data required time
                                            -14.837788   data arrival time
---------------------------------------------------------------------------------------------
                                             14.879421   slack (MET)


Startpoint: wbs_dat_i[8] (input port clocked by clk)
Endpoint: i_sram (rising edge-triggered flip-flop clocked by clk)
Path Group: clk
Path Type: max

Fanout         Cap        Slew       Delay        Time   Description
---------------------------------------------------------------------------------------------
                                  0.000000    0.000000   clock clk (rise edge)
                                  5.570000    5.570000   clock network delay (propagated)
                                  4.610000   10.180000 v input external delay
     1    0.003505    0.840000    0.000000   10.180000 v wbs_dat_i[8] (in)
                                                         wbs_dat_i[8] (net)
                      0.840165    0.000087   10.180087 v hold104/A (sky130_fd_sc_hd__dlygate4sd3_1)
     1    0.001613    0.096292    1.529004   11.709091 v hold104/X (sky130_fd_sc_hd__dlygate4sd3_1)
                                                         net202 (net)
                      0.096292    0.000078   11.709169 v hold23/A (sky130_fd_sc_hd__dlygate4sd3_1)
     1    0.002209    0.100872    1.181903   12.891071 v hold23/X (sky130_fd_sc_hd__dlygate4sd3_1)
                                                         net121 (net)
                      0.100872    0.000108   12.891180 v input43/A (sky130_fd_sc_hd__clkbuf_4)
     1    0.018467    0.092545    0.310384   13.201564 v input43/X (sky130_fd_sc_hd__clkbuf_4)
                                                         net43 (net)
                      0.092578    0.001720   13.203284 v hold24/A (sky130_fd_sc_hd__dlygate4sd3_1)
     1    0.050591    0.497527    1.610330   14.813614 v hold24/X (sky130_fd_sc_hd__dlygate4sd3_1)
                                                         net122 (net)
                      0.497814    0.011542   14.825156 v i_sram/DI[8] (CF_SRAM_1024x32)
                                             14.825156   data arrival time

                                 25.000000   25.000000   clock clk (rise edge)
                                  4.650000   29.650000   clock source latency
     1    0.057273    0.610000    0.000000   29.650000 ^ wb_clk_i (in)
                                                         wb_clk_i (net)
                      0.633517    0.011172   29.661171 ^ clkbuf_0_wb_clk_i/A (sky130_fd_sc_hd__clkbuf_16)
     2    0.068881    0.138494    0.490182   30.151352 ^ clkbuf_0_wb_clk_i/X (sky130_fd_sc_hd__clkbuf_16)
                                                         clknet_0_wb_clk_i (net)
                      0.138944    0.003730   30.155083 ^ clkbuf_1_1__f_wb_clk_i/A (sky130_fd_sc_hd__clkbuf_16)
     1    0.137055    0.232415    0.354827   30.509911 ^ clkbuf_1_1__f_wb_clk_i/X (sky130_fd_sc_hd__clkbuf_16)
                                                         clknet_1_1__leaf_wb_clk_i (net)
                      0.235472    0.020325   30.530235 ^ i_sram/CLKin (CF_SRAM_1024x32)
                                 -0.100000   30.430237   clock uncertainty
                                  0.000000   30.430237   clock reconvergence pessimism
                                 -0.714130   29.716108   library setup time
                                             29.716108   data required time
---------------------------------------------------------------------------------------------
                                             29.716108   data required time
                                            -14.825156   data arrival time
---------------------------------------------------------------------------------------------
                                             14.890952   slack (MET)


Startpoint: wbs_we_i (input port clocked by clk)
Endpoint: wbs_dat_o[30] (output port clocked by clk)
Path Group: clk
Path Type: max

Fanout         Cap        Slew       Delay        Time   Description
---------------------------------------------------------------------------------------------
                                  0.000000    0.000000   clock clk (rise edge)
                                  5.570000    5.570000   clock network delay (propagated)
                                  3.740000    9.310000 v input external delay
     1    0.003813    0.140000    0.000000    9.310000 v wbs_we_i (in)
                                                         wbs_we_i (net)
                      0.140186    0.000098    9.310098 v input50/A (sky130_fd_sc_hd__buf_2)
     5    0.057008    0.259217    0.466067    9.776165 v input50/X (sky130_fd_sc_hd__buf_2)
                                                         net50 (net)
                      0.260153    0.012863    9.789028 v _37_/A_N (sky130_fd_sc_hd__and4b_1)
     1    0.013620    0.245859    0.757405   10.546433 ^ _37_/X (sky130_fd_sc_hd__and4b_1)
                                                         net75 (net)
                      0.245861    0.001273   10.547706 ^ output75/A (sky130_fd_sc_hd__buf_12)
     1    0.191271    0.344068    0.481072   11.028778 ^ output75/X (sky130_fd_sc_hd__buf_12)
                                                         wbs_dat_o[30] (net)
                      0.344527    0.009537   11.038316 ^ wbs_dat_o[30] (out)
                                             11.038316   data arrival time

                                 25.000000   25.000000   clock clk (rise edge)
                                  4.650000   29.650000   clock network delay (propagated)
                                 -0.100000   29.549999   clock uncertainty
                                  0.000000   29.549999   clock reconvergence pessimism
                                 -3.620000   25.929998   output external delay
                                             25.929998   data required time
---------------------------------------------------------------------------------------------
                                             25.929998   data required time
                                            -11.038316   data arrival time
---------------------------------------------------------------------------------------------
                                             14.891683   slack (MET)


Startpoint: wbs_we_i (input port clocked by clk)
Endpoint: wbs_dat_o[29] (output port clocked by clk)
Path Group: clk
Path Type: max

Fanout         Cap        Slew       Delay        Time   Description
---------------------------------------------------------------------------------------------
                                  0.000000    0.000000   clock clk (rise edge)
                                  5.570000    5.570000   clock network delay (propagated)
                                  3.740000    9.310000 v input external delay
     1    0.003813    0.140000    0.000000    9.310000 v wbs_we_i (in)
                                                         wbs_we_i (net)
                      0.140186    0.000098    9.310098 v input50/A (sky130_fd_sc_hd__buf_2)
     5    0.057008    0.259217    0.466067    9.776165 v input50/X (sky130_fd_sc_hd__buf_2)
                                                         net50 (net)
                      0.260146    0.012813    9.788978 v _36_/A_N (sky130_fd_sc_hd__and4b_1)
     1    0.013094    0.238610    0.751452   10.540430 ^ _36_/X (sky130_fd_sc_hd__and4b_1)
                                                         net73 (net)
                      0.238611    0.001171   10.541601 ^ output73/A (sky130_fd_sc_hd__buf_12)
     1    0.192820    0.346784    0.479187   11.020788 ^ output73/X (sky130_fd_sc_hd__buf_12)
                                                         wbs_dat_o[29] (net)
                      0.347389    0.011330   11.032118 ^ wbs_dat_o[29] (out)
                                             11.032118   data arrival time

                                 25.000000   25.000000   clock clk (rise edge)
                                  4.650000   29.650000   clock network delay (propagated)
                                 -0.100000   29.549999   clock uncertainty
                                  0.000000   29.549999   clock reconvergence pessimism
                                 -3.620000   25.929998   output external delay
                                             25.929998   data required time
---------------------------------------------------------------------------------------------
                                             25.929998   data required time
                                            -11.032118   data arrival time
---------------------------------------------------------------------------------------------
                                             14.897881   slack (MET)


Startpoint: wbs_we_i (input port clocked by clk)
Endpoint: wbs_dat_o[31] (output port clocked by clk)
Path Group: clk
Path Type: max

Fanout         Cap        Slew       Delay        Time   Description
---------------------------------------------------------------------------------------------
                                  0.000000    0.000000   clock clk (rise edge)
                                  5.570000    5.570000   clock network delay (propagated)
                                  3.740000    9.310000 v input external delay
     1    0.003813    0.140000    0.000000    9.310000 v wbs_we_i (in)
                                                         wbs_we_i (net)
                      0.140186    0.000098    9.310098 v input50/A (sky130_fd_sc_hd__buf_2)
     5    0.057008    0.259217    0.466067    9.776165 v input50/X (sky130_fd_sc_hd__buf_2)
                                                         net50 (net)
                      0.260179    0.013047    9.789212 v _38_/A_N (sky130_fd_sc_hd__and4b_1)
     1    0.012337    0.231999    0.741285   10.530498 ^ _38_/X (sky130_fd_sc_hd__and4b_1)
                                                         net76 (net)
                      0.232000    0.001093   10.531591 ^ output76/A (sky130_fd_sc_hd__buf_12)
     1    0.191026    0.341789    0.475996   11.007587 ^ output76/X (sky130_fd_sc_hd__buf_12)
                                                         wbs_dat_o[31] (net)
                      0.342232    0.009350   11.016937 ^ wbs_dat_o[31] (out)
                                             11.016937   data arrival time

                                 25.000000   25.000000   clock clk (rise edge)
                                  4.650000   29.650000   clock network delay (propagated)
                                 -0.100000   29.549999   clock uncertainty
                                  0.000000   29.549999   clock reconvergence pessimism
                                 -3.620000   25.929998   output external delay
                                             25.929998   data required time
---------------------------------------------------------------------------------------------
                                             25.929998   data required time
                                            -11.016937   data arrival time
---------------------------------------------------------------------------------------------
                                             14.913061   slack (MET)


Startpoint: wbs_dat_i[12] (input port clocked by clk)
Endpoint: i_sram (rising edge-triggered flip-flop clocked by clk)
Path Group: clk
Path Type: max

Fanout         Cap        Slew       Delay        Time   Description
---------------------------------------------------------------------------------------------
                                  0.000000    0.000000   clock clk (rise edge)
                                  5.570000    5.570000   clock network delay (propagated)
                                  4.610000   10.180000 v input external delay
     1    0.004687    0.840000    0.000000   10.180000 v wbs_dat_i[12] (in)
                                                         wbs_dat_i[12] (net)
                      0.840240    0.000126   10.180126 v hold100/A (sky130_fd_sc_hd__dlygate4sd3_1)
     1    0.003626    0.113699    1.564520   11.744646 v hold100/X (sky130_fd_sc_hd__dlygate4sd3_1)
                                                         net198 (net)
                      0.113699    0.000234   11.744881 v hold27/A (sky130_fd_sc_hd__dlygate4sd3_1)
     1    0.001726    0.096217    1.182206   12.927088 v hold27/X (sky130_fd_sc_hd__dlygate4sd3_1)
                                                         net125 (net)
                      0.096217    0.000083   12.927171 v input16/A (sky130_fd_sc_hd__buf_2)
     1    0.012551    0.082925    0.295835   13.223006 v input16/X (sky130_fd_sc_hd__buf_2)
                                                         net16 (net)
                      0.082937    0.001075   13.224081 v hold28/A (sky130_fd_sc_hd__dlygate4sd3_1)
     1    0.042229    0.428327    1.550666   14.774747 v hold28/X (sky130_fd_sc_hd__dlygate4sd3_1)
                                                         net126 (net)
                      0.428478    0.008039   14.782786 v i_sram/DI[12] (CF_SRAM_1024x32)
                                             14.782786   data arrival time

                                 25.000000   25.000000   clock clk (rise edge)
                                  4.650000   29.650000   clock source latency
     1    0.057273    0.610000    0.000000   29.650000 ^ wb_clk_i (in)
                                                         wb_clk_i (net)
                      0.633517    0.011172   29.661171 ^ clkbuf_0_wb_clk_i/A (sky130_fd_sc_hd__clkbuf_16)
     2    0.068881    0.138494    0.490182   30.151352 ^ clkbuf_0_wb_clk_i/X (sky130_fd_sc_hd__clkbuf_16)
                                                         clknet_0_wb_clk_i (net)
                      0.138944    0.003730   30.155083 ^ clkbuf_1_1__f_wb_clk_i/A (sky130_fd_sc_hd__clkbuf_16)
     1    0.137055    0.232415    0.354827   30.509911 ^ clkbuf_1_1__f_wb_clk_i/X (sky130_fd_sc_hd__clkbuf_16)
                                                         clknet_1_1__leaf_wb_clk_i (net)
                      0.235472    0.020325   30.530235 ^ i_sram/CLKin (CF_SRAM_1024x32)
                                 -0.100000   30.430237   clock uncertainty
                                  0.000000   30.430237   clock reconvergence pessimism
                                 -0.690729   29.739508   library setup time
                                             29.739508   data required time
---------------------------------------------------------------------------------------------
                                             29.739508   data required time
                                            -14.782786   data arrival time
---------------------------------------------------------------------------------------------
                                             14.956722   slack (MET)


Startpoint: wbs_dat_i[14] (input port clocked by clk)
Endpoint: i_sram (rising edge-triggered flip-flop clocked by clk)
Path Group: clk
Path Type: max

Fanout         Cap        Slew       Delay        Time   Description
---------------------------------------------------------------------------------------------
                                  0.000000    0.000000   clock clk (rise edge)
                                  5.570000    5.570000   clock network delay (propagated)
                                  4.610000   10.180000 v input external delay
     1    0.002830    0.840000    0.000000   10.180000 v wbs_dat_i[14] (in)
                                                         wbs_dat_i[14] (net)
                      0.840153    0.000080   10.180080 v hold98/A (sky130_fd_sc_hd__dlygate4sd3_1)
     1    0.003807    0.115826    1.567659   11.747739 v hold98/X (sky130_fd_sc_hd__dlygate4sd3_1)
                                                         net196 (net)
                      0.115826    0.000268   11.748008 v hold17/A (sky130_fd_sc_hd__dlygate4sd3_1)
     1    0.003489    0.113733    1.214604   12.962611 v hold17/X (sky130_fd_sc_hd__dlygate4sd3_1)
                                                         net115 (net)
                      0.113733    0.000226   12.962837 v input18/A (sky130_fd_sc_hd__buf_2)
     1    0.012484    0.082656    0.304398   13.267236 v input18/X (sky130_fd_sc_hd__buf_2)
                                                         net18 (net)
                      0.082668    0.001054   13.268290 v hold18/A (sky130_fd_sc_hd__dlygate4sd3_1)
     1    0.035365    0.387241    1.500244   14.768534 v hold18/X (sky130_fd_sc_hd__dlygate4sd3_1)
                                                         net116 (net)
                      0.387271    0.003676   14.772210 v i_sram/DI[14] (CF_SRAM_1024x32)
                                             14.772210   data arrival time

                                 25.000000   25.000000   clock clk (rise edge)
                                  4.650000   29.650000   clock source latency
     1    0.057273    0.610000    0.000000   29.650000 ^ wb_clk_i (in)
                                                         wb_clk_i (net)
                      0.633517    0.011172   29.661171 ^ clkbuf_0_wb_clk_i/A (sky130_fd_sc_hd__clkbuf_16)
     2    0.068881    0.138494    0.490182   30.151352 ^ clkbuf_0_wb_clk_i/X (sky130_fd_sc_hd__clkbuf_16)
                                                         clknet_0_wb_clk_i (net)
                      0.138944    0.003730   30.155083 ^ clkbuf_1_1__f_wb_clk_i/A (sky130_fd_sc_hd__clkbuf_16)
     1    0.137055    0.232415    0.354827   30.509911 ^ clkbuf_1_1__f_wb_clk_i/X (sky130_fd_sc_hd__clkbuf_16)
                                                         clknet_1_1__leaf_wb_clk_i (net)
                      0.235472    0.020325   30.530235 ^ i_sram/CLKin (CF_SRAM_1024x32)
                                 -0.100000   30.430237   clock uncertainty
                                  0.000000   30.430237   clock reconvergence pessimism
                                 -0.676822   29.753414   library setup time
                                             29.753414   data required time
---------------------------------------------------------------------------------------------
                                             29.753414   data required time
                                            -14.772210   data arrival time
---------------------------------------------------------------------------------------------
                                             14.981204   slack (MET)


Startpoint: wbs_dat_i[13] (input port clocked by clk)
Endpoint: i_sram (rising edge-triggered flip-flop clocked by clk)
Path Group: clk
Path Type: max

Fanout         Cap        Slew       Delay        Time   Description
---------------------------------------------------------------------------------------------
                                  0.000000    0.000000   clock clk (rise edge)
                                  5.570000    5.570000   clock network delay (propagated)
                                  4.610000   10.180000 v input external delay
     1    0.002506    0.840000    0.000000   10.180000 v wbs_dat_i[13] (in)
                                                         wbs_dat_i[13] (net)
                      0.840131    0.000069   10.180070 v hold99/A (sky130_fd_sc_hd__dlygate4sd3_1)
     1    0.002269    0.102261    1.540553   11.720623 v hold99/X (sky130_fd_sc_hd__dlygate4sd3_1)
                                                         net197 (net)
                      0.102261    0.000170   11.720793 v hold21/A (sky130_fd_sc_hd__dlygate4sd3_1)
     1    0.002016    0.099024    1.181503   12.902296 v hold21/X (sky130_fd_sc_hd__dlygate4sd3_1)
                                                         net119 (net)
                      0.099024    0.000146   12.902441 v input17/A (sky130_fd_sc_hd__buf_2)
     1    0.012122    0.081108    0.295421   13.197863 v input17/X (sky130_fd_sc_hd__buf_2)
                                                         net17 (net)
                      0.081117    0.000939   13.198802 v hold22/A (sky130_fd_sc_hd__dlygate4sd3_1)
     1    0.040497    0.415184    1.538445   14.737247 v hold22/X (sky130_fd_sc_hd__dlygate4sd3_1)
                                                         net120 (net)
                      0.415277    0.006415   14.743662 v i_sram/DI[13] (CF_SRAM_1024x32)
                                             14.743662   data arrival time

                                 25.000000   25.000000   clock clk (rise edge)
                                  4.650000   29.650000   clock source latency
     1    0.057273    0.610000    0.000000   29.650000 ^ wb_clk_i (in)
                                                         wb_clk_i (net)
                      0.633517    0.011172   29.661171 ^ clkbuf_0_wb_clk_i/A (sky130_fd_sc_hd__clkbuf_16)
     2    0.068881    0.138494    0.490182   30.151352 ^ clkbuf_0_wb_clk_i/X (sky130_fd_sc_hd__clkbuf_16)
                                                         clknet_0_wb_clk_i (net)
                      0.138944    0.003730   30.155083 ^ clkbuf_1_1__f_wb_clk_i/A (sky130_fd_sc_hd__clkbuf_16)
     1    0.137055    0.232415    0.354827   30.509911 ^ clkbuf_1_1__f_wb_clk_i/X (sky130_fd_sc_hd__clkbuf_16)
                                                         clknet_1_1__leaf_wb_clk_i (net)
                      0.235472    0.020325   30.530235 ^ i_sram/CLKin (CF_SRAM_1024x32)
                                 -0.100000   30.430237   clock uncertainty
                                  0.000000   30.430237   clock reconvergence pessimism
                                 -0.686273   29.743963   library setup time
                                             29.743963   data required time
---------------------------------------------------------------------------------------------
                                             29.743963   data required time
                                            -14.743662   data arrival time
---------------------------------------------------------------------------------------------
                                             15.000300   slack (MET)


Startpoint: wbs_dat_i[15] (input port clocked by clk)
Endpoint: i_sram (rising edge-triggered flip-flop clocked by clk)
Path Group: clk
Path Type: max

Fanout         Cap        Slew       Delay        Time   Description
---------------------------------------------------------------------------------------------
                                  0.000000    0.000000   clock clk (rise edge)
                                  5.570000    5.570000   clock network delay (propagated)
                                  4.610000   10.180000 v input external delay
     1    0.003343    0.840000    0.000000   10.180000 v wbs_dat_i[15] (in)
                                                         wbs_dat_i[15] (net)
                      0.840156    0.000082   10.180082 v hold97/A (sky130_fd_sc_hd__dlygate4sd3_1)
     1    0.001883    0.098766    1.533761   11.713842 v hold97/X (sky130_fd_sc_hd__dlygate4sd3_1)
                                                         net195 (net)
                      0.098766    0.000138   11.713981 v hold1/A (sky130_fd_sc_hd__dlygate4sd3_1)
     1    0.001726    0.096213    1.174576   12.888556 v hold1/X (sky130_fd_sc_hd__dlygate4sd3_1)
                                                         net99 (net)
                      0.096213    0.000083   12.888639 v input19/A (sky130_fd_sc_hd__buf_2)
     1    0.012636    0.083248    0.296268   13.184908 v input19/X (sky130_fd_sc_hd__buf_2)
                                                         net19 (net)
                      0.083257    0.000930   13.185838 v hold2/A (sky130_fd_sc_hd__dlygate4sd3_1)
     1    0.033914    0.375030    1.487763   14.673600 v hold2/X (sky130_fd_sc_hd__dlygate4sd3_1)
                                                         net100 (net)
                      0.375084    0.004653   14.678254 v i_sram/DI[15] (CF_SRAM_1024x32)
                                             14.678254   data arrival time

                                 25.000000   25.000000   clock clk (rise edge)
                                  4.650000   29.650000   clock source latency
     1    0.057273    0.610000    0.000000   29.650000 ^ wb_clk_i (in)
                                                         wb_clk_i (net)
                      0.633517    0.011172   29.661171 ^ clkbuf_0_wb_clk_i/A (sky130_fd_sc_hd__clkbuf_16)
     2    0.068881    0.138494    0.490182   30.151352 ^ clkbuf_0_wb_clk_i/X (sky130_fd_sc_hd__clkbuf_16)
                                                         clknet_0_wb_clk_i (net)
                      0.138944    0.003730   30.155083 ^ clkbuf_1_1__f_wb_clk_i/A (sky130_fd_sc_hd__clkbuf_16)
     1    0.137055    0.232415    0.354827   30.509911 ^ clkbuf_1_1__f_wb_clk_i/X (sky130_fd_sc_hd__clkbuf_16)
                                                         clknet_1_1__leaf_wb_clk_i (net)
                      0.235472    0.020325   30.530235 ^ i_sram/CLKin (CF_SRAM_1024x32)
                                 -0.100000   30.430237   clock uncertainty
                                  0.000000   30.430237   clock reconvergence pessimism
                                 -0.672708   29.757528   library setup time
                                             29.757528   data required time
---------------------------------------------------------------------------------------------
                                             29.757528   data required time
                                            -14.678254   data arrival time
---------------------------------------------------------------------------------------------
                                             15.079275   slack (MET)


Startpoint: wbs_adr_i[2] (input port clocked by clk)
Endpoint: i_sram (rising edge-triggered flip-flop clocked by clk)
Path Group: clk
Path Type: max

Fanout         Cap        Slew       Delay        Time   Description
---------------------------------------------------------------------------------------------
                                  0.000000    0.000000   clock clk (rise edge)
                                  5.570000    5.570000   clock network delay (propagated)
                                  3.890000    9.460000 v input external delay
     1    0.007455    0.920000    0.000000    9.460000 v wbs_adr_i[2] (in)
                                                         wbs_adr_i[2] (net)
                      0.920395    0.000208    9.460208 v hold138/A (sky130_fd_sc_hd__dlygate4sd3_1)
     1    0.003623    0.113606    1.596164   11.056372 v hold138/X (sky130_fd_sc_hd__dlygate4sd3_1)
                                                         net236 (net)
                      0.113606    0.000231   11.056603 v hold81/A (sky130_fd_sc_hd__dlygate4sd3_1)
     1    0.003337    0.110547    1.210760   12.267363 v hold81/X (sky130_fd_sc_hd__dlygate4sd3_1)
                                                         net179 (net)
                      0.112038    0.000250   12.267612 v input4/A (sky130_fd_sc_hd__buf_4)
     3    0.068119    0.174206    0.390927   12.658540 v input4/X (sky130_fd_sc_hd__buf_4)
                                                         net4 (net)
                      0.177345    0.019662   12.678201 v hold82/A (sky130_fd_sc_hd__dlygate4sd3_1)
     1    0.046991    0.468942    1.630896   14.309097 v hold82/X (sky130_fd_sc_hd__dlygate4sd3_1)
                                                         net180 (net)
                      0.469058    0.007493   14.316590 v i_sram/AD[0] (CF_SRAM_1024x32)
                                             14.316590   data arrival time

                                 25.000000   25.000000   clock clk (rise edge)
                                  4.650000   29.650000   clock source latency
     1    0.057273    0.610000    0.000000   29.650000 ^ wb_clk_i (in)
                                                         wb_clk_i (net)
                      0.633517    0.011172   29.661171 ^ clkbuf_0_wb_clk_i/A (sky130_fd_sc_hd__clkbuf_16)
     2    0.068881    0.138494    0.490182   30.151352 ^ clkbuf_0_wb_clk_i/X (sky130_fd_sc_hd__clkbuf_16)
                                                         clknet_0_wb_clk_i (net)
                      0.138944    0.003730   30.155083 ^ clkbuf_1_1__f_wb_clk_i/A (sky130_fd_sc_hd__clkbuf_16)
     1    0.137055    0.232415    0.354827   30.509911 ^ clkbuf_1_1__f_wb_clk_i/X (sky130_fd_sc_hd__clkbuf_16)
                                                         clknet_1_1__leaf_wb_clk_i (net)
                      0.235472    0.020325   30.530235 ^ i_sram/CLKin (CF_SRAM_1024x32)
                                 -0.100000   30.430237   clock uncertainty
                                  0.000000   30.430237   clock reconvergence pessimism
                                 -0.508057   29.922182   library setup time
                                             29.922182   data required time
---------------------------------------------------------------------------------------------
                                             29.922182   data required time
                                            -14.316590   data arrival time
---------------------------------------------------------------------------------------------
                                             15.605590   slack (MET)


Startpoint: wbs_adr_i[4] (input port clocked by clk)
Endpoint: i_sram (rising edge-triggered flip-flop clocked by clk)
Path Group: clk
Path Type: max

Fanout         Cap        Slew       Delay        Time   Description
---------------------------------------------------------------------------------------------
                                  0.000000    0.000000   clock clk (rise edge)
                                  5.570000    5.570000   clock network delay (propagated)
                                  3.890000    9.460000 v input external delay
     1    0.003024    0.920000    0.000000    9.460000 v wbs_adr_i[4] (in)
                                                         wbs_adr_i[4] (net)
                      0.920175    0.000092    9.460093 v hold136/A (sky130_fd_sc_hd__dlygate4sd3_1)
     1    0.002985    0.107462    1.584839   11.044931 v hold136/X (sky130_fd_sc_hd__dlygate4sd3_1)
                                                         net234 (net)
                      0.107462    0.000175   11.045107 v hold79/A (sky130_fd_sc_hd__dlygate4sd3_1)
     1    0.004829    0.127415    1.231652   12.276758 v hold79/X (sky130_fd_sc_hd__dlygate4sd3_1)
                                                         net177 (net)
                      0.127415    0.000366   12.277124 v input6/A (sky130_fd_sc_hd__buf_4)
     2    0.062654    0.162049    0.391774   12.668899 v input6/X (sky130_fd_sc_hd__buf_4)
                                                         net6 (net)
                      0.164287    0.016044   12.684942 v hold80/A (sky130_fd_sc_hd__dlygate4sd3_1)
     1    0.046690    0.465058    1.621777   14.306719 v hold80/X (sky130_fd_sc_hd__dlygate4sd3_1)
                                                         net178 (net)
                      0.465197    0.008068   14.314787 v i_sram/AD[2] (CF_SRAM_1024x32)
                                             14.314787   data arrival time

                                 25.000000   25.000000   clock clk (rise edge)
                                  4.650000   29.650000   clock source latency
     1    0.057273    0.610000    0.000000   29.650000 ^ wb_clk_i (in)
                                                         wb_clk_i (net)
                      0.633517    0.011172   29.661171 ^ clkbuf_0_wb_clk_i/A (sky130_fd_sc_hd__clkbuf_16)
     2    0.068881    0.138494    0.490182   30.151352 ^ clkbuf_0_wb_clk_i/X (sky130_fd_sc_hd__clkbuf_16)
                                                         clknet_0_wb_clk_i (net)
                      0.138944    0.003730   30.155083 ^ clkbuf_1_1__f_wb_clk_i/A (sky130_fd_sc_hd__clkbuf_16)
     1    0.137055    0.232415    0.354827   30.509911 ^ clkbuf_1_1__f_wb_clk_i/X (sky130_fd_sc_hd__clkbuf_16)
                                                         clknet_1_1__leaf_wb_clk_i (net)
                      0.235472    0.020325   30.530235 ^ i_sram/CLKin (CF_SRAM_1024x32)
                                 -0.100000   30.430237   clock uncertainty
                                  0.000000   30.430237   clock reconvergence pessimism
                                 -0.506966   29.923271   library setup time
                                             29.923271   data required time
---------------------------------------------------------------------------------------------
                                             29.923271   data required time
                                            -14.314787   data arrival time
---------------------------------------------------------------------------------------------
                                             15.608485   slack (MET)


Startpoint: wbs_adr_i[5] (input port clocked by clk)
Endpoint: i_sram (rising edge-triggered flip-flop clocked by clk)
Path Group: clk
Path Type: max

Fanout         Cap        Slew       Delay        Time   Description
---------------------------------------------------------------------------------------------
                                  0.000000    0.000000   clock clk (rise edge)
                                  5.570000    5.570000   clock network delay (propagated)
                                  3.890000    9.460000 v input external delay
     1    0.006880    0.920000    0.000000    9.460000 v wbs_adr_i[5] (in)
                                                         wbs_adr_i[5] (net)
                      0.920464    0.000243    9.460243 v hold134/A (sky130_fd_sc_hd__dlygate4sd3_1)
     1    0.003457    0.111728    1.593281   11.053525 v hold134/X (sky130_fd_sc_hd__dlygate4sd3_1)
                                                         net232 (net)
                      0.111728    0.000204   11.053729 v hold71/A (sky130_fd_sc_hd__dlygate4sd3_1)
     1    0.006244    0.139902    1.250759   12.304488 v hold71/X (sky130_fd_sc_hd__dlygate4sd3_1)
                                                         net169 (net)
                      0.139902    0.000363   12.304852 v input7/A (sky130_fd_sc_hd__buf_4)
     1    0.053478    0.142201    0.383935   12.688787 v input7/X (sky130_fd_sc_hd__buf_4)
                                                         net7 (net)
                      0.143723    0.011912   12.700699 v hold72/A (sky130_fd_sc_hd__dlygate4sd3_1)
     1    0.044798    0.449435    1.598848   14.299547 v hold72/X (sky130_fd_sc_hd__dlygate4sd3_1)
                                                         net170 (net)
                      0.449551    0.007320   14.306868 v i_sram/AD[3] (CF_SRAM_1024x32)
                                             14.306868   data arrival time

                                 25.000000   25.000000   clock clk (rise edge)
                                  4.650000   29.650000   clock source latency
     1    0.057273    0.610000    0.000000   29.650000 ^ wb_clk_i (in)
                                                         wb_clk_i (net)
                      0.633517    0.011172   29.661171 ^ clkbuf_0_wb_clk_i/A (sky130_fd_sc_hd__clkbuf_16)
     2    0.068881    0.138494    0.490182   30.151352 ^ clkbuf_0_wb_clk_i/X (sky130_fd_sc_hd__clkbuf_16)
                                                         clknet_0_wb_clk_i (net)
                      0.138944    0.003730   30.155083 ^ clkbuf_1_1__f_wb_clk_i/A (sky130_fd_sc_hd__clkbuf_16)
     1    0.137055    0.232415    0.354827   30.509911 ^ clkbuf_1_1__f_wb_clk_i/X (sky130_fd_sc_hd__clkbuf_16)
                                                         clknet_1_1__leaf_wb_clk_i (net)
                      0.235472    0.020325   30.530235 ^ i_sram/CLKin (CF_SRAM_1024x32)
                                 -0.100000   30.430237   clock uncertainty
                                  0.000000   30.430237   clock reconvergence pessimism
                                 -0.502544   29.927694   library setup time
                                             29.927694   data required time
---------------------------------------------------------------------------------------------
                                             29.927694   data required time
                                            -14.306868   data arrival time
---------------------------------------------------------------------------------------------
                                             15.620828   slack (MET)


Startpoint: wbs_adr_i[3] (input port clocked by clk)
Endpoint: i_sram (rising edge-triggered flip-flop clocked by clk)
Path Group: clk
Path Type: max

Fanout         Cap        Slew       Delay        Time   Description
---------------------------------------------------------------------------------------------
                                  0.000000    0.000000   clock clk (rise edge)
                                  5.570000    5.570000   clock network delay (propagated)
                                  3.890000    9.460000 v input external delay
     1    0.004838    0.920000    0.000000    9.460000 v wbs_adr_i[3] (in)
                                                         wbs_adr_i[3] (net)
                      0.920237    0.000124    9.460125 v hold137/A (sky130_fd_sc_hd__dlygate4sd3_1)
     1    0.002936    0.107079    1.584003   11.044127 v hold137/X (sky130_fd_sc_hd__dlygate4sd3_1)
                                                         net235 (net)
                      0.107079    0.000179   11.044307 v hold83/A (sky130_fd_sc_hd__dlygate4sd3_1)
     1    0.003505    0.113851    1.210417   12.254724 v hold83/X (sky130_fd_sc_hd__dlygate4sd3_1)
                                                         net181 (net)
                      0.113851    0.000246   12.254970 v input5/A (sky130_fd_sc_hd__buf_4)
     1    0.062073    0.160555    0.384590   12.639560 v input5/X (sky130_fd_sc_hd__buf_4)
                                                         net5 (net)
                      0.162343    0.013872   12.653433 v hold84/A (sky130_fd_sc_hd__dlygate4sd3_1)
     1    0.048028    0.476137    1.629791   14.283223 v hold84/X (sky130_fd_sc_hd__dlygate4sd3_1)
                                                         net182 (net)
                      0.476279    0.008244   14.291467 v i_sram/AD[1] (CF_SRAM_1024x32)
                                             14.291467   data arrival time

                                 25.000000   25.000000   clock clk (rise edge)
                                  4.650000   29.650000   clock source latency
     1    0.057273    0.610000    0.000000   29.650000 ^ wb_clk_i (in)
                                                         wb_clk_i (net)
                      0.633517    0.011172   29.661171 ^ clkbuf_0_wb_clk_i/A (sky130_fd_sc_hd__clkbuf_16)
     2    0.068881    0.138494    0.490182   30.151352 ^ clkbuf_0_wb_clk_i/X (sky130_fd_sc_hd__clkbuf_16)
                                                         clknet_0_wb_clk_i (net)
                      0.138944    0.003730   30.155083 ^ clkbuf_1_1__f_wb_clk_i/A (sky130_fd_sc_hd__clkbuf_16)
     1    0.137055    0.232415    0.354827   30.509911 ^ clkbuf_1_1__f_wb_clk_i/X (sky130_fd_sc_hd__clkbuf_16)
                                                         clknet_1_1__leaf_wb_clk_i (net)
                      0.235472    0.020325   30.530235 ^ i_sram/CLKin (CF_SRAM_1024x32)
                                 -0.100000   30.430237   clock uncertainty
                                  0.000000   30.430237   clock reconvergence pessimism
                                 -0.510097   29.920137   library setup time
                                             29.920137   data required time
---------------------------------------------------------------------------------------------
                                             29.920137   data required time
                                            -14.291467   data arrival time
---------------------------------------------------------------------------------------------
                                             15.628673   slack (MET)


Startpoint: wbs_adr_i[10] (input port clocked by clk)
Endpoint: i_sram (rising edge-triggered flip-flop clocked by clk)
Path Group: clk
Path Type: max

Fanout         Cap        Slew       Delay        Time   Description
---------------------------------------------------------------------------------------------
                                  0.000000    0.000000   clock clk (rise edge)
                                  5.570000    5.570000   clock network delay (propagated)
                                  3.890000    9.460000 v input external delay
     1    0.004841    0.920000    0.000000    9.460000 v wbs_adr_i[10] (in)
                                                         wbs_adr_i[10] (net)
                      0.920378    0.000199    9.460199 v hold130/A (sky130_fd_sc_hd__dlygate4sd3_1)
     1    0.004017    0.118456    1.603109   11.063308 v hold130/X (sky130_fd_sc_hd__dlygate4sd3_1)
                                                         net228 (net)
                      0.118456    0.000267   11.063575 v hold53/A (sky130_fd_sc_hd__dlygate4sd3_1)
     1    0.002864    0.106207    1.204838   12.268414 v hold53/X (sky130_fd_sc_hd__dlygate4sd3_1)
                                                         net151 (net)
                      0.106207    0.000213   12.268626 v input2/A (sky130_fd_sc_hd__buf_4)
     1    0.048027    0.131140    0.358235   12.626862 v input2/X (sky130_fd_sc_hd__buf_4)
                                                         net2 (net)
                      0.132327    0.010005   12.636867 v hold54/A (sky130_fd_sc_hd__dlygate4sd3_1)
     1    0.048761    0.482233    1.619517   14.256384 v hold54/X (sky130_fd_sc_hd__dlygate4sd3_1)
                                                         net152 (net)
                      0.482372    0.008239   14.264623 v i_sram/AD[8] (CF_SRAM_1024x32)
                                             14.264623   data arrival time

                                 25.000000   25.000000   clock clk (rise edge)
                                  4.650000   29.650000   clock source latency
     1    0.057273    0.610000    0.000000   29.650000 ^ wb_clk_i (in)
                                                         wb_clk_i (net)
                      0.633517    0.011172   29.661171 ^ clkbuf_0_wb_clk_i/A (sky130_fd_sc_hd__clkbuf_16)
     2    0.068881    0.138494    0.490182   30.151352 ^ clkbuf_0_wb_clk_i/X (sky130_fd_sc_hd__clkbuf_16)
                                                         clknet_0_wb_clk_i (net)
                      0.138944    0.003730   30.155083 ^ clkbuf_1_1__f_wb_clk_i/A (sky130_fd_sc_hd__clkbuf_16)
     1    0.137055    0.232415    0.354827   30.509911 ^ clkbuf_1_1__f_wb_clk_i/X (sky130_fd_sc_hd__clkbuf_16)
                                                         clknet_1_1__leaf_wb_clk_i (net)
                      0.235472    0.020325   30.530235 ^ i_sram/CLKin (CF_SRAM_1024x32)
                                 -0.100000   30.430237   clock uncertainty
                                  0.000000   30.430237   clock reconvergence pessimism
                                 -0.511819   29.918419   library setup time
                                             29.918419   data required time
---------------------------------------------------------------------------------------------
                                             29.918419   data required time
                                            -14.264623   data arrival time
---------------------------------------------------------------------------------------------
                                             15.653797   slack (MET)


Startpoint: wbs_adr_i[6] (input port clocked by clk)
Endpoint: i_sram (rising edge-triggered flip-flop clocked by clk)
Path Group: clk
Path Type: max

Fanout         Cap        Slew       Delay        Time   Description
---------------------------------------------------------------------------------------------
                                  0.000000    0.000000   clock clk (rise edge)
                                  5.570000    5.570000   clock network delay (propagated)
                                  3.890000    9.460000 v input external delay
     1    0.004166    0.920000    0.000000    9.460000 v wbs_adr_i[6] (in)
                                                         wbs_adr_i[6] (net)
                      0.920188    0.000099    9.460099 v hold135/A (sky130_fd_sc_hd__dlygate4sd3_1)
     1    0.002111    0.100744    1.569423   11.029522 v hold135/X (sky130_fd_sc_hd__dlygate4sd3_1)
                                                         net233 (net)
                      0.100744    0.000149   11.029671 v hold77/A (sky130_fd_sc_hd__dlygate4sd3_1)
     1    0.003446    0.113149    1.206122   12.235793 v hold77/X (sky130_fd_sc_hd__dlygate4sd3_1)
                                                         net175 (net)
                      0.113149    0.000238   12.236032 v input8/A (sky130_fd_sc_hd__buf_4)
     1    0.059709    0.153373    0.384378   12.620409 v input8/X (sky130_fd_sc_hd__buf_4)
                                                         net8 (net)
                      0.153621    0.005707   12.626116 v hold78/A (sky130_fd_sc_hd__dlygate4sd3_1)
     1    0.048495    0.480006    1.628544   14.254660 v hold78/X (sky130_fd_sc_hd__dlygate4sd3_1)
                                                         net176 (net)
                      0.480146    0.008221   14.262880 v i_sram/AD[4] (CF_SRAM_1024x32)
                                             14.262880   data arrival time

                                 25.000000   25.000000   clock clk (rise edge)
                                  4.650000   29.650000   clock source latency
     1    0.057273    0.610000    0.000000   29.650000 ^ wb_clk_i (in)
                                                         wb_clk_i (net)
                      0.633517    0.011172   29.661171 ^ clkbuf_0_wb_clk_i/A (sky130_fd_sc_hd__clkbuf_16)
     2    0.068881    0.138494    0.490182   30.151352 ^ clkbuf_0_wb_clk_i/X (sky130_fd_sc_hd__clkbuf_16)
                                                         clknet_0_wb_clk_i (net)
                      0.138944    0.003730   30.155083 ^ clkbuf_1_1__f_wb_clk_i/A (sky130_fd_sc_hd__clkbuf_16)
     1    0.137055    0.232415    0.354827   30.509911 ^ clkbuf_1_1__f_wb_clk_i/X (sky130_fd_sc_hd__clkbuf_16)
                                                         clknet_1_1__leaf_wb_clk_i (net)
                      0.235472    0.020325   30.530235 ^ i_sram/CLKin (CF_SRAM_1024x32)
                                 -0.100000   30.430237   clock uncertainty
                                  0.000000   30.430237   clock reconvergence pessimism
                                 -0.511190   29.919048   library setup time
                                             29.919048   data required time
---------------------------------------------------------------------------------------------
                                             29.919048   data required time
                                            -14.262880   data arrival time
---------------------------------------------------------------------------------------------
                                             15.656167   slack (MET)


Startpoint: wbs_adr_i[8] (input port clocked by clk)
Endpoint: i_sram (rising edge-triggered flip-flop clocked by clk)
Path Group: clk
Path Type: max

Fanout         Cap        Slew       Delay        Time   Description
---------------------------------------------------------------------------------------------
                                  0.000000    0.000000   clock clk (rise edge)
                                  5.570000    5.570000   clock network delay (propagated)
                                  3.890000    9.460000 v input external delay
     1    0.003098    0.920000    0.000000    9.460000 v wbs_adr_i[8] (in)
                                                         wbs_adr_i[8] (net)
                      0.920183    0.000096    9.460096 v hold132/A (sky130_fd_sc_hd__dlygate4sd3_1)
     1    0.002850    0.106405    1.582471   11.042567 v hold132/X (sky130_fd_sc_hd__dlygate4sd3_1)
                                                         net230 (net)
                      0.106405    0.000173   11.042741 v hold67/A (sky130_fd_sc_hd__dlygate4sd3_1)
     1    0.002987    0.107205    1.200874   12.243614 v hold67/X (sky130_fd_sc_hd__dlygate4sd3_1)
                                                         net165 (net)
                      0.107205    0.000212   12.243827 v input10/A (sky130_fd_sc_hd__buf_4)
     1    0.054772    0.143401    0.373110   12.616938 v input10/X (sky130_fd_sc_hd__buf_4)
                                                         net10 (net)
                      0.143624    0.005246   12.622184 v hold68/A (sky130_fd_sc_hd__dlygate4sd3_1)
     1    0.046844    0.466349    1.612432   14.234615 v hold68/X (sky130_fd_sc_hd__dlygate4sd3_1)
                                                         net166 (net)
                      0.466486    0.008011   14.242627 v i_sram/AD[6] (CF_SRAM_1024x32)
                                             14.242627   data arrival time

                                 25.000000   25.000000   clock clk (rise edge)
                                  4.650000   29.650000   clock source latency
     1    0.057273    0.610000    0.000000   29.650000 ^ wb_clk_i (in)
                                                         wb_clk_i (net)
                      0.633517    0.011172   29.661171 ^ clkbuf_0_wb_clk_i/A (sky130_fd_sc_hd__clkbuf_16)
     2    0.068881    0.138494    0.490182   30.151352 ^ clkbuf_0_wb_clk_i/X (sky130_fd_sc_hd__clkbuf_16)
                                                         clknet_0_wb_clk_i (net)
                      0.138944    0.003730   30.155083 ^ clkbuf_1_1__f_wb_clk_i/A (sky130_fd_sc_hd__clkbuf_16)
     1    0.137055    0.232415    0.354827   30.509911 ^ clkbuf_1_1__f_wb_clk_i/X (sky130_fd_sc_hd__clkbuf_16)
                                                         clknet_1_1__leaf_wb_clk_i (net)
                      0.235472    0.020325   30.530235 ^ i_sram/CLKin (CF_SRAM_1024x32)
                                 -0.100000   30.430237   clock uncertainty
                                  0.000000   30.430237   clock reconvergence pessimism
                                 -0.507330   29.922905   library setup time
                                             29.922905   data required time
---------------------------------------------------------------------------------------------
                                             29.922905   data required time
                                            -14.242627   data arrival time
---------------------------------------------------------------------------------------------
                                             15.680279   slack (MET)


Startpoint: wbs_adr_i[9] (input port clocked by clk)
Endpoint: i_sram (rising edge-triggered flip-flop clocked by clk)
Path Group: clk
Path Type: max

Fanout         Cap        Slew       Delay        Time   Description
---------------------------------------------------------------------------------------------
                                  0.000000    0.000000   clock clk (rise edge)
                                  5.570000    5.570000   clock network delay (propagated)
                                  3.890000    9.460000 v input external delay
     1    0.003649    0.920000    0.000000    9.460000 v wbs_adr_i[9] (in)
                                                         wbs_adr_i[9] (net)
                      0.920171    0.000090    9.460090 v hold131/A (sky130_fd_sc_hd__dlygate4sd3_1)
     1    0.001754    0.097495    1.563112   11.023202 v hold131/X (sky130_fd_sc_hd__dlygate4sd3_1)
                                                         net229 (net)
                      0.097495    0.000129   11.023331 v hold61/A (sky130_fd_sc_hd__dlygate4sd3_1)
     1    0.002805    0.105594    1.193078   12.216409 v hold61/X (sky130_fd_sc_hd__dlygate4sd3_1)
                                                         net159 (net)
                      0.105594    0.000212   12.216621 v input11/A (sky130_fd_sc_hd__buf_4)
     1    0.051028    0.137453    0.362051   12.578671 v input11/X (sky130_fd_sc_hd__buf_4)
                                                         net11 (net)
                      0.139372    0.013591   12.592262 v hold62/A (sky130_fd_sc_hd__dlygate4sd3_1)
     1    0.047200    0.469342    1.612112   14.204375 v hold62/X (sky130_fd_sc_hd__dlygate4sd3_1)
                                                         net160 (net)
                      0.469523    0.009109   14.213484 v i_sram/AD[7] (CF_SRAM_1024x32)
                                             14.213484   data arrival time

                                 25.000000   25.000000   clock clk (rise edge)
                                  4.650000   29.650000   clock source latency
     1    0.057273    0.610000    0.000000   29.650000 ^ wb_clk_i (in)
                                                         wb_clk_i (net)
                      0.633517    0.011172   29.661171 ^ clkbuf_0_wb_clk_i/A (sky130_fd_sc_hd__clkbuf_16)
     2    0.068881    0.138494    0.490182   30.151352 ^ clkbuf_0_wb_clk_i/X (sky130_fd_sc_hd__clkbuf_16)
                                                         clknet_0_wb_clk_i (net)
                      0.138944    0.003730   30.155083 ^ clkbuf_1_1__f_wb_clk_i/A (sky130_fd_sc_hd__clkbuf_16)
     1    0.137055    0.232415    0.354827   30.509911 ^ clkbuf_1_1__f_wb_clk_i/X (sky130_fd_sc_hd__clkbuf_16)
                                                         clknet_1_1__leaf_wb_clk_i (net)
                      0.235472    0.020325   30.530235 ^ i_sram/CLKin (CF_SRAM_1024x32)
                                 -0.100000   30.430237   clock uncertainty
                                  0.000000   30.430237   clock reconvergence pessimism
                                 -0.508188   29.922050   library setup time
                                             29.922050   data required time
---------------------------------------------------------------------------------------------
                                             29.922050   data required time
                                            -14.213484   data arrival time
---------------------------------------------------------------------------------------------
                                             15.708566   slack (MET)


Startpoint: wbs_adr_i[7] (input port clocked by clk)
Endpoint: i_sram (rising edge-triggered flip-flop clocked by clk)
Path Group: clk
Path Type: max

Fanout         Cap        Slew       Delay        Time   Description
---------------------------------------------------------------------------------------------
                                  0.000000    0.000000   clock clk (rise edge)
                                  5.570000    5.570000   clock network delay (propagated)
                                  3.890000    9.460000 v input external delay
     1    0.003008    0.920000    0.000000    9.460000 v wbs_adr_i[7] (in)
                                                         wbs_adr_i[7] (net)
                      0.920170    0.000090    9.460090 v hold133/A (sky130_fd_sc_hd__dlygate4sd3_1)
     1    0.001971    0.099472    1.566940   11.027030 v hold133/X (sky130_fd_sc_hd__dlygate4sd3_1)
                                                         net231 (net)
                      0.099472    0.000143   11.027173 v hold69/A (sky130_fd_sc_hd__dlygate4sd3_1)
     1    0.002808    0.105628    1.194144   12.221317 v hold69/X (sky130_fd_sc_hd__dlygate4sd3_1)
                                                         net167 (net)
                      0.105628    0.000205   12.221522 v input9/A (sky130_fd_sc_hd__buf_4)
     1    0.057540    0.148999    0.376949   12.598472 v input9/X (sky130_fd_sc_hd__buf_4)
                                                         net9 (net)
                      0.149232    0.005450   12.603922 v hold70/A (sky130_fd_sc_hd__dlygate4sd3_1)
     1    0.044738    0.448925    1.601238   14.205160 v hold70/X (sky130_fd_sc_hd__dlygate4sd3_1)
                                                         net168 (net)
                      0.449050    0.007575   14.212735 v i_sram/AD[5] (CF_SRAM_1024x32)
                                             14.212735   data arrival time

                                 25.000000   25.000000   clock clk (rise edge)
                                  4.650000   29.650000   clock source latency
     1    0.057273    0.610000    0.000000   29.650000 ^ wb_clk_i (in)
                                                         wb_clk_i (net)
                      0.633517    0.011172   29.661171 ^ clkbuf_0_wb_clk_i/A (sky130_fd_sc_hd__clkbuf_16)
     2    0.068881    0.138494    0.490182   30.151352 ^ clkbuf_0_wb_clk_i/X (sky130_fd_sc_hd__clkbuf_16)
                                                         clknet_0_wb_clk_i (net)
                      0.138944    0.003730   30.155083 ^ clkbuf_1_1__f_wb_clk_i/A (sky130_fd_sc_hd__clkbuf_16)
     1    0.137055    0.232415    0.354827   30.509911 ^ clkbuf_1_1__f_wb_clk_i/X (sky130_fd_sc_hd__clkbuf_16)
                                                         clknet_1_1__leaf_wb_clk_i (net)
                      0.235472    0.020325   30.530235 ^ i_sram/CLKin (CF_SRAM_1024x32)
                                 -0.100000   30.430237   clock uncertainty
                                  0.000000   30.430237   clock reconvergence pessimism
                                 -0.502402   29.927834   library setup time
                                             29.927834   data required time
---------------------------------------------------------------------------------------------
                                             29.927834   data required time
                                            -14.212735   data arrival time
---------------------------------------------------------------------------------------------
                                             15.715099   slack (MET)


Startpoint: wbs_adr_i[11] (input port clocked by clk)
Endpoint: i_sram (rising edge-triggered flip-flop clocked by clk)
Path Group: clk
Path Type: max

Fanout         Cap        Slew       Delay        Time   Description
---------------------------------------------------------------------------------------------
                                  0.000000    0.000000   clock clk (rise edge)
                                  5.570000    5.570000   clock network delay (propagated)
                                  3.890000    9.460000 v input external delay
     1    0.003395    0.920000    0.000000    9.460000 v wbs_adr_i[11] (in)
                                                         wbs_adr_i[11] (net)
                      0.920192    0.000101    9.460101 v hold129/A (sky130_fd_sc_hd__dlygate4sd3_1)
     1    0.001617    0.096236    1.560713   11.020815 v hold129/X (sky130_fd_sc_hd__dlygate4sd3_1)
                                                         net227 (net)
                      0.096236    0.000079   11.020894 v hold41/A (sky130_fd_sc_hd__dlygate4sd3_1)
     1    0.002812    0.105646    1.192570   12.213464 v hold41/X (sky130_fd_sc_hd__dlygate4sd3_1)
                                                         net139 (net)
                      0.105646    0.000204   12.213668 v input3/A (sky130_fd_sc_hd__buf_4)
     1    0.047024    0.128060    0.358472   12.572140 v input3/X (sky130_fd_sc_hd__buf_4)
                                                         net3 (net)
                      0.128238    0.004452   12.576591 v hold42/A (sky130_fd_sc_hd__dlygate4sd3_1)
     1    0.046525    0.465109    1.602817   14.179408 v hold42/X (sky130_fd_sc_hd__dlygate4sd3_1)
                                                         net140 (net)
                      0.465219    0.007303   14.186711 v i_sram/AD[9] (CF_SRAM_1024x32)
                                             14.186711   data arrival time

                                 25.000000   25.000000   clock clk (rise edge)
                                  4.650000   29.650000   clock source latency
     1    0.057273    0.610000    0.000000   29.650000 ^ wb_clk_i (in)
                                                         wb_clk_i (net)
                      0.633517    0.011172   29.661171 ^ clkbuf_0_wb_clk_i/A (sky130_fd_sc_hd__clkbuf_16)
     2    0.068881    0.138494    0.490182   30.151352 ^ clkbuf_0_wb_clk_i/X (sky130_fd_sc_hd__clkbuf_16)
                                                         clknet_0_wb_clk_i (net)
                      0.138944    0.003730   30.155083 ^ clkbuf_1_1__f_wb_clk_i/A (sky130_fd_sc_hd__clkbuf_16)
     1    0.137055    0.232415    0.354827   30.509911 ^ clkbuf_1_1__f_wb_clk_i/X (sky130_fd_sc_hd__clkbuf_16)
                                                         clknet_1_1__leaf_wb_clk_i (net)
                      0.235472    0.020325   30.530235 ^ i_sram/CLKin (CF_SRAM_1024x32)
                                 -0.100000   30.430237   clock uncertainty
                                  0.000000   30.430237   clock reconvergence pessimism
                                 -0.506972   29.923265   library setup time
                                             29.923265   data required time
---------------------------------------------------------------------------------------------
                                             29.923265   data required time
                                            -14.186711   data arrival time
---------------------------------------------------------------------------------------------
                                             15.736554   slack (MET)


Startpoint: wbs_sel_i[3] (input port clocked by clk)
Endpoint: i_sram (rising edge-triggered flip-flop clocked by clk)
Path Group: clk
Path Type: max

Fanout         Cap        Slew       Delay        Time   Description
---------------------------------------------------------------------------------------------
                                  0.000000    0.000000   clock clk (rise edge)
                                  5.570000    5.570000   clock network delay (propagated)
                                  3.170000    8.740000 v input external delay
     1    0.007673    0.180000    0.000000    8.740000 v wbs_sel_i[3] (in)
                                                         wbs_sel_i[3] (net)
                      0.180481    0.000252    8.740252 v hold96/A (sky130_fd_sc_hd__dlygate4sd3_1)
     1    0.005139    0.130483    1.272690   10.012942 v hold96/X (sky130_fd_sc_hd__dlygate4sd3_1)
                                                         net194 (net)
                      0.130483    0.000382   10.013325 v hold94/A (sky130_fd_sc_hd__dlygate4sd3_1)
     1    0.011480    0.191258    1.322428   11.335752 v hold94/X (sky130_fd_sc_hd__dlygate4sd3_1)
                                                         net192 (net)
                      0.191260    0.001005   11.336757 v input48/A (sky130_fd_sc_hd__buf_12)
     1    0.076729    0.089326    0.343166   11.679923 v input48/X (sky130_fd_sc_hd__buf_12)
                                                         net48 (net)
                      0.090554    0.008091   11.688014 v hold95/A (sky130_fd_sc_hd__buf_12)
     8    0.198194    0.189069    0.329863   12.017878 v hold95/X (sky130_fd_sc_hd__buf_12)
                                                         net193 (net)
                      0.223485    0.065037   12.082914 v i_sram/BEN[31] (CF_SRAM_1024x32)
                                             12.082914   data arrival time

                                 25.000000   25.000000   clock clk (rise edge)
                                  4.650000   29.650000   clock source latency
     1    0.057273    0.610000    0.000000   29.650000 ^ wb_clk_i (in)
                                                         wb_clk_i (net)
                      0.633517    0.011172   29.661171 ^ clkbuf_0_wb_clk_i/A (sky130_fd_sc_hd__clkbuf_16)
     2    0.068881    0.138494    0.490182   30.151352 ^ clkbuf_0_wb_clk_i/X (sky130_fd_sc_hd__clkbuf_16)
                                                         clknet_0_wb_clk_i (net)
                      0.138944    0.003730   30.155083 ^ clkbuf_1_1__f_wb_clk_i/A (sky130_fd_sc_hd__clkbuf_16)
     1    0.137055    0.232415    0.354827   30.509911 ^ clkbuf_1_1__f_wb_clk_i/X (sky130_fd_sc_hd__clkbuf_16)
                                                         clknet_1_1__leaf_wb_clk_i (net)
                      0.235472    0.020325   30.530235 ^ i_sram/CLKin (CF_SRAM_1024x32)
                                 -0.100000   30.430237   clock uncertainty
                                  0.000000   30.430237   clock reconvergence pessimism
                                 -0.622371   29.807865   library setup time
                                             29.807865   data required time
---------------------------------------------------------------------------------------------
                                             29.807865   data required time
                                            -12.082914   data arrival time
---------------------------------------------------------------------------------------------
                                             17.724951   slack (MET)


Startpoint: wbs_sel_i[3] (input port clocked by clk)
Endpoint: i_sram (rising edge-triggered flip-flop clocked by clk)
Path Group: clk
Path Type: max

Fanout         Cap        Slew       Delay        Time   Description
---------------------------------------------------------------------------------------------
                                  0.000000    0.000000   clock clk (rise edge)
                                  5.570000    5.570000   clock network delay (propagated)
                                  3.170000    8.740000 v input external delay
     1    0.007673    0.180000    0.000000    8.740000 v wbs_sel_i[3] (in)
                                                         wbs_sel_i[3] (net)
                      0.180481    0.000252    8.740252 v hold96/A (sky130_fd_sc_hd__dlygate4sd3_1)
     1    0.005139    0.130483    1.272690   10.012942 v hold96/X (sky130_fd_sc_hd__dlygate4sd3_1)
                                                         net194 (net)
                      0.130483    0.000382   10.013325 v hold94/A (sky130_fd_sc_hd__dlygate4sd3_1)
     1    0.011480    0.191258    1.322428   11.335752 v hold94/X (sky130_fd_sc_hd__dlygate4sd3_1)
                                                         net192 (net)
                      0.191260    0.001005   11.336757 v input48/A (sky130_fd_sc_hd__buf_12)
     1    0.076729    0.089326    0.343166   11.679923 v input48/X (sky130_fd_sc_hd__buf_12)
                                                         net48 (net)
                      0.090554    0.008091   11.688014 v hold95/A (sky130_fd_sc_hd__buf_12)
     8    0.198194    0.189069    0.329863   12.017878 v hold95/X (sky130_fd_sc_hd__buf_12)
                                                         net193 (net)
                      0.223333    0.064875   12.082753 v i_sram/BEN[30] (CF_SRAM_1024x32)
                                             12.082753   data arrival time

                                 25.000000   25.000000   clock clk (rise edge)
                                  4.650000   29.650000   clock source latency
     1    0.057273    0.610000    0.000000   29.650000 ^ wb_clk_i (in)
                                                         wb_clk_i (net)
                      0.633517    0.011172   29.661171 ^ clkbuf_0_wb_clk_i/A (sky130_fd_sc_hd__clkbuf_16)
     2    0.068881    0.138494    0.490182   30.151352 ^ clkbuf_0_wb_clk_i/X (sky130_fd_sc_hd__clkbuf_16)
                                                         clknet_0_wb_clk_i (net)
                      0.138944    0.003730   30.155083 ^ clkbuf_1_1__f_wb_clk_i/A (sky130_fd_sc_hd__clkbuf_16)
     1    0.137055    0.232415    0.354827   30.509911 ^ clkbuf_1_1__f_wb_clk_i/X (sky130_fd_sc_hd__clkbuf_16)
                                                         clknet_1_1__leaf_wb_clk_i (net)
                      0.235472    0.020325   30.530235 ^ i_sram/CLKin (CF_SRAM_1024x32)
                                 -0.100000   30.430237   clock uncertainty
                                  0.000000   30.430237   clock reconvergence pessimism
                                 -0.622313   29.807922   library setup time
                                             29.807922   data required time
---------------------------------------------------------------------------------------------
                                             29.807922   data required time
                                            -12.082753   data arrival time
---------------------------------------------------------------------------------------------
                                             17.725170   slack (MET)


Startpoint: wbs_sel_i[3] (input port clocked by clk)
Endpoint: i_sram (rising edge-triggered flip-flop clocked by clk)
Path Group: clk
Path Type: max

Fanout         Cap        Slew       Delay        Time   Description
---------------------------------------------------------------------------------------------
                                  0.000000    0.000000   clock clk (rise edge)
                                  5.570000    5.570000   clock network delay (propagated)
                                  3.170000    8.740000 v input external delay
     1    0.007673    0.180000    0.000000    8.740000 v wbs_sel_i[3] (in)
                                                         wbs_sel_i[3] (net)
                      0.180481    0.000252    8.740252 v hold96/A (sky130_fd_sc_hd__dlygate4sd3_1)
     1    0.005139    0.130483    1.272690   10.012942 v hold96/X (sky130_fd_sc_hd__dlygate4sd3_1)
                                                         net194 (net)
                      0.130483    0.000382   10.013325 v hold94/A (sky130_fd_sc_hd__dlygate4sd3_1)
     1    0.011480    0.191258    1.322428   11.335752 v hold94/X (sky130_fd_sc_hd__dlygate4sd3_1)
                                                         net192 (net)
                      0.191260    0.001005   11.336757 v input48/A (sky130_fd_sc_hd__buf_12)
     1    0.076729    0.089326    0.343166   11.679923 v input48/X (sky130_fd_sc_hd__buf_12)
                                                         net48 (net)
                      0.090554    0.008091   11.688014 v hold95/A (sky130_fd_sc_hd__buf_12)
     8    0.198194    0.189069    0.329863   12.017878 v hold95/X (sky130_fd_sc_hd__buf_12)
                                                         net193 (net)
                      0.222845    0.064354   12.082232 v i_sram/BEN[29] (CF_SRAM_1024x32)
                                             12.082232   data arrival time

                                 25.000000   25.000000   clock clk (rise edge)
                                  4.650000   29.650000   clock source latency
     1    0.057273    0.610000    0.000000   29.650000 ^ wb_clk_i (in)
                                                         wb_clk_i (net)
                      0.633517    0.011172   29.661171 ^ clkbuf_0_wb_clk_i/A (sky130_fd_sc_hd__clkbuf_16)
     2    0.068881    0.138494    0.490182   30.151352 ^ clkbuf_0_wb_clk_i/X (sky130_fd_sc_hd__clkbuf_16)
                                                         clknet_0_wb_clk_i (net)
                      0.138944    0.003730   30.155083 ^ clkbuf_1_1__f_wb_clk_i/A (sky130_fd_sc_hd__clkbuf_16)
     1    0.137055    0.232415    0.354827   30.509911 ^ clkbuf_1_1__f_wb_clk_i/X (sky130_fd_sc_hd__clkbuf_16)
                                                         clknet_1_1__leaf_wb_clk_i (net)
                      0.235472    0.020325   30.530235 ^ i_sram/CLKin (CF_SRAM_1024x32)
                                 -0.100000   30.430237   clock uncertainty
                                  0.000000   30.430237   clock reconvergence pessimism
                                 -0.622128   29.808107   library setup time
                                             29.808107   data required time
---------------------------------------------------------------------------------------------
                                             29.808107   data required time
                                            -12.082232   data arrival time
---------------------------------------------------------------------------------------------
                                             17.725874   slack (MET)


Startpoint: wbs_sel_i[3] (input port clocked by clk)
Endpoint: i_sram (rising edge-triggered flip-flop clocked by clk)
Path Group: clk
Path Type: max

Fanout         Cap        Slew       Delay        Time   Description
---------------------------------------------------------------------------------------------
                                  0.000000    0.000000   clock clk (rise edge)
                                  5.570000    5.570000   clock network delay (propagated)
                                  3.170000    8.740000 v input external delay
     1    0.007673    0.180000    0.000000    8.740000 v wbs_sel_i[3] (in)
                                                         wbs_sel_i[3] (net)
                      0.180481    0.000252    8.740252 v hold96/A (sky130_fd_sc_hd__dlygate4sd3_1)
     1    0.005139    0.130483    1.272690   10.012942 v hold96/X (sky130_fd_sc_hd__dlygate4sd3_1)
                                                         net194 (net)
                      0.130483    0.000382   10.013325 v hold94/A (sky130_fd_sc_hd__dlygate4sd3_1)
     1    0.011480    0.191258    1.322428   11.335752 v hold94/X (sky130_fd_sc_hd__dlygate4sd3_1)
                                                         net192 (net)
                      0.191260    0.001005   11.336757 v input48/A (sky130_fd_sc_hd__buf_12)
     1    0.076729    0.089326    0.343166   11.679923 v input48/X (sky130_fd_sc_hd__buf_12)
                                                         net48 (net)
                      0.090554    0.008091   11.688014 v hold95/A (sky130_fd_sc_hd__buf_12)
     8    0.198194    0.189069    0.329863   12.017878 v hold95/X (sky130_fd_sc_hd__buf_12)
                                                         net193 (net)
                      0.220954    0.062315   12.080194 v i_sram/BEN[28] (CF_SRAM_1024x32)
                                             12.080194   data arrival time

                                 25.000000   25.000000   clock clk (rise edge)
                                  4.650000   29.650000   clock source latency
     1    0.057273    0.610000    0.000000   29.650000 ^ wb_clk_i (in)
                                                         wb_clk_i (net)
                      0.633517    0.011172   29.661171 ^ clkbuf_0_wb_clk_i/A (sky130_fd_sc_hd__clkbuf_16)
     2    0.068881    0.138494    0.490182   30.151352 ^ clkbuf_0_wb_clk_i/X (sky130_fd_sc_hd__clkbuf_16)
                                                         clknet_0_wb_clk_i (net)
                      0.138944    0.003730   30.155083 ^ clkbuf_1_1__f_wb_clk_i/A (sky130_fd_sc_hd__clkbuf_16)
     1    0.137055    0.232415    0.354827   30.509911 ^ clkbuf_1_1__f_wb_clk_i/X (sky130_fd_sc_hd__clkbuf_16)
                                                         clknet_1_1__leaf_wb_clk_i (net)
                      0.235472    0.020325   30.530235 ^ i_sram/CLKin (CF_SRAM_1024x32)
                                 -0.100000   30.430237   clock uncertainty
                                  0.000000   30.430237   clock reconvergence pessimism
                                 -0.621412   29.808825   library setup time
                                             29.808825   data required time
---------------------------------------------------------------------------------------------
                                             29.808825   data required time
                                            -12.080194   data arrival time
---------------------------------------------------------------------------------------------
                                             17.728632   slack (MET)


Startpoint: wbs_sel_i[3] (input port clocked by clk)
Endpoint: i_sram (rising edge-triggered flip-flop clocked by clk)
Path Group: clk
Path Type: max

Fanout         Cap        Slew       Delay        Time   Description
---------------------------------------------------------------------------------------------
                                  0.000000    0.000000   clock clk (rise edge)
                                  5.570000    5.570000   clock network delay (propagated)
                                  3.170000    8.740000 v input external delay
     1    0.007673    0.180000    0.000000    8.740000 v wbs_sel_i[3] (in)
                                                         wbs_sel_i[3] (net)
                      0.180481    0.000252    8.740252 v hold96/A (sky130_fd_sc_hd__dlygate4sd3_1)
     1    0.005139    0.130483    1.272690   10.012942 v hold96/X (sky130_fd_sc_hd__dlygate4sd3_1)
                                                         net194 (net)
                      0.130483    0.000382   10.013325 v hold94/A (sky130_fd_sc_hd__dlygate4sd3_1)
     1    0.011480    0.191258    1.322428   11.335752 v hold94/X (sky130_fd_sc_hd__dlygate4sd3_1)
                                                         net192 (net)
                      0.191260    0.001005   11.336757 v input48/A (sky130_fd_sc_hd__buf_12)
     1    0.076729    0.089326    0.343166   11.679923 v input48/X (sky130_fd_sc_hd__buf_12)
                                                         net48 (net)
                      0.090554    0.008091   11.688014 v hold95/A (sky130_fd_sc_hd__buf_12)
     8    0.198194    0.189069    0.329863   12.017878 v hold95/X (sky130_fd_sc_hd__buf_12)
                                                         net193 (net)
                      0.217641    0.058664   12.076542 v i_sram/BEN[27] (CF_SRAM_1024x32)
                                             12.076542   data arrival time

                                 25.000000   25.000000   clock clk (rise edge)
                                  4.650000   29.650000   clock source latency
     1    0.057273    0.610000    0.000000   29.650000 ^ wb_clk_i (in)
                                                         wb_clk_i (net)
                      0.633517    0.011172   29.661171 ^ clkbuf_0_wb_clk_i/A (sky130_fd_sc_hd__clkbuf_16)
     2    0.068881    0.138494    0.490182   30.151352 ^ clkbuf_0_wb_clk_i/X (sky130_fd_sc_hd__clkbuf_16)
                                                         clknet_0_wb_clk_i (net)
                      0.138944    0.003730   30.155083 ^ clkbuf_1_1__f_wb_clk_i/A (sky130_fd_sc_hd__clkbuf_16)
     1    0.137055    0.232415    0.354827   30.509911 ^ clkbuf_1_1__f_wb_clk_i/X (sky130_fd_sc_hd__clkbuf_16)
                                                         clknet_1_1__leaf_wb_clk_i (net)
                      0.235472    0.020325   30.530235 ^ i_sram/CLKin (CF_SRAM_1024x32)
                                 -0.100000   30.430237   clock uncertainty
                                  0.000000   30.430237   clock reconvergence pessimism
                                 -0.620156   29.810081   library setup time
                                             29.810081   data required time
---------------------------------------------------------------------------------------------
                                             29.810081   data required time
                                            -12.076542   data arrival time
---------------------------------------------------------------------------------------------
                                             17.733541   slack (MET)


Startpoint: wbs_sel_i[3] (input port clocked by clk)
Endpoint: i_sram (rising edge-triggered flip-flop clocked by clk)
Path Group: clk
Path Type: max

Fanout         Cap        Slew       Delay        Time   Description
---------------------------------------------------------------------------------------------
                                  0.000000    0.000000   clock clk (rise edge)
                                  5.570000    5.570000   clock network delay (propagated)
                                  3.170000    8.740000 v input external delay
     1    0.007673    0.180000    0.000000    8.740000 v wbs_sel_i[3] (in)
                                                         wbs_sel_i[3] (net)
                      0.180481    0.000252    8.740252 v hold96/A (sky130_fd_sc_hd__dlygate4sd3_1)
     1    0.005139    0.130483    1.272690   10.012942 v hold96/X (sky130_fd_sc_hd__dlygate4sd3_1)
                                                         net194 (net)
                      0.130483    0.000382   10.013325 v hold94/A (sky130_fd_sc_hd__dlygate4sd3_1)
     1    0.011480    0.191258    1.322428   11.335752 v hold94/X (sky130_fd_sc_hd__dlygate4sd3_1)
                                                         net192 (net)
                      0.191260    0.001005   11.336757 v input48/A (sky130_fd_sc_hd__buf_12)
     1    0.076729    0.089326    0.343166   11.679923 v input48/X (sky130_fd_sc_hd__buf_12)
                                                         net48 (net)
                      0.090554    0.008091   11.688014 v hold95/A (sky130_fd_sc_hd__buf_12)
     8    0.198194    0.189069    0.329863   12.017878 v hold95/X (sky130_fd_sc_hd__buf_12)
                                                         net193 (net)
                      0.215372    0.056096   12.073974 v i_sram/BEN[26] (CF_SRAM_1024x32)
                                             12.073974   data arrival time

                                 25.000000   25.000000   clock clk (rise edge)
                                  4.650000   29.650000   clock source latency
     1    0.057273    0.610000    0.000000   29.650000 ^ wb_clk_i (in)
                                                         wb_clk_i (net)
                      0.633517    0.011172   29.661171 ^ clkbuf_0_wb_clk_i/A (sky130_fd_sc_hd__clkbuf_16)
     2    0.068881    0.138494    0.490182   30.151352 ^ clkbuf_0_wb_clk_i/X (sky130_fd_sc_hd__clkbuf_16)
                                                         clknet_0_wb_clk_i (net)
                      0.138944    0.003730   30.155083 ^ clkbuf_1_1__f_wb_clk_i/A (sky130_fd_sc_hd__clkbuf_16)
     1    0.137055    0.232415    0.354827   30.509911 ^ clkbuf_1_1__f_wb_clk_i/X (sky130_fd_sc_hd__clkbuf_16)
                                                         clknet_1_1__leaf_wb_clk_i (net)
                      0.235472    0.020325   30.530235 ^ i_sram/CLKin (CF_SRAM_1024x32)
                                 -0.100000   30.430237   clock uncertainty
                                  0.000000   30.430237   clock reconvergence pessimism
                                 -0.619296   29.810942   library setup time
                                             29.810942   data required time
---------------------------------------------------------------------------------------------
                                             29.810942   data required time
                                            -12.073974   data arrival time
---------------------------------------------------------------------------------------------
                                             17.736969   slack (MET)


Startpoint: wbs_sel_i[3] (input port clocked by clk)
Endpoint: i_sram (rising edge-triggered flip-flop clocked by clk)
Path Group: clk
Path Type: max

Fanout         Cap        Slew       Delay        Time   Description
---------------------------------------------------------------------------------------------
                                  0.000000    0.000000   clock clk (rise edge)
                                  5.570000    5.570000   clock network delay (propagated)
                                  3.170000    8.740000 v input external delay
     1    0.007673    0.180000    0.000000    8.740000 v wbs_sel_i[3] (in)
                                                         wbs_sel_i[3] (net)
                      0.180481    0.000252    8.740252 v hold96/A (sky130_fd_sc_hd__dlygate4sd3_1)
     1    0.005139    0.130483    1.272690   10.012942 v hold96/X (sky130_fd_sc_hd__dlygate4sd3_1)
                                                         net194 (net)
                      0.130483    0.000382   10.013325 v hold94/A (sky130_fd_sc_hd__dlygate4sd3_1)
     1    0.011480    0.191258    1.322428   11.335752 v hold94/X (sky130_fd_sc_hd__dlygate4sd3_1)
                                                         net192 (net)
                      0.191260    0.001005   11.336757 v input48/A (sky130_fd_sc_hd__buf_12)
     1    0.076729    0.089326    0.343166   11.679923 v input48/X (sky130_fd_sc_hd__buf_12)
                                                         net48 (net)
                      0.090554    0.008091   11.688014 v hold95/A (sky130_fd_sc_hd__buf_12)
     8    0.198194    0.189069    0.329863   12.017878 v hold95/X (sky130_fd_sc_hd__buf_12)
                                                         net193 (net)
                      0.212246    0.052458   12.070335 v i_sram/BEN[25] (CF_SRAM_1024x32)
                                             12.070335   data arrival time

                                 25.000000   25.000000   clock clk (rise edge)
                                  4.650000   29.650000   clock source latency
     1    0.057273    0.610000    0.000000   29.650000 ^ wb_clk_i (in)
                                                         wb_clk_i (net)
                      0.633517    0.011172   29.661171 ^ clkbuf_0_wb_clk_i/A (sky130_fd_sc_hd__clkbuf_16)
     2    0.068881    0.138494    0.490182   30.151352 ^ clkbuf_0_wb_clk_i/X (sky130_fd_sc_hd__clkbuf_16)
                                                         clknet_0_wb_clk_i (net)
                      0.138944    0.003730   30.155083 ^ clkbuf_1_1__f_wb_clk_i/A (sky130_fd_sc_hd__clkbuf_16)
     1    0.137055    0.232415    0.354827   30.509911 ^ clkbuf_1_1__f_wb_clk_i/X (sky130_fd_sc_hd__clkbuf_16)
                                                         clknet_1_1__leaf_wb_clk_i (net)
                      0.235472    0.020325   30.530235 ^ i_sram/CLKin (CF_SRAM_1024x32)
                                 -0.100000   30.430237   clock uncertainty
                                  0.000000   30.430237   clock reconvergence pessimism
                                 -0.618112   29.812124   library setup time
                                             29.812124   data required time
---------------------------------------------------------------------------------------------
                                             29.812124   data required time
                                            -12.070335   data arrival time
---------------------------------------------------------------------------------------------
                                             17.741791   slack (MET)


Startpoint: wbs_sel_i[3] (input port clocked by clk)
Endpoint: i_sram (rising edge-triggered flip-flop clocked by clk)
Path Group: clk
Path Type: max

Fanout         Cap        Slew       Delay        Time   Description
---------------------------------------------------------------------------------------------
                                  0.000000    0.000000   clock clk (rise edge)
                                  5.570000    5.570000   clock network delay (propagated)
                                  3.170000    8.740000 v input external delay
     1    0.007673    0.180000    0.000000    8.740000 v wbs_sel_i[3] (in)
                                                         wbs_sel_i[3] (net)
                      0.180481    0.000252    8.740252 v hold96/A (sky130_fd_sc_hd__dlygate4sd3_1)
     1    0.005139    0.130483    1.272690   10.012942 v hold96/X (sky130_fd_sc_hd__dlygate4sd3_1)
                                                         net194 (net)
                      0.130483    0.000382   10.013325 v hold94/A (sky130_fd_sc_hd__dlygate4sd3_1)
     1    0.011480    0.191258    1.322428   11.335752 v hold94/X (sky130_fd_sc_hd__dlygate4sd3_1)
                                                         net192 (net)
                      0.191260    0.001005   11.336757 v input48/A (sky130_fd_sc_hd__buf_12)
     1    0.076729    0.089326    0.343166   11.679923 v input48/X (sky130_fd_sc_hd__buf_12)
                                                         net48 (net)
                      0.090554    0.008091   11.688014 v hold95/A (sky130_fd_sc_hd__buf_12)
     8    0.198194    0.189069    0.329863   12.017878 v hold95/X (sky130_fd_sc_hd__buf_12)
                                                         net193 (net)
                      0.207241    0.046339   12.064217 v i_sram/BEN[24] (CF_SRAM_1024x32)
                                             12.064217   data arrival time

                                 25.000000   25.000000   clock clk (rise edge)
                                  4.650000   29.650000   clock source latency
     1    0.057273    0.610000    0.000000   29.650000 ^ wb_clk_i (in)
                                                         wb_clk_i (net)
                      0.633517    0.011172   29.661171 ^ clkbuf_0_wb_clk_i/A (sky130_fd_sc_hd__clkbuf_16)
     2    0.068881    0.138494    0.490182   30.151352 ^ clkbuf_0_wb_clk_i/X (sky130_fd_sc_hd__clkbuf_16)
                                                         clknet_0_wb_clk_i (net)
                      0.138944    0.003730   30.155083 ^ clkbuf_1_1__f_wb_clk_i/A (sky130_fd_sc_hd__clkbuf_16)
     1    0.137055    0.232415    0.354827   30.509911 ^ clkbuf_1_1__f_wb_clk_i/X (sky130_fd_sc_hd__clkbuf_16)
                                                         clknet_1_1__leaf_wb_clk_i (net)
                      0.235472    0.020325   30.530235 ^ i_sram/CLKin (CF_SRAM_1024x32)
                                 -0.100000   30.430237   clock uncertainty
                                  0.000000   30.430237   clock reconvergence pessimism
                                 -0.616215   29.814022   library setup time
                                             29.814022   data required time
---------------------------------------------------------------------------------------------
                                             29.814022   data required time
                                            -12.064217   data arrival time
---------------------------------------------------------------------------------------------
                                             17.749805   slack (MET)


Startpoint: wbs_sel_i[2] (input port clocked by clk)
Endpoint: i_sram (rising edge-triggered flip-flop clocked by clk)
Path Group: clk
Path Type: max

Fanout         Cap        Slew       Delay        Time   Description
---------------------------------------------------------------------------------------------
                                  0.000000    0.000000   clock clk (rise edge)
                                  5.570000    5.570000   clock network delay (propagated)
                                  3.170000    8.740000 v input external delay
     1    0.005831    0.180000    0.000000    8.740000 v wbs_sel_i[2] (in)
                                                         wbs_sel_i[2] (net)
                      0.180321    0.000169    8.740169 v hold93/A (sky130_fd_sc_hd__dlygate4sd3_1)
     1    0.004165    0.121873    1.259606    9.999775 v hold93/X (sky130_fd_sc_hd__dlygate4sd3_1)
                                                         net191 (net)
                      0.121873    0.000301   10.000075 v hold91/A (sky130_fd_sc_hd__dlygate4sd3_1)
     1    0.011929    0.195984    1.323394   11.323469 v hold91/X (sky130_fd_sc_hd__dlygate4sd3_1)
                                                         net189 (net)
                      0.195986    0.001027   11.324496 v input47/A (sky130_fd_sc_hd__buf_12)
     1    0.068626    0.083608    0.337214   11.661710 v input47/X (sky130_fd_sc_hd__buf_12)
                                                         net47 (net)
                      0.089520    0.017846   11.679556 v hold92/A (sky130_fd_sc_hd__buf_12)
     8    0.193330    0.184650    0.337482   12.017038 v hold92/X (sky130_fd_sc_hd__buf_12)
                                                         net190 (net)
                      0.203173    0.046881   12.063919 v i_sram/BEN[23] (CF_SRAM_1024x32)
                                             12.063919   data arrival time

                                 25.000000   25.000000   clock clk (rise edge)
                                  4.650000   29.650000   clock source latency
     1    0.057273    0.610000    0.000000   29.650000 ^ wb_clk_i (in)
                                                         wb_clk_i (net)
                      0.633517    0.011172   29.661171 ^ clkbuf_0_wb_clk_i/A (sky130_fd_sc_hd__clkbuf_16)
     2    0.068881    0.138494    0.490182   30.151352 ^ clkbuf_0_wb_clk_i/X (sky130_fd_sc_hd__clkbuf_16)
                                                         clknet_0_wb_clk_i (net)
                      0.138944    0.003730   30.155083 ^ clkbuf_1_1__f_wb_clk_i/A (sky130_fd_sc_hd__clkbuf_16)
     1    0.137055    0.232415    0.354827   30.509911 ^ clkbuf_1_1__f_wb_clk_i/X (sky130_fd_sc_hd__clkbuf_16)
                                                         clknet_1_1__leaf_wb_clk_i (net)
                      0.235472    0.020325   30.530235 ^ i_sram/CLKin (CF_SRAM_1024x32)
                                 -0.100000   30.430237   clock uncertainty
                                  0.000000   30.430237   clock reconvergence pessimism
                                 -0.614673   29.815565   library setup time
                                             29.815565   data required time
---------------------------------------------------------------------------------------------
                                             29.815565   data required time
                                            -12.063919   data arrival time
---------------------------------------------------------------------------------------------
                                             17.751646   slack (MET)


Startpoint: wbs_sel_i[2] (input port clocked by clk)
Endpoint: i_sram (rising edge-triggered flip-flop clocked by clk)
Path Group: clk
Path Type: max

Fanout         Cap        Slew       Delay        Time   Description
---------------------------------------------------------------------------------------------
                                  0.000000    0.000000   clock clk (rise edge)
                                  5.570000    5.570000   clock network delay (propagated)
                                  3.170000    8.740000 v input external delay
     1    0.005831    0.180000    0.000000    8.740000 v wbs_sel_i[2] (in)
                                                         wbs_sel_i[2] (net)
                      0.180321    0.000169    8.740169 v hold93/A (sky130_fd_sc_hd__dlygate4sd3_1)
     1    0.004165    0.121873    1.259606    9.999775 v hold93/X (sky130_fd_sc_hd__dlygate4sd3_1)
                                                         net191 (net)
                      0.121873    0.000301   10.000075 v hold91/A (sky130_fd_sc_hd__dlygate4sd3_1)
     1    0.011929    0.195984    1.323394   11.323469 v hold91/X (sky130_fd_sc_hd__dlygate4sd3_1)
                                                         net189 (net)
                      0.195986    0.001027   11.324496 v input47/A (sky130_fd_sc_hd__buf_12)
     1    0.068626    0.083608    0.337214   11.661710 v input47/X (sky130_fd_sc_hd__buf_12)
                                                         net47 (net)
                      0.089520    0.017846   11.679556 v hold92/A (sky130_fd_sc_hd__buf_12)
     8    0.193330    0.184650    0.337482   12.017038 v hold92/X (sky130_fd_sc_hd__buf_12)
                                                         net190 (net)
                      0.202508    0.046023   12.063061 v i_sram/BEN[22] (CF_SRAM_1024x32)
                                             12.063061   data arrival time

                                 25.000000   25.000000   clock clk (rise edge)
                                  4.650000   29.650000   clock source latency
     1    0.057273    0.610000    0.000000   29.650000 ^ wb_clk_i (in)
                                                         wb_clk_i (net)
                      0.633517    0.011172   29.661171 ^ clkbuf_0_wb_clk_i/A (sky130_fd_sc_hd__clkbuf_16)
     2    0.068881    0.138494    0.490182   30.151352 ^ clkbuf_0_wb_clk_i/X (sky130_fd_sc_hd__clkbuf_16)
                                                         clknet_0_wb_clk_i (net)
                      0.138944    0.003730   30.155083 ^ clkbuf_1_1__f_wb_clk_i/A (sky130_fd_sc_hd__clkbuf_16)
     1    0.137055    0.232415    0.354827   30.509911 ^ clkbuf_1_1__f_wb_clk_i/X (sky130_fd_sc_hd__clkbuf_16)
                                                         clknet_1_1__leaf_wb_clk_i (net)
                      0.235472    0.020325   30.530235 ^ i_sram/CLKin (CF_SRAM_1024x32)
                                 -0.100000   30.430237   clock uncertainty
                                  0.000000   30.430237   clock reconvergence pessimism
                                 -0.614421   29.815817   library setup time
                                             29.815817   data required time
---------------------------------------------------------------------------------------------
                                             29.815817   data required time
                                            -12.063061   data arrival time
---------------------------------------------------------------------------------------------
                                             17.752754   slack (MET)


Startpoint: wbs_sel_i[2] (input port clocked by clk)
Endpoint: i_sram (rising edge-triggered flip-flop clocked by clk)
Path Group: clk
Path Type: max

Fanout         Cap        Slew       Delay        Time   Description
---------------------------------------------------------------------------------------------
                                  0.000000    0.000000   clock clk (rise edge)
                                  5.570000    5.570000   clock network delay (propagated)
                                  3.170000    8.740000 v input external delay
     1    0.005831    0.180000    0.000000    8.740000 v wbs_sel_i[2] (in)
                                                         wbs_sel_i[2] (net)
                      0.180321    0.000169    8.740169 v hold93/A (sky130_fd_sc_hd__dlygate4sd3_1)
     1    0.004165    0.121873    1.259606    9.999775 v hold93/X (sky130_fd_sc_hd__dlygate4sd3_1)
                                                         net191 (net)
                      0.121873    0.000301   10.000075 v hold91/A (sky130_fd_sc_hd__dlygate4sd3_1)
     1    0.011929    0.195984    1.323394   11.323469 v hold91/X (sky130_fd_sc_hd__dlygate4sd3_1)
                                                         net189 (net)
                      0.195986    0.001027   11.324496 v input47/A (sky130_fd_sc_hd__buf_12)
     1    0.068626    0.083608    0.337214   11.661710 v input47/X (sky130_fd_sc_hd__buf_12)
                                                         net47 (net)
                      0.089520    0.017846   11.679556 v hold92/A (sky130_fd_sc_hd__buf_12)
     8    0.193330    0.184650    0.337482   12.017038 v hold92/X (sky130_fd_sc_hd__buf_12)
                                                         net190 (net)
                      0.201869    0.045189   12.062227 v i_sram/BEN[21] (CF_SRAM_1024x32)
                                             12.062227   data arrival time

                                 25.000000   25.000000   clock clk (rise edge)
                                  4.650000   29.650000   clock source latency
     1    0.057273    0.610000    0.000000   29.650000 ^ wb_clk_i (in)
                                                         wb_clk_i (net)
                      0.633517    0.011172   29.661171 ^ clkbuf_0_wb_clk_i/A (sky130_fd_sc_hd__clkbuf_16)
     2    0.068881    0.138494    0.490182   30.151352 ^ clkbuf_0_wb_clk_i/X (sky130_fd_sc_hd__clkbuf_16)
                                                         clknet_0_wb_clk_i (net)
                      0.138944    0.003730   30.155083 ^ clkbuf_1_1__f_wb_clk_i/A (sky130_fd_sc_hd__clkbuf_16)
     1    0.137055    0.232415    0.354827   30.509911 ^ clkbuf_1_1__f_wb_clk_i/X (sky130_fd_sc_hd__clkbuf_16)
                                                         clknet_1_1__leaf_wb_clk_i (net)
                      0.235472    0.020325   30.530235 ^ i_sram/CLKin (CF_SRAM_1024x32)
                                 -0.100000   30.430237   clock uncertainty
                                  0.000000   30.430237   clock reconvergence pessimism
                                 -0.614179   29.816057   library setup time
                                             29.816057   data required time
---------------------------------------------------------------------------------------------
                                             29.816057   data required time
                                            -12.062227   data arrival time
---------------------------------------------------------------------------------------------
                                             17.753830   slack (MET)


Startpoint: wbs_sel_i[2] (input port clocked by clk)
Endpoint: i_sram (rising edge-triggered flip-flop clocked by clk)
Path Group: clk
Path Type: max

Fanout         Cap        Slew       Delay        Time   Description
---------------------------------------------------------------------------------------------
                                  0.000000    0.000000   clock clk (rise edge)
                                  5.570000    5.570000   clock network delay (propagated)
                                  3.170000    8.740000 v input external delay
     1    0.005831    0.180000    0.000000    8.740000 v wbs_sel_i[2] (in)
                                                         wbs_sel_i[2] (net)
                      0.180321    0.000169    8.740169 v hold93/A (sky130_fd_sc_hd__dlygate4sd3_1)
     1    0.004165    0.121873    1.259606    9.999775 v hold93/X (sky130_fd_sc_hd__dlygate4sd3_1)
                                                         net191 (net)
                      0.121873    0.000301   10.000075 v hold91/A (sky130_fd_sc_hd__dlygate4sd3_1)
     1    0.011929    0.195984    1.323394   11.323469 v hold91/X (sky130_fd_sc_hd__dlygate4sd3_1)
                                                         net189 (net)
                      0.195986    0.001027   11.324496 v input47/A (sky130_fd_sc_hd__buf_12)
     1    0.068626    0.083608    0.337214   11.661710 v input47/X (sky130_fd_sc_hd__buf_12)
                                                         net47 (net)
                      0.089520    0.017846   11.679556 v hold92/A (sky130_fd_sc_hd__buf_12)
     8    0.193330    0.184650    0.337482   12.017038 v hold92/X (sky130_fd_sc_hd__buf_12)
                                                         net190 (net)
                      0.201349    0.044506   12.061544 v i_sram/BEN[20] (CF_SRAM_1024x32)
                                             12.061544   data arrival time

                                 25.000000   25.000000   clock clk (rise edge)
                                  4.650000   29.650000   clock source latency
     1    0.057273    0.610000    0.000000   29.650000 ^ wb_clk_i (in)
                                                         wb_clk_i (net)
                      0.633517    0.011172   29.661171 ^ clkbuf_0_wb_clk_i/A (sky130_fd_sc_hd__clkbuf_16)
     2    0.068881    0.138494    0.490182   30.151352 ^ clkbuf_0_wb_clk_i/X (sky130_fd_sc_hd__clkbuf_16)
                                                         clknet_0_wb_clk_i (net)
                      0.138944    0.003730   30.155083 ^ clkbuf_1_1__f_wb_clk_i/A (sky130_fd_sc_hd__clkbuf_16)
     1    0.137055    0.232415    0.354827   30.509911 ^ clkbuf_1_1__f_wb_clk_i/X (sky130_fd_sc_hd__clkbuf_16)
                                                         clknet_1_1__leaf_wb_clk_i (net)
                      0.235472    0.020325   30.530235 ^ i_sram/CLKin (CF_SRAM_1024x32)
                                 -0.100000   30.430237   clock uncertainty
                                  0.000000   30.430237   clock reconvergence pessimism
                                 -0.613982   29.816254   library setup time
                                             29.816254   data required time
---------------------------------------------------------------------------------------------
                                             29.816254   data required time
                                            -12.061544   data arrival time
---------------------------------------------------------------------------------------------
                                             17.754709   slack (MET)


Startpoint: wbs_sel_i[2] (input port clocked by clk)
Endpoint: i_sram (rising edge-triggered flip-flop clocked by clk)
Path Group: clk
Path Type: max

Fanout         Cap        Slew       Delay        Time   Description
---------------------------------------------------------------------------------------------
                                  0.000000    0.000000   clock clk (rise edge)
                                  5.570000    5.570000   clock network delay (propagated)
                                  3.170000    8.740000 v input external delay
     1    0.005831    0.180000    0.000000    8.740000 v wbs_sel_i[2] (in)
                                                         wbs_sel_i[2] (net)
                      0.180321    0.000169    8.740169 v hold93/A (sky130_fd_sc_hd__dlygate4sd3_1)
     1    0.004165    0.121873    1.259606    9.999775 v hold93/X (sky130_fd_sc_hd__dlygate4sd3_1)
                                                         net191 (net)
                      0.121873    0.000301   10.000075 v hold91/A (sky130_fd_sc_hd__dlygate4sd3_1)
     1    0.011929    0.195984    1.323394   11.323469 v hold91/X (sky130_fd_sc_hd__dlygate4sd3_1)
                                                         net189 (net)
                      0.195986    0.001027   11.324496 v input47/A (sky130_fd_sc_hd__buf_12)
     1    0.068626    0.083608    0.337214   11.661710 v input47/X (sky130_fd_sc_hd__buf_12)
                                                         net47 (net)
                      0.089520    0.017846   11.679556 v hold92/A (sky130_fd_sc_hd__buf_12)
     8    0.193330    0.184650    0.337482   12.017038 v hold92/X (sky130_fd_sc_hd__buf_12)
                                                         net190 (net)
                      0.200711    0.043657   12.060695 v i_sram/BEN[19] (CF_SRAM_1024x32)
                                             12.060695   data arrival time

                                 25.000000   25.000000   clock clk (rise edge)
                                  4.650000   29.650000   clock source latency
     1    0.057273    0.610000    0.000000   29.650000 ^ wb_clk_i (in)
                                                         wb_clk_i (net)
                      0.633517    0.011172   29.661171 ^ clkbuf_0_wb_clk_i/A (sky130_fd_sc_hd__clkbuf_16)
     2    0.068881    0.138494    0.490182   30.151352 ^ clkbuf_0_wb_clk_i/X (sky130_fd_sc_hd__clkbuf_16)
                                                         clknet_0_wb_clk_i (net)
                      0.138944    0.003730   30.155083 ^ clkbuf_1_1__f_wb_clk_i/A (sky130_fd_sc_hd__clkbuf_16)
     1    0.137055    0.232415    0.354827   30.509911 ^ clkbuf_1_1__f_wb_clk_i/X (sky130_fd_sc_hd__clkbuf_16)
                                                         clknet_1_1__leaf_wb_clk_i (net)
                      0.235472    0.020325   30.530235 ^ i_sram/CLKin (CF_SRAM_1024x32)
                                 -0.100000   30.430237   clock uncertainty
                                  0.000000   30.430237   clock reconvergence pessimism
                                 -0.613740   29.816498   library setup time
                                             29.816498   data required time
---------------------------------------------------------------------------------------------
                                             29.816498   data required time
                                            -12.060695   data arrival time
---------------------------------------------------------------------------------------------
                                             17.755802   slack (MET)


Startpoint: wbs_sel_i[2] (input port clocked by clk)
Endpoint: i_sram (rising edge-triggered flip-flop clocked by clk)
Path Group: clk
Path Type: max

Fanout         Cap        Slew       Delay        Time   Description
---------------------------------------------------------------------------------------------
                                  0.000000    0.000000   clock clk (rise edge)
                                  5.570000    5.570000   clock network delay (propagated)
                                  3.170000    8.740000 v input external delay
     1    0.005831    0.180000    0.000000    8.740000 v wbs_sel_i[2] (in)
                                                         wbs_sel_i[2] (net)
                      0.180321    0.000169    8.740169 v hold93/A (sky130_fd_sc_hd__dlygate4sd3_1)
     1    0.004165    0.121873    1.259606    9.999775 v hold93/X (sky130_fd_sc_hd__dlygate4sd3_1)
                                                         net191 (net)
                      0.121873    0.000301   10.000075 v hold91/A (sky130_fd_sc_hd__dlygate4sd3_1)
     1    0.011929    0.195984    1.323394   11.323469 v hold91/X (sky130_fd_sc_hd__dlygate4sd3_1)
                                                         net189 (net)
                      0.195986    0.001027   11.324496 v input47/A (sky130_fd_sc_hd__buf_12)
     1    0.068626    0.083608    0.337214   11.661710 v input47/X (sky130_fd_sc_hd__buf_12)
                                                         net47 (net)
                      0.089520    0.017846   11.679556 v hold92/A (sky130_fd_sc_hd__buf_12)
     8    0.193330    0.184650    0.337482   12.017038 v hold92/X (sky130_fd_sc_hd__buf_12)
                                                         net190 (net)
                      0.199802    0.042434   12.059472 v i_sram/BEN[18] (CF_SRAM_1024x32)
                                             12.059472   data arrival time

                                 25.000000   25.000000   clock clk (rise edge)
                                  4.650000   29.650000   clock source latency
     1    0.057273    0.610000    0.000000   29.650000 ^ wb_clk_i (in)
                                                         wb_clk_i (net)
                      0.633517    0.011172   29.661171 ^ clkbuf_0_wb_clk_i/A (sky130_fd_sc_hd__clkbuf_16)
     2    0.068881    0.138494    0.490182   30.151352 ^ clkbuf_0_wb_clk_i/X (sky130_fd_sc_hd__clkbuf_16)
                                                         clknet_0_wb_clk_i (net)
                      0.138944    0.003730   30.155083 ^ clkbuf_1_1__f_wb_clk_i/A (sky130_fd_sc_hd__clkbuf_16)
     1    0.137055    0.232415    0.354827   30.509911 ^ clkbuf_1_1__f_wb_clk_i/X (sky130_fd_sc_hd__clkbuf_16)
                                                         clknet_1_1__leaf_wb_clk_i (net)
                      0.235472    0.020325   30.530235 ^ i_sram/CLKin (CF_SRAM_1024x32)
                                 -0.100000   30.430237   clock uncertainty
                                  0.000000   30.430237   clock reconvergence pessimism
                                 -0.613396   29.816839   library setup time
                                             29.816839   data required time
---------------------------------------------------------------------------------------------
                                             29.816839   data required time
                                            -12.059472   data arrival time
---------------------------------------------------------------------------------------------
                                             17.757368   slack (MET)


Startpoint: wbs_sel_i[2] (input port clocked by clk)
Endpoint: i_sram (rising edge-triggered flip-flop clocked by clk)
Path Group: clk
Path Type: max

Fanout         Cap        Slew       Delay        Time   Description
---------------------------------------------------------------------------------------------
                                  0.000000    0.000000   clock clk (rise edge)
                                  5.570000    5.570000   clock network delay (propagated)
                                  3.170000    8.740000 v input external delay
     1    0.005831    0.180000    0.000000    8.740000 v wbs_sel_i[2] (in)
                                                         wbs_sel_i[2] (net)
                      0.180321    0.000169    8.740169 v hold93/A (sky130_fd_sc_hd__dlygate4sd3_1)
     1    0.004165    0.121873    1.259606    9.999775 v hold93/X (sky130_fd_sc_hd__dlygate4sd3_1)
                                                         net191 (net)
                      0.121873    0.000301   10.000075 v hold91/A (sky130_fd_sc_hd__dlygate4sd3_1)
     1    0.011929    0.195984    1.323394   11.323469 v hold91/X (sky130_fd_sc_hd__dlygate4sd3_1)
                                                         net189 (net)
                      0.195986    0.001027   11.324496 v input47/A (sky130_fd_sc_hd__buf_12)
     1    0.068626    0.083608    0.337214   11.661710 v input47/X (sky130_fd_sc_hd__buf_12)
                                                         net47 (net)
                      0.089520    0.017846   11.679556 v hold92/A (sky130_fd_sc_hd__buf_12)
     8    0.193330    0.184650    0.337482   12.017038 v hold92/X (sky130_fd_sc_hd__buf_12)
                                                         net190 (net)
                      0.198859    0.041143   12.058182 v i_sram/BEN[17] (CF_SRAM_1024x32)
                                             12.058182   data arrival time

                                 25.000000   25.000000   clock clk (rise edge)
                                  4.650000   29.650000   clock source latency
     1    0.057273    0.610000    0.000000   29.650000 ^ wb_clk_i (in)
                                                         wb_clk_i (net)
                      0.633517    0.011172   29.661171 ^ clkbuf_0_wb_clk_i/A (sky130_fd_sc_hd__clkbuf_16)
     2    0.068881    0.138494    0.490182   30.151352 ^ clkbuf_0_wb_clk_i/X (sky130_fd_sc_hd__clkbuf_16)
                                                         clknet_0_wb_clk_i (net)
                      0.138944    0.003730   30.155083 ^ clkbuf_1_1__f_wb_clk_i/A (sky130_fd_sc_hd__clkbuf_16)
     1    0.137055    0.232415    0.354827   30.509911 ^ clkbuf_1_1__f_wb_clk_i/X (sky130_fd_sc_hd__clkbuf_16)
                                                         clknet_1_1__leaf_wb_clk_i (net)
                      0.235472    0.020325   30.530235 ^ i_sram/CLKin (CF_SRAM_1024x32)
                                 -0.100000   30.430237   clock uncertainty
                                  0.000000   30.430237   clock reconvergence pessimism
                                 -0.613039   29.817198   library setup time
                                             29.817198   data required time
---------------------------------------------------------------------------------------------
                                             29.817198   data required time
                                            -12.058182   data arrival time
---------------------------------------------------------------------------------------------
                                             17.759018   slack (MET)


Startpoint: wbs_sel_i[2] (input port clocked by clk)
Endpoint: i_sram (rising edge-triggered flip-flop clocked by clk)
Path Group: clk
Path Type: max

Fanout         Cap        Slew       Delay        Time   Description
---------------------------------------------------------------------------------------------
                                  0.000000    0.000000   clock clk (rise edge)
                                  5.570000    5.570000   clock network delay (propagated)
                                  3.170000    8.740000 v input external delay
     1    0.005831    0.180000    0.000000    8.740000 v wbs_sel_i[2] (in)
                                                         wbs_sel_i[2] (net)
                      0.180321    0.000169    8.740169 v hold93/A (sky130_fd_sc_hd__dlygate4sd3_1)
     1    0.004165    0.121873    1.259606    9.999775 v hold93/X (sky130_fd_sc_hd__dlygate4sd3_1)
                                                         net191 (net)
                      0.121873    0.000301   10.000075 v hold91/A (sky130_fd_sc_hd__dlygate4sd3_1)
     1    0.011929    0.195984    1.323394   11.323469 v hold91/X (sky130_fd_sc_hd__dlygate4sd3_1)
                                                         net189 (net)
                      0.195986    0.001027   11.324496 v input47/A (sky130_fd_sc_hd__buf_12)
     1    0.068626    0.083608    0.337214   11.661710 v input47/X (sky130_fd_sc_hd__buf_12)
                                                         net47 (net)
                      0.089520    0.017846   11.679556 v hold92/A (sky130_fd_sc_hd__buf_12)
     8    0.193330    0.184650    0.337482   12.017038 v hold92/X (sky130_fd_sc_hd__buf_12)
                                                         net190 (net)
                      0.195998    0.037057   12.054095 v i_sram/BEN[16] (CF_SRAM_1024x32)
                                             12.054095   data arrival time

                                 25.000000   25.000000   clock clk (rise edge)
                                  4.650000   29.650000   clock source latency
     1    0.057273    0.610000    0.000000   29.650000 ^ wb_clk_i (in)
                                                         wb_clk_i (net)
                      0.633517    0.011172   29.661171 ^ clkbuf_0_wb_clk_i/A (sky130_fd_sc_hd__clkbuf_16)
     2    0.068881    0.138494    0.490182   30.151352 ^ clkbuf_0_wb_clk_i/X (sky130_fd_sc_hd__clkbuf_16)
                                                         clknet_0_wb_clk_i (net)
                      0.138944    0.003730   30.155083 ^ clkbuf_1_1__f_wb_clk_i/A (sky130_fd_sc_hd__clkbuf_16)
     1    0.137055    0.232415    0.354827   30.509911 ^ clkbuf_1_1__f_wb_clk_i/X (sky130_fd_sc_hd__clkbuf_16)
                                                         clknet_1_1__leaf_wb_clk_i (net)
                      0.235472    0.020325   30.530235 ^ i_sram/CLKin (CF_SRAM_1024x32)
                                 -0.100000   30.430237   clock uncertainty
                                  0.000000   30.430237   clock reconvergence pessimism
                                 -0.611954   29.818281   library setup time
                                             29.818281   data required time
---------------------------------------------------------------------------------------------
                                             29.818281   data required time
                                            -12.054095   data arrival time
---------------------------------------------------------------------------------------------
                                             17.764187   slack (MET)


Startpoint: wbs_sel_i[0] (input port clocked by clk)
Endpoint: i_sram (rising edge-triggered flip-flop clocked by clk)
Path Group: clk
Path Type: max

Fanout         Cap        Slew       Delay        Time   Description
---------------------------------------------------------------------------------------------
                                  0.000000    0.000000   clock clk (rise edge)
                                  5.570000    5.570000   clock network delay (propagated)
                                  3.170000    8.740000 v input external delay
     1    0.004143    0.180000    0.000000    8.740000 v wbs_sel_i[0] (in)
                                                         wbs_sel_i[0] (net)
                      0.180197    0.000103    8.740103 v hold90/A (sky130_fd_sc_hd__dlygate4sd3_1)
     1    0.002588    0.104261    1.231531    9.971635 v hold90/X (sky130_fd_sc_hd__dlygate4sd3_1)
                                                         net188 (net)
                      0.104261    0.000157    9.971791 v hold88/A (sky130_fd_sc_hd__dlygate4sd3_1)
     1    0.010039    0.175963    1.291990   11.263782 v hold88/X (sky130_fd_sc_hd__dlygate4sd3_1)
                                                         net186 (net)
                      0.175963    0.000801   11.264583 v input45/A (sky130_fd_sc_hd__buf_12)
     1    0.029080    0.054833    0.297637   11.562220 v input45/X (sky130_fd_sc_hd__buf_12)
                                                         net45 (net)
                      0.055256    0.004148   11.566368 v hold89/A (sky130_fd_sc_hd__buf_12)
     8    0.213923    0.201348    0.316486   11.882854 v hold89/X (sky130_fd_sc_hd__buf_12)
                                                         net187 (net)
                      0.242645    0.073852   11.956705 v i_sram/BEN[0] (CF_SRAM_1024x32)
                                             11.956705   data arrival time

                                 25.000000   25.000000   clock clk (rise edge)
                                  4.650000   29.650000   clock source latency
     1    0.057273    0.610000    0.000000   29.650000 ^ wb_clk_i (in)
                                                         wb_clk_i (net)
                      0.633517    0.011172   29.661171 ^ clkbuf_0_wb_clk_i/A (sky130_fd_sc_hd__clkbuf_16)
     2    0.068881    0.138494    0.490182   30.151352 ^ clkbuf_0_wb_clk_i/X (sky130_fd_sc_hd__clkbuf_16)
                                                         clknet_0_wb_clk_i (net)
                      0.138944    0.003730   30.155083 ^ clkbuf_1_1__f_wb_clk_i/A (sky130_fd_sc_hd__clkbuf_16)
     1    0.137055    0.232415    0.354827   30.509911 ^ clkbuf_1_1__f_wb_clk_i/X (sky130_fd_sc_hd__clkbuf_16)
                                                         clknet_1_1__leaf_wb_clk_i (net)
                      0.235472    0.020325   30.530235 ^ i_sram/CLKin (CF_SRAM_1024x32)
                                 -0.100000   30.430237   clock uncertainty
                                  0.000000   30.430237   clock reconvergence pessimism
                                 -0.629632   29.800606   library setup time
                                             29.800606   data required time
---------------------------------------------------------------------------------------------
                                             29.800606   data required time
                                            -11.956705   data arrival time
---------------------------------------------------------------------------------------------
                                             17.843899   slack (MET)


Startpoint: wbs_sel_i[0] (input port clocked by clk)
Endpoint: i_sram (rising edge-triggered flip-flop clocked by clk)
Path Group: clk
Path Type: max

Fanout         Cap        Slew       Delay        Time   Description
---------------------------------------------------------------------------------------------
                                  0.000000    0.000000   clock clk (rise edge)
                                  5.570000    5.570000   clock network delay (propagated)
                                  3.170000    8.740000 v input external delay
     1    0.004143    0.180000    0.000000    8.740000 v wbs_sel_i[0] (in)
                                                         wbs_sel_i[0] (net)
                      0.180197    0.000103    8.740103 v hold90/A (sky130_fd_sc_hd__dlygate4sd3_1)
     1    0.002588    0.104261    1.231531    9.971635 v hold90/X (sky130_fd_sc_hd__dlygate4sd3_1)
                                                         net188 (net)
                      0.104261    0.000157    9.971791 v hold88/A (sky130_fd_sc_hd__dlygate4sd3_1)
     1    0.010039    0.175963    1.291990   11.263782 v hold88/X (sky130_fd_sc_hd__dlygate4sd3_1)
                                                         net186 (net)
                      0.175963    0.000801   11.264583 v input45/A (sky130_fd_sc_hd__buf_12)
     1    0.029080    0.054833    0.297637   11.562220 v input45/X (sky130_fd_sc_hd__buf_12)
                                                         net45 (net)
                      0.055256    0.004148   11.566368 v hold89/A (sky130_fd_sc_hd__buf_12)
     8    0.213923    0.201348    0.316486   11.882854 v hold89/X (sky130_fd_sc_hd__buf_12)
                                                         net187 (net)
                      0.241786    0.072968   11.955822 v i_sram/BEN[1] (CF_SRAM_1024x32)
                                             11.955822   data arrival time

                                 25.000000   25.000000   clock clk (rise edge)
                                  4.650000   29.650000   clock source latency
     1    0.057273    0.610000    0.000000   29.650000 ^ wb_clk_i (in)
                                                         wb_clk_i (net)
                      0.633517    0.011172   29.661171 ^ clkbuf_0_wb_clk_i/A (sky130_fd_sc_hd__clkbuf_16)
     2    0.068881    0.138494    0.490182   30.151352 ^ clkbuf_0_wb_clk_i/X (sky130_fd_sc_hd__clkbuf_16)
                                                         clknet_0_wb_clk_i (net)
                      0.138944    0.003730   30.155083 ^ clkbuf_1_1__f_wb_clk_i/A (sky130_fd_sc_hd__clkbuf_16)
     1    0.137055    0.232415    0.354827   30.509911 ^ clkbuf_1_1__f_wb_clk_i/X (sky130_fd_sc_hd__clkbuf_16)
                                                         clknet_1_1__leaf_wb_clk_i (net)
                      0.235472    0.020325   30.530235 ^ i_sram/CLKin (CF_SRAM_1024x32)
                                 -0.100000   30.430237   clock uncertainty
                                  0.000000   30.430237   clock reconvergence pessimism
                                 -0.629306   29.800930   library setup time
                                             29.800930   data required time
---------------------------------------------------------------------------------------------
                                             29.800930   data required time
                                            -11.955822   data arrival time
---------------------------------------------------------------------------------------------
                                             17.845110   slack (MET)


Startpoint: wbs_sel_i[0] (input port clocked by clk)
Endpoint: i_sram (rising edge-triggered flip-flop clocked by clk)
Path Group: clk
Path Type: max

Fanout         Cap        Slew       Delay        Time   Description
---------------------------------------------------------------------------------------------
                                  0.000000    0.000000   clock clk (rise edge)
                                  5.570000    5.570000   clock network delay (propagated)
                                  3.170000    8.740000 v input external delay
     1    0.004143    0.180000    0.000000    8.740000 v wbs_sel_i[0] (in)
                                                         wbs_sel_i[0] (net)
                      0.180197    0.000103    8.740103 v hold90/A (sky130_fd_sc_hd__dlygate4sd3_1)
     1    0.002588    0.104261    1.231531    9.971635 v hold90/X (sky130_fd_sc_hd__dlygate4sd3_1)
                                                         net188 (net)
                      0.104261    0.000157    9.971791 v hold88/A (sky130_fd_sc_hd__dlygate4sd3_1)
     1    0.010039    0.175963    1.291990   11.263782 v hold88/X (sky130_fd_sc_hd__dlygate4sd3_1)
                                                         net186 (net)
                      0.175963    0.000801   11.264583 v input45/A (sky130_fd_sc_hd__buf_12)
     1    0.029080    0.054833    0.297637   11.562220 v input45/X (sky130_fd_sc_hd__buf_12)
                                                         net45 (net)
                      0.055256    0.004148   11.566368 v hold89/A (sky130_fd_sc_hd__buf_12)
     8    0.213923    0.201348    0.316486   11.882854 v hold89/X (sky130_fd_sc_hd__buf_12)
                                                         net187 (net)
                      0.240921    0.072074   11.954927 v i_sram/BEN[2] (CF_SRAM_1024x32)
                                             11.954927   data arrival time

                                 25.000000   25.000000   clock clk (rise edge)
                                  4.650000   29.650000   clock source latency
     1    0.057273    0.610000    0.000000   29.650000 ^ wb_clk_i (in)
                                                         wb_clk_i (net)
                      0.633517    0.011172   29.661171 ^ clkbuf_0_wb_clk_i/A (sky130_fd_sc_hd__clkbuf_16)
     2    0.068881    0.138494    0.490182   30.151352 ^ clkbuf_0_wb_clk_i/X (sky130_fd_sc_hd__clkbuf_16)
                                                         clknet_0_wb_clk_i (net)
                      0.138944    0.003730   30.155083 ^ clkbuf_1_1__f_wb_clk_i/A (sky130_fd_sc_hd__clkbuf_16)
     1    0.137055    0.232415    0.354827   30.509911 ^ clkbuf_1_1__f_wb_clk_i/X (sky130_fd_sc_hd__clkbuf_16)
                                                         clknet_1_1__leaf_wb_clk_i (net)
                      0.235472    0.020325   30.530235 ^ i_sram/CLKin (CF_SRAM_1024x32)
                                 -0.100000   30.430237   clock uncertainty
                                  0.000000   30.430237   clock reconvergence pessimism
                                 -0.628979   29.801258   library setup time
                                             29.801258   data required time
---------------------------------------------------------------------------------------------
                                             29.801258   data required time
                                            -11.954927   data arrival time
---------------------------------------------------------------------------------------------
                                             17.846329   slack (MET)


Startpoint: wbs_sel_i[0] (input port clocked by clk)
Endpoint: i_sram (rising edge-triggered flip-flop clocked by clk)
Path Group: clk
Path Type: max

Fanout         Cap        Slew       Delay        Time   Description
---------------------------------------------------------------------------------------------
                                  0.000000    0.000000   clock clk (rise edge)
                                  5.570000    5.570000   clock network delay (propagated)
                                  3.170000    8.740000 v input external delay
     1    0.004143    0.180000    0.000000    8.740000 v wbs_sel_i[0] (in)
                                                         wbs_sel_i[0] (net)
                      0.180197    0.000103    8.740103 v hold90/A (sky130_fd_sc_hd__dlygate4sd3_1)
     1    0.002588    0.104261    1.231531    9.971635 v hold90/X (sky130_fd_sc_hd__dlygate4sd3_1)
                                                         net188 (net)
                      0.104261    0.000157    9.971791 v hold88/A (sky130_fd_sc_hd__dlygate4sd3_1)
     1    0.010039    0.175963    1.291990   11.263782 v hold88/X (sky130_fd_sc_hd__dlygate4sd3_1)
                                                         net186 (net)
                      0.175963    0.000801   11.264583 v input45/A (sky130_fd_sc_hd__buf_12)
     1    0.029080    0.054833    0.297637   11.562220 v input45/X (sky130_fd_sc_hd__buf_12)
                                                         net45 (net)
                      0.055256    0.004148   11.566368 v hold89/A (sky130_fd_sc_hd__buf_12)
     8    0.213923    0.201348    0.316486   11.882854 v hold89/X (sky130_fd_sc_hd__buf_12)
                                                         net187 (net)
                      0.240227    0.071351   11.954205 v i_sram/BEN[3] (CF_SRAM_1024x32)
                                             11.954205   data arrival time

                                 25.000000   25.000000   clock clk (rise edge)
                                  4.650000   29.650000   clock source latency
     1    0.057273    0.610000    0.000000   29.650000 ^ wb_clk_i (in)
                                                         wb_clk_i (net)
                      0.633517    0.011172   29.661171 ^ clkbuf_0_wb_clk_i/A (sky130_fd_sc_hd__clkbuf_16)
     2    0.068881    0.138494    0.490182   30.151352 ^ clkbuf_0_wb_clk_i/X (sky130_fd_sc_hd__clkbuf_16)
                                                         clknet_0_wb_clk_i (net)
                      0.138944    0.003730   30.155083 ^ clkbuf_1_1__f_wb_clk_i/A (sky130_fd_sc_hd__clkbuf_16)
     1    0.137055    0.232415    0.354827   30.509911 ^ clkbuf_1_1__f_wb_clk_i/X (sky130_fd_sc_hd__clkbuf_16)
                                                         clknet_1_1__leaf_wb_clk_i (net)
                      0.235472    0.020325   30.530235 ^ i_sram/CLKin (CF_SRAM_1024x32)
                                 -0.100000   30.430237   clock uncertainty
                                  0.000000   30.430237   clock reconvergence pessimism
                                 -0.628716   29.801521   library setup time
                                             29.801521   data required time
---------------------------------------------------------------------------------------------
                                             29.801521   data required time
                                            -11.954205   data arrival time
---------------------------------------------------------------------------------------------
                                             17.847317   slack (MET)


Startpoint: wbs_sel_i[0] (input port clocked by clk)
Endpoint: i_sram (rising edge-triggered flip-flop clocked by clk)
Path Group: clk
Path Type: max

Fanout         Cap        Slew       Delay        Time   Description
---------------------------------------------------------------------------------------------
                                  0.000000    0.000000   clock clk (rise edge)
                                  5.570000    5.570000   clock network delay (propagated)
                                  3.170000    8.740000 v input external delay
     1    0.004143    0.180000    0.000000    8.740000 v wbs_sel_i[0] (in)
                                                         wbs_sel_i[0] (net)
                      0.180197    0.000103    8.740103 v hold90/A (sky130_fd_sc_hd__dlygate4sd3_1)
     1    0.002588    0.104261    1.231531    9.971635 v hold90/X (sky130_fd_sc_hd__dlygate4sd3_1)
                                                         net188 (net)
                      0.104261    0.000157    9.971791 v hold88/A (sky130_fd_sc_hd__dlygate4sd3_1)
     1    0.010039    0.175963    1.291990   11.263782 v hold88/X (sky130_fd_sc_hd__dlygate4sd3_1)
                                                         net186 (net)
                      0.175963    0.000801   11.264583 v input45/A (sky130_fd_sc_hd__buf_12)
     1    0.029080    0.054833    0.297637   11.562220 v input45/X (sky130_fd_sc_hd__buf_12)
                                                         net45 (net)
                      0.055256    0.004148   11.566368 v hold89/A (sky130_fd_sc_hd__buf_12)
     8    0.213923    0.201348    0.316486   11.882854 v hold89/X (sky130_fd_sc_hd__buf_12)
                                                         net187 (net)
                      0.239347    0.070430   11.953283 v i_sram/BEN[4] (CF_SRAM_1024x32)
                                             11.953283   data arrival time

                                 25.000000   25.000000   clock clk (rise edge)
                                  4.650000   29.650000   clock source latency
     1    0.057273    0.610000    0.000000   29.650000 ^ wb_clk_i (in)
                                                         wb_clk_i (net)
                      0.633517    0.011172   29.661171 ^ clkbuf_0_wb_clk_i/A (sky130_fd_sc_hd__clkbuf_16)
     2    0.068881    0.138494    0.490182   30.151352 ^ clkbuf_0_wb_clk_i/X (sky130_fd_sc_hd__clkbuf_16)
                                                         clknet_0_wb_clk_i (net)
                      0.138944    0.003730   30.155083 ^ clkbuf_1_1__f_wb_clk_i/A (sky130_fd_sc_hd__clkbuf_16)
     1    0.137055    0.232415    0.354827   30.509911 ^ clkbuf_1_1__f_wb_clk_i/X (sky130_fd_sc_hd__clkbuf_16)
                                                         clknet_1_1__leaf_wb_clk_i (net)
                      0.235472    0.020325   30.530235 ^ i_sram/CLKin (CF_SRAM_1024x32)
                                 -0.100000   30.430237   clock uncertainty
                                  0.000000   30.430237   clock reconvergence pessimism
                                 -0.628382   29.801855   library setup time
                                             29.801855   data required time
---------------------------------------------------------------------------------------------
                                             29.801855   data required time
                                            -11.953283   data arrival time
---------------------------------------------------------------------------------------------
                                             17.848572   slack (MET)


Startpoint: wbs_sel_i[0] (input port clocked by clk)
Endpoint: i_sram (rising edge-triggered flip-flop clocked by clk)
Path Group: clk
Path Type: max

Fanout         Cap        Slew       Delay        Time   Description
---------------------------------------------------------------------------------------------
                                  0.000000    0.000000   clock clk (rise edge)
                                  5.570000    5.570000   clock network delay (propagated)
                                  3.170000    8.740000 v input external delay
     1    0.004143    0.180000    0.000000    8.740000 v wbs_sel_i[0] (in)
                                                         wbs_sel_i[0] (net)
                      0.180197    0.000103    8.740103 v hold90/A (sky130_fd_sc_hd__dlygate4sd3_1)
     1    0.002588    0.104261    1.231531    9.971635 v hold90/X (sky130_fd_sc_hd__dlygate4sd3_1)
                                                         net188 (net)
                      0.104261    0.000157    9.971791 v hold88/A (sky130_fd_sc_hd__dlygate4sd3_1)
     1    0.010039    0.175963    1.291990   11.263782 v hold88/X (sky130_fd_sc_hd__dlygate4sd3_1)
                                                         net186 (net)
                      0.175963    0.000801   11.264583 v input45/A (sky130_fd_sc_hd__buf_12)
     1    0.029080    0.054833    0.297637   11.562220 v input45/X (sky130_fd_sc_hd__buf_12)
                                                         net45 (net)
                      0.055256    0.004148   11.566368 v hold89/A (sky130_fd_sc_hd__buf_12)
     8    0.213923    0.201348    0.316486   11.882854 v hold89/X (sky130_fd_sc_hd__buf_12)
                                                         net187 (net)
                      0.236247    0.067139   11.949992 v i_sram/BEN[5] (CF_SRAM_1024x32)
                                             11.949992   data arrival time

                                 25.000000   25.000000   clock clk (rise edge)
                                  4.650000   29.650000   clock source latency
     1    0.057273    0.610000    0.000000   29.650000 ^ wb_clk_i (in)
                                                         wb_clk_i (net)
                      0.633517    0.011172   29.661171 ^ clkbuf_0_wb_clk_i/A (sky130_fd_sc_hd__clkbuf_16)
     2    0.068881    0.138494    0.490182   30.151352 ^ clkbuf_0_wb_clk_i/X (sky130_fd_sc_hd__clkbuf_16)
                                                         clknet_0_wb_clk_i (net)
                      0.138944    0.003730   30.155083 ^ clkbuf_1_1__f_wb_clk_i/A (sky130_fd_sc_hd__clkbuf_16)
     1    0.137055    0.232415    0.354827   30.509911 ^ clkbuf_1_1__f_wb_clk_i/X (sky130_fd_sc_hd__clkbuf_16)
                                                         clknet_1_1__leaf_wb_clk_i (net)
                      0.235472    0.020325   30.530235 ^ i_sram/CLKin (CF_SRAM_1024x32)
                                 -0.100000   30.430237   clock uncertainty
                                  0.000000   30.430237   clock reconvergence pessimism
                                 -0.627207   29.803030   library setup time
                                             29.803030   data required time
---------------------------------------------------------------------------------------------
                                             29.803030   data required time
                                            -11.949992   data arrival time
---------------------------------------------------------------------------------------------
                                             17.853037   slack (MET)


Startpoint: wbs_sel_i[0] (input port clocked by clk)
Endpoint: i_sram (rising edge-triggered flip-flop clocked by clk)
Path Group: clk
Path Type: max

Fanout         Cap        Slew       Delay        Time   Description
---------------------------------------------------------------------------------------------
                                  0.000000    0.000000   clock clk (rise edge)
                                  5.570000    5.570000   clock network delay (propagated)
                                  3.170000    8.740000 v input external delay
     1    0.004143    0.180000    0.000000    8.740000 v wbs_sel_i[0] (in)
                                                         wbs_sel_i[0] (net)
                      0.180197    0.000103    8.740103 v hold90/A (sky130_fd_sc_hd__dlygate4sd3_1)
     1    0.002588    0.104261    1.231531    9.971635 v hold90/X (sky130_fd_sc_hd__dlygate4sd3_1)
                                                         net188 (net)
                      0.104261    0.000157    9.971791 v hold88/A (sky130_fd_sc_hd__dlygate4sd3_1)
     1    0.010039    0.175963    1.291990   11.263782 v hold88/X (sky130_fd_sc_hd__dlygate4sd3_1)
                                                         net186 (net)
                      0.175963    0.000801   11.264583 v input45/A (sky130_fd_sc_hd__buf_12)
     1    0.029080    0.054833    0.297637   11.562220 v input45/X (sky130_fd_sc_hd__buf_12)
                                                         net45 (net)
                      0.055256    0.004148   11.566368 v hold89/A (sky130_fd_sc_hd__buf_12)
     8    0.213923    0.201348    0.316486   11.882854 v hold89/X (sky130_fd_sc_hd__buf_12)
                                                         net187 (net)
                      0.232240    0.062763   11.945617 v i_sram/BEN[6] (CF_SRAM_1024x32)
                                             11.945617   data arrival time

                                 25.000000   25.000000   clock clk (rise edge)
                                  4.650000   29.650000   clock source latency
     1    0.057273    0.610000    0.000000   29.650000 ^ wb_clk_i (in)
                                                         wb_clk_i (net)
                      0.633517    0.011172   29.661171 ^ clkbuf_0_wb_clk_i/A (sky130_fd_sc_hd__clkbuf_16)
     2    0.068881    0.138494    0.490182   30.151352 ^ clkbuf_0_wb_clk_i/X (sky130_fd_sc_hd__clkbuf_16)
                                                         clknet_0_wb_clk_i (net)
                      0.138944    0.003730   30.155083 ^ clkbuf_1_1__f_wb_clk_i/A (sky130_fd_sc_hd__clkbuf_16)
     1    0.137055    0.232415    0.354827   30.509911 ^ clkbuf_1_1__f_wb_clk_i/X (sky130_fd_sc_hd__clkbuf_16)
                                                         clknet_1_1__leaf_wb_clk_i (net)
                      0.235472    0.020325   30.530235 ^ i_sram/CLKin (CF_SRAM_1024x32)
                                 -0.100000   30.430237   clock uncertainty
                                  0.000000   30.430237   clock reconvergence pessimism
                                 -0.625689   29.804546   library setup time
                                             29.804546   data required time
---------------------------------------------------------------------------------------------
                                             29.804546   data required time
                                            -11.945617   data arrival time
---------------------------------------------------------------------------------------------
                                             17.858931   slack (MET)


Startpoint: wbs_sel_i[0] (input port clocked by clk)
Endpoint: i_sram (rising edge-triggered flip-flop clocked by clk)
Path Group: clk
Path Type: max

Fanout         Cap        Slew       Delay        Time   Description
---------------------------------------------------------------------------------------------
                                  0.000000    0.000000   clock clk (rise edge)
                                  5.570000    5.570000   clock network delay (propagated)
                                  3.170000    8.740000 v input external delay
     1    0.004143    0.180000    0.000000    8.740000 v wbs_sel_i[0] (in)
                                                         wbs_sel_i[0] (net)
                      0.180197    0.000103    8.740103 v hold90/A (sky130_fd_sc_hd__dlygate4sd3_1)
     1    0.002588    0.104261    1.231531    9.971635 v hold90/X (sky130_fd_sc_hd__dlygate4sd3_1)
                                                         net188 (net)
                      0.104261    0.000157    9.971791 v hold88/A (sky130_fd_sc_hd__dlygate4sd3_1)
     1    0.010039    0.175963    1.291990   11.263782 v hold88/X (sky130_fd_sc_hd__dlygate4sd3_1)
                                                         net186 (net)
                      0.175963    0.000801   11.264583 v input45/A (sky130_fd_sc_hd__buf_12)
     1    0.029080    0.054833    0.297637   11.562220 v input45/X (sky130_fd_sc_hd__buf_12)
                                                         net45 (net)
                      0.055256    0.004148   11.566368 v hold89/A (sky130_fd_sc_hd__buf_12)
     8    0.213923    0.201348    0.316486   11.882854 v hold89/X (sky130_fd_sc_hd__buf_12)
                                                         net187 (net)
                      0.228583    0.058630   11.941483 v i_sram/BEN[7] (CF_SRAM_1024x32)
                                             11.941483   data arrival time

                                 25.000000   25.000000   clock clk (rise edge)
                                  4.650000   29.650000   clock source latency
     1    0.057273    0.610000    0.000000   29.650000 ^ wb_clk_i (in)
                                                         wb_clk_i (net)
                      0.633517    0.011172   29.661171 ^ clkbuf_0_wb_clk_i/A (sky130_fd_sc_hd__clkbuf_16)
     2    0.068881    0.138494    0.490182   30.151352 ^ clkbuf_0_wb_clk_i/X (sky130_fd_sc_hd__clkbuf_16)
                                                         clknet_0_wb_clk_i (net)
                      0.138944    0.003730   30.155083 ^ clkbuf_1_1__f_wb_clk_i/A (sky130_fd_sc_hd__clkbuf_16)
     1    0.137055    0.232415    0.354827   30.509911 ^ clkbuf_1_1__f_wb_clk_i/X (sky130_fd_sc_hd__clkbuf_16)
                                                         clknet_1_1__leaf_wb_clk_i (net)
                      0.235472    0.020325   30.530235 ^ i_sram/CLKin (CF_SRAM_1024x32)
                                 -0.100000   30.430237   clock uncertainty
                                  0.000000   30.430237   clock reconvergence pessimism
                                 -0.624303   29.805933   library setup time
                                             29.805933   data required time
---------------------------------------------------------------------------------------------
                                             29.805933   data required time
                                            -11.941483   data arrival time
---------------------------------------------------------------------------------------------
                                             17.864450   slack (MET)


Startpoint: wbs_sel_i[1] (input port clocked by clk)
Endpoint: i_sram (rising edge-triggered flip-flop clocked by clk)
Path Group: clk
Path Type: max

Fanout         Cap        Slew       Delay        Time   Description
---------------------------------------------------------------------------------------------
                                  0.000000    0.000000   clock clk (rise edge)
                                  5.570000    5.570000   clock network delay (propagated)
                                  3.170000    8.740000 v input external delay
     1    0.005542    0.180000    0.000000    8.740000 v wbs_sel_i[1] (in)
                                                         wbs_sel_i[1] (net)
                      0.180281    0.000147    8.740148 v hold87/A (sky130_fd_sc_hd__dlygate4sd3_1)
     1    0.001937    0.098360    1.219978    9.960126 v hold87/X (sky130_fd_sc_hd__dlygate4sd3_1)
                                                         net185 (net)
                      0.098360    0.000136    9.960261 v hold85/A (sky130_fd_sc_hd__dlygate4sd3_1)
     1    0.010421    0.179866    1.293522   11.253783 v hold85/X (sky130_fd_sc_hd__dlygate4sd3_1)
                                                         net183 (net)
                      0.179866    0.000851   11.254634 v input46/A (sky130_fd_sc_hd__buf_12)
     1    0.026782    0.052848    0.297331   11.551965 v input46/X (sky130_fd_sc_hd__buf_12)
                                                         net46 (net)
                      0.053361    0.004010   11.555975 v hold86/A (sky130_fd_sc_hd__buf_12)
     8    0.205127    0.194663    0.319932   11.875907 v hold86/X (sky130_fd_sc_hd__buf_12)
                                                         net184 (net)
                      0.221048    0.057501   11.933408 v i_sram/BEN[8] (CF_SRAM_1024x32)
                                             11.933408   data arrival time

                                 25.000000   25.000000   clock clk (rise edge)
                                  4.650000   29.650000   clock source latency
     1    0.057273    0.610000    0.000000   29.650000 ^ wb_clk_i (in)
                                                         wb_clk_i (net)
                      0.633517    0.011172   29.661171 ^ clkbuf_0_wb_clk_i/A (sky130_fd_sc_hd__clkbuf_16)
     2    0.068881    0.138494    0.490182   30.151352 ^ clkbuf_0_wb_clk_i/X (sky130_fd_sc_hd__clkbuf_16)
                                                         clknet_0_wb_clk_i (net)
                      0.138944    0.003730   30.155083 ^ clkbuf_1_1__f_wb_clk_i/A (sky130_fd_sc_hd__clkbuf_16)
     1    0.137055    0.232415    0.354827   30.509911 ^ clkbuf_1_1__f_wb_clk_i/X (sky130_fd_sc_hd__clkbuf_16)
                                                         clknet_1_1__leaf_wb_clk_i (net)
                      0.235472    0.020325   30.530235 ^ i_sram/CLKin (CF_SRAM_1024x32)
                                 -0.100000   30.430237   clock uncertainty
                                  0.000000   30.430237   clock reconvergence pessimism
                                 -0.621447   29.808788   library setup time
                                             29.808788   data required time
---------------------------------------------------------------------------------------------
                                             29.808788   data required time
                                            -11.933408   data arrival time
---------------------------------------------------------------------------------------------
                                             17.875381   slack (MET)


Startpoint: wbs_sel_i[1] (input port clocked by clk)
Endpoint: i_sram (rising edge-triggered flip-flop clocked by clk)
Path Group: clk
Path Type: max

Fanout         Cap        Slew       Delay        Time   Description
---------------------------------------------------------------------------------------------
                                  0.000000    0.000000   clock clk (rise edge)
                                  5.570000    5.570000   clock network delay (propagated)
                                  3.170000    8.740000 v input external delay
     1    0.005542    0.180000    0.000000    8.740000 v wbs_sel_i[1] (in)
                                                         wbs_sel_i[1] (net)
                      0.180281    0.000147    8.740148 v hold87/A (sky130_fd_sc_hd__dlygate4sd3_1)
     1    0.001937    0.098360    1.219978    9.960126 v hold87/X (sky130_fd_sc_hd__dlygate4sd3_1)
                                                         net185 (net)
                      0.098360    0.000136    9.960261 v hold85/A (sky130_fd_sc_hd__dlygate4sd3_1)
     1    0.010421    0.179866    1.293522   11.253783 v hold85/X (sky130_fd_sc_hd__dlygate4sd3_1)
                                                         net183 (net)
                      0.179866    0.000851   11.254634 v input46/A (sky130_fd_sc_hd__buf_12)
     1    0.026782    0.052848    0.297331   11.551965 v input46/X (sky130_fd_sc_hd__buf_12)
                                                         net46 (net)
                      0.053361    0.004010   11.555975 v hold86/A (sky130_fd_sc_hd__buf_12)
     8    0.205127    0.194663    0.319932   11.875907 v hold86/X (sky130_fd_sc_hd__buf_12)
                                                         net184 (net)
                      0.220819    0.057232   11.933139 v i_sram/BEN[9] (CF_SRAM_1024x32)
                                             11.933139   data arrival time

                                 25.000000   25.000000   clock clk (rise edge)
                                  4.650000   29.650000   clock source latency
     1    0.057273    0.610000    0.000000   29.650000 ^ wb_clk_i (in)
                                                         wb_clk_i (net)
                      0.633517    0.011172   29.661171 ^ clkbuf_0_wb_clk_i/A (sky130_fd_sc_hd__clkbuf_16)
     2    0.068881    0.138494    0.490182   30.151352 ^ clkbuf_0_wb_clk_i/X (sky130_fd_sc_hd__clkbuf_16)
                                                         clknet_0_wb_clk_i (net)
                      0.138944    0.003730   30.155083 ^ clkbuf_1_1__f_wb_clk_i/A (sky130_fd_sc_hd__clkbuf_16)
     1    0.137055    0.232415    0.354827   30.509911 ^ clkbuf_1_1__f_wb_clk_i/X (sky130_fd_sc_hd__clkbuf_16)
                                                         clknet_1_1__leaf_wb_clk_i (net)
                      0.235472    0.020325   30.530235 ^ i_sram/CLKin (CF_SRAM_1024x32)
                                 -0.100000   30.430237   clock uncertainty
                                  0.000000   30.430237   clock reconvergence pessimism
                                 -0.621360   29.808878   library setup time
                                             29.808878   data required time
---------------------------------------------------------------------------------------------
                                             29.808878   data required time
                                            -11.933139   data arrival time
---------------------------------------------------------------------------------------------
                                             17.875738   slack (MET)


Startpoint: wbs_sel_i[1] (input port clocked by clk)
Endpoint: i_sram (rising edge-triggered flip-flop clocked by clk)
Path Group: clk
Path Type: max

Fanout         Cap        Slew       Delay        Time   Description
---------------------------------------------------------------------------------------------
                                  0.000000    0.000000   clock clk (rise edge)
                                  5.570000    5.570000   clock network delay (propagated)
                                  3.170000    8.740000 v input external delay
     1    0.005542    0.180000    0.000000    8.740000 v wbs_sel_i[1] (in)
                                                         wbs_sel_i[1] (net)
                      0.180281    0.000147    8.740148 v hold87/A (sky130_fd_sc_hd__dlygate4sd3_1)
     1    0.001937    0.098360    1.219978    9.960126 v hold87/X (sky130_fd_sc_hd__dlygate4sd3_1)
                                                         net185 (net)
                      0.098360    0.000136    9.960261 v hold85/A (sky130_fd_sc_hd__dlygate4sd3_1)
     1    0.010421    0.179866    1.293522   11.253783 v hold85/X (sky130_fd_sc_hd__dlygate4sd3_1)
                                                         net183 (net)
                      0.179866    0.000851   11.254634 v input46/A (sky130_fd_sc_hd__buf_12)
     1    0.026782    0.052848    0.297331   11.551965 v input46/X (sky130_fd_sc_hd__buf_12)
                                                         net46 (net)
                      0.053361    0.004010   11.555975 v hold86/A (sky130_fd_sc_hd__buf_12)
     8    0.205127    0.194663    0.319932   11.875907 v hold86/X (sky130_fd_sc_hd__buf_12)
                                                         net184 (net)
                      0.220422    0.056766   11.932673 v i_sram/BEN[10] (CF_SRAM_1024x32)
                                             11.932673   data arrival time

                                 25.000000   25.000000   clock clk (rise edge)
                                  4.650000   29.650000   clock source latency
     1    0.057273    0.610000    0.000000   29.650000 ^ wb_clk_i (in)
                                                         wb_clk_i (net)
                      0.633517    0.011172   29.661171 ^ clkbuf_0_wb_clk_i/A (sky130_fd_sc_hd__clkbuf_16)
     2    0.068881    0.138494    0.490182   30.151352 ^ clkbuf_0_wb_clk_i/X (sky130_fd_sc_hd__clkbuf_16)
                                                         clknet_0_wb_clk_i (net)
                      0.138944    0.003730   30.155083 ^ clkbuf_1_1__f_wb_clk_i/A (sky130_fd_sc_hd__clkbuf_16)
     1    0.137055    0.232415    0.354827   30.509911 ^ clkbuf_1_1__f_wb_clk_i/X (sky130_fd_sc_hd__clkbuf_16)
                                                         clknet_1_1__leaf_wb_clk_i (net)
                      0.235472    0.020325   30.530235 ^ i_sram/CLKin (CF_SRAM_1024x32)
                                 -0.100000   30.430237   clock uncertainty
                                  0.000000   30.430237   clock reconvergence pessimism
                                 -0.621210   29.809027   library setup time
                                             29.809027   data required time
---------------------------------------------------------------------------------------------
                                             29.809027   data required time
                                            -11.932673   data arrival time
---------------------------------------------------------------------------------------------
                                             17.876354   slack (MET)


Startpoint: wbs_sel_i[1] (input port clocked by clk)
Endpoint: i_sram (rising edge-triggered flip-flop clocked by clk)
Path Group: clk
Path Type: max

Fanout         Cap        Slew       Delay        Time   Description
---------------------------------------------------------------------------------------------
                                  0.000000    0.000000   clock clk (rise edge)
                                  5.570000    5.570000   clock network delay (propagated)
                                  3.170000    8.740000 v input external delay
     1    0.005542    0.180000    0.000000    8.740000 v wbs_sel_i[1] (in)
                                                         wbs_sel_i[1] (net)
                      0.180281    0.000147    8.740148 v hold87/A (sky130_fd_sc_hd__dlygate4sd3_1)
     1    0.001937    0.098360    1.219978    9.960126 v hold87/X (sky130_fd_sc_hd__dlygate4sd3_1)
                                                         net185 (net)
                      0.098360    0.000136    9.960261 v hold85/A (sky130_fd_sc_hd__dlygate4sd3_1)
     1    0.010421    0.179866    1.293522   11.253783 v hold85/X (sky130_fd_sc_hd__dlygate4sd3_1)
                                                         net183 (net)
                      0.179866    0.000851   11.254634 v input46/A (sky130_fd_sc_hd__buf_12)
     1    0.026782    0.052848    0.297331   11.551965 v input46/X (sky130_fd_sc_hd__buf_12)
                                                         net46 (net)
                      0.053361    0.004010   11.555975 v hold86/A (sky130_fd_sc_hd__buf_12)
     8    0.205127    0.194663    0.319932   11.875907 v hold86/X (sky130_fd_sc_hd__buf_12)
                                                         net184 (net)
                      0.218311    0.054251   11.930158 v i_sram/BEN[11] (CF_SRAM_1024x32)
                                             11.930158   data arrival time

                                 25.000000   25.000000   clock clk (rise edge)
                                  4.650000   29.650000   clock source latency
     1    0.057273    0.610000    0.000000   29.650000 ^ wb_clk_i (in)
                                                         wb_clk_i (net)
                      0.633517    0.011172   29.661171 ^ clkbuf_0_wb_clk_i/A (sky130_fd_sc_hd__clkbuf_16)
     2    0.068881    0.138494    0.490182   30.151352 ^ clkbuf_0_wb_clk_i/X (sky130_fd_sc_hd__clkbuf_16)
                                                         clknet_0_wb_clk_i (net)
                      0.138944    0.003730   30.155083 ^ clkbuf_1_1__f_wb_clk_i/A (sky130_fd_sc_hd__clkbuf_16)
     1    0.137055    0.232415    0.354827   30.509911 ^ clkbuf_1_1__f_wb_clk_i/X (sky130_fd_sc_hd__clkbuf_16)
                                                         clknet_1_1__leaf_wb_clk_i (net)
                      0.235472    0.020325   30.530235 ^ i_sram/CLKin (CF_SRAM_1024x32)
                                 -0.100000   30.430237   clock uncertainty
                                  0.000000   30.430237   clock reconvergence pessimism
                                 -0.620410   29.809826   library setup time
                                             29.809826   data required time
---------------------------------------------------------------------------------------------
                                             29.809826   data required time
                                            -11.930158   data arrival time
---------------------------------------------------------------------------------------------
                                             17.879667   slack (MET)


Startpoint: wbs_sel_i[1] (input port clocked by clk)
Endpoint: i_sram (rising edge-triggered flip-flop clocked by clk)
Path Group: clk
Path Type: max

Fanout         Cap        Slew       Delay        Time   Description
---------------------------------------------------------------------------------------------
                                  0.000000    0.000000   clock clk (rise edge)
                                  5.570000    5.570000   clock network delay (propagated)
                                  3.170000    8.740000 v input external delay
     1    0.005542    0.180000    0.000000    8.740000 v wbs_sel_i[1] (in)
                                                         wbs_sel_i[1] (net)
                      0.180281    0.000147    8.740148 v hold87/A (sky130_fd_sc_hd__dlygate4sd3_1)
     1    0.001937    0.098360    1.219978    9.960126 v hold87/X (sky130_fd_sc_hd__dlygate4sd3_1)
                                                         net185 (net)
                      0.098360    0.000136    9.960261 v hold85/A (sky130_fd_sc_hd__dlygate4sd3_1)
     1    0.010421    0.179866    1.293522   11.253783 v hold85/X (sky130_fd_sc_hd__dlygate4sd3_1)
                                                         net183 (net)
                      0.179866    0.000851   11.254634 v input46/A (sky130_fd_sc_hd__buf_12)
     1    0.026782    0.052848    0.297331   11.551965 v input46/X (sky130_fd_sc_hd__buf_12)
                                                         net46 (net)
                      0.053361    0.004010   11.555975 v hold86/A (sky130_fd_sc_hd__buf_12)
     8    0.205127    0.194663    0.319932   11.875907 v hold86/X (sky130_fd_sc_hd__buf_12)
                                                         net184 (net)
                      0.217459    0.053219   11.929126 v i_sram/BEN[12] (CF_SRAM_1024x32)
                                             11.929126   data arrival time

                                 25.000000   25.000000   clock clk (rise edge)
                                  4.650000   29.650000   clock source latency
     1    0.057273    0.610000    0.000000   29.650000 ^ wb_clk_i (in)
                                                         wb_clk_i (net)
                      0.633517    0.011172   29.661171 ^ clkbuf_0_wb_clk_i/A (sky130_fd_sc_hd__clkbuf_16)
     2    0.068881    0.138494    0.490182   30.151352 ^ clkbuf_0_wb_clk_i/X (sky130_fd_sc_hd__clkbuf_16)
                                                         clknet_0_wb_clk_i (net)
                      0.138944    0.003730   30.155083 ^ clkbuf_1_1__f_wb_clk_i/A (sky130_fd_sc_hd__clkbuf_16)
     1    0.137055    0.232415    0.354827   30.509911 ^ clkbuf_1_1__f_wb_clk_i/X (sky130_fd_sc_hd__clkbuf_16)
                                                         clknet_1_1__leaf_wb_clk_i (net)
                      0.235472    0.020325   30.530235 ^ i_sram/CLKin (CF_SRAM_1024x32)
                                 -0.100000   30.430237   clock uncertainty
                                  0.000000   30.430237   clock reconvergence pessimism
                                 -0.620087   29.810150   library setup time
                                             29.810150   data required time
---------------------------------------------------------------------------------------------
                                             29.810150   data required time
                                            -11.929126   data arrival time
---------------------------------------------------------------------------------------------
                                             17.881025   slack (MET)


Startpoint: wbs_sel_i[1] (input port clocked by clk)
Endpoint: i_sram (rising edge-triggered flip-flop clocked by clk)
Path Group: clk
Path Type: max

Fanout         Cap        Slew       Delay        Time   Description
---------------------------------------------------------------------------------------------
                                  0.000000    0.000000   clock clk (rise edge)
                                  5.570000    5.570000   clock network delay (propagated)
                                  3.170000    8.740000 v input external delay
     1    0.005542    0.180000    0.000000    8.740000 v wbs_sel_i[1] (in)
                                                         wbs_sel_i[1] (net)
                      0.180281    0.000147    8.740148 v hold87/A (sky130_fd_sc_hd__dlygate4sd3_1)
     1    0.001937    0.098360    1.219978    9.960126 v hold87/X (sky130_fd_sc_hd__dlygate4sd3_1)
                                                         net185 (net)
                      0.098360    0.000136    9.960261 v hold85/A (sky130_fd_sc_hd__dlygate4sd3_1)
     1    0.010421    0.179866    1.293522   11.253783 v hold85/X (sky130_fd_sc_hd__dlygate4sd3_1)
                                                         net183 (net)
                      0.179866    0.000851   11.254634 v input46/A (sky130_fd_sc_hd__buf_12)
     1    0.026782    0.052848    0.297331   11.551965 v input46/X (sky130_fd_sc_hd__buf_12)
                                                         net46 (net)
                      0.053361    0.004010   11.555975 v hold86/A (sky130_fd_sc_hd__buf_12)
     8    0.205127    0.194663    0.319932   11.875907 v hold86/X (sky130_fd_sc_hd__buf_12)
                                                         net184 (net)
                      0.216322    0.051824   11.927732 v i_sram/BEN[13] (CF_SRAM_1024x32)
                                             11.927732   data arrival time

                                 25.000000   25.000000   clock clk (rise edge)
                                  4.650000   29.650000   clock source latency
     1    0.057273    0.610000    0.000000   29.650000 ^ wb_clk_i (in)
                                                         wb_clk_i (net)
                      0.633517    0.011172   29.661171 ^ clkbuf_0_wb_clk_i/A (sky130_fd_sc_hd__clkbuf_16)
     2    0.068881    0.138494    0.490182   30.151352 ^ clkbuf_0_wb_clk_i/X (sky130_fd_sc_hd__clkbuf_16)
                                                         clknet_0_wb_clk_i (net)
                      0.138944    0.003730   30.155083 ^ clkbuf_1_1__f_wb_clk_i/A (sky130_fd_sc_hd__clkbuf_16)
     1    0.137055    0.232415    0.354827   30.509911 ^ clkbuf_1_1__f_wb_clk_i/X (sky130_fd_sc_hd__clkbuf_16)
                                                         clknet_1_1__leaf_wb_clk_i (net)
                      0.235472    0.020325   30.530235 ^ i_sram/CLKin (CF_SRAM_1024x32)
                                 -0.100000   30.430237   clock uncertainty
                                  0.000000   30.430237   clock reconvergence pessimism
                                 -0.619657   29.810579   library setup time
                                             29.810579   data required time
---------------------------------------------------------------------------------------------
                                             29.810579   data required time
                                            -11.927732   data arrival time
---------------------------------------------------------------------------------------------
                                             17.882847   slack (MET)


Startpoint: wbs_sel_i[1] (input port clocked by clk)
Endpoint: i_sram (rising edge-triggered flip-flop clocked by clk)
Path Group: clk
Path Type: max

Fanout         Cap        Slew       Delay        Time   Description
---------------------------------------------------------------------------------------------
                                  0.000000    0.000000   clock clk (rise edge)
                                  5.570000    5.570000   clock network delay (propagated)
                                  3.170000    8.740000 v input external delay
     1    0.005542    0.180000    0.000000    8.740000 v wbs_sel_i[1] (in)
                                                         wbs_sel_i[1] (net)
                      0.180281    0.000147    8.740148 v hold87/A (sky130_fd_sc_hd__dlygate4sd3_1)
     1    0.001937    0.098360    1.219978    9.960126 v hold87/X (sky130_fd_sc_hd__dlygate4sd3_1)
                                                         net185 (net)
                      0.098360    0.000136    9.960261 v hold85/A (sky130_fd_sc_hd__dlygate4sd3_1)
     1    0.010421    0.179866    1.293522   11.253783 v hold85/X (sky130_fd_sc_hd__dlygate4sd3_1)
                                                         net183 (net)
                      0.179866    0.000851   11.254634 v input46/A (sky130_fd_sc_hd__buf_12)
     1    0.026782    0.052848    0.297331   11.551965 v input46/X (sky130_fd_sc_hd__buf_12)
                                                         net46 (net)
                      0.053361    0.004010   11.555975 v hold86/A (sky130_fd_sc_hd__buf_12)
     8    0.205127    0.194663    0.319932   11.875907 v hold86/X (sky130_fd_sc_hd__buf_12)
                                                         net184 (net)
                      0.212109    0.046462   11.922368 v i_sram/BEN[14] (CF_SRAM_1024x32)
                                             11.922368   data arrival time

                                 25.000000   25.000000   clock clk (rise edge)
                                  4.650000   29.650000   clock source latency
     1    0.057273    0.610000    0.000000   29.650000 ^ wb_clk_i (in)
                                                         wb_clk_i (net)
                      0.633517    0.011172   29.661171 ^ clkbuf_0_wb_clk_i/A (sky130_fd_sc_hd__clkbuf_16)
     2    0.068881    0.138494    0.490182   30.151352 ^ clkbuf_0_wb_clk_i/X (sky130_fd_sc_hd__clkbuf_16)
                                                         clknet_0_wb_clk_i (net)
                      0.138944    0.003730   30.155083 ^ clkbuf_1_1__f_wb_clk_i/A (sky130_fd_sc_hd__clkbuf_16)
     1    0.137055    0.232415    0.354827   30.509911 ^ clkbuf_1_1__f_wb_clk_i/X (sky130_fd_sc_hd__clkbuf_16)
                                                         clknet_1_1__leaf_wb_clk_i (net)
                      0.235472    0.020325   30.530235 ^ i_sram/CLKin (CF_SRAM_1024x32)
                                 -0.100000   30.430237   clock uncertainty
                                  0.000000   30.430237   clock reconvergence pessimism
                                 -0.618060   29.812178   library setup time
                                             29.812178   data required time
---------------------------------------------------------------------------------------------
                                             29.812178   data required time
                                            -11.922368   data arrival time
---------------------------------------------------------------------------------------------
                                             17.889811   slack (MET)


Startpoint: wbs_sel_i[1] (input port clocked by clk)
Endpoint: i_sram (rising edge-triggered flip-flop clocked by clk)
Path Group: clk
Path Type: max

Fanout         Cap        Slew       Delay        Time   Description
---------------------------------------------------------------------------------------------
                                  0.000000    0.000000   clock clk (rise edge)
                                  5.570000    5.570000   clock network delay (propagated)
                                  3.170000    8.740000 v input external delay
     1    0.005542    0.180000    0.000000    8.740000 v wbs_sel_i[1] (in)
                                                         wbs_sel_i[1] (net)
                      0.180281    0.000147    8.740148 v hold87/A (sky130_fd_sc_hd__dlygate4sd3_1)
     1    0.001937    0.098360    1.219978    9.960126 v hold87/X (sky130_fd_sc_hd__dlygate4sd3_1)
                                                         net185 (net)
                      0.098360    0.000136    9.960261 v hold85/A (sky130_fd_sc_hd__dlygate4sd3_1)
     1    0.010421    0.179866    1.293522   11.253783 v hold85/X (sky130_fd_sc_hd__dlygate4sd3_1)
                                                         net183 (net)
                      0.179866    0.000851   11.254634 v input46/A (sky130_fd_sc_hd__buf_12)
     1    0.026782    0.052848    0.297331   11.551965 v input46/X (sky130_fd_sc_hd__buf_12)
                                                         net46 (net)
                      0.053361    0.004010   11.555975 v hold86/A (sky130_fd_sc_hd__buf_12)
     8    0.205127    0.194663    0.319932   11.875907 v hold86/X (sky130_fd_sc_hd__buf_12)
                                                         net184 (net)
                      0.209033    0.042318   11.918225 v i_sram/BEN[15] (CF_SRAM_1024x32)
                                             11.918225   data arrival time

                                 25.000000   25.000000   clock clk (rise edge)
                                  4.650000   29.650000   clock source latency
     1    0.057273    0.610000    0.000000   29.650000 ^ wb_clk_i (in)
                                                         wb_clk_i (net)
                      0.633517    0.011172   29.661171 ^ clkbuf_0_wb_clk_i/A (sky130_fd_sc_hd__clkbuf_16)
     2    0.068881    0.138494    0.490182   30.151352 ^ clkbuf_0_wb_clk_i/X (sky130_fd_sc_hd__clkbuf_16)
                                                         clknet_0_wb_clk_i (net)
                      0.138944    0.003730   30.155083 ^ clkbuf_1_1__f_wb_clk_i/A (sky130_fd_sc_hd__clkbuf_16)
     1    0.137055    0.232415    0.354827   30.509911 ^ clkbuf_1_1__f_wb_clk_i/X (sky130_fd_sc_hd__clkbuf_16)
                                                         clknet_1_1__leaf_wb_clk_i (net)
                      0.235472    0.020325   30.530235 ^ i_sram/CLKin (CF_SRAM_1024x32)
                                 -0.100000   30.430237   clock uncertainty
                                  0.000000   30.430237   clock reconvergence pessimism
                                 -0.616894   29.813343   library setup time
                                             29.813343   data required time
---------------------------------------------------------------------------------------------
                                             29.813343   data required time
                                            -11.918225   data arrival time
---------------------------------------------------------------------------------------------
                                             17.895119   slack (MET)


Startpoint: wbs_we_i (input port clocked by clk)
Endpoint: i_sram (rising edge-triggered flip-flop clocked by clk)
Path Group: clk
Path Type: max

Fanout         Cap        Slew       Delay        Time   Description
---------------------------------------------------------------------------------------------
                                  0.000000    0.000000   clock clk (rise edge)
                                  5.570000    5.570000   clock network delay (propagated)
                                  3.740000    9.310000 ^ input external delay
     1    0.003941    0.140000    0.000000    9.310000 ^ wbs_we_i (in)
                                                         wbs_we_i (net)
                      0.140196    0.000103    9.310103 ^ input50/A (sky130_fd_sc_hd__buf_2)
     5    0.057585    0.446971    0.518075    9.828178 ^ input50/X (sky130_fd_sc_hd__buf_2)
                                                         net50 (net)
                      0.447095    0.006594    9.834772 ^ fanout85/A (sky130_fd_sc_hd__buf_4)
    15    0.077814    0.347828    0.593931   10.428703 ^ fanout85/X (sky130_fd_sc_hd__buf_4)
                                                         net85 (net)
                      0.348193    0.009849   10.438553 ^ _10_/A (sky130_fd_sc_hd__clkinv_4)
     1    0.086118    0.319735    0.403236   10.841788 v _10_/Y (sky130_fd_sc_hd__clkinv_4)
                                                         i_ram_wb_controller.R_WB (net)
                      0.321691    0.021537   10.863326 v i_sram/R_WB (CF_SRAM_1024x32)
                                             10.863326   data arrival time

                                 25.000000   25.000000   clock clk (rise edge)
                                  4.650000   29.650000   clock source latency
     1    0.057273    0.610000    0.000000   29.650000 ^ wb_clk_i (in)
                                                         wb_clk_i (net)
                      0.633517    0.011172   29.661171 ^ clkbuf_0_wb_clk_i/A (sky130_fd_sc_hd__clkbuf_16)
     2    0.068881    0.138494    0.490182   30.151352 ^ clkbuf_0_wb_clk_i/X (sky130_fd_sc_hd__clkbuf_16)
                                                         clknet_0_wb_clk_i (net)
                      0.138944    0.003730   30.155083 ^ clkbuf_1_1__f_wb_clk_i/A (sky130_fd_sc_hd__clkbuf_16)
     1    0.137055    0.232415    0.354827   30.509911 ^ clkbuf_1_1__f_wb_clk_i/X (sky130_fd_sc_hd__clkbuf_16)
                                                         clknet_1_1__leaf_wb_clk_i (net)
                      0.235472    0.020325   30.530235 ^ i_sram/CLKin (CF_SRAM_1024x32)
                                 -0.100000   30.430237   clock uncertainty
                                  0.000000   30.430237   clock reconvergence pessimism
                                 -0.465428   29.964809   library setup time
                                             29.964809   data required time
---------------------------------------------------------------------------------------------
                                             29.964809   data required time
                                            -10.863326   data arrival time
---------------------------------------------------------------------------------------------
                                             19.101486   slack (MET)


Startpoint: _45_ (rising edge-triggered flip-flop clocked by clk)
Endpoint: wbs_ack_o (output port clocked by clk)
Path Group: clk
Path Type: max

Fanout         Cap        Slew       Delay        Time   Description
---------------------------------------------------------------------------------------------
                                  0.000000    0.000000   clock clk (rise edge)
                                  5.570000    5.570000   clock source latency
     1    0.057273    0.610000    0.000000    5.570000 ^ wb_clk_i (in)
                                                         wb_clk_i (net)
                      0.633517    0.012347    5.582347 ^ clkbuf_0_wb_clk_i/A (sky130_fd_sc_hd__clkbuf_16)
     2    0.068881    0.138494    0.541780    6.124127 ^ clkbuf_0_wb_clk_i/X (sky130_fd_sc_hd__clkbuf_16)
                                                         clknet_0_wb_clk_i (net)
                      0.140521    0.012811    6.136938 ^ clkbuf_1_0__f_wb_clk_i/A (sky130_fd_sc_hd__clkbuf_16)
     2    0.054999    0.113990    0.312916    6.449854 ^ clkbuf_1_0__f_wb_clk_i/X (sky130_fd_sc_hd__clkbuf_16)
                                                         clknet_1_0__leaf_wb_clk_i (net)
                      0.114096    0.003170    6.453023 ^ _45_/CLK (sky130_fd_sc_hd__dfrtp_1)
     1    0.017993    0.264405    0.856273    7.309297 ^ _45_/Q (sky130_fd_sc_hd__dfrtp_1)
                                                         net51 (net)
                      0.264419    0.002299    7.311595 ^ output51/A (sky130_fd_sc_hd__buf_12)
     1    0.190864    0.341587    0.487633    7.799228 ^ output51/X (sky130_fd_sc_hd__buf_12)
                                                         wbs_ack_o (net)
                      0.341994    0.008859    7.808087 ^ wbs_ack_o (out)
                                              7.808087   data arrival time

                                 50.000000   50.000000   clock clk (rise edge)
                                  4.650000   54.650002   clock network delay (propagated)
                                 -0.100000   54.550003   clock uncertainty
                                  0.000000   54.550003   clock reconvergence pessimism
                                 -8.410000   46.139996   output external delay
                                             46.139996   data required time
---------------------------------------------------------------------------------------------
                                             46.139996   data required time
                                             -7.808087   data arrival time
---------------------------------------------------------------------------------------------
                                             38.331909   slack (MET)


Startpoint: wbs_cyc_i (input port clocked by clk)
Endpoint: i_sram (rising edge-triggered flip-flop clocked by clk)
Path Group: clk
Path Type: max

Fanout         Cap        Slew       Delay        Time   Description
---------------------------------------------------------------------------------------------
                                  0.000000    0.000000   clock clk (rise edge)
                                  5.570000    5.570000   clock network delay (propagated)
                                  4.740000   10.310000 ^ input external delay
     1    0.003144    0.170000    0.000000   10.310000 ^ wbs_cyc_i (in)
                                                         wbs_cyc_i (net)
                      0.170169    0.000089   10.310089 ^ input12/A (sky130_fd_sc_hd__buf_2)
     5    0.059927    0.464638    0.544763   10.854853 ^ input12/X (sky130_fd_sc_hd__buf_2)
                                                         net12 (net)
                      0.464775    0.007025   10.861878 ^ fanout89/A (sky130_fd_sc_hd__clkbuf_4)
    15    0.065241    0.317165    0.628148   11.490026 ^ fanout89/X (sky130_fd_sc_hd__clkbuf_4)
                                                         net89 (net)
                      0.317752    0.010009   11.500035 ^ _12_/A (sky130_fd_sc_hd__and2_4)
     2    0.096035    0.443566    0.705514   12.205549 ^ _12_/X (sky130_fd_sc_hd__and2_4)
                                                         i_ram_wb_controller.EN (net)
                      0.446482    0.030515   12.236064 ^ i_sram/EN (CF_SRAM_1024x32)
                                             12.236064   data arrival time

                                 50.000000   50.000000   clock clk (rise edge)
                                  4.650000   54.650002   clock source latency
     1    0.057273    0.610000    0.000000   54.650002 ^ wb_clk_i (in)
                                                         wb_clk_i (net)
                      0.633517    0.011170   54.661171 ^ clkbuf_0_wb_clk_i/A (sky130_fd_sc_hd__clkbuf_16)
     2    0.068881    0.138494    0.490182   55.151352 ^ clkbuf_0_wb_clk_i/X (sky130_fd_sc_hd__clkbuf_16)
                                                         clknet_0_wb_clk_i (net)
                      0.138944    0.003730   55.155083 ^ clkbuf_1_1__f_wb_clk_i/A (sky130_fd_sc_hd__clkbuf_16)
     1    0.137055    0.232415    0.354827   55.509911 ^ clkbuf_1_1__f_wb_clk_i/X (sky130_fd_sc_hd__clkbuf_16)
                                                         clknet_1_1__leaf_wb_clk_i (net)
                      0.235472    0.020325   55.530235 ^ i_sram/CLKin (CF_SRAM_1024x32)
                                 -0.100000   55.430237   clock uncertainty
                                  0.000000   55.430237   clock reconvergence pessimism
                                 -1.289216   54.141022   library setup time
                                             54.141022   data required time
---------------------------------------------------------------------------------------------
                                             54.141022   data required time
                                            -12.236064   data arrival time
---------------------------------------------------------------------------------------------
                                             41.904957   slack (MET)


Startpoint: wbs_cyc_i (input port clocked by clk)
Endpoint: _45_ (rising edge-triggered flip-flop clocked by clk)
Path Group: clk
Path Type: max

Fanout         Cap        Slew       Delay        Time   Description
---------------------------------------------------------------------------------------------
                                  0.000000    0.000000   clock clk (rise edge)
                                  5.570000    5.570000   clock network delay (propagated)
                                  4.740000   10.310000 ^ input external delay
     1    0.003144    0.170000    0.000000   10.310000 ^ wbs_cyc_i (in)
                                                         wbs_cyc_i (net)
                      0.170169    0.000089   10.310089 ^ input12/A (sky130_fd_sc_hd__buf_2)
     5    0.059927    0.464638    0.544763   10.854853 ^ input12/X (sky130_fd_sc_hd__buf_2)
                                                         net12 (net)
                      0.464775    0.007025   10.861878 ^ fanout89/A (sky130_fd_sc_hd__clkbuf_4)
    15    0.065241    0.317165    0.628148   11.490026 ^ fanout89/X (sky130_fd_sc_hd__clkbuf_4)
                                                         net89 (net)
                      0.317752    0.010009   11.500035 ^ _12_/A (sky130_fd_sc_hd__and2_4)
     2    0.096035    0.443566    0.705514   12.205549 ^ _12_/X (sky130_fd_sc_hd__and2_4)
                                                         i_ram_wb_controller.EN (net)
                      0.443589    0.002889   12.208438 ^ _45_/D (sky130_fd_sc_hd__dfrtp_1)
                                             12.208438   data arrival time

                                 50.000000   50.000000   clock clk (rise edge)
                                  4.650000   54.650002   clock source latency
     1    0.057273    0.610000    0.000000   54.650002 ^ wb_clk_i (in)
                                                         wb_clk_i (net)
                      0.633517    0.011170   54.661171 ^ clkbuf_0_wb_clk_i/A (sky130_fd_sc_hd__clkbuf_16)
     2    0.068881    0.138494    0.490182   55.151352 ^ clkbuf_0_wb_clk_i/X (sky130_fd_sc_hd__clkbuf_16)
                                                         clknet_0_wb_clk_i (net)
                      0.140521    0.011589   55.162941 ^ clkbuf_1_0__f_wb_clk_i/A (sky130_fd_sc_hd__clkbuf_16)
     2    0.054999    0.113990    0.283116   55.446056 ^ clkbuf_1_0__f_wb_clk_i/X (sky130_fd_sc_hd__clkbuf_16)
                                                         clknet_1_0__leaf_wb_clk_i (net)
                      0.114096    0.002867   55.448925 ^ _45_/CLK (sky130_fd_sc_hd__dfrtp_1)
                                 -0.100000   55.348927   clock uncertainty
                                  0.000000   55.348927   clock reconvergence pessimism
                                 -0.219336   55.129593   library setup time
                                             55.129593   data required time
---------------------------------------------------------------------------------------------
                                             55.129593   data required time
                                            -12.208438   data arrival time
---------------------------------------------------------------------------------------------
                                             42.921154   slack (MET)



