
===========================================================================
report_checks -path_delay min (Hold)
============================================================================
======================= max_ff_n40C_1v95 Corner ===================================

Startpoint: wbs_cyc_i (input port clocked by clk)
Endpoint: mprj/_45_ (rising edge-triggered flip-flop clocked by clk)
Path Group: clk
Path Type: min

Fanout         Cap        Slew       Delay        Time   Description
---------------------------------------------------------------------------------------------
                                  0.000000    0.000000   clock clk (rise edge)
                                  4.650000    4.650000   clock network delay (propagated)
                                  1.690000    6.340000 v input external delay
     1    0.036236    0.090000    0.000000    6.340000 v wbs_cyc_i (in)
                                                         wbs_cyc_i (net)
                      0.095213    0.002606    6.342606 v mprj/input12/A (sky130_fd_sc_hd__buf_2)
     5    0.060121    0.101687    0.166372    6.508978 v mprj/input12/X (sky130_fd_sc_hd__buf_2)
                                                         mprj/net12 (net)
                      0.102308    0.006650    6.515628 v mprj/fanout89/A (sky130_fd_sc_hd__clkbuf_4)
    15    0.066226    0.096197    0.177930    6.693558 v mprj/fanout89/X (sky130_fd_sc_hd__clkbuf_4)
                                                         mprj/net89 (net)
                      0.097667    0.009587    6.703145 v mprj/_12_/A (sky130_fd_sc_hd__and2_4)
     2    0.076641    0.076371    0.166667    6.869812 v mprj/_12_/X (sky130_fd_sc_hd__and2_4)
                                                         mprj/i_ram_wb_controller.EN (net)
                      0.076463    0.002321    6.872132 v mprj/_45_/D (sky130_fd_sc_hd__dfrtp_1)
                                              6.872132   data arrival time

                                  0.000000    0.000000   clock clk (rise edge)
                                  5.570000    5.570000   clock source latency
     1    0.082255    0.610000    0.000000    5.570000 ^ wb_clk_i (in)
                                                         wb_clk_i (net)
                      0.648120    0.019060    5.589060 ^ mprj/clkbuf_0_wb_clk_i/A (sky130_fd_sc_hd__clkbuf_16)
     2    0.069019    0.078225    0.169257    5.758317 ^ mprj/clkbuf_0_wb_clk_i/X (sky130_fd_sc_hd__clkbuf_16)
                                                         mprj/clknet_0_wb_clk_i (net)
                      0.081368    0.012097    5.770413 ^ mprj/clkbuf_1_0__f_wb_clk_i/A (sky130_fd_sc_hd__clkbuf_16)
     2    0.054491    0.055768    0.117683    5.888096 ^ mprj/clkbuf_1_0__f_wb_clk_i/X (sky130_fd_sc_hd__clkbuf_16)
                                                         mprj/clknet_1_0__leaf_wb_clk_i (net)
                      0.056083    0.003010    5.891106 ^ mprj/_45_/CLK (sky130_fd_sc_hd__dfrtp_1)
                                  0.250000    6.141106   clock uncertainty
                                  0.000000    6.141106   clock reconvergence pessimism
                                 -0.044370    6.096736   library hold time
                                              6.096736   data required time
---------------------------------------------------------------------------------------------
                                              6.096736   data required time
                                             -6.872132   data arrival time
---------------------------------------------------------------------------------------------
                                              0.775396   slack (MET)


Startpoint: mprj/_45_ (rising edge-triggered flip-flop clocked by clk)
Endpoint: wbs_ack_o (output port clocked by clk)
Path Group: clk
Path Type: min

Fanout         Cap        Slew       Delay        Time   Description
---------------------------------------------------------------------------------------------
                                  0.000000    0.000000   clock clk (rise edge)
                                  4.650000    4.650000   clock source latency
     1    0.082255    0.610000    0.000000    4.650000 ^ wb_clk_i (in)
                                                         wb_clk_i (net)
                      0.648120    0.019060    4.669060 ^ mprj/clkbuf_0_wb_clk_i/A (sky130_fd_sc_hd__clkbuf_16)
     2    0.069019    0.078225    0.169257    4.838316 ^ mprj/clkbuf_0_wb_clk_i/X (sky130_fd_sc_hd__clkbuf_16)
                                                         mprj/clknet_0_wb_clk_i (net)
                      0.081368    0.012097    4.850413 ^ mprj/clkbuf_1_0__f_wb_clk_i/A (sky130_fd_sc_hd__clkbuf_16)
     2    0.054491    0.055768    0.117683    4.968096 ^ mprj/clkbuf_1_0__f_wb_clk_i/X (sky130_fd_sc_hd__clkbuf_16)
                                                         mprj/clknet_1_0__leaf_wb_clk_i (net)
                      0.056083    0.003010    4.971106 ^ mprj/_45_/CLK (sky130_fd_sc_hd__dfrtp_1)
     1    0.017387    0.072003    0.274954    5.246059 v mprj/_45_/Q (sky130_fd_sc_hd__dfrtp_1)
                                                         mprj/net51 (net)
                      0.072078    0.002089    5.248148 v mprj/output51/A (sky130_fd_sc_hd__buf_12)
     1    0.214618    0.088359    0.128281    5.376429 v mprj/output51/X (sky130_fd_sc_hd__buf_12)
                                                         wbs_ack_o (net)
                      0.117608    0.040016    5.416444 v wbs_ack_o (out)
                                              5.416444   data arrival time

                                  0.000000    0.000000   clock clk (rise edge)
                                  5.570000    5.570000   clock network delay (propagated)
                                  0.250000    5.820000   clock uncertainty
                                  0.000000    5.820000   clock reconvergence pessimism
                                 -1.370000    4.450000   output external delay
                                              4.450000   data required time
---------------------------------------------------------------------------------------------
                                              4.450000   data required time
                                             -5.416444   data arrival time
---------------------------------------------------------------------------------------------
                                              0.966444   slack (MET)


Startpoint: wbs_we_i (input port clocked by clk)
Endpoint: wbs_dat_o[29] (output port clocked by clk)
Path Group: clk
Path Type: min

Fanout         Cap        Slew       Delay        Time   Description
---------------------------------------------------------------------------------------------
                                  0.000000    0.000000   clock clk (rise edge)
                                  4.650000    4.650000   clock network delay (propagated)
                                  1.650000    6.300000 ^ input external delay
     1    0.036460    0.090000    0.000000    6.300000 ^ wbs_we_i (in)
                                                         wbs_we_i (net)
                      0.095472    0.002736    6.302736 ^ mprj/input50/A (sky130_fd_sc_hd__buf_2)
     5    0.058496    0.215471    0.206553    6.509289 ^ mprj/input50/X (sky130_fd_sc_hd__buf_2)
                                                         mprj/net50 (net)
                      0.216585    0.012617    6.521905 ^ mprj/_36_/A_N (sky130_fd_sc_hd__and4b_1)
     1    0.012488    0.053490    0.159597    6.681502 v mprj/_36_/X (sky130_fd_sc_hd__and4b_1)
                                                         mprj/net73 (net)
                      0.053514    0.001055    6.682557 v mprj/output73/A (sky130_fd_sc_hd__buf_12)
     1    0.239357    0.059127    0.107520    6.790077 v mprj/output73/X (sky130_fd_sc_hd__buf_12)
                                                         wbs_dat_o[29] (net)
                      0.190217    0.087424    6.877501 v wbs_dat_o[29] (out)
                                              6.877501   data arrival time

                                  0.000000    0.000000   clock clk (rise edge)
                                  5.570000    5.570000   clock network delay (propagated)
                                  0.250000    5.820000   clock uncertainty
                                  0.000000    5.820000   clock reconvergence pessimism
                                 -1.130000    4.690000   output external delay
                                              4.690000   data required time
---------------------------------------------------------------------------------------------
                                              4.690000   data required time
                                             -6.877501   data arrival time
---------------------------------------------------------------------------------------------
                                              2.187501   slack (MET)


Startpoint: wbs_we_i (input port clocked by clk)
Endpoint: wbs_dat_o[31] (output port clocked by clk)
Path Group: clk
Path Type: min

Fanout         Cap        Slew       Delay        Time   Description
---------------------------------------------------------------------------------------------
                                  0.000000    0.000000   clock clk (rise edge)
                                  4.650000    4.650000   clock network delay (propagated)
                                  1.650000    6.300000 ^ input external delay
     1    0.036460    0.090000    0.000000    6.300000 ^ wbs_we_i (in)
                                                         wbs_we_i (net)
                      0.095472    0.002736    6.302736 ^ mprj/input50/A (sky130_fd_sc_hd__buf_2)
     5    0.058496    0.215471    0.206553    6.509289 ^ mprj/input50/X (sky130_fd_sc_hd__buf_2)
                                                         mprj/net50 (net)
                      0.216632    0.012866    6.522155 ^ mprj/_38_/A_N (sky130_fd_sc_hd__and4b_1)
     1    0.011731    0.051299    0.157675    6.679830 v mprj/_38_/X (sky130_fd_sc_hd__and4b_1)
                                                         mprj/net76 (net)
                      0.051321    0.000981    6.680812 v mprj/output76/A (sky130_fd_sc_hd__buf_12)
     1    0.256914    0.059483    0.105707    6.786518 v mprj/output76/X (sky130_fd_sc_hd__buf_12)
                                                         wbs_dat_o[31] (net)
                      0.210778    0.097876    6.884395 v wbs_dat_o[31] (out)
                                              6.884395   data arrival time

                                  0.000000    0.000000   clock clk (rise edge)
                                  5.570000    5.570000   clock network delay (propagated)
                                  0.250000    5.820000   clock uncertainty
                                  0.000000    5.820000   clock reconvergence pessimism
                                 -1.130000    4.690000   output external delay
                                              4.690000   data required time
---------------------------------------------------------------------------------------------
                                              4.690000   data required time
                                             -6.884395   data arrival time
---------------------------------------------------------------------------------------------
                                              2.194395   slack (MET)


Startpoint: wbs_we_i (input port clocked by clk)
Endpoint: wbs_dat_o[30] (output port clocked by clk)
Path Group: clk
Path Type: min

Fanout         Cap        Slew       Delay        Time   Description
---------------------------------------------------------------------------------------------
                                  0.000000    0.000000   clock clk (rise edge)
                                  4.650000    4.650000   clock network delay (propagated)
                                  1.650000    6.300000 ^ input external delay
     1    0.036460    0.090000    0.000000    6.300000 ^ wbs_we_i (in)
                                                         wbs_we_i (net)
                      0.095472    0.002736    6.302736 ^ mprj/input50/A (sky130_fd_sc_hd__buf_2)
     5    0.058496    0.215471    0.206553    6.509289 ^ mprj/input50/X (sky130_fd_sc_hd__buf_2)
                                                         mprj/net50 (net)
                      0.216595    0.012670    6.521959 ^ mprj/_37_/A_N (sky130_fd_sc_hd__and4b_1)
     1    0.013014    0.055018    0.160950    6.682909 v mprj/_37_/X (sky130_fd_sc_hd__and4b_1)
                                                         mprj/net75 (net)
                      0.055045    0.001146    6.684055 v mprj/output75/A (sky130_fd_sc_hd__buf_12)
     1    0.256154    0.061602    0.107613    6.791668 v mprj/output75/X (sky130_fd_sc_hd__buf_12)
                                                         wbs_dat_o[30] (net)
                      0.206308    0.095430    6.887099 v wbs_dat_o[30] (out)
                                              6.887099   data arrival time

                                  0.000000    0.000000   clock clk (rise edge)
                                  5.570000    5.570000   clock network delay (propagated)
                                  0.250000    5.820000   clock uncertainty
                                  0.000000    5.820000   clock reconvergence pessimism
                                 -1.130000    4.690000   output external delay
                                              4.690000   data required time
---------------------------------------------------------------------------------------------
                                              4.690000   data required time
                                             -6.887099   data arrival time
---------------------------------------------------------------------------------------------
                                              2.197098   slack (MET)


Startpoint: wbs_we_i (input port clocked by clk)
Endpoint: wbs_dat_o[28] (output port clocked by clk)
Path Group: clk
Path Type: min

Fanout         Cap        Slew       Delay        Time   Description
---------------------------------------------------------------------------------------------
                                  0.000000    0.000000   clock clk (rise edge)
                                  4.650000    4.650000   clock network delay (propagated)
                                  1.650000    6.300000 ^ input external delay
     1    0.036460    0.090000    0.000000    6.300000 ^ wbs_we_i (in)
                                                         wbs_we_i (net)
                      0.095472    0.002736    6.302736 ^ mprj/input50/A (sky130_fd_sc_hd__buf_2)
     5    0.058496    0.215471    0.206553    6.509289 ^ mprj/input50/X (sky130_fd_sc_hd__buf_2)
                                                         mprj/net50 (net)
                      0.216577    0.012569    6.521858 ^ mprj/_35_/A_N (sky130_fd_sc_hd__and4b_1)
     1    0.014392    0.059056    0.164469    6.686327 v mprj/_35_/X (sky130_fd_sc_hd__and4b_1)
                                                         mprj/net72 (net)
                      0.059088    0.001284    6.687611 v mprj/output72/A (sky130_fd_sc_hd__buf_12)
     1    0.255595    0.063927    0.110552    6.798162 v mprj/output72/X (sky130_fd_sc_hd__buf_12)
                                                         wbs_dat_o[28] (net)
                      0.200281    0.092063    6.890225 v wbs_dat_o[28] (out)
                                              6.890225   data arrival time

                                  0.000000    0.000000   clock clk (rise edge)
                                  5.570000    5.570000   clock network delay (propagated)
                                  0.250000    5.820000   clock uncertainty
                                  0.000000    5.820000   clock reconvergence pessimism
                                 -1.130000    4.690000   output external delay
                                              4.690000   data required time
---------------------------------------------------------------------------------------------
                                              4.690000   data required time
                                             -6.890225   data arrival time
---------------------------------------------------------------------------------------------
                                              2.200225   slack (MET)


Startpoint: wbs_cyc_i (input port clocked by clk)
Endpoint: wbs_dat_o[22] (output port clocked by clk)
Path Group: clk
Path Type: min

Fanout         Cap        Slew       Delay        Time   Description
---------------------------------------------------------------------------------------------
                                  0.000000    0.000000   clock clk (rise edge)
                                  4.650000    4.650000   clock network delay (propagated)
                                  1.690000    6.340000 v input external delay
     1    0.036236    0.090000    0.000000    6.340000 v wbs_cyc_i (in)
                                                         wbs_cyc_i (net)
                      0.095213    0.002606    6.342606 v mprj/input12/A (sky130_fd_sc_hd__buf_2)
     5    0.060121    0.101687    0.166372    6.508978 v mprj/input12/X (sky130_fd_sc_hd__buf_2)
                                                         mprj/net12 (net)
                      0.102308    0.006650    6.515628 v mprj/fanout89/A (sky130_fd_sc_hd__clkbuf_4)
    15    0.066226    0.096197    0.177930    6.693558 v mprj/fanout89/X (sky130_fd_sc_hd__clkbuf_4)
                                                         mprj/net89 (net)
                      0.100045    0.015111    6.708669 v mprj/_29_/B (sky130_fd_sc_hd__and4b_1)
     1    0.012237    0.052785    0.163984    6.872653 v mprj/_29_/X (sky130_fd_sc_hd__and4b_1)
                                                         mprj/net66 (net)
                      0.052808    0.001034    6.873687 v mprj/output66/A (sky130_fd_sc_hd__buf_12)
     1    0.233748    0.088077    0.135883    7.009570 v mprj/output66/X (sky130_fd_sc_hd__buf_12)
                                                         wbs_dat_o[22] (net)
                      0.099748    0.024135    7.033705 v wbs_dat_o[22] (out)
                                              7.033705   data arrival time

                                  0.000000    0.000000   clock clk (rise edge)
                                  5.570000    5.570000   clock network delay (propagated)
                                  0.250000    5.820000   clock uncertainty
                                  0.000000    5.820000   clock reconvergence pessimism
                                 -1.130000    4.690000   output external delay
                                              4.690000   data required time
---------------------------------------------------------------------------------------------
                                              4.690000   data required time
                                             -7.033705   data arrival time
---------------------------------------------------------------------------------------------
                                              2.343705   slack (MET)


Startpoint: wbs_cyc_i (input port clocked by clk)
Endpoint: wbs_dat_o[16] (output port clocked by clk)
Path Group: clk
Path Type: min

Fanout         Cap        Slew       Delay        Time   Description
---------------------------------------------------------------------------------------------
                                  0.000000    0.000000   clock clk (rise edge)
                                  4.650000    4.650000   clock network delay (propagated)
                                  1.690000    6.340000 v input external delay
     1    0.036236    0.090000    0.000000    6.340000 v wbs_cyc_i (in)
                                                         wbs_cyc_i (net)
                      0.095213    0.002606    6.342606 v mprj/input12/A (sky130_fd_sc_hd__buf_2)
     5    0.060121    0.101687    0.166372    6.508978 v mprj/input12/X (sky130_fd_sc_hd__buf_2)
                                                         mprj/net12 (net)
                      0.102308    0.006650    6.515628 v mprj/fanout89/A (sky130_fd_sc_hd__clkbuf_4)
    15    0.066226    0.096197    0.177930    6.693558 v mprj/fanout89/X (sky130_fd_sc_hd__clkbuf_4)
                                                         mprj/net89 (net)
                      0.098173    0.011003    6.704561 v mprj/_23_/B (sky130_fd_sc_hd__and4b_1)
     1    0.014085    0.058160    0.168038    6.872600 v mprj/_23_/X (sky130_fd_sc_hd__and4b_1)
                                                         mprj/net59 (net)
                      0.058187    0.001167    6.873766 v mprj/output59/A (sky130_fd_sc_hd__buf_12)
     1    0.221498    0.090780    0.122808    6.996574 v mprj/output59/X (sky130_fd_sc_hd__buf_12)
                                                         wbs_dat_o[16] (net)
                      0.120755    0.041145    7.037720 v wbs_dat_o[16] (out)
                                              7.037720   data arrival time

                                  0.000000    0.000000   clock clk (rise edge)
                                  5.570000    5.570000   clock network delay (propagated)
                                  0.250000    5.820000   clock uncertainty
                                  0.000000    5.820000   clock reconvergence pessimism
                                 -1.130000    4.690000   output external delay
                                              4.690000   data required time
---------------------------------------------------------------------------------------------
                                              4.690000   data required time
                                             -7.037720   data arrival time
---------------------------------------------------------------------------------------------
                                              2.347719   slack (MET)


Startpoint: wbs_cyc_i (input port clocked by clk)
Endpoint: wbs_dat_o[20] (output port clocked by clk)
Path Group: clk
Path Type: min

Fanout         Cap        Slew       Delay        Time   Description
---------------------------------------------------------------------------------------------
                                  0.000000    0.000000   clock clk (rise edge)
                                  4.650000    4.650000   clock network delay (propagated)
                                  1.690000    6.340000 v input external delay
     1    0.036236    0.090000    0.000000    6.340000 v wbs_cyc_i (in)
                                                         wbs_cyc_i (net)
                      0.095213    0.002606    6.342606 v mprj/input12/A (sky130_fd_sc_hd__buf_2)
     5    0.060121    0.101687    0.166372    6.508978 v mprj/input12/X (sky130_fd_sc_hd__buf_2)
                                                         mprj/net12 (net)
                      0.102308    0.006650    6.515628 v mprj/fanout89/A (sky130_fd_sc_hd__clkbuf_4)
    15    0.066226    0.096197    0.177930    6.693558 v mprj/fanout89/X (sky130_fd_sc_hd__clkbuf_4)
                                                         mprj/net89 (net)
                      0.099537    0.014113    6.707671 v mprj/_27_/B (sky130_fd_sc_hd__and4b_1)
     1    0.013041    0.055128    0.165821    6.873492 v mprj/_27_/X (sky130_fd_sc_hd__and4b_1)
                                                         mprj/net64 (net)
                      0.055156    0.001160    6.874652 v mprj/output64/A (sky130_fd_sc_hd__buf_12)
     1    0.232474    0.083659    0.122621    6.997272 v mprj/output64/X (sky130_fd_sc_hd__buf_12)
                                                         wbs_dat_o[20] (net)
                      0.119865    0.042831    7.040103 v wbs_dat_o[20] (out)
                                              7.040103   data arrival time

                                  0.000000    0.000000   clock clk (rise edge)
                                  5.570000    5.570000   clock network delay (propagated)
                                  0.250000    5.820000   clock uncertainty
                                  0.000000    5.820000   clock reconvergence pessimism
                                 -1.130000    4.690000   output external delay
                                              4.690000   data required time
---------------------------------------------------------------------------------------------
                                              4.690000   data required time
                                             -7.040103   data arrival time
---------------------------------------------------------------------------------------------
                                              2.350103   slack (MET)


Startpoint: wbs_cyc_i (input port clocked by clk)
Endpoint: wbs_dat_o[18] (output port clocked by clk)
Path Group: clk
Path Type: min

Fanout         Cap        Slew       Delay        Time   Description
---------------------------------------------------------------------------------------------
                                  0.000000    0.000000   clock clk (rise edge)
                                  4.650000    4.650000   clock network delay (propagated)
                                  1.690000    6.340000 v input external delay
     1    0.036236    0.090000    0.000000    6.340000 v wbs_cyc_i (in)
                                                         wbs_cyc_i (net)
                      0.095213    0.002606    6.342606 v mprj/input12/A (sky130_fd_sc_hd__buf_2)
     5    0.060121    0.101687    0.166372    6.508978 v mprj/input12/X (sky130_fd_sc_hd__buf_2)
                                                         mprj/net12 (net)
                      0.102308    0.006650    6.515628 v mprj/fanout89/A (sky130_fd_sc_hd__clkbuf_4)
    15    0.066226    0.096197    0.177930    6.693558 v mprj/fanout89/X (sky130_fd_sc_hd__clkbuf_4)
                                                         mprj/net89 (net)
                      0.098879    0.012707    6.706264 v mprj/_25_/B (sky130_fd_sc_hd__and4b_1)
     1    0.013793    0.057356    0.167367    6.873632 v mprj/_25_/X (sky130_fd_sc_hd__and4b_1)
                                                         mprj/net61 (net)
                      0.057403    0.001501    6.875133 v mprj/output61/A (sky130_fd_sc_hd__buf_12)
     1    0.226242    0.092448    0.122505    6.997637 v mprj/output61/X (sky130_fd_sc_hd__buf_12)
                                                         wbs_dat_o[18] (net)
                      0.124320    0.042951    7.040589 v wbs_dat_o[18] (out)
                                              7.040589   data arrival time

                                  0.000000    0.000000   clock clk (rise edge)
                                  5.570000    5.570000   clock network delay (propagated)
                                  0.250000    5.820000   clock uncertainty
                                  0.000000    5.820000   clock reconvergence pessimism
                                 -1.130000    4.690000   output external delay
                                              4.690000   data required time
---------------------------------------------------------------------------------------------
                                              4.690000   data required time
                                             -7.040589   data arrival time
---------------------------------------------------------------------------------------------
                                              2.350589   slack (MET)


Startpoint: wbs_cyc_i (input port clocked by clk)
Endpoint: wbs_dat_o[19] (output port clocked by clk)
Path Group: clk
Path Type: min

Fanout         Cap        Slew       Delay        Time   Description
---------------------------------------------------------------------------------------------
                                  0.000000    0.000000   clock clk (rise edge)
                                  4.650000    4.650000   clock network delay (propagated)
                                  1.690000    6.340000 v input external delay
     1    0.036236    0.090000    0.000000    6.340000 v wbs_cyc_i (in)
                                                         wbs_cyc_i (net)
                      0.095213    0.002606    6.342606 v mprj/input12/A (sky130_fd_sc_hd__buf_2)
     5    0.060121    0.101687    0.166372    6.508978 v mprj/input12/X (sky130_fd_sc_hd__buf_2)
                                                         mprj/net12 (net)
                      0.102308    0.006650    6.515628 v mprj/fanout89/A (sky130_fd_sc_hd__clkbuf_4)
    15    0.066226    0.096197    0.177930    6.693558 v mprj/fanout89/X (sky130_fd_sc_hd__clkbuf_4)
                                                         mprj/net89 (net)
                      0.099426    0.013885    6.707443 v mprj/_26_/B (sky130_fd_sc_hd__and4b_1)
     1    0.014366    0.058977    0.169319    6.876762 v mprj/_26_/X (sky130_fd_sc_hd__and4b_1)
                                                         mprj/net62 (net)
                      0.059003    0.001173    6.877935 v mprj/output62/A (sky130_fd_sc_hd__buf_12)
     1    0.221625    0.090722    0.122544    7.000479 v mprj/output62/X (sky130_fd_sc_hd__buf_12)
                                                         wbs_dat_o[19] (net)
                      0.122575    0.042514    7.042992 v wbs_dat_o[19] (out)
                                              7.042992   data arrival time

                                  0.000000    0.000000   clock clk (rise edge)
                                  5.570000    5.570000   clock network delay (propagated)
                                  0.250000    5.820000   clock uncertainty
                                  0.000000    5.820000   clock reconvergence pessimism
                                 -1.130000    4.690000   output external delay
                                              4.690000   data required time
---------------------------------------------------------------------------------------------
                                              4.690000   data required time
                                             -7.042992   data arrival time
---------------------------------------------------------------------------------------------
                                              2.352992   slack (MET)


Startpoint: wbs_cyc_i (input port clocked by clk)
Endpoint: wbs_dat_o[17] (output port clocked by clk)
Path Group: clk
Path Type: min

Fanout         Cap        Slew       Delay        Time   Description
---------------------------------------------------------------------------------------------
                                  0.000000    0.000000   clock clk (rise edge)
                                  4.650000    4.650000   clock network delay (propagated)
                                  1.690000    6.340000 v input external delay
     1    0.036236    0.090000    0.000000    6.340000 v wbs_cyc_i (in)
                                                         wbs_cyc_i (net)
                      0.095213    0.002606    6.342606 v mprj/input12/A (sky130_fd_sc_hd__buf_2)
     5    0.060121    0.101687    0.166372    6.508978 v mprj/input12/X (sky130_fd_sc_hd__buf_2)
                                                         mprj/net12 (net)
                      0.102308    0.006650    6.515628 v mprj/fanout89/A (sky130_fd_sc_hd__clkbuf_4)
    15    0.066226    0.096197    0.177930    6.693558 v mprj/fanout89/X (sky130_fd_sc_hd__clkbuf_4)
                                                         mprj/net89 (net)
                      0.098767    0.012454    6.706011 v mprj/_24_/B (sky130_fd_sc_hd__and4b_1)
     1    0.015500    0.062426    0.171594    6.877606 v mprj/_24_/X (sky130_fd_sc_hd__and4b_1)
                                                         mprj/net60 (net)
                      0.062489    0.001794    6.879400 v mprj/output60/A (sky130_fd_sc_hd__buf_12)
     1    0.225311    0.092078    0.124535    7.003935 v mprj/output60/X (sky130_fd_sc_hd__buf_12)
                                                         wbs_dat_o[17] (net)
                      0.124154    0.043006    7.046941 v wbs_dat_o[17] (out)
                                              7.046941   data arrival time

                                  0.000000    0.000000   clock clk (rise edge)
                                  5.570000    5.570000   clock network delay (propagated)
                                  0.250000    5.820000   clock uncertainty
                                  0.000000    5.820000   clock reconvergence pessimism
                                 -1.130000    4.690000   output external delay
                                              4.690000   data required time
---------------------------------------------------------------------------------------------
                                              4.690000   data required time
                                             -7.046941   data arrival time
---------------------------------------------------------------------------------------------
                                              2.356941   slack (MET)


Startpoint: wbs_cyc_i (input port clocked by clk)
Endpoint: wbs_dat_o[27] (output port clocked by clk)
Path Group: clk
Path Type: min

Fanout         Cap        Slew       Delay        Time   Description
---------------------------------------------------------------------------------------------
                                  0.000000    0.000000   clock clk (rise edge)
                                  4.650000    4.650000   clock network delay (propagated)
                                  1.690000    6.340000 v input external delay
     1    0.036236    0.090000    0.000000    6.340000 v wbs_cyc_i (in)
                                                         wbs_cyc_i (net)
                      0.095213    0.002606    6.342606 v mprj/input12/A (sky130_fd_sc_hd__buf_2)
     5    0.060121    0.101687    0.166372    6.508978 v mprj/input12/X (sky130_fd_sc_hd__buf_2)
                                                         mprj/net12 (net)
                      0.102308    0.006650    6.515628 v mprj/fanout89/A (sky130_fd_sc_hd__clkbuf_4)
    15    0.066226    0.096197    0.177930    6.693558 v mprj/fanout89/X (sky130_fd_sc_hd__clkbuf_4)
                                                         mprj/net89 (net)
                      0.100552    0.016048    6.709606 v mprj/_34_/B (sky130_fd_sc_hd__and4b_1)
     1    0.012900    0.054714    0.165901    6.875507 v mprj/_34_/X (sky130_fd_sc_hd__and4b_1)
                                                         mprj/net71 (net)
                      0.054740    0.001108    6.876616 v mprj/output71/A (sky130_fd_sc_hd__buf_12)
     1    0.253873    0.088895    0.122103    6.998718 v mprj/output71/X (sky130_fd_sc_hd__buf_12)
                                                         wbs_dat_o[27] (net)
                      0.135987    0.051455    7.050173 v wbs_dat_o[27] (out)
                                              7.050173   data arrival time

                                  0.000000    0.000000   clock clk (rise edge)
                                  5.570000    5.570000   clock network delay (propagated)
                                  0.250000    5.820000   clock uncertainty
                                  0.000000    5.820000   clock reconvergence pessimism
                                 -1.130000    4.690000   output external delay
                                              4.690000   data required time
---------------------------------------------------------------------------------------------
                                              4.690000   data required time
                                             -7.050173   data arrival time
---------------------------------------------------------------------------------------------
                                              2.360173   slack (MET)


Startpoint: wbs_cyc_i (input port clocked by clk)
Endpoint: wbs_dat_o[21] (output port clocked by clk)
Path Group: clk
Path Type: min

Fanout         Cap        Slew       Delay        Time   Description
---------------------------------------------------------------------------------------------
                                  0.000000    0.000000   clock clk (rise edge)
                                  4.650000    4.650000   clock network delay (propagated)
                                  1.690000    6.340000 v input external delay
     1    0.036236    0.090000    0.000000    6.340000 v wbs_cyc_i (in)
                                                         wbs_cyc_i (net)
                      0.095213    0.002606    6.342606 v mprj/input12/A (sky130_fd_sc_hd__buf_2)
     5    0.060121    0.101687    0.166372    6.508978 v mprj/input12/X (sky130_fd_sc_hd__buf_2)
                                                         mprj/net12 (net)
                      0.102308    0.006650    6.515628 v mprj/fanout89/A (sky130_fd_sc_hd__clkbuf_4)
    15    0.066226    0.096197    0.177930    6.693558 v mprj/fanout89/X (sky130_fd_sc_hd__clkbuf_4)
                                                         mprj/net89 (net)
                      0.099965    0.014958    6.708516 v mprj/_28_/B (sky130_fd_sc_hd__and4b_1)
     1    0.015351    0.061915    0.171973    6.880489 v mprj/_28_/X (sky130_fd_sc_hd__and4b_1)
                                                         mprj/net65 (net)
                      0.061950    0.001368    6.881857 v mprj/output65/A (sky130_fd_sc_hd__buf_12)
     1    0.237604    0.084532    0.125036    7.006893 v mprj/output65/X (sky130_fd_sc_hd__buf_12)
                                                         wbs_dat_o[21] (net)
                      0.124974    0.045846    7.052740 v wbs_dat_o[21] (out)
                                              7.052740   data arrival time

                                  0.000000    0.000000   clock clk (rise edge)
                                  5.570000    5.570000   clock network delay (propagated)
                                  0.250000    5.820000   clock uncertainty
                                  0.000000    5.820000   clock reconvergence pessimism
                                 -1.130000    4.690000   output external delay
                                              4.690000   data required time
---------------------------------------------------------------------------------------------
                                              4.690000   data required time
                                             -7.052740   data arrival time
---------------------------------------------------------------------------------------------
                                              2.362739   slack (MET)


Startpoint: wbs_cyc_i (input port clocked by clk)
Endpoint: wbs_dat_o[1] (output port clocked by clk)
Path Group: clk
Path Type: min

Fanout         Cap        Slew       Delay        Time   Description
---------------------------------------------------------------------------------------------
                                  0.000000    0.000000   clock clk (rise edge)
                                  4.650000    4.650000   clock network delay (propagated)
                                  1.690000    6.340000 v input external delay
     1    0.036236    0.090000    0.000000    6.340000 v wbs_cyc_i (in)
                                                         wbs_cyc_i (net)
                      0.095213    0.002606    6.342606 v mprj/input12/A (sky130_fd_sc_hd__buf_2)
     5    0.060121    0.101687    0.166372    6.508978 v mprj/input12/X (sky130_fd_sc_hd__buf_2)
                                                         mprj/net12 (net)
                      0.102308    0.006650    6.515628 v mprj/fanout89/A (sky130_fd_sc_hd__clkbuf_4)
    15    0.066226    0.096197    0.177930    6.693558 v mprj/fanout89/X (sky130_fd_sc_hd__clkbuf_4)
                                                         mprj/net89 (net)
                      0.096650    0.005566    6.699124 v mprj/_40_/B (sky130_fd_sc_hd__and4b_1)
     1    0.018358    0.070958    0.178053    6.877177 v mprj/_40_/X (sky130_fd_sc_hd__and4b_1)
                                                         mprj/net63 (net)
                      0.071039    0.002152    6.879329 v mprj/output63/A (sky130_fd_sc_hd__buf_12)
     1    0.218570    0.087818    0.123223    7.002553 v mprj/output63/X (sky130_fd_sc_hd__buf_12)
                                                         wbs_dat_o[1] (net)
                      0.132295    0.050552    7.053105 v wbs_dat_o[1] (out)
                                              7.053105   data arrival time

                                  0.000000    0.000000   clock clk (rise edge)
                                  5.570000    5.570000   clock network delay (propagated)
                                  0.250000    5.820000   clock uncertainty
                                  0.000000    5.820000   clock reconvergence pessimism
                                 -1.130000    4.690000   output external delay
                                              4.690000   data required time
---------------------------------------------------------------------------------------------
                                              4.690000   data required time
                                             -7.053105   data arrival time
---------------------------------------------------------------------------------------------
                                              2.363105   slack (MET)


Startpoint: wbs_cyc_i (input port clocked by clk)
Endpoint: wbs_dat_o[24] (output port clocked by clk)
Path Group: clk
Path Type: min

Fanout         Cap        Slew       Delay        Time   Description
---------------------------------------------------------------------------------------------
                                  0.000000    0.000000   clock clk (rise edge)
                                  4.650000    4.650000   clock network delay (propagated)
                                  1.690000    6.340000 v input external delay
     1    0.036236    0.090000    0.000000    6.340000 v wbs_cyc_i (in)
                                                         wbs_cyc_i (net)
                      0.095213    0.002606    6.342606 v mprj/input12/A (sky130_fd_sc_hd__buf_2)
     5    0.060121    0.101687    0.166372    6.508978 v mprj/input12/X (sky130_fd_sc_hd__buf_2)
                                                         mprj/net12 (net)
                      0.102308    0.006650    6.515628 v mprj/fanout89/A (sky130_fd_sc_hd__clkbuf_4)
    15    0.066226    0.096197    0.177930    6.693558 v mprj/fanout89/X (sky130_fd_sc_hd__clkbuf_4)
                                                         mprj/net89 (net)
                      0.100167    0.015342    6.708900 v mprj/_31_/B (sky130_fd_sc_hd__and4b_1)
     1    0.015886    0.063472    0.173503    6.882402 v mprj/_31_/X (sky130_fd_sc_hd__and4b_1)
                                                         mprj/net68 (net)
                      0.063504    0.001331    6.883733 v mprj/output68/A (sky130_fd_sc_hd__buf_12)
     1    0.251420    0.088223    0.126230    7.009963 v mprj/output68/X (sky130_fd_sc_hd__buf_12)
                                                         wbs_dat_o[24] (net)
                      0.133456    0.050015    7.059978 v wbs_dat_o[24] (out)
                                              7.059978   data arrival time

                                  0.000000    0.000000   clock clk (rise edge)
                                  5.570000    5.570000   clock network delay (propagated)
                                  0.250000    5.820000   clock uncertainty
                                  0.000000    5.820000   clock reconvergence pessimism
                                 -1.130000    4.690000   output external delay
                                              4.690000   data required time
---------------------------------------------------------------------------------------------
                                              4.690000   data required time
                                             -7.059978   data arrival time
---------------------------------------------------------------------------------------------
                                              2.369978   slack (MET)


Startpoint: wbs_cyc_i (input port clocked by clk)
Endpoint: wbs_dat_o[23] (output port clocked by clk)
Path Group: clk
Path Type: min

Fanout         Cap        Slew       Delay        Time   Description
---------------------------------------------------------------------------------------------
                                  0.000000    0.000000   clock clk (rise edge)
                                  4.650000    4.650000   clock network delay (propagated)
                                  1.690000    6.340000 v input external delay
     1    0.036236    0.090000    0.000000    6.340000 v wbs_cyc_i (in)
                                                         wbs_cyc_i (net)
                      0.095213    0.002606    6.342606 v mprj/input12/A (sky130_fd_sc_hd__buf_2)
     5    0.060121    0.101687    0.166372    6.508978 v mprj/input12/X (sky130_fd_sc_hd__buf_2)
                                                         mprj/net12 (net)
                      0.102308    0.006650    6.515628 v mprj/fanout89/A (sky130_fd_sc_hd__clkbuf_4)
    15    0.066226    0.096197    0.177930    6.693558 v mprj/fanout89/X (sky130_fd_sc_hd__clkbuf_4)
                                                         mprj/net89 (net)
                      0.100122    0.015256    6.708814 v mprj/_30_/B (sky130_fd_sc_hd__and4b_1)
     1    0.013028    0.055088    0.166045    6.874859 v mprj/_30_/X (sky130_fd_sc_hd__and4b_1)
                                                         mprj/net67 (net)
                      0.055115    0.001139    6.875998 v mprj/output67/A (sky130_fd_sc_hd__buf_12)
     1    0.229559    0.083043    0.110008    6.986006 v mprj/output67/X (sky130_fd_sc_hd__buf_12)
                                                         wbs_dat_o[23] (net)
                      0.170017    0.074099    7.060104 v wbs_dat_o[23] (out)
                                              7.060104   data arrival time

                                  0.000000    0.000000   clock clk (rise edge)
                                  5.570000    5.570000   clock network delay (propagated)
                                  0.250000    5.820000   clock uncertainty
                                  0.000000    5.820000   clock reconvergence pessimism
                                 -1.130000    4.690000   output external delay
                                              4.690000   data required time
---------------------------------------------------------------------------------------------
                                              4.690000   data required time
                                             -7.060104   data arrival time
---------------------------------------------------------------------------------------------
                                              2.370104   slack (MET)


Startpoint: wbs_cyc_i (input port clocked by clk)
Endpoint: wbs_dat_o[25] (output port clocked by clk)
Path Group: clk
Path Type: min

Fanout         Cap        Slew       Delay        Time   Description
---------------------------------------------------------------------------------------------
                                  0.000000    0.000000   clock clk (rise edge)
                                  4.650000    4.650000   clock network delay (propagated)
                                  1.690000    6.340000 v input external delay
     1    0.036236    0.090000    0.000000    6.340000 v wbs_cyc_i (in)
                                                         wbs_cyc_i (net)
                      0.095213    0.002606    6.342606 v mprj/input12/A (sky130_fd_sc_hd__buf_2)
     5    0.060121    0.101687    0.166372    6.508978 v mprj/input12/X (sky130_fd_sc_hd__buf_2)
                                                         mprj/net12 (net)
                      0.102308    0.006650    6.515628 v mprj/fanout89/A (sky130_fd_sc_hd__clkbuf_4)
    15    0.066226    0.096197    0.177930    6.693558 v mprj/fanout89/X (sky130_fd_sc_hd__clkbuf_4)
                                                         mprj/net89 (net)
                      0.100505    0.015965    6.709522 v mprj/_32_/B (sky130_fd_sc_hd__and4b_1)
     1    0.013666    0.056946    0.167882    6.877404 v mprj/_32_/X (sky130_fd_sc_hd__and4b_1)
                                                         mprj/net69 (net)
                      0.056973    0.001155    6.878559 v mprj/output69/A (sky130_fd_sc_hd__buf_12)
     1    0.241758    0.066879    0.110282    6.988841 v mprj/output69/X (sky130_fd_sc_hd__buf_12)
                                                         wbs_dat_o[25] (net)
                      0.177710    0.080076    7.068916 v wbs_dat_o[25] (out)
                                              7.068916   data arrival time

                                  0.000000    0.000000   clock clk (rise edge)
                                  5.570000    5.570000   clock network delay (propagated)
                                  0.250000    5.820000   clock uncertainty
                                  0.000000    5.820000   clock reconvergence pessimism
                                 -1.130000    4.690000   output external delay
                                              4.690000   data required time
---------------------------------------------------------------------------------------------
                                              4.690000   data required time
                                             -7.068916   data arrival time
---------------------------------------------------------------------------------------------
                                              2.378916   slack (MET)


Startpoint: wbs_cyc_i (input port clocked by clk)
Endpoint: wbs_dat_o[26] (output port clocked by clk)
Path Group: clk
Path Type: min

Fanout         Cap        Slew       Delay        Time   Description
---------------------------------------------------------------------------------------------
                                  0.000000    0.000000   clock clk (rise edge)
                                  4.650000    4.650000   clock network delay (propagated)
                                  1.690000    6.340000 v input external delay
     1    0.036236    0.090000    0.000000    6.340000 v wbs_cyc_i (in)
                                                         wbs_cyc_i (net)
                      0.095213    0.002606    6.342606 v mprj/input12/A (sky130_fd_sc_hd__buf_2)
     5    0.060121    0.101687    0.166372    6.508978 v mprj/input12/X (sky130_fd_sc_hd__buf_2)
                                                         mprj/net12 (net)
                      0.102308    0.006650    6.515628 v mprj/fanout89/A (sky130_fd_sc_hd__clkbuf_4)
    15    0.066226    0.096197    0.177930    6.693558 v mprj/fanout89/X (sky130_fd_sc_hd__clkbuf_4)
                                                         mprj/net89 (net)
                      0.100559    0.016062    6.709620 v mprj/_33_/B (sky130_fd_sc_hd__and4b_1)
     1    0.012973    0.054941    0.166016    6.875636 v mprj/_33_/X (sky130_fd_sc_hd__and4b_1)
                                                         mprj/net70 (net)
                      0.054979    0.001333    6.876969 v mprj/output70/A (sky130_fd_sc_hd__buf_12)
     1    0.246630    0.065602    0.108894    6.985863 v mprj/output70/X (sky130_fd_sc_hd__buf_12)
                                                         wbs_dat_o[26] (net)
                      0.186386    0.084740    7.070602 v wbs_dat_o[26] (out)
                                              7.070602   data arrival time

                                  0.000000    0.000000   clock clk (rise edge)
                                  5.570000    5.570000   clock network delay (propagated)
                                  0.250000    5.820000   clock uncertainty
                                  0.000000    5.820000   clock reconvergence pessimism
                                 -1.130000    4.690000   output external delay
                                              4.690000   data required time
---------------------------------------------------------------------------------------------
                                              4.690000   data required time
                                             -7.070602   data arrival time
---------------------------------------------------------------------------------------------
                                              2.380602   slack (MET)


Startpoint: wbs_cyc_i (input port clocked by clk)
Endpoint: wbs_dat_o[3] (output port clocked by clk)
Path Group: clk
Path Type: min

Fanout         Cap        Slew       Delay        Time   Description
---------------------------------------------------------------------------------------------
                                  0.000000    0.000000   clock clk (rise edge)
                                  4.650000    4.650000   clock network delay (propagated)
                                  1.690000    6.340000 v input external delay
     1    0.036236    0.090000    0.000000    6.340000 v wbs_cyc_i (in)
                                                         wbs_cyc_i (net)
                      0.095213    0.002606    6.342606 v mprj/input12/A (sky130_fd_sc_hd__buf_2)
     5    0.060121    0.101687    0.166372    6.508978 v mprj/input12/X (sky130_fd_sc_hd__buf_2)
                                                         mprj/net12 (net)
                      0.102308    0.006650    6.515628 v mprj/fanout89/A (sky130_fd_sc_hd__clkbuf_4)
    15    0.066226    0.096197    0.177930    6.693558 v mprj/fanout89/X (sky130_fd_sc_hd__clkbuf_4)
                                                         mprj/net89 (net)
                      0.096232    0.001607    6.695165 v mprj/fanout88/A (sky130_fd_sc_hd__clkbuf_2)
    15    0.039786    0.105924    0.161535    6.856700 v mprj/fanout88/X (sky130_fd_sc_hd__clkbuf_2)
                                                         mprj/net88 (net)
                      0.106255    0.004634    6.861334 v mprj/_42_/B (sky130_fd_sc_hd__and4b_1)
     1    0.010798    0.048636    0.162928    7.024262 v mprj/_42_/X (sky130_fd_sc_hd__and4b_1)
                                                         mprj/net77 (net)
                      0.048651    0.000830    7.025093 v mprj/output77/A (sky130_fd_sc_hd__buf_12)
     1    0.216675    0.089226    0.131768    7.156861 v mprj/output77/X (sky130_fd_sc_hd__buf_12)
                                                         wbs_dat_o[3] (net)
                      0.097390    0.020639    7.177501 v wbs_dat_o[3] (out)
                                              7.177501   data arrival time

                                  0.000000    0.000000   clock clk (rise edge)
                                  5.570000    5.570000   clock network delay (propagated)
                                  0.250000    5.820000   clock uncertainty
                                  0.000000    5.820000   clock reconvergence pessimism
                                 -1.130000    4.690000   output external delay
                                              4.690000   data required time
---------------------------------------------------------------------------------------------
                                              4.690000   data required time
                                             -7.177501   data arrival time
---------------------------------------------------------------------------------------------
                                              2.487500   slack (MET)


Startpoint: wbs_cyc_i (input port clocked by clk)
Endpoint: wbs_dat_o[4] (output port clocked by clk)
Path Group: clk
Path Type: min

Fanout         Cap        Slew       Delay        Time   Description
---------------------------------------------------------------------------------------------
                                  0.000000    0.000000   clock clk (rise edge)
                                  4.650000    4.650000   clock network delay (propagated)
                                  1.690000    6.340000 v input external delay
     1    0.036236    0.090000    0.000000    6.340000 v wbs_cyc_i (in)
                                                         wbs_cyc_i (net)
                      0.095213    0.002606    6.342606 v mprj/input12/A (sky130_fd_sc_hd__buf_2)
     5    0.060121    0.101687    0.166372    6.508978 v mprj/input12/X (sky130_fd_sc_hd__buf_2)
                                                         mprj/net12 (net)
                      0.102308    0.006650    6.515628 v mprj/fanout89/A (sky130_fd_sc_hd__clkbuf_4)
    15    0.066226    0.096197    0.177930    6.693558 v mprj/fanout89/X (sky130_fd_sc_hd__clkbuf_4)
                                                         mprj/net89 (net)
                      0.096232    0.001607    6.695165 v mprj/fanout88/A (sky130_fd_sc_hd__clkbuf_2)
    15    0.039786    0.105924    0.161535    6.856700 v mprj/fanout88/X (sky130_fd_sc_hd__clkbuf_2)
                                                         mprj/net88 (net)
                      0.106315    0.005067    6.861766 v mprj/_43_/B (sky130_fd_sc_hd__and4b_1)
     1    0.012300    0.052960    0.166800    7.028567 v mprj/_43_/X (sky130_fd_sc_hd__and4b_1)
                                                         mprj/net78 (net)
                      0.052982    0.001012    7.029579 v mprj/output78/A (sky130_fd_sc_hd__buf_12)
     1    0.211728    0.087492    0.120566    7.150144 v mprj/output78/X (sky130_fd_sc_hd__buf_12)
                                                         wbs_dat_o[4] (net)
                      0.113989    0.037672    7.187816 v wbs_dat_o[4] (out)
                                              7.187816   data arrival time

                                  0.000000    0.000000   clock clk (rise edge)
                                  5.570000    5.570000   clock network delay (propagated)
                                  0.250000    5.820000   clock uncertainty
                                  0.000000    5.820000   clock reconvergence pessimism
                                 -1.130000    4.690000   output external delay
                                              4.690000   data required time
---------------------------------------------------------------------------------------------
                                              4.690000   data required time
                                             -7.187816   data arrival time
---------------------------------------------------------------------------------------------
                                              2.497816   slack (MET)


Startpoint: wbs_cyc_i (input port clocked by clk)
Endpoint: wbs_dat_o[5] (output port clocked by clk)
Path Group: clk
Path Type: min

Fanout         Cap        Slew       Delay        Time   Description
---------------------------------------------------------------------------------------------
                                  0.000000    0.000000   clock clk (rise edge)
                                  4.650000    4.650000   clock network delay (propagated)
                                  1.690000    6.340000 v input external delay
     1    0.036236    0.090000    0.000000    6.340000 v wbs_cyc_i (in)
                                                         wbs_cyc_i (net)
                      0.095213    0.002606    6.342606 v mprj/input12/A (sky130_fd_sc_hd__buf_2)
     5    0.060121    0.101687    0.166372    6.508978 v mprj/input12/X (sky130_fd_sc_hd__buf_2)
                                                         mprj/net12 (net)
                      0.102308    0.006650    6.515628 v mprj/fanout89/A (sky130_fd_sc_hd__clkbuf_4)
    15    0.066226    0.096197    0.177930    6.693558 v mprj/fanout89/X (sky130_fd_sc_hd__clkbuf_4)
                                                         mprj/net89 (net)
                      0.096232    0.001607    6.695165 v mprj/fanout88/A (sky130_fd_sc_hd__clkbuf_2)
    15    0.039786    0.105924    0.161535    6.856700 v mprj/fanout88/X (sky130_fd_sc_hd__clkbuf_2)
                                                         mprj/net88 (net)
                      0.106247    0.004576    6.861276 v mprj/_44_/B (sky130_fd_sc_hd__and4b_1)
     1    0.013540    0.056640    0.169698    7.030974 v mprj/_44_/X (sky130_fd_sc_hd__and4b_1)
                                                         mprj/net79 (net)
                      0.056693    0.001550    7.032524 v mprj/output79/A (sky130_fd_sc_hd__buf_12)
     1    0.208957    0.086588    0.122324    7.154848 v mprj/output79/X (sky130_fd_sc_hd__buf_12)
                                                         wbs_dat_o[5] (net)
                      0.111987    0.036604    7.191452 v wbs_dat_o[5] (out)
                                              7.191452   data arrival time

                                  0.000000    0.000000   clock clk (rise edge)
                                  5.570000    5.570000   clock network delay (propagated)
                                  0.250000    5.820000   clock uncertainty
                                  0.000000    5.820000   clock reconvergence pessimism
                                 -1.130000    4.690000   output external delay
                                              4.690000   data required time
---------------------------------------------------------------------------------------------
                                              4.690000   data required time
                                             -7.191452   data arrival time
---------------------------------------------------------------------------------------------
                                              2.501451   slack (MET)


Startpoint: wbs_cyc_i (input port clocked by clk)
Endpoint: wbs_dat_o[6] (output port clocked by clk)
Path Group: clk
Path Type: min

Fanout         Cap        Slew       Delay        Time   Description
---------------------------------------------------------------------------------------------
                                  0.000000    0.000000   clock clk (rise edge)
                                  4.650000    4.650000   clock network delay (propagated)
                                  1.690000    6.340000 v input external delay
     1    0.036236    0.090000    0.000000    6.340000 v wbs_cyc_i (in)
                                                         wbs_cyc_i (net)
                      0.095213    0.002606    6.342606 v mprj/input12/A (sky130_fd_sc_hd__buf_2)
     5    0.060121    0.101687    0.166372    6.508978 v mprj/input12/X (sky130_fd_sc_hd__buf_2)
                                                         mprj/net12 (net)
                      0.102308    0.006650    6.515628 v mprj/fanout89/A (sky130_fd_sc_hd__clkbuf_4)
    15    0.066226    0.096197    0.177930    6.693558 v mprj/fanout89/X (sky130_fd_sc_hd__clkbuf_4)
                                                         mprj/net89 (net)
                      0.096232    0.001607    6.695165 v mprj/fanout88/A (sky130_fd_sc_hd__clkbuf_2)
    15    0.039786    0.105924    0.161535    6.856700 v mprj/fanout88/X (sky130_fd_sc_hd__clkbuf_2)
                                                         mprj/net88 (net)
                      0.106211    0.004287    6.860987 v mprj/_13_/B (sky130_fd_sc_hd__and4b_1)
     1    0.014223    0.058632    0.171501    7.032488 v mprj/_13_/X (sky130_fd_sc_hd__and4b_1)
                                                         mprj/net80 (net)
                      0.058684    0.001581    7.034070 v mprj/output80/A (sky130_fd_sc_hd__buf_12)
     1    0.209307    0.086693    0.123117    7.157186 v mprj/output80/X (sky130_fd_sc_hd__buf_12)
                                                         wbs_dat_o[6] (net)
                      0.112383    0.036854    7.194040 v wbs_dat_o[6] (out)
                                              7.194040   data arrival time

                                  0.000000    0.000000   clock clk (rise edge)
                                  5.570000    5.570000   clock network delay (propagated)
                                  0.250000    5.820000   clock uncertainty
                                  0.000000    5.820000   clock reconvergence pessimism
                                 -1.130000    4.690000   output external delay
                                              4.690000   data required time
---------------------------------------------------------------------------------------------
                                              4.690000   data required time
                                             -7.194040   data arrival time
---------------------------------------------------------------------------------------------
                                              2.504040   slack (MET)


Startpoint: wbs_cyc_i (input port clocked by clk)
Endpoint: wbs_dat_o[2] (output port clocked by clk)
Path Group: clk
Path Type: min

Fanout         Cap        Slew       Delay        Time   Description
---------------------------------------------------------------------------------------------
                                  0.000000    0.000000   clock clk (rise edge)
                                  4.650000    4.650000   clock network delay (propagated)
                                  1.690000    6.340000 v input external delay
     1    0.036236    0.090000    0.000000    6.340000 v wbs_cyc_i (in)
                                                         wbs_cyc_i (net)
                      0.095213    0.002606    6.342606 v mprj/input12/A (sky130_fd_sc_hd__buf_2)
     5    0.060121    0.101687    0.166372    6.508978 v mprj/input12/X (sky130_fd_sc_hd__buf_2)
                                                         mprj/net12 (net)
                      0.102308    0.006650    6.515628 v mprj/fanout89/A (sky130_fd_sc_hd__clkbuf_4)
    15    0.066226    0.096197    0.177930    6.693558 v mprj/fanout89/X (sky130_fd_sc_hd__clkbuf_4)
                                                         mprj/net89 (net)
                      0.096232    0.001607    6.695165 v mprj/fanout88/A (sky130_fd_sc_hd__clkbuf_2)
    15    0.039786    0.105924    0.161535    6.856700 v mprj/fanout88/X (sky130_fd_sc_hd__clkbuf_2)
                                                         mprj/net88 (net)
                      0.106321    0.005110    6.861810 v mprj/_41_/B (sky130_fd_sc_hd__and4b_1)
     1    0.013348    0.056016    0.169482    7.031292 v mprj/_41_/X (sky130_fd_sc_hd__and4b_1)
                                                         mprj/net74 (net)
                      0.056043    0.001150    7.032442 v mprj/output74/A (sky130_fd_sc_hd__buf_12)
     1    0.214946    0.086484    0.116734    7.149176 v mprj/output74/X (sky130_fd_sc_hd__buf_12)
                                                         wbs_dat_o[2] (net)
                      0.129300    0.049109    7.198285 v wbs_dat_o[2] (out)
                                              7.198285   data arrival time

                                  0.000000    0.000000   clock clk (rise edge)
                                  5.570000    5.570000   clock network delay (propagated)
                                  0.250000    5.820000   clock uncertainty
                                  0.000000    5.820000   clock reconvergence pessimism
                                 -1.130000    4.690000   output external delay
                                              4.690000   data required time
---------------------------------------------------------------------------------------------
                                              4.690000   data required time
                                             -7.198285   data arrival time
---------------------------------------------------------------------------------------------
                                              2.508284   slack (MET)


Startpoint: wbs_cyc_i (input port clocked by clk)
Endpoint: wbs_dat_o[7] (output port clocked by clk)
Path Group: clk
Path Type: min

Fanout         Cap        Slew       Delay        Time   Description
---------------------------------------------------------------------------------------------
                                  0.000000    0.000000   clock clk (rise edge)
                                  4.650000    4.650000   clock network delay (propagated)
                                  1.690000    6.340000 v input external delay
     1    0.036236    0.090000    0.000000    6.340000 v wbs_cyc_i (in)
                                                         wbs_cyc_i (net)
                      0.095213    0.002606    6.342606 v mprj/input12/A (sky130_fd_sc_hd__buf_2)
     5    0.060121    0.101687    0.166372    6.508978 v mprj/input12/X (sky130_fd_sc_hd__buf_2)
                                                         mprj/net12 (net)
                      0.102308    0.006650    6.515628 v mprj/fanout89/A (sky130_fd_sc_hd__clkbuf_4)
    15    0.066226    0.096197    0.177930    6.693558 v mprj/fanout89/X (sky130_fd_sc_hd__clkbuf_4)
                                                         mprj/net89 (net)
                      0.096232    0.001607    6.695165 v mprj/fanout88/A (sky130_fd_sc_hd__clkbuf_2)
    15    0.039786    0.105924    0.161535    6.856700 v mprj/fanout88/X (sky130_fd_sc_hd__clkbuf_2)
                                                         mprj/net88 (net)
                      0.106247    0.004577    6.861277 v mprj/_14_/B (sky130_fd_sc_hd__and4b_1)
     1    0.018215    0.070542    0.181656    7.042933 v mprj/_14_/X (sky130_fd_sc_hd__and4b_1)
                                                         mprj/net81 (net)
                      0.070626    0.002171    7.045104 v mprj/output81/A (sky130_fd_sc_hd__buf_12)
     1    0.201922    0.084282    0.127947    7.173050 v mprj/output81/X (sky130_fd_sc_hd__buf_12)
                                                         wbs_dat_o[7] (net)
                      0.107543    0.034374    7.207425 v wbs_dat_o[7] (out)
                                              7.207425   data arrival time

                                  0.000000    0.000000   clock clk (rise edge)
                                  5.570000    5.570000   clock network delay (propagated)
                                  0.250000    5.820000   clock uncertainty
                                  0.000000    5.820000   clock reconvergence pessimism
                                 -1.130000    4.690000   output external delay
                                              4.690000   data required time
---------------------------------------------------------------------------------------------
                                              4.690000   data required time
                                             -7.207425   data arrival time
---------------------------------------------------------------------------------------------
                                              2.517425   slack (MET)


Startpoint: wbs_cyc_i (input port clocked by clk)
Endpoint: wbs_dat_o[12] (output port clocked by clk)
Path Group: clk
Path Type: min

Fanout         Cap        Slew       Delay        Time   Description
---------------------------------------------------------------------------------------------
                                  0.000000    0.000000   clock clk (rise edge)
                                  4.650000    4.650000   clock network delay (propagated)
                                  1.690000    6.340000 v input external delay
     1    0.036236    0.090000    0.000000    6.340000 v wbs_cyc_i (in)
                                                         wbs_cyc_i (net)
                      0.095213    0.002606    6.342606 v mprj/input12/A (sky130_fd_sc_hd__buf_2)
     5    0.060121    0.101687    0.166372    6.508978 v mprj/input12/X (sky130_fd_sc_hd__buf_2)
                                                         mprj/net12 (net)
                      0.102308    0.006650    6.515628 v mprj/fanout89/A (sky130_fd_sc_hd__clkbuf_4)
    15    0.066226    0.096197    0.177930    6.693558 v mprj/fanout89/X (sky130_fd_sc_hd__clkbuf_4)
                                                         mprj/net89 (net)
                      0.096232    0.001607    6.695165 v mprj/fanout88/A (sky130_fd_sc_hd__clkbuf_2)
    15    0.039786    0.105924    0.161535    6.856700 v mprj/fanout88/X (sky130_fd_sc_hd__clkbuf_2)
                                                         mprj/net88 (net)
                      0.106034    0.002366    6.859066 v mprj/_19_/B (sky130_fd_sc_hd__and4b_2)
     1    0.021517    0.057002    0.191528    7.050593 v mprj/_19_/X (sky130_fd_sc_hd__and4b_2)
                                                         mprj/net55 (net)
                      0.057409    0.003555    7.054148 v mprj/output55/A (sky130_fd_sc_hd__buf_12)
     1    0.211757    0.087533    0.134571    7.188719 v mprj/output55/X (sky130_fd_sc_hd__buf_12)
                                                         wbs_dat_o[12] (net)
                      0.095530    0.020219    7.208938 v wbs_dat_o[12] (out)
                                              7.208938   data arrival time

                                  0.000000    0.000000   clock clk (rise edge)
                                  5.570000    5.570000   clock network delay (propagated)
                                  0.250000    5.820000   clock uncertainty
                                  0.000000    5.820000   clock reconvergence pessimism
                                 -1.130000    4.690000   output external delay
                                              4.690000   data required time
---------------------------------------------------------------------------------------------
                                              4.690000   data required time
                                             -7.208938   data arrival time
---------------------------------------------------------------------------------------------
                                              2.518938   slack (MET)


Startpoint: wbs_cyc_i (input port clocked by clk)
Endpoint: wbs_dat_o[8] (output port clocked by clk)
Path Group: clk
Path Type: min

Fanout         Cap        Slew       Delay        Time   Description
---------------------------------------------------------------------------------------------
                                  0.000000    0.000000   clock clk (rise edge)
                                  4.650000    4.650000   clock network delay (propagated)
                                  1.690000    6.340000 v input external delay
     1    0.036236    0.090000    0.000000    6.340000 v wbs_cyc_i (in)
                                                         wbs_cyc_i (net)
                      0.095213    0.002606    6.342606 v mprj/input12/A (sky130_fd_sc_hd__buf_2)
     5    0.060121    0.101687    0.166372    6.508978 v mprj/input12/X (sky130_fd_sc_hd__buf_2)
                                                         mprj/net12 (net)
                      0.102308    0.006650    6.515628 v mprj/fanout89/A (sky130_fd_sc_hd__clkbuf_4)
    15    0.066226    0.096197    0.177930    6.693558 v mprj/fanout89/X (sky130_fd_sc_hd__clkbuf_4)
                                                         mprj/net89 (net)
                      0.096232    0.001607    6.695165 v mprj/fanout88/A (sky130_fd_sc_hd__clkbuf_2)
    15    0.039786    0.105924    0.161535    6.856700 v mprj/fanout88/X (sky130_fd_sc_hd__clkbuf_2)
                                                         mprj/net88 (net)
                      0.106114    0.003383    6.860083 v mprj/_15_/B (sky130_fd_sc_hd__and4b_1)
     1    0.021288    0.079767    0.189599    7.049682 v mprj/_15_/X (sky130_fd_sc_hd__and4b_1)
                                                         mprj/net82 (net)
                      0.079853    0.002334    7.052017 v mprj/output82/A (sky130_fd_sc_hd__buf_12)
     1    0.200945    0.084027    0.133380    7.185396 v mprj/output82/X (sky130_fd_sc_hd__buf_12)
                                                         wbs_dat_o[8] (net)
                      0.103409    0.031103    7.216499 v wbs_dat_o[8] (out)
                                              7.216499   data arrival time

                                  0.000000    0.000000   clock clk (rise edge)
                                  5.570000    5.570000   clock network delay (propagated)
                                  0.250000    5.820000   clock uncertainty
                                  0.000000    5.820000   clock reconvergence pessimism
                                 -1.130000    4.690000   output external delay
                                              4.690000   data required time
---------------------------------------------------------------------------------------------
                                              4.690000   data required time
                                             -7.216499   data arrival time
---------------------------------------------------------------------------------------------
                                              2.526499   slack (MET)


Startpoint: wbs_cyc_i (input port clocked by clk)
Endpoint: wbs_dat_o[9] (output port clocked by clk)
Path Group: clk
Path Type: min

Fanout         Cap        Slew       Delay        Time   Description
---------------------------------------------------------------------------------------------
                                  0.000000    0.000000   clock clk (rise edge)
                                  4.650000    4.650000   clock network delay (propagated)
                                  1.690000    6.340000 v input external delay
     1    0.036236    0.090000    0.000000    6.340000 v wbs_cyc_i (in)
                                                         wbs_cyc_i (net)
                      0.095213    0.002606    6.342606 v mprj/input12/A (sky130_fd_sc_hd__buf_2)
     5    0.060121    0.101687    0.166372    6.508978 v mprj/input12/X (sky130_fd_sc_hd__buf_2)
                                                         mprj/net12 (net)
                      0.102308    0.006650    6.515628 v mprj/fanout89/A (sky130_fd_sc_hd__clkbuf_4)
    15    0.066226    0.096197    0.177930    6.693558 v mprj/fanout89/X (sky130_fd_sc_hd__clkbuf_4)
                                                         mprj/net89 (net)
                      0.096232    0.001607    6.695165 v mprj/fanout88/A (sky130_fd_sc_hd__clkbuf_2)
    15    0.039786    0.105924    0.161535    6.856700 v mprj/fanout88/X (sky130_fd_sc_hd__clkbuf_2)
                                                         mprj/net88 (net)
                      0.106154    0.003782    6.860482 v mprj/_16_/B (sky130_fd_sc_hd__and4b_1)
     1    0.020265    0.076751    0.186712    7.047194 v mprj/_16_/X (sky130_fd_sc_hd__and4b_1)
                                                         mprj/net83 (net)
                      0.076873    0.002705    7.049900 v mprj/output83/A (sky130_fd_sc_hd__buf_12)
     1    0.205781    0.085442    0.130756    7.180656 v mprj/output83/X (sky130_fd_sc_hd__buf_12)
                                                         wbs_dat_o[9] (net)
                      0.110504    0.036035    7.216691 v wbs_dat_o[9] (out)
                                              7.216691   data arrival time

                                  0.000000    0.000000   clock clk (rise edge)
                                  5.570000    5.570000   clock network delay (propagated)
                                  0.250000    5.820000   clock uncertainty
                                  0.000000    5.820000   clock reconvergence pessimism
                                 -1.130000    4.690000   output external delay
                                              4.690000   data required time
---------------------------------------------------------------------------------------------
                                              4.690000   data required time
                                             -7.216691   data arrival time
---------------------------------------------------------------------------------------------
                                              2.526691   slack (MET)


Startpoint: wbs_cyc_i (input port clocked by clk)
Endpoint: wbs_dat_o[0] (output port clocked by clk)
Path Group: clk
Path Type: min

Fanout         Cap        Slew       Delay        Time   Description
---------------------------------------------------------------------------------------------
                                  0.000000    0.000000   clock clk (rise edge)
                                  4.650000    4.650000   clock network delay (propagated)
                                  1.690000    6.340000 v input external delay
     1    0.036236    0.090000    0.000000    6.340000 v wbs_cyc_i (in)
                                                         wbs_cyc_i (net)
                      0.095213    0.002606    6.342606 v mprj/input12/A (sky130_fd_sc_hd__buf_2)
     5    0.060121    0.101687    0.166372    6.508978 v mprj/input12/X (sky130_fd_sc_hd__buf_2)
                                                         mprj/net12 (net)
                      0.102308    0.006650    6.515628 v mprj/fanout89/A (sky130_fd_sc_hd__clkbuf_4)
    15    0.066226    0.096197    0.177930    6.693558 v mprj/fanout89/X (sky130_fd_sc_hd__clkbuf_4)
                                                         mprj/net89 (net)
                      0.096232    0.001607    6.695165 v mprj/fanout88/A (sky130_fd_sc_hd__clkbuf_2)
    15    0.039786    0.105924    0.161535    6.856700 v mprj/fanout88/X (sky130_fd_sc_hd__clkbuf_2)
                                                         mprj/net88 (net)
                      0.106317    0.005079    6.861779 v mprj/_39_/B (sky130_fd_sc_hd__and4b_1)
     1    0.018645    0.071822    0.182818    7.044598 v mprj/_39_/X (sky130_fd_sc_hd__and4b_1)
                                                         mprj/net52 (net)
                      0.071906    0.002191    7.046789 v mprj/output52/A (sky130_fd_sc_hd__buf_12)
     1    0.219644    0.087250    0.122485    7.169274 v mprj/output52/X (sky130_fd_sc_hd__buf_12)
                                                         wbs_dat_o[0] (net)
                      0.136927    0.053764    7.223038 v wbs_dat_o[0] (out)
                                              7.223038   data arrival time

                                  0.000000    0.000000   clock clk (rise edge)
                                  5.570000    5.570000   clock network delay (propagated)
                                  0.250000    5.820000   clock uncertainty
                                  0.000000    5.820000   clock reconvergence pessimism
                                 -1.130000    4.690000   output external delay
                                              4.690000   data required time
---------------------------------------------------------------------------------------------
                                              4.690000   data required time
                                             -7.223038   data arrival time
---------------------------------------------------------------------------------------------
                                              2.533037   slack (MET)


Startpoint: wbs_cyc_i (input port clocked by clk)
Endpoint: wbs_dat_o[11] (output port clocked by clk)
Path Group: clk
Path Type: min

Fanout         Cap        Slew       Delay        Time   Description
---------------------------------------------------------------------------------------------
                                  0.000000    0.000000   clock clk (rise edge)
                                  4.650000    4.650000   clock network delay (propagated)
                                  1.690000    6.340000 v input external delay
     1    0.036236    0.090000    0.000000    6.340000 v wbs_cyc_i (in)
                                                         wbs_cyc_i (net)
                      0.095213    0.002606    6.342606 v mprj/input12/A (sky130_fd_sc_hd__buf_2)
     5    0.060121    0.101687    0.166372    6.508978 v mprj/input12/X (sky130_fd_sc_hd__buf_2)
                                                         mprj/net12 (net)
                      0.102308    0.006650    6.515628 v mprj/fanout89/A (sky130_fd_sc_hd__clkbuf_4)
    15    0.066226    0.096197    0.177930    6.693558 v mprj/fanout89/X (sky130_fd_sc_hd__clkbuf_4)
                                                         mprj/net89 (net)
                      0.096232    0.001607    6.695165 v mprj/fanout88/A (sky130_fd_sc_hd__clkbuf_2)
    15    0.039786    0.105924    0.161535    6.856700 v mprj/fanout88/X (sky130_fd_sc_hd__clkbuf_2)
                                                         mprj/net88 (net)
                      0.106124    0.003490    6.860189 v mprj/_18_/B (sky130_fd_sc_hd__and4b_1)
     1    0.021805    0.081355    0.190834    7.051023 v mprj/_18_/X (sky130_fd_sc_hd__and4b_1)
                                                         mprj/net54 (net)
                      0.081469    0.002714    7.053737 v mprj/output54/A (sky130_fd_sc_hd__buf_12)
     1    0.208147    0.086431    0.132629    7.186367 v mprj/output54/X (sky130_fd_sc_hd__buf_12)
                                                         wbs_dat_o[11] (net)
                      0.112026    0.036710    7.223076 v wbs_dat_o[11] (out)
                                              7.223076   data arrival time

                                  0.000000    0.000000   clock clk (rise edge)
                                  5.570000    5.570000   clock network delay (propagated)
                                  0.250000    5.820000   clock uncertainty
                                  0.000000    5.820000   clock reconvergence pessimism
                                 -1.130000    4.690000   output external delay
                                              4.690000   data required time
---------------------------------------------------------------------------------------------
                                              4.690000   data required time
                                             -7.223076   data arrival time
---------------------------------------------------------------------------------------------
                                              2.533077   slack (MET)


Startpoint: wbs_cyc_i (input port clocked by clk)
Endpoint: wbs_dat_o[14] (output port clocked by clk)
Path Group: clk
Path Type: min

Fanout         Cap        Slew       Delay        Time   Description
---------------------------------------------------------------------------------------------
                                  0.000000    0.000000   clock clk (rise edge)
                                  4.650000    4.650000   clock network delay (propagated)
                                  1.690000    6.340000 v input external delay
     1    0.036236    0.090000    0.000000    6.340000 v wbs_cyc_i (in)
                                                         wbs_cyc_i (net)
                      0.095213    0.002606    6.342606 v mprj/input12/A (sky130_fd_sc_hd__buf_2)
     5    0.060121    0.101687    0.166372    6.508978 v mprj/input12/X (sky130_fd_sc_hd__buf_2)
                                                         mprj/net12 (net)
                      0.102308    0.006650    6.515628 v mprj/fanout89/A (sky130_fd_sc_hd__clkbuf_4)
    15    0.066226    0.096197    0.177930    6.693558 v mprj/fanout89/X (sky130_fd_sc_hd__clkbuf_4)
                                                         mprj/net89 (net)
                      0.096232    0.001607    6.695165 v mprj/fanout88/A (sky130_fd_sc_hd__clkbuf_2)
    15    0.039786    0.105924    0.161535    6.856700 v mprj/fanout88/X (sky130_fd_sc_hd__clkbuf_2)
                                                         mprj/net88 (net)
                      0.106029    0.002282    6.858982 v mprj/_21_/B (sky130_fd_sc_hd__and4b_2)
     1    0.027926    0.067447    0.200649    7.059631 v mprj/_21_/X (sky130_fd_sc_hd__and4b_2)
                                                         mprj/net57 (net)
                      0.068007    0.004748    7.064379 v mprj/output57/A (sky130_fd_sc_hd__buf_12)
     1    0.212239    0.087625    0.126734    7.191113 v mprj/output57/X (sky130_fd_sc_hd__buf_12)
                                                         wbs_dat_o[14] (net)
                      0.115094    0.038450    7.229563 v wbs_dat_o[14] (out)
                                              7.229563   data arrival time

                                  0.000000    0.000000   clock clk (rise edge)
                                  5.570000    5.570000   clock network delay (propagated)
                                  0.250000    5.820000   clock uncertainty
                                  0.000000    5.820000   clock reconvergence pessimism
                                 -1.130000    4.690000   output external delay
                                              4.690000   data required time
---------------------------------------------------------------------------------------------
                                              4.690000   data required time
                                             -7.229563   data arrival time
---------------------------------------------------------------------------------------------
                                              2.539563   slack (MET)


Startpoint: wbs_cyc_i (input port clocked by clk)
Endpoint: wbs_dat_o[10] (output port clocked by clk)
Path Group: clk
Path Type: min

Fanout         Cap        Slew       Delay        Time   Description
---------------------------------------------------------------------------------------------
                                  0.000000    0.000000   clock clk (rise edge)
                                  4.650000    4.650000   clock network delay (propagated)
                                  1.690000    6.340000 v input external delay
     1    0.036236    0.090000    0.000000    6.340000 v wbs_cyc_i (in)
                                                         wbs_cyc_i (net)
                      0.095213    0.002606    6.342606 v mprj/input12/A (sky130_fd_sc_hd__buf_2)
     5    0.060121    0.101687    0.166372    6.508978 v mprj/input12/X (sky130_fd_sc_hd__buf_2)
                                                         mprj/net12 (net)
                      0.102308    0.006650    6.515628 v mprj/fanout89/A (sky130_fd_sc_hd__clkbuf_4)
    15    0.066226    0.096197    0.177930    6.693558 v mprj/fanout89/X (sky130_fd_sc_hd__clkbuf_4)
                                                         mprj/net89 (net)
                      0.096232    0.001607    6.695165 v mprj/fanout88/A (sky130_fd_sc_hd__clkbuf_2)
    15    0.039786    0.105924    0.161535    6.856700 v mprj/fanout88/X (sky130_fd_sc_hd__clkbuf_2)
                                                         mprj/net88 (net)
                      0.106111    0.003351    6.860051 v mprj/_17_/B (sky130_fd_sc_hd__and4b_1)
     1    0.024310    0.089766    0.196389    7.056439 v mprj/_17_/X (sky130_fd_sc_hd__and4b_1)
                                                         mprj/net53 (net)
                      0.089989    0.003898    7.060338 v mprj/output53/A (sky130_fd_sc_hd__buf_12)
     1    0.205439    0.085720    0.136292    7.196630 v mprj/output53/X (sky130_fd_sc_hd__buf_12)
                                                         wbs_dat_o[10] (net)
                      0.110148    0.035595    7.232225 v wbs_dat_o[10] (out)
                                              7.232225   data arrival time

                                  0.000000    0.000000   clock clk (rise edge)
                                  5.570000    5.570000   clock network delay (propagated)
                                  0.250000    5.820000   clock uncertainty
                                  0.000000    5.820000   clock reconvergence pessimism
                                 -1.130000    4.690000   output external delay
                                              4.690000   data required time
---------------------------------------------------------------------------------------------
                                              4.690000   data required time
                                             -7.232225   data arrival time
---------------------------------------------------------------------------------------------
                                              2.542225   slack (MET)


Startpoint: wbs_cyc_i (input port clocked by clk)
Endpoint: wbs_dat_o[13] (output port clocked by clk)
Path Group: clk
Path Type: min

Fanout         Cap        Slew       Delay        Time   Description
---------------------------------------------------------------------------------------------
                                  0.000000    0.000000   clock clk (rise edge)
                                  4.650000    4.650000   clock network delay (propagated)
                                  1.690000    6.340000 v input external delay
     1    0.036236    0.090000    0.000000    6.340000 v wbs_cyc_i (in)
                                                         wbs_cyc_i (net)
                      0.095213    0.002606    6.342606 v mprj/input12/A (sky130_fd_sc_hd__buf_2)
     5    0.060121    0.101687    0.166372    6.508978 v mprj/input12/X (sky130_fd_sc_hd__buf_2)
                                                         mprj/net12 (net)
                      0.102308    0.006650    6.515628 v mprj/fanout89/A (sky130_fd_sc_hd__clkbuf_4)
    15    0.066226    0.096197    0.177930    6.693558 v mprj/fanout89/X (sky130_fd_sc_hd__clkbuf_4)
                                                         mprj/net89 (net)
                      0.096232    0.001607    6.695165 v mprj/fanout88/A (sky130_fd_sc_hd__clkbuf_2)
    15    0.039786    0.105924    0.161535    6.856700 v mprj/fanout88/X (sky130_fd_sc_hd__clkbuf_2)
                                                         mprj/net88 (net)
                      0.106033    0.002354    6.859054 v mprj/_20_/B (sky130_fd_sc_hd__and4b_2)
     1    0.027349    0.066310    0.200245    7.059299 v mprj/_20_/X (sky130_fd_sc_hd__and4b_2)
                                                         mprj/net56 (net)
                      0.066636    0.003965    7.063264 v mprj/output56/A (sky130_fd_sc_hd__buf_12)
     1    0.210893    0.084566    0.120621    7.183885 v mprj/output56/X (sky130_fd_sc_hd__buf_12)
                                                         wbs_dat_o[13] (net)
                      0.129030    0.049594    7.233479 v wbs_dat_o[13] (out)
                                              7.233479   data arrival time

                                  0.000000    0.000000   clock clk (rise edge)
                                  5.570000    5.570000   clock network delay (propagated)
                                  0.250000    5.820000   clock uncertainty
                                  0.000000    5.820000   clock reconvergence pessimism
                                 -1.130000    4.690000   output external delay
                                              4.690000   data required time
---------------------------------------------------------------------------------------------
                                              4.690000   data required time
                                             -7.233479   data arrival time
---------------------------------------------------------------------------------------------
                                              2.543479   slack (MET)


Startpoint: wbs_cyc_i (input port clocked by clk)
Endpoint: wbs_dat_o[15] (output port clocked by clk)
Path Group: clk
Path Type: min

Fanout         Cap        Slew       Delay        Time   Description
---------------------------------------------------------------------------------------------
                                  0.000000    0.000000   clock clk (rise edge)
                                  4.650000    4.650000   clock network delay (propagated)
                                  1.690000    6.340000 v input external delay
     1    0.036236    0.090000    0.000000    6.340000 v wbs_cyc_i (in)
                                                         wbs_cyc_i (net)
                      0.095213    0.002606    6.342606 v mprj/input12/A (sky130_fd_sc_hd__buf_2)
     5    0.060121    0.101687    0.166372    6.508978 v mprj/input12/X (sky130_fd_sc_hd__buf_2)
                                                         mprj/net12 (net)
                      0.102308    0.006650    6.515628 v mprj/fanout89/A (sky130_fd_sc_hd__clkbuf_4)
    15    0.066226    0.096197    0.177930    6.693558 v mprj/fanout89/X (sky130_fd_sc_hd__clkbuf_4)
                                                         mprj/net89 (net)
                      0.096232    0.001607    6.695165 v mprj/fanout88/A (sky130_fd_sc_hd__clkbuf_2)
    15    0.039786    0.105924    0.161535    6.856700 v mprj/fanout88/X (sky130_fd_sc_hd__clkbuf_2)
                                                         mprj/net88 (net)
                      0.105996    0.001658    6.858357 v mprj/_22_/B (sky130_fd_sc_hd__and4b_2)
     1    0.032661    0.075240    0.207828    7.066185 v mprj/_22_/X (sky130_fd_sc_hd__and4b_2)
                                                         mprj/net58 (net)
                      0.075803    0.005116    7.071301 v mprj/output58/A (sky130_fd_sc_hd__buf_12)
     1    0.219015    0.089974    0.130249    7.201550 v mprj/output58/X (sky130_fd_sc_hd__buf_12)
                                                         wbs_dat_o[15] (net)
                      0.119512    0.040609    7.242159 v wbs_dat_o[15] (out)
                                              7.242159   data arrival time

                                  0.000000    0.000000   clock clk (rise edge)
                                  5.570000    5.570000   clock network delay (propagated)
                                  0.250000    5.820000   clock uncertainty
                                  0.000000    5.820000   clock reconvergence pessimism
                                 -1.130000    4.690000   output external delay
                                              4.690000   data required time
---------------------------------------------------------------------------------------------
                                              4.690000   data required time
                                             -7.242159   data arrival time
---------------------------------------------------------------------------------------------
                                              2.552159   slack (MET)


Startpoint: wb_rst_i (input port clocked by clk)
Endpoint: mprj/_45_ (removal check against rising-edge clock clk)
Path Group: asynchronous
Path Type: min

Fanout         Cap        Slew       Delay        Time   Description
---------------------------------------------------------------------------------------------
                                  0.000000    0.000000   clock clk (rise edge)
                                  4.650000    4.650000   clock network delay (propagated)
                                 12.500000   17.150000 v input external delay
     1    0.026782    0.000000    0.000000   17.150000 v wb_rst_i (in)
                                                         wb_rst_i (net)
                      0.004559    0.002279   17.152279 v mprj/input1/A (sky130_fd_sc_hd__buf_1)
     1    0.009886    0.043402    0.068628   17.220905 v mprj/input1/X (sky130_fd_sc_hd__buf_1)
                                                         mprj/net1 (net)
                      0.043435    0.000682   17.221588 v mprj/_11_/A (sky130_fd_sc_hd__inv_2)
     1    0.008993    0.036827    0.047427   17.269014 ^ mprj/_11_/Y (sky130_fd_sc_hd__inv_2)
                                                         mprj/_00_ (net)
                      0.036839    0.000535   17.269550 ^ mprj/_45_/RESET_B (sky130_fd_sc_hd__dfrtp_1)
                                             17.269550   data arrival time

                                  0.000000    0.000000   clock clk (rise edge)
                                  5.570000    5.570000   clock source latency
     1    0.082255    0.610000    0.000000    5.570000 ^ wb_clk_i (in)
                                                         wb_clk_i (net)
                      0.648120    0.019060    5.589060 ^ mprj/clkbuf_0_wb_clk_i/A (sky130_fd_sc_hd__clkbuf_16)
     2    0.069019    0.078225    0.169257    5.758317 ^ mprj/clkbuf_0_wb_clk_i/X (sky130_fd_sc_hd__clkbuf_16)
                                                         mprj/clknet_0_wb_clk_i (net)
                      0.081368    0.012097    5.770413 ^ mprj/clkbuf_1_0__f_wb_clk_i/A (sky130_fd_sc_hd__clkbuf_16)
     2    0.054491    0.055768    0.117683    5.888096 ^ mprj/clkbuf_1_0__f_wb_clk_i/X (sky130_fd_sc_hd__clkbuf_16)
                                                         mprj/clknet_1_0__leaf_wb_clk_i (net)
                      0.056083    0.003010    5.891106 ^ mprj/_45_/CLK (sky130_fd_sc_hd__dfrtp_1)
                                  0.250000    6.141106   clock uncertainty
                                  0.000000    6.141106   clock reconvergence pessimism
                                  0.202107    6.343213   library removal time
                                              6.343213   data required time
---------------------------------------------------------------------------------------------
                                              6.343213   data required time
                                            -17.269550   data arrival time
---------------------------------------------------------------------------------------------
                                             10.926337   slack (MET)



