
===========================================================================
report_checks -path_delay max (Setup)
============================================================================
======================= max_ff_n40C_1v95 Corner ===================================

Startpoint: wb_rst_i (input port clocked by clk)
Endpoint: _45_ (recovery check against rising-edge clock clk)
Path Group: asynchronous
Path Type: max

Fanout         Cap        Slew       Delay        Time   Description
---------------------------------------------------------------------------------------------
                                  0.000000    0.000000   clock clk (rise edge)
                                  5.570000    5.570000   clock network delay (propagated)
                                 12.500000   18.070000 v input external delay
     1    0.002478    0.000000    0.000000   18.070000 v wb_rst_i (in)
                                                         wb_rst_i (net)
                      0.000131    0.000069   18.070068 v input1/A (sky130_fd_sc_hd__buf_1)
     1    0.009886    0.043364    0.070330   18.140398 v input1/X (sky130_fd_sc_hd__buf_1)
                                                         net1 (net)
                      0.043397    0.000718   18.141115 v _11_/A (sky130_fd_sc_hd__inv_2)
     1    0.008993    0.036823    0.049782   18.190899 ^ _11_/Y (sky130_fd_sc_hd__inv_2)
                                                         _00_ (net)
                      0.036836    0.000561   18.191460 ^ _45_/RESET_B (sky130_fd_sc_hd__dfrtp_1)
                                             18.191460   data arrival time

                                 25.000000   25.000000   clock clk (rise edge)
                                  4.650000   29.650000   clock source latency
     1    0.057342    0.610000    0.000000   29.650000 ^ wb_clk_i (in)
                                                         wb_clk_i (net)
                      0.633560    0.011191   29.661190 ^ clkbuf_0_wb_clk_i/A (sky130_fd_sc_hd__clkbuf_16)
     2    0.069019    0.077912    0.160282   29.821472 ^ clkbuf_0_wb_clk_i/X (sky130_fd_sc_hd__clkbuf_16)
                                                         clknet_0_wb_clk_i (net)
                      0.081065    0.011489   29.832962 ^ clkbuf_1_0__f_wb_clk_i/A (sky130_fd_sc_hd__clkbuf_16)
     2    0.054491    0.055765    0.111722   29.944683 ^ clkbuf_1_0__f_wb_clk_i/X (sky130_fd_sc_hd__clkbuf_16)
                                                         clknet_1_0__leaf_wb_clk_i (net)
                      0.056080    0.002860   29.947544 ^ _45_/CLK (sky130_fd_sc_hd__dfrtp_1)
                                 -0.100000   29.847546   clock uncertainty
                                  0.000000   29.847546   clock reconvergence pessimism
                                  0.146323   29.993868   library recovery time
                                             29.993868   data required time
---------------------------------------------------------------------------------------------
                                             29.993868   data required time
                                            -18.191460   data arrival time
---------------------------------------------------------------------------------------------
                                             11.802408   slack (MET)


Startpoint: wbs_we_i (input port clocked by clk)
Endpoint: wbs_dat_o[10] (output port clocked by clk)
Path Group: clk
Path Type: max

Fanout         Cap        Slew       Delay        Time   Description
---------------------------------------------------------------------------------------------
                                  0.000000    0.000000   clock clk (rise edge)
                                  5.570000    5.570000   clock network delay (propagated)
                                  3.740000    9.310000 v input external delay
     1    0.003907    0.140000    0.000000    9.310000 v wbs_we_i (in)
                                                         wbs_we_i (net)
                      0.140193    0.000101    9.310102 v input50/A (sky130_fd_sc_hd__buf_2)
     5    0.057659    0.098118    0.190932    9.501033 v input50/X (sky130_fd_sc_hd__buf_2)
                                                         net50 (net)
                      0.098689    0.006539    9.507572 v fanout85/A (sky130_fd_sc_hd__buf_4)
    15    0.077182    0.075459    0.171504    9.679075 v fanout85/X (sky130_fd_sc_hd__buf_4)
                                                         net85 (net)
                      0.075532    0.002149    9.681224 v fanout84/A (sky130_fd_sc_hd__clkbuf_2)
    15    0.038776    0.103483    0.159505    9.840730 v fanout84/X (sky130_fd_sc_hd__clkbuf_2)
                                                         net84 (net)
                      0.103628    0.003022    9.843751 v _17_/A_N (sky130_fd_sc_hd__and4b_1)
     1    0.025197    0.192365    0.300709   10.144460 ^ _17_/X (sky130_fd_sc_hd__and4b_1)
                                                         net53 (net)
                      0.192494    0.004310   10.148770 ^ output53/A (sky130_fd_sc_hd__buf_12)
     1    0.191578    0.168062    0.187718   10.336489 ^ output53/X (sky130_fd_sc_hd__buf_12)
                                                         wbs_dat_o[10] (net)
                      0.168769    0.009352   10.345840 ^ wbs_dat_o[10] (out)
                                             10.345840   data arrival time

                                 25.000000   25.000000   clock clk (rise edge)
                                  4.650000   29.650000   clock network delay (propagated)
                                 -0.100000   29.549999   clock uncertainty
                                  0.000000   29.549999   clock reconvergence pessimism
                                 -3.620000   25.929998   output external delay
                                             25.929998   data required time
---------------------------------------------------------------------------------------------
                                             25.929998   data required time
                                            -10.345840   data arrival time
---------------------------------------------------------------------------------------------
                                             15.584158   slack (MET)


Startpoint: wbs_we_i (input port clocked by clk)
Endpoint: wbs_dat_o[11] (output port clocked by clk)
Path Group: clk
Path Type: max

Fanout         Cap        Slew       Delay        Time   Description
---------------------------------------------------------------------------------------------
                                  0.000000    0.000000   clock clk (rise edge)
                                  5.570000    5.570000   clock network delay (propagated)
                                  3.740000    9.310000 v input external delay
     1    0.003907    0.140000    0.000000    9.310000 v wbs_we_i (in)
                                                         wbs_we_i (net)
                      0.140193    0.000101    9.310102 v input50/A (sky130_fd_sc_hd__buf_2)
     5    0.057659    0.098118    0.190932    9.501033 v input50/X (sky130_fd_sc_hd__buf_2)
                                                         net50 (net)
                      0.098689    0.006539    9.507572 v fanout85/A (sky130_fd_sc_hd__buf_4)
    15    0.077182    0.075459    0.171504    9.679075 v fanout85/X (sky130_fd_sc_hd__buf_4)
                                                         net85 (net)
                      0.075532    0.002149    9.681224 v fanout84/A (sky130_fd_sc_hd__clkbuf_2)
    15    0.038776    0.103483    0.159505    9.840730 v fanout84/X (sky130_fd_sc_hd__clkbuf_2)
                                                         net84 (net)
                      0.103630    0.003043    9.843772 v _18_/A_N (sky130_fd_sc_hd__and4b_1)
     1    0.022692    0.175364    0.288101   10.131873 ^ _18_/X (sky130_fd_sc_hd__and4b_1)
                                                         net54 (net)
                      0.175434    0.003025   10.134898 ^ output54/A (sky130_fd_sc_hd__buf_12)
     1    0.191521    0.167973    0.186394   10.321293 ^ output54/X (sky130_fd_sc_hd__buf_12)
                                                         wbs_dat_o[11] (net)
                      0.168693    0.009436   10.330729 ^ wbs_dat_o[11] (out)
                                             10.330729   data arrival time

                                 25.000000   25.000000   clock clk (rise edge)
                                  4.650000   29.650000   clock network delay (propagated)
                                 -0.100000   29.549999   clock uncertainty
                                  0.000000   29.549999   clock reconvergence pessimism
                                 -3.620000   25.929998   output external delay
                                             25.929998   data required time
---------------------------------------------------------------------------------------------
                                             25.929998   data required time
                                            -10.330729   data arrival time
---------------------------------------------------------------------------------------------
                                             15.599270   slack (MET)


Startpoint: wbs_we_i (input port clocked by clk)
Endpoint: wbs_dat_o[15] (output port clocked by clk)
Path Group: clk
Path Type: max

Fanout         Cap        Slew       Delay        Time   Description
---------------------------------------------------------------------------------------------
                                  0.000000    0.000000   clock clk (rise edge)
                                  5.570000    5.570000   clock network delay (propagated)
                                  3.740000    9.310000 v input external delay
     1    0.003907    0.140000    0.000000    9.310000 v wbs_we_i (in)
                                                         wbs_we_i (net)
                      0.140193    0.000101    9.310102 v input50/A (sky130_fd_sc_hd__buf_2)
     5    0.057659    0.098118    0.190932    9.501033 v input50/X (sky130_fd_sc_hd__buf_2)
                                                         net50 (net)
                      0.098689    0.006539    9.507572 v fanout85/A (sky130_fd_sc_hd__buf_4)
    15    0.077182    0.075459    0.171504    9.679075 v fanout85/X (sky130_fd_sc_hd__buf_4)
                                                         net85 (net)
                      0.075532    0.002149    9.681224 v fanout84/A (sky130_fd_sc_hd__clkbuf_2)
    15    0.038776    0.103483    0.159505    9.840730 v fanout84/X (sky130_fd_sc_hd__clkbuf_2)
                                                         net84 (net)
                      0.103491    0.001070    9.841800 v _22_/A_N (sky130_fd_sc_hd__and4b_2)
     1    0.033548    0.142130    0.286893   10.128693 ^ _22_/X (sky130_fd_sc_hd__and4b_2)
                                                         net58 (net)
                      0.142502    0.005638   10.134331 ^ output58/A (sky130_fd_sc_hd__buf_12)
     1    0.191801    0.168237    0.183918   10.318249 ^ output58/X (sky130_fd_sc_hd__buf_12)
                                                         wbs_dat_o[15] (net)
                      0.169011    0.009785   10.328033 ^ wbs_dat_o[15] (out)
                                             10.328033   data arrival time

                                 25.000000   25.000000   clock clk (rise edge)
                                  4.650000   29.650000   clock network delay (propagated)
                                 -0.100000   29.549999   clock uncertainty
                                  0.000000   29.549999   clock reconvergence pessimism
                                 -3.620000   25.929998   output external delay
                                             25.929998   data required time
---------------------------------------------------------------------------------------------
                                             25.929998   data required time
                                            -10.328033   data arrival time
---------------------------------------------------------------------------------------------
                                             15.601965   slack (MET)


Startpoint: wbs_we_i (input port clocked by clk)
Endpoint: wbs_dat_o[8] (output port clocked by clk)
Path Group: clk
Path Type: max

Fanout         Cap        Slew       Delay        Time   Description
---------------------------------------------------------------------------------------------
                                  0.000000    0.000000   clock clk (rise edge)
                                  5.570000    5.570000   clock network delay (propagated)
                                  3.740000    9.310000 v input external delay
     1    0.003907    0.140000    0.000000    9.310000 v wbs_we_i (in)
                                                         wbs_we_i (net)
                      0.140193    0.000101    9.310102 v input50/A (sky130_fd_sc_hd__buf_2)
     5    0.057659    0.098118    0.190932    9.501033 v input50/X (sky130_fd_sc_hd__buf_2)
                                                         net50 (net)
                      0.098689    0.006539    9.507572 v fanout85/A (sky130_fd_sc_hd__buf_4)
    15    0.077182    0.075459    0.171504    9.679075 v fanout85/X (sky130_fd_sc_hd__buf_4)
                                                         net85 (net)
                      0.075532    0.002149    9.681224 v fanout84/A (sky130_fd_sc_hd__clkbuf_2)
    15    0.038776    0.103483    0.159505    9.840730 v fanout84/X (sky130_fd_sc_hd__clkbuf_2)
                                                         net84 (net)
                      0.103656    0.003364    9.844094 v _15_/A_N (sky130_fd_sc_hd__and4b_1)
     1    0.022175    0.171638    0.285482   10.129576 ^ _15_/X (sky130_fd_sc_hd__and4b_1)
                                                         net82 (net)
                      0.171748    0.002599   10.132174 ^ output82/A (sky130_fd_sc_hd__buf_12)
     1    0.191509    0.167937    0.186223   10.318398 ^ output82/X (sky130_fd_sc_hd__buf_12)
                                                         wbs_dat_o[8] (net)
                      0.168635    0.009288   10.327685 ^ wbs_dat_o[8] (out)
                                             10.327685   data arrival time

                                 25.000000   25.000000   clock clk (rise edge)
                                  4.650000   29.650000   clock network delay (propagated)
                                 -0.100000   29.549999   clock uncertainty
                                  0.000000   29.549999   clock reconvergence pessimism
                                 -3.620000   25.929998   output external delay
                                             25.929998   data required time
---------------------------------------------------------------------------------------------
                                             25.929998   data required time
                                            -10.327685   data arrival time
---------------------------------------------------------------------------------------------
                                             15.602313   slack (MET)


Startpoint: wbs_we_i (input port clocked by clk)
Endpoint: wbs_dat_o[9] (output port clocked by clk)
Path Group: clk
Path Type: max

Fanout         Cap        Slew       Delay        Time   Description
---------------------------------------------------------------------------------------------
                                  0.000000    0.000000   clock clk (rise edge)
                                  5.570000    5.570000   clock network delay (propagated)
                                  3.740000    9.310000 v input external delay
     1    0.003907    0.140000    0.000000    9.310000 v wbs_we_i (in)
                                                         wbs_we_i (net)
                      0.140193    0.000101    9.310102 v input50/A (sky130_fd_sc_hd__buf_2)
     5    0.057659    0.098118    0.190932    9.501033 v input50/X (sky130_fd_sc_hd__buf_2)
                                                         net50 (net)
                      0.098689    0.006539    9.507572 v fanout85/A (sky130_fd_sc_hd__buf_4)
    15    0.077182    0.075459    0.171504    9.679075 v fanout85/X (sky130_fd_sc_hd__buf_4)
                                                         net85 (net)
                      0.075532    0.002149    9.681224 v fanout84/A (sky130_fd_sc_hd__clkbuf_2)
    15    0.038776    0.103483    0.159505    9.840730 v fanout84/X (sky130_fd_sc_hd__clkbuf_2)
                                                         net84 (net)
                      0.103631    0.003058    9.843787 v _16_/A_N (sky130_fd_sc_hd__and4b_1)
     1    0.021152    0.163898    0.279873   10.123660 ^ _16_/X (sky130_fd_sc_hd__and4b_1)
                                                         net83 (net)
                      0.164031    0.003017   10.126678 ^ output83/A (sky130_fd_sc_hd__buf_12)
     1    0.192862    0.169144    0.185579   10.312256 ^ output83/X (sky130_fd_sc_hd__buf_12)
                                                         wbs_dat_o[9] (net)
                      0.170040    0.010541   10.322797 ^ wbs_dat_o[9] (out)
                                             10.322797   data arrival time

                                 25.000000   25.000000   clock clk (rise edge)
                                  4.650000   29.650000   clock network delay (propagated)
                                 -0.100000   29.549999   clock uncertainty
                                  0.000000   29.549999   clock reconvergence pessimism
                                 -3.620000   25.929998   output external delay
                                             25.929998   data required time
---------------------------------------------------------------------------------------------
                                             25.929998   data required time
                                            -10.322797   data arrival time
---------------------------------------------------------------------------------------------
                                             15.607202   slack (MET)


Startpoint: wbs_we_i (input port clocked by clk)
Endpoint: wbs_dat_o[13] (output port clocked by clk)
Path Group: clk
Path Type: max

Fanout         Cap        Slew       Delay        Time   Description
---------------------------------------------------------------------------------------------
                                  0.000000    0.000000   clock clk (rise edge)
                                  5.570000    5.570000   clock network delay (propagated)
                                  3.740000    9.310000 ^ input external delay
     1    0.004066    0.140000    0.000000    9.310000 ^ wbs_we_i (in)
                                                         wbs_we_i (net)
                      0.140205    0.000107    9.310107 ^ input50/A (sky130_fd_sc_hd__buf_2)
     5    0.058496    0.215341    0.225225    9.535333 ^ input50/X (sky130_fd_sc_hd__buf_2)
                                                         net50 (net)
                      0.215611    0.006688    9.542021 ^ fanout85/A (sky130_fd_sc_hd__buf_4)
    15    0.080583    0.169761    0.201276    9.743298 ^ fanout85/X (sky130_fd_sc_hd__buf_4)
                                                         net85 (net)
                      0.169797    0.002252    9.745549 ^ fanout84/A (sky130_fd_sc_hd__clkbuf_2)
    15    0.040880    0.172151    0.197820    9.943369 ^ fanout84/X (sky130_fd_sc_hd__clkbuf_2)
                                                         net84 (net)
                      0.172232    0.003235    9.946604 ^ _20_/A_N (sky130_fd_sc_hd__and4b_2)
     1    0.027349    0.071305    0.200481   10.147085 v _20_/X (sky130_fd_sc_hd__and4b_2)
                                                         net56 (net)
                      0.071607    0.004168   10.151254 v output56/A (sky130_fd_sc_hd__buf_12)
     1    0.192458    0.079170    0.151942   10.303196 v output56/X (sky130_fd_sc_hd__buf_12)
                                                         wbs_dat_o[13] (net)
                      0.080968    0.010034   10.313230 v wbs_dat_o[13] (out)
                                             10.313230   data arrival time

                                 25.000000   25.000000   clock clk (rise edge)
                                  4.650000   29.650000   clock network delay (propagated)
                                 -0.100000   29.549999   clock uncertainty
                                  0.000000   29.549999   clock reconvergence pessimism
                                 -3.620000   25.929998   output external delay
                                             25.929998   data required time
---------------------------------------------------------------------------------------------
                                             25.929998   data required time
                                            -10.313230   data arrival time
---------------------------------------------------------------------------------------------
                                             15.616769   slack (MET)


Startpoint: wbs_we_i (input port clocked by clk)
Endpoint: wbs_dat_o[0] (output port clocked by clk)
Path Group: clk
Path Type: max

Fanout         Cap        Slew       Delay        Time   Description
---------------------------------------------------------------------------------------------
                                  0.000000    0.000000   clock clk (rise edge)
                                  5.570000    5.570000   clock network delay (propagated)
                                  3.740000    9.310000 v input external delay
     1    0.003907    0.140000    0.000000    9.310000 v wbs_we_i (in)
                                                         wbs_we_i (net)
                      0.140193    0.000101    9.310102 v input50/A (sky130_fd_sc_hd__buf_2)
     5    0.057659    0.098118    0.190932    9.501033 v input50/X (sky130_fd_sc_hd__buf_2)
                                                         net50 (net)
                      0.098689    0.006539    9.507572 v fanout85/A (sky130_fd_sc_hd__buf_4)
    15    0.077182    0.075459    0.171504    9.679075 v fanout85/X (sky130_fd_sc_hd__buf_4)
                                                         net85 (net)
                      0.075532    0.002149    9.681224 v fanout84/A (sky130_fd_sc_hd__clkbuf_2)
    15    0.038776    0.103483    0.159505    9.840730 v fanout84/X (sky130_fd_sc_hd__clkbuf_2)
                                                         net84 (net)
                      0.103738    0.004200    9.844930 v _39_/A_N (sky130_fd_sc_hd__and4b_1)
     1    0.019532    0.153028    0.271468   10.116398 ^ _39_/X (sky130_fd_sc_hd__and4b_1)
                                                         net52 (net)
                      0.153134    0.002452   10.118850 ^ output52/A (sky130_fd_sc_hd__buf_12)
     1    0.191498    0.167909    0.184632   10.303482 ^ output52/X (sky130_fd_sc_hd__buf_12)
                                                         wbs_dat_o[0] (net)
                      0.168657    0.009610   10.313092 ^ wbs_dat_o[0] (out)
                                             10.313092   data arrival time

                                 25.000000   25.000000   clock clk (rise edge)
                                  4.650000   29.650000   clock network delay (propagated)
                                 -0.100000   29.549999   clock uncertainty
                                  0.000000   29.549999   clock reconvergence pessimism
                                 -3.620000   25.929998   output external delay
                                             25.929998   data required time
---------------------------------------------------------------------------------------------
                                             25.929998   data required time
                                            -10.313092   data arrival time
---------------------------------------------------------------------------------------------
                                             15.616905   slack (MET)


Startpoint: wbs_we_i (input port clocked by clk)
Endpoint: wbs_dat_o[14] (output port clocked by clk)
Path Group: clk
Path Type: max

Fanout         Cap        Slew       Delay        Time   Description
---------------------------------------------------------------------------------------------
                                  0.000000    0.000000   clock clk (rise edge)
                                  5.570000    5.570000   clock network delay (propagated)
                                  3.740000    9.310000 ^ input external delay
     1    0.004066    0.140000    0.000000    9.310000 ^ wbs_we_i (in)
                                                         wbs_we_i (net)
                      0.140205    0.000107    9.310107 ^ input50/A (sky130_fd_sc_hd__buf_2)
     5    0.058496    0.215341    0.225225    9.535333 ^ input50/X (sky130_fd_sc_hd__buf_2)
                                                         net50 (net)
                      0.215611    0.006688    9.542021 ^ fanout85/A (sky130_fd_sc_hd__buf_4)
    15    0.080583    0.169761    0.201276    9.743298 ^ fanout85/X (sky130_fd_sc_hd__buf_4)
                                                         net85 (net)
                      0.169797    0.002252    9.745549 ^ fanout84/A (sky130_fd_sc_hd__clkbuf_2)
    15    0.040880    0.172151    0.197820    9.943369 ^ fanout84/X (sky130_fd_sc_hd__clkbuf_2)
                                                         net84 (net)
                      0.172160    0.001094    9.944464 ^ _21_/A_N (sky130_fd_sc_hd__and4b_2)
     1    0.027926    0.072410    0.200889   10.145352 v _21_/X (sky130_fd_sc_hd__and4b_2)
                                                         net57 (net)
                      0.072950    0.004992   10.150344 v output57/A (sky130_fd_sc_hd__buf_12)
     1    0.191393    0.078561    0.152914   10.303258 v output57/X (sky130_fd_sc_hd__buf_12)
                                                         wbs_dat_o[14] (net)
                      0.080077    0.009216   10.312474 v wbs_dat_o[14] (out)
                                             10.312474   data arrival time

                                 25.000000   25.000000   clock clk (rise edge)
                                  4.650000   29.650000   clock network delay (propagated)
                                 -0.100000   29.549999   clock uncertainty
                                  0.000000   29.549999   clock reconvergence pessimism
                                 -3.620000   25.929998   output external delay
                                             25.929998   data required time
---------------------------------------------------------------------------------------------
                                             25.929998   data required time
                                            -10.312474   data arrival time
---------------------------------------------------------------------------------------------
                                             15.617524   slack (MET)


Startpoint: wbs_we_i (input port clocked by clk)
Endpoint: wbs_dat_o[7] (output port clocked by clk)
Path Group: clk
Path Type: max

Fanout         Cap        Slew       Delay        Time   Description
---------------------------------------------------------------------------------------------
                                  0.000000    0.000000   clock clk (rise edge)
                                  5.570000    5.570000   clock network delay (propagated)
                                  3.740000    9.310000 v input external delay
     1    0.003907    0.140000    0.000000    9.310000 v wbs_we_i (in)
                                                         wbs_we_i (net)
                      0.140193    0.000101    9.310102 v input50/A (sky130_fd_sc_hd__buf_2)
     5    0.057659    0.098118    0.190932    9.501033 v input50/X (sky130_fd_sc_hd__buf_2)
                                                         net50 (net)
                      0.098689    0.006539    9.507572 v fanout85/A (sky130_fd_sc_hd__buf_4)
    15    0.077182    0.075459    0.171504    9.679075 v fanout85/X (sky130_fd_sc_hd__buf_4)
                                                         net85 (net)
                      0.075532    0.002149    9.681224 v fanout84/A (sky130_fd_sc_hd__clkbuf_2)
    15    0.038776    0.103483    0.159505    9.840730 v fanout84/X (sky130_fd_sc_hd__clkbuf_2)
                                                         net84 (net)
                      0.103666    0.003478    9.844208 v _14_/A_N (sky130_fd_sc_hd__and4b_1)
     1    0.019102    0.149529    0.269208   10.113416 ^ _14_/X (sky130_fd_sc_hd__and4b_1)
                                                         net81 (net)
                      0.149634    0.002428   10.115844 ^ output81/A (sky130_fd_sc_hd__buf_12)
     1    0.191316    0.167696    0.184630   10.300473 ^ output81/X (sky130_fd_sc_hd__buf_12)
                                                         wbs_dat_o[7] (net)
                      0.168369    0.009118   10.309591 ^ wbs_dat_o[7] (out)
                                             10.309591   data arrival time

                                 25.000000   25.000000   clock clk (rise edge)
                                  4.650000   29.650000   clock network delay (propagated)
                                 -0.100000   29.549999   clock uncertainty
                                  0.000000   29.549999   clock reconvergence pessimism
                                 -3.620000   25.929998   output external delay
                                             25.929998   data required time
---------------------------------------------------------------------------------------------
                                             25.929998   data required time
                                            -10.309591   data arrival time
---------------------------------------------------------------------------------------------
                                             15.620407   slack (MET)


Startpoint: wbs_we_i (input port clocked by clk)
Endpoint: wbs_dat_o[12] (output port clocked by clk)
Path Group: clk
Path Type: max

Fanout         Cap        Slew       Delay        Time   Description
---------------------------------------------------------------------------------------------
                                  0.000000    0.000000   clock clk (rise edge)
                                  5.570000    5.570000   clock network delay (propagated)
                                  3.740000    9.310000 ^ input external delay
     1    0.004066    0.140000    0.000000    9.310000 ^ wbs_we_i (in)
                                                         wbs_we_i (net)
                      0.140205    0.000107    9.310107 ^ input50/A (sky130_fd_sc_hd__buf_2)
     5    0.058496    0.215341    0.225225    9.535333 ^ input50/X (sky130_fd_sc_hd__buf_2)
                                                         net50 (net)
                      0.215611    0.006688    9.542021 ^ fanout85/A (sky130_fd_sc_hd__buf_4)
    15    0.080583    0.169761    0.201276    9.743298 ^ fanout85/X (sky130_fd_sc_hd__buf_4)
                                                         net85 (net)
                      0.169797    0.002252    9.745549 ^ fanout84/A (sky130_fd_sc_hd__clkbuf_2)
    15    0.040880    0.172151    0.197820    9.943369 ^ fanout84/X (sky130_fd_sc_hd__clkbuf_2)
                                                         net84 (net)
                      0.172200    0.002506    9.945875 ^ _19_/A_N (sky130_fd_sc_hd__and4b_2)
     1    0.021517    0.062286    0.191402   10.137277 v _19_/X (sky130_fd_sc_hd__and4b_2)
                                                         net55 (net)
                      0.062677    0.003737   10.141014 v output55/A (sky130_fd_sc_hd__buf_12)
     1    0.191568    0.078555    0.148404   10.289418 v output55/X (sky130_fd_sc_hd__buf_12)
                                                         wbs_dat_o[12] (net)
                      0.080025    0.009082   10.298500 v wbs_dat_o[12] (out)
                                             10.298500   data arrival time

                                 25.000000   25.000000   clock clk (rise edge)
                                  4.650000   29.650000   clock network delay (propagated)
                                 -0.100000   29.549999   clock uncertainty
                                  0.000000   29.549999   clock reconvergence pessimism
                                 -3.620000   25.929998   output external delay
                                             25.929998   data required time
---------------------------------------------------------------------------------------------
                                             25.929998   data required time
                                            -10.298500   data arrival time
---------------------------------------------------------------------------------------------
                                             15.631498   slack (MET)


Startpoint: wbs_we_i (input port clocked by clk)
Endpoint: wbs_dat_o[6] (output port clocked by clk)
Path Group: clk
Path Type: max

Fanout         Cap        Slew       Delay        Time   Description
---------------------------------------------------------------------------------------------
                                  0.000000    0.000000   clock clk (rise edge)
                                  5.570000    5.570000   clock network delay (propagated)
                                  3.740000    9.310000 v input external delay
     1    0.003907    0.140000    0.000000    9.310000 v wbs_we_i (in)
                                                         wbs_we_i (net)
                      0.140193    0.000101    9.310102 v input50/A (sky130_fd_sc_hd__buf_2)
     5    0.057659    0.098118    0.190932    9.501033 v input50/X (sky130_fd_sc_hd__buf_2)
                                                         net50 (net)
                      0.098689    0.006539    9.507572 v fanout85/A (sky130_fd_sc_hd__buf_4)
    15    0.077182    0.075459    0.171504    9.679075 v fanout85/X (sky130_fd_sc_hd__buf_4)
                                                         net85 (net)
                      0.075532    0.002149    9.681224 v fanout84/A (sky130_fd_sc_hd__clkbuf_2)
    15    0.038776    0.103483    0.159505    9.840730 v fanout84/X (sky130_fd_sc_hd__clkbuf_2)
                                                         net84 (net)
                      0.103700    0.003839    9.844568 v _13_/A_N (sky130_fd_sc_hd__and4b_1)
     1    0.015110    0.121574    0.248217   10.092785 ^ _13_/X (sky130_fd_sc_hd__and4b_1)
                                                         net80 (net)
                      0.121599    0.001787   10.094572 ^ output80/A (sky130_fd_sc_hd__buf_12)
     1    0.191488    0.167900    0.182323   10.276895 ^ output80/X (sky130_fd_sc_hd__buf_12)
                                                         wbs_dat_o[6] (net)
                      0.168654    0.009646   10.286540 ^ wbs_dat_o[6] (out)
                                             10.286540   data arrival time

                                 25.000000   25.000000   clock clk (rise edge)
                                  4.650000   29.650000   clock network delay (propagated)
                                 -0.100000   29.549999   clock uncertainty
                                  0.000000   29.549999   clock reconvergence pessimism
                                 -3.620000   25.929998   output external delay
                                             25.929998   data required time
---------------------------------------------------------------------------------------------
                                             25.929998   data required time
                                            -10.286540   data arrival time
---------------------------------------------------------------------------------------------
                                             15.643458   slack (MET)


Startpoint: wbs_we_i (input port clocked by clk)
Endpoint: wbs_dat_o[5] (output port clocked by clk)
Path Group: clk
Path Type: max

Fanout         Cap        Slew       Delay        Time   Description
---------------------------------------------------------------------------------------------
                                  0.000000    0.000000   clock clk (rise edge)
                                  5.570000    5.570000   clock network delay (propagated)
                                  3.740000    9.310000 v input external delay
     1    0.003907    0.140000    0.000000    9.310000 v wbs_we_i (in)
                                                         wbs_we_i (net)
                      0.140193    0.000101    9.310102 v input50/A (sky130_fd_sc_hd__buf_2)
     5    0.057659    0.098118    0.190932    9.501033 v input50/X (sky130_fd_sc_hd__buf_2)
                                                         net50 (net)
                      0.098689    0.006539    9.507572 v fanout85/A (sky130_fd_sc_hd__buf_4)
    15    0.077182    0.075459    0.171504    9.679075 v fanout85/X (sky130_fd_sc_hd__buf_4)
                                                         net85 (net)
                      0.075532    0.002149    9.681224 v fanout84/A (sky130_fd_sc_hd__clkbuf_2)
    15    0.038776    0.103483    0.159505    9.840730 v fanout84/X (sky130_fd_sc_hd__clkbuf_2)
                                                         net84 (net)
                      0.103720    0.004031    9.844760 v _44_/A_N (sky130_fd_sc_hd__and4b_1)
     1    0.014427    0.116792    0.244543   10.089303 ^ _44_/X (sky130_fd_sc_hd__and4b_1)
                                                         net79 (net)
                      0.116817    0.001751   10.091055 ^ output79/A (sky130_fd_sc_hd__buf_12)
     1    0.191469    0.167864    0.182006   10.273060 ^ output79/X (sky130_fd_sc_hd__buf_12)
                                                         wbs_dat_o[5] (net)
                      0.168608    0.009583   10.282642 ^ wbs_dat_o[5] (out)
                                             10.282642   data arrival time

                                 25.000000   25.000000   clock clk (rise edge)
                                  4.650000   29.650000   clock network delay (propagated)
                                 -0.100000   29.549999   clock uncertainty
                                  0.000000   29.549999   clock reconvergence pessimism
                                 -3.620000   25.929998   output external delay
                                             25.929998   data required time
---------------------------------------------------------------------------------------------
                                             25.929998   data required time
                                            -10.282642   data arrival time
---------------------------------------------------------------------------------------------
                                             15.647356   slack (MET)


Startpoint: wbs_we_i (input port clocked by clk)
Endpoint: wbs_dat_o[2] (output port clocked by clk)
Path Group: clk
Path Type: max

Fanout         Cap        Slew       Delay        Time   Description
---------------------------------------------------------------------------------------------
                                  0.000000    0.000000   clock clk (rise edge)
                                  5.570000    5.570000   clock network delay (propagated)
                                  3.740000    9.310000 v input external delay
     1    0.003907    0.140000    0.000000    9.310000 v wbs_we_i (in)
                                                         wbs_we_i (net)
                      0.140193    0.000101    9.310102 v input50/A (sky130_fd_sc_hd__buf_2)
     5    0.057659    0.098118    0.190932    9.501033 v input50/X (sky130_fd_sc_hd__buf_2)
                                                         net50 (net)
                      0.098689    0.006539    9.507572 v fanout85/A (sky130_fd_sc_hd__buf_4)
    15    0.077182    0.075459    0.171504    9.679075 v fanout85/X (sky130_fd_sc_hd__buf_4)
                                                         net85 (net)
                      0.075532    0.002149    9.681224 v fanout84/A (sky130_fd_sc_hd__clkbuf_2)
    15    0.038776    0.103483    0.159505    9.840730 v fanout84/X (sky130_fd_sc_hd__clkbuf_2)
                                                         net84 (net)
                      0.103757    0.004365    9.845095 v _41_/A_N (sky130_fd_sc_hd__and4b_1)
     1    0.014235    0.115738    0.243777   10.088871 ^ _41_/X (sky130_fd_sc_hd__and4b_1)
                                                         net74 (net)
                      0.115750    0.001302   10.090174 ^ output74/A (sky130_fd_sc_hd__buf_12)
     1    0.191334    0.167686    0.182195   10.272368 ^ output74/X (sky130_fd_sc_hd__buf_12)
                                                         wbs_dat_o[2] (net)
                      0.168358    0.009114   10.281482 ^ wbs_dat_o[2] (out)
                                             10.281482   data arrival time

                                 25.000000   25.000000   clock clk (rise edge)
                                  4.650000   29.650000   clock network delay (propagated)
                                 -0.100000   29.549999   clock uncertainty
                                  0.000000   29.549999   clock reconvergence pessimism
                                 -3.620000   25.929998   output external delay
                                             25.929998   data required time
---------------------------------------------------------------------------------------------
                                             25.929998   data required time
                                            -10.281482   data arrival time
---------------------------------------------------------------------------------------------
                                             15.648518   slack (MET)


Startpoint: wbs_we_i (input port clocked by clk)
Endpoint: wbs_dat_o[4] (output port clocked by clk)
Path Group: clk
Path Type: max

Fanout         Cap        Slew       Delay        Time   Description
---------------------------------------------------------------------------------------------
                                  0.000000    0.000000   clock clk (rise edge)
                                  5.570000    5.570000   clock network delay (propagated)
                                  3.740000    9.310000 v input external delay
     1    0.003907    0.140000    0.000000    9.310000 v wbs_we_i (in)
                                                         wbs_we_i (net)
                      0.140193    0.000101    9.310102 v input50/A (sky130_fd_sc_hd__buf_2)
     5    0.057659    0.098118    0.190932    9.501033 v input50/X (sky130_fd_sc_hd__buf_2)
                                                         net50 (net)
                      0.098689    0.006539    9.507572 v fanout85/A (sky130_fd_sc_hd__buf_4)
    15    0.077182    0.075459    0.171504    9.679075 v fanout85/X (sky130_fd_sc_hd__buf_4)
                                                         net85 (net)
                      0.075532    0.002149    9.681224 v fanout84/A (sky130_fd_sc_hd__clkbuf_2)
    15    0.038776    0.103483    0.159505    9.840730 v fanout84/X (sky130_fd_sc_hd__clkbuf_2)
                                                         net84 (net)
                      0.103757    0.004365    9.845094 v _43_/A_N (sky130_fd_sc_hd__and4b_1)
     1    0.013187    0.108393    0.238262   10.083356 ^ _43_/X (sky130_fd_sc_hd__and4b_1)
                                                         net78 (net)
                      0.108403    0.001151   10.084507 ^ output78/A (sky130_fd_sc_hd__buf_12)
     1    0.191561    0.167878    0.181640   10.266148 ^ output78/X (sky130_fd_sc_hd__buf_12)
                                                         wbs_dat_o[4] (net)
                      0.168584    0.009339   10.275487 ^ wbs_dat_o[4] (out)
                                             10.275487   data arrival time

                                 25.000000   25.000000   clock clk (rise edge)
                                  4.650000   29.650000   clock network delay (propagated)
                                 -0.100000   29.549999   clock uncertainty
                                  0.000000   29.549999   clock reconvergence pessimism
                                 -3.620000   25.929998   output external delay
                                             25.929998   data required time
---------------------------------------------------------------------------------------------
                                             25.929998   data required time
                                            -10.275487   data arrival time
---------------------------------------------------------------------------------------------
                                             15.654511   slack (MET)


Startpoint: wbs_we_i (input port clocked by clk)
Endpoint: wbs_dat_o[3] (output port clocked by clk)
Path Group: clk
Path Type: max

Fanout         Cap        Slew       Delay        Time   Description
---------------------------------------------------------------------------------------------
                                  0.000000    0.000000   clock clk (rise edge)
                                  5.570000    5.570000   clock network delay (propagated)
                                  3.740000    9.310000 v input external delay
     1    0.003907    0.140000    0.000000    9.310000 v wbs_we_i (in)
                                                         wbs_we_i (net)
                      0.140193    0.000101    9.310102 v input50/A (sky130_fd_sc_hd__buf_2)
     5    0.057659    0.098118    0.190932    9.501033 v input50/X (sky130_fd_sc_hd__buf_2)
                                                         net50 (net)
                      0.098689    0.006539    9.507572 v fanout85/A (sky130_fd_sc_hd__buf_4)
    15    0.077182    0.075459    0.171504    9.679075 v fanout85/X (sky130_fd_sc_hd__buf_4)
                                                         net85 (net)
                      0.075532    0.002149    9.681224 v fanout84/A (sky130_fd_sc_hd__clkbuf_2)
    15    0.038776    0.103483    0.159505    9.840730 v fanout84/X (sky130_fd_sc_hd__clkbuf_2)
                                                         net84 (net)
                      0.103730    0.004119    9.844849 v _42_/A_N (sky130_fd_sc_hd__and4b_1)
     1    0.011685    0.097887    0.230341   10.075190 ^ _42_/X (sky130_fd_sc_hd__and4b_1)
                                                         net77 (net)
                      0.097894    0.000954   10.076144 ^ output77/A (sky130_fd_sc_hd__buf_12)
     1    0.191552    0.167803    0.181080   10.257224 ^ output77/X (sky130_fd_sc_hd__buf_12)
                                                         wbs_dat_o[3] (net)
                      0.168467    0.009061   10.266285 ^ wbs_dat_o[3] (out)
                                             10.266285   data arrival time

                                 25.000000   25.000000   clock clk (rise edge)
                                  4.650000   29.650000   clock network delay (propagated)
                                 -0.100000   29.549999   clock uncertainty
                                  0.000000   29.549999   clock reconvergence pessimism
                                 -3.620000   25.929998   output external delay
                                             25.929998   data required time
---------------------------------------------------------------------------------------------
                                             25.929998   data required time
                                            -10.266285   data arrival time
---------------------------------------------------------------------------------------------
                                             15.663713   slack (MET)


Startpoint: wbs_we_i (input port clocked by clk)
Endpoint: wbs_dat_o[24] (output port clocked by clk)
Path Group: clk
Path Type: max

Fanout         Cap        Slew       Delay        Time   Description
---------------------------------------------------------------------------------------------
                                  0.000000    0.000000   clock clk (rise edge)
                                  5.570000    5.570000   clock network delay (propagated)
                                  3.740000    9.310000 v input external delay
     1    0.003907    0.140000    0.000000    9.310000 v wbs_we_i (in)
                                                         wbs_we_i (net)
                      0.140193    0.000101    9.310102 v input50/A (sky130_fd_sc_hd__buf_2)
     5    0.057659    0.098118    0.190932    9.501033 v input50/X (sky130_fd_sc_hd__buf_2)
                                                         net50 (net)
                      0.098689    0.006539    9.507572 v fanout85/A (sky130_fd_sc_hd__buf_4)
    15    0.077182    0.075459    0.171504    9.679075 v fanout85/X (sky130_fd_sc_hd__buf_4)
                                                         net85 (net)
                      0.081572    0.017462    9.696537 v _31_/A_N (sky130_fd_sc_hd__and4b_1)
     1    0.016773    0.133421    0.248225    9.944761 ^ _31_/X (sky130_fd_sc_hd__and4b_1)
                                                         net68 (net)
                      0.133434    0.001502    9.946263 ^ output68/A (sky130_fd_sc_hd__buf_12)
     1    0.193296    0.169619    0.183132   10.129395 ^ output68/X (sky130_fd_sc_hd__buf_12)
                                                         wbs_dat_o[24] (net)
                      0.170633    0.011213   10.140609 ^ wbs_dat_o[24] (out)
                                             10.140609   data arrival time

                                 25.000000   25.000000   clock clk (rise edge)
                                  4.650000   29.650000   clock network delay (propagated)
                                 -0.100000   29.549999   clock uncertainty
                                  0.000000   29.549999   clock reconvergence pessimism
                                 -3.620000   25.929998   output external delay
                                             25.929998   data required time
---------------------------------------------------------------------------------------------
                                             25.929998   data required time
                                            -10.140609   data arrival time
---------------------------------------------------------------------------------------------
                                             15.789390   slack (MET)


Startpoint: wbs_we_i (input port clocked by clk)
Endpoint: wbs_dat_o[1] (output port clocked by clk)
Path Group: clk
Path Type: max

Fanout         Cap        Slew       Delay        Time   Description
---------------------------------------------------------------------------------------------
                                  0.000000    0.000000   clock clk (rise edge)
                                  5.570000    5.570000   clock network delay (propagated)
                                  3.740000    9.310000 v input external delay
     1    0.003907    0.140000    0.000000    9.310000 v wbs_we_i (in)
                                                         wbs_we_i (net)
                      0.140193    0.000101    9.310102 v input50/A (sky130_fd_sc_hd__buf_2)
     5    0.057659    0.098118    0.190932    9.501033 v input50/X (sky130_fd_sc_hd__buf_2)
                                                         net50 (net)
                      0.098689    0.006539    9.507572 v fanout85/A (sky130_fd_sc_hd__buf_4)
    15    0.077182    0.075459    0.171504    9.679075 v fanout85/X (sky130_fd_sc_hd__buf_4)
                                                         net85 (net)
                      0.075803    0.004498    9.683574 v _40_/A_N (sky130_fd_sc_hd__and4b_1)
     1    0.019245    0.150876    0.258547    9.942121 ^ _40_/X (sky130_fd_sc_hd__and4b_1)
                                                         net63 (net)
                      0.150982    0.002409    9.944529 ^ output63/A (sky130_fd_sc_hd__buf_12)
     1    0.190593    0.167020    0.184888   10.129416 ^ output63/X (sky130_fd_sc_hd__buf_12)
                                                         wbs_dat_o[1] (net)
                      0.167579    0.008309   10.137726 ^ wbs_dat_o[1] (out)
                                             10.137726   data arrival time

                                 25.000000   25.000000   clock clk (rise edge)
                                  4.650000   29.650000   clock network delay (propagated)
                                 -0.100000   29.549999   clock uncertainty
                                  0.000000   29.549999   clock reconvergence pessimism
                                 -3.620000   25.929998   output external delay
                                             25.929998   data required time
---------------------------------------------------------------------------------------------
                                             25.929998   data required time
                                            -10.137726   data arrival time
---------------------------------------------------------------------------------------------
                                             15.792273   slack (MET)


Startpoint: wbs_we_i (input port clocked by clk)
Endpoint: wbs_dat_o[21] (output port clocked by clk)
Path Group: clk
Path Type: max

Fanout         Cap        Slew       Delay        Time   Description
---------------------------------------------------------------------------------------------
                                  0.000000    0.000000   clock clk (rise edge)
                                  5.570000    5.570000   clock network delay (propagated)
                                  3.740000    9.310000 v input external delay
     1    0.003907    0.140000    0.000000    9.310000 v wbs_we_i (in)
                                                         wbs_we_i (net)
                      0.140193    0.000101    9.310102 v input50/A (sky130_fd_sc_hd__buf_2)
     5    0.057659    0.098118    0.190932    9.501033 v input50/X (sky130_fd_sc_hd__buf_2)
                                                         net50 (net)
                      0.098689    0.006539    9.507572 v fanout85/A (sky130_fd_sc_hd__buf_4)
    15    0.077182    0.075459    0.171504    9.679075 v fanout85/X (sky130_fd_sc_hd__buf_4)
                                                         net85 (net)
                      0.081309    0.017073    9.696148 v _28_/A_N (sky130_fd_sc_hd__and4b_1)
     1    0.016238    0.129676    0.245181    9.941329 ^ _28_/X (sky130_fd_sc_hd__and4b_1)
                                                         net65 (net)
                      0.129692    0.001540    9.942869 ^ output65/A (sky130_fd_sc_hd__buf_12)
     1    0.193114    0.169458    0.182782   10.125650 ^ output65/X (sky130_fd_sc_hd__buf_12)
                                                         wbs_dat_o[21] (net)
                      0.170456    0.011124   10.136774 ^ wbs_dat_o[21] (out)
                                             10.136774   data arrival time

                                 25.000000   25.000000   clock clk (rise edge)
                                  4.650000   29.650000   clock network delay (propagated)
                                 -0.100000   29.549999   clock uncertainty
                                  0.000000   29.549999   clock reconvergence pessimism
                                 -3.620000   25.929998   output external delay
                                             25.929998   data required time
---------------------------------------------------------------------------------------------
                                             25.929998   data required time
                                            -10.136774   data arrival time
---------------------------------------------------------------------------------------------
                                             15.793223   slack (MET)


Startpoint: wbs_we_i (input port clocked by clk)
Endpoint: wbs_dat_o[17] (output port clocked by clk)
Path Group: clk
Path Type: max

Fanout         Cap        Slew       Delay        Time   Description
---------------------------------------------------------------------------------------------
                                  0.000000    0.000000   clock clk (rise edge)
                                  5.570000    5.570000   clock network delay (propagated)
                                  3.740000    9.310000 v input external delay
     1    0.003907    0.140000    0.000000    9.310000 v wbs_we_i (in)
                                                         wbs_we_i (net)
                      0.140193    0.000101    9.310102 v input50/A (sky130_fd_sc_hd__buf_2)
     5    0.057659    0.098118    0.190932    9.501033 v input50/X (sky130_fd_sc_hd__buf_2)
                                                         net50 (net)
                      0.098689    0.006539    9.507572 v fanout85/A (sky130_fd_sc_hd__buf_4)
    15    0.077182    0.075459    0.171504    9.679075 v fanout85/X (sky130_fd_sc_hd__buf_4)
                                                         net85 (net)
                      0.078540    0.012381    9.691457 v _24_/A_N (sky130_fd_sc_hd__and4b_1)
     1    0.016387    0.130368    0.244611    9.936068 ^ _24_/X (sky130_fd_sc_hd__and4b_1)
                                                         net60 (net)
                      0.130458    0.002018    9.938086 ^ output60/A (sky130_fd_sc_hd__buf_12)
     1    0.191715    0.168183    0.182719   10.120804 ^ output60/X (sky130_fd_sc_hd__buf_12)
                                                         wbs_dat_o[17] (net)
                      0.169018    0.010153   10.130957 ^ wbs_dat_o[17] (out)
                                             10.130957   data arrival time

                                 25.000000   25.000000   clock clk (rise edge)
                                  4.650000   29.650000   clock network delay (propagated)
                                 -0.100000   29.549999   clock uncertainty
                                  0.000000   29.549999   clock reconvergence pessimism
                                 -3.620000   25.929998   output external delay
                                             25.929998   data required time
---------------------------------------------------------------------------------------------
                                             25.929998   data required time
                                            -10.130957   data arrival time
---------------------------------------------------------------------------------------------
                                             15.799043   slack (MET)


Startpoint: wbs_we_i (input port clocked by clk)
Endpoint: wbs_dat_o[26] (output port clocked by clk)
Path Group: clk
Path Type: max

Fanout         Cap        Slew       Delay        Time   Description
---------------------------------------------------------------------------------------------
                                  0.000000    0.000000   clock clk (rise edge)
                                  5.570000    5.570000   clock network delay (propagated)
                                  3.740000    9.310000 v input external delay
     1    0.003907    0.140000    0.000000    9.310000 v wbs_we_i (in)
                                                         wbs_we_i (net)
                      0.140193    0.000101    9.310102 v input50/A (sky130_fd_sc_hd__buf_2)
     5    0.057659    0.098118    0.190932    9.501033 v input50/X (sky130_fd_sc_hd__buf_2)
                                                         net50 (net)
                      0.098689    0.006539    9.507572 v fanout85/A (sky130_fd_sc_hd__buf_4)
    15    0.077182    0.075459    0.171504    9.679075 v fanout85/X (sky130_fd_sc_hd__buf_4)
                                                         net85 (net)
                      0.081724    0.017684    9.696759 v _33_/A_N (sky130_fd_sc_hd__and4b_1)
     1    0.013860    0.112711    0.232682    9.929441 ^ _33_/X (sky130_fd_sc_hd__and4b_1)
                                                         net70 (net)
                      0.112729    0.001519    9.930961 ^ output70/A (sky130_fd_sc_hd__buf_12)
     1    0.192224    0.174587    0.186362   10.117322 ^ output70/X (sky130_fd_sc_hd__buf_12)
                                                         wbs_dat_o[26] (net)
                      0.175547    0.010994   10.128316 ^ wbs_dat_o[26] (out)
                                             10.128316   data arrival time

                                 25.000000   25.000000   clock clk (rise edge)
                                  4.650000   29.650000   clock network delay (propagated)
                                 -0.100000   29.549999   clock uncertainty
                                  0.000000   29.549999   clock reconvergence pessimism
                                 -3.620000   25.929998   output external delay
                                             25.929998   data required time
---------------------------------------------------------------------------------------------
                                             25.929998   data required time
                                            -10.128316   data arrival time
---------------------------------------------------------------------------------------------
                                             15.801682   slack (MET)


Startpoint: wbs_we_i (input port clocked by clk)
Endpoint: wbs_dat_o[19] (output port clocked by clk)
Path Group: clk
Path Type: max

Fanout         Cap        Slew       Delay        Time   Description
---------------------------------------------------------------------------------------------
                                  0.000000    0.000000   clock clk (rise edge)
                                  5.570000    5.570000   clock network delay (propagated)
                                  3.740000    9.310000 v input external delay
     1    0.003907    0.140000    0.000000    9.310000 v wbs_we_i (in)
                                                         wbs_we_i (net)
                      0.140193    0.000101    9.310102 v input50/A (sky130_fd_sc_hd__buf_2)
     5    0.057659    0.098118    0.190932    9.501033 v input50/X (sky130_fd_sc_hd__buf_2)
                                                         net50 (net)
                      0.098689    0.006539    9.507572 v fanout85/A (sky130_fd_sc_hd__buf_4)
    15    0.077182    0.075459    0.171504    9.679075 v fanout85/X (sky130_fd_sc_hd__buf_4)
                                                         net85 (net)
                      0.080116    0.015205    9.694281 v _26_/A_N (sky130_fd_sc_hd__and4b_1)
     1    0.015253    0.122730    0.239602    9.933883 ^ _26_/X (sky130_fd_sc_hd__and4b_1)
                                                         net62 (net)
                      0.122741    0.001331    9.935214 ^ output62/A (sky130_fd_sc_hd__buf_12)
     1    0.191563    0.167955    0.182503   10.117717 ^ output62/X (sky130_fd_sc_hd__buf_12)
                                                         wbs_dat_o[19] (net)
                      0.168696    0.009567   10.127284 ^ wbs_dat_o[19] (out)
                                             10.127284   data arrival time

                                 25.000000   25.000000   clock clk (rise edge)
                                  4.650000   29.650000   clock network delay (propagated)
                                 -0.100000   29.549999   clock uncertainty
                                  0.000000   29.549999   clock reconvergence pessimism
                                 -3.620000   25.929998   output external delay
                                             25.929998   data required time
---------------------------------------------------------------------------------------------
                                             25.929998   data required time
                                            -10.127284   data arrival time
---------------------------------------------------------------------------------------------
                                             15.802714   slack (MET)


Startpoint: wbs_we_i (input port clocked by clk)
Endpoint: wbs_dat_o[25] (output port clocked by clk)
Path Group: clk
Path Type: max

Fanout         Cap        Slew       Delay        Time   Description
---------------------------------------------------------------------------------------------
                                  0.000000    0.000000   clock clk (rise edge)
                                  5.570000    5.570000   clock network delay (propagated)
                                  3.740000    9.310000 v input external delay
     1    0.003907    0.140000    0.000000    9.310000 v wbs_we_i (in)
                                                         wbs_we_i (net)
                      0.140193    0.000101    9.310102 v input50/A (sky130_fd_sc_hd__buf_2)
     5    0.057659    0.098118    0.190932    9.501033 v input50/X (sky130_fd_sc_hd__buf_2)
                                                         net50 (net)
                      0.098689    0.006539    9.507572 v fanout85/A (sky130_fd_sc_hd__buf_4)
    15    0.077182    0.075459    0.171504    9.679075 v fanout85/X (sky130_fd_sc_hd__buf_4)
                                                         net85 (net)
                      0.081634    0.017553    9.696629 v _32_/A_N (sky130_fd_sc_hd__and4b_1)
     1    0.014553    0.117842    0.236434    9.933063 ^ _32_/X (sky130_fd_sc_hd__and4b_1)
                                                         net69 (net)
                      0.117854    0.001307    9.934369 ^ output69/A (sky130_fd_sc_hd__buf_12)
     1    0.191934    0.168291    0.182118   10.116488 ^ output69/X (sky130_fd_sc_hd__buf_12)
                                                         wbs_dat_o[25] (net)
                      0.169087    0.009921   10.126409 ^ wbs_dat_o[25] (out)
                                             10.126409   data arrival time

                                 25.000000   25.000000   clock clk (rise edge)
                                  4.650000   29.650000   clock network delay (propagated)
                                 -0.100000   29.549999   clock uncertainty
                                  0.000000   29.549999   clock reconvergence pessimism
                                 -3.620000   25.929998   output external delay
                                             25.929998   data required time
---------------------------------------------------------------------------------------------
                                             25.929998   data required time
                                            -10.126409   data arrival time
---------------------------------------------------------------------------------------------
                                             15.803590   slack (MET)


Startpoint: wbs_we_i (input port clocked by clk)
Endpoint: wbs_dat_o[22] (output port clocked by clk)
Path Group: clk
Path Type: max

Fanout         Cap        Slew       Delay        Time   Description
---------------------------------------------------------------------------------------------
                                  0.000000    0.000000   clock clk (rise edge)
                                  5.570000    5.570000   clock network delay (propagated)
                                  3.740000    9.310000 v input external delay
     1    0.003907    0.140000    0.000000    9.310000 v wbs_we_i (in)
                                                         wbs_we_i (net)
                      0.140193    0.000101    9.310102 v input50/A (sky130_fd_sc_hd__buf_2)
     5    0.057659    0.098118    0.190932    9.501033 v input50/X (sky130_fd_sc_hd__buf_2)
                                                         net50 (net)
                      0.098689    0.006539    9.507572 v fanout85/A (sky130_fd_sc_hd__buf_4)
    15    0.077182    0.075459    0.171504    9.679075 v fanout85/X (sky130_fd_sc_hd__buf_4)
                                                         net85 (net)
                      0.081411    0.017225    9.696301 v _29_/A_N (sky130_fd_sc_hd__and4b_1)
     1    0.013124    0.107818    0.228763    9.925064 ^ _29_/X (sky130_fd_sc_hd__and4b_1)
                                                         net66 (net)
                      0.107828    0.001175    9.926239 ^ output66/A (sky130_fd_sc_hd__buf_12)
     1    0.192893    0.175263    0.186355   10.112594 ^ output66/X (sky130_fd_sc_hd__buf_12)
                                                         wbs_dat_o[22] (net)
                      0.176260    0.011219   10.123814 ^ wbs_dat_o[22] (out)
                                             10.123814   data arrival time

                                 25.000000   25.000000   clock clk (rise edge)
                                  4.650000   29.650000   clock network delay (propagated)
                                 -0.100000   29.549999   clock uncertainty
                                  0.000000   29.549999   clock reconvergence pessimism
                                 -3.620000   25.929998   output external delay
                                             25.929998   data required time
---------------------------------------------------------------------------------------------
                                             25.929998   data required time
                                            -10.123814   data arrival time
---------------------------------------------------------------------------------------------
                                             15.806186   slack (MET)


Startpoint: wbs_we_i (input port clocked by clk)
Endpoint: wbs_dat_o[27] (output port clocked by clk)
Path Group: clk
Path Type: max

Fanout         Cap        Slew       Delay        Time   Description
---------------------------------------------------------------------------------------------
                                  0.000000    0.000000   clock clk (rise edge)
                                  5.570000    5.570000   clock network delay (propagated)
                                  3.740000    9.310000 v input external delay
     1    0.003907    0.140000    0.000000    9.310000 v wbs_we_i (in)
                                                         wbs_we_i (net)
                      0.140193    0.000101    9.310102 v input50/A (sky130_fd_sc_hd__buf_2)
     5    0.057659    0.098118    0.190932    9.501033 v input50/X (sky130_fd_sc_hd__buf_2)
                                                         net50 (net)
                      0.098689    0.006539    9.507572 v fanout85/A (sky130_fd_sc_hd__buf_4)
    15    0.077182    0.075459    0.171504    9.679075 v fanout85/X (sky130_fd_sc_hd__buf_4)
                                                         net85 (net)
                      0.081714    0.017669    9.696745 v _34_/A_N (sky130_fd_sc_hd__and4b_1)
     1    0.013787    0.112473    0.232388    9.929133 ^ _34_/X (sky130_fd_sc_hd__and4b_1)
                                                         net71 (net)
                      0.112484    0.001256    9.930389 ^ output71/A (sky130_fd_sc_hd__buf_12)
     1    0.192538    0.168895    0.181412   10.111801 ^ output71/X (sky130_fd_sc_hd__buf_12)
                                                         wbs_dat_o[27] (net)
                      0.169843    0.010830   10.122632 ^ wbs_dat_o[27] (out)
                                             10.122632   data arrival time

                                 25.000000   25.000000   clock clk (rise edge)
                                  4.650000   29.650000   clock network delay (propagated)
                                 -0.100000   29.549999   clock uncertainty
                                  0.000000   29.549999   clock reconvergence pessimism
                                 -3.620000   25.929998   output external delay
                                             25.929998   data required time
---------------------------------------------------------------------------------------------
                                             25.929998   data required time
                                            -10.122632   data arrival time
---------------------------------------------------------------------------------------------
                                             15.807366   slack (MET)


Startpoint: wbs_we_i (input port clocked by clk)
Endpoint: wbs_dat_o[18] (output port clocked by clk)
Path Group: clk
Path Type: max

Fanout         Cap        Slew       Delay        Time   Description
---------------------------------------------------------------------------------------------
                                  0.000000    0.000000   clock clk (rise edge)
                                  5.570000    5.570000   clock network delay (propagated)
                                  3.740000    9.310000 v input external delay
     1    0.003907    0.140000    0.000000    9.310000 v wbs_we_i (in)
                                                         wbs_we_i (net)
                      0.140193    0.000101    9.310102 v input50/A (sky130_fd_sc_hd__buf_2)
     5    0.057659    0.098118    0.190932    9.501033 v input50/X (sky130_fd_sc_hd__buf_2)
                                                         net50 (net)
                      0.098689    0.006539    9.507572 v fanout85/A (sky130_fd_sc_hd__buf_4)
    15    0.077182    0.075459    0.171504    9.679075 v fanout85/X (sky130_fd_sc_hd__buf_4)
                                                         net85 (net)
                      0.079412    0.014006    9.693081 v _25_/A_N (sky130_fd_sc_hd__and4b_1)
     1    0.014680    0.118430    0.236055    9.929136 ^ _25_/X (sky130_fd_sc_hd__and4b_1)
                                                         net61 (net)
                      0.118452    0.001702    9.930838 ^ output61/A (sky130_fd_sc_hd__buf_12)
     1    0.191305    0.167701    0.182212   10.113050 ^ output61/X (sky130_fd_sc_hd__buf_12)
                                                         wbs_dat_o[18] (net)
                      0.168406    0.009334   10.122383 ^ wbs_dat_o[18] (out)
                                             10.122383   data arrival time

                                 25.000000   25.000000   clock clk (rise edge)
                                  4.650000   29.650000   clock network delay (propagated)
                                 -0.100000   29.549999   clock uncertainty
                                  0.000000   29.549999   clock reconvergence pessimism
                                 -3.620000   25.929998   output external delay
                                             25.929998   data required time
---------------------------------------------------------------------------------------------
                                             25.929998   data required time
                                            -10.122383   data arrival time
---------------------------------------------------------------------------------------------
                                             15.807615   slack (MET)


Startpoint: wbs_we_i (input port clocked by clk)
Endpoint: wbs_dat_o[23] (output port clocked by clk)
Path Group: clk
Path Type: max

Fanout         Cap        Slew       Delay        Time   Description
---------------------------------------------------------------------------------------------
                                  0.000000    0.000000   clock clk (rise edge)
                                  5.570000    5.570000   clock network delay (propagated)
                                  3.740000    9.310000 v input external delay
     1    0.003907    0.140000    0.000000    9.310000 v wbs_we_i (in)
                                                         wbs_we_i (net)
                      0.140193    0.000101    9.310102 v input50/A (sky130_fd_sc_hd__buf_2)
     5    0.057659    0.098118    0.190932    9.501033 v input50/X (sky130_fd_sc_hd__buf_2)
                                                         net50 (net)
                      0.098689    0.006539    9.507572 v fanout85/A (sky130_fd_sc_hd__buf_4)
    15    0.077182    0.075459    0.171504    9.679075 v fanout85/X (sky130_fd_sc_hd__buf_4)
                                                         net85 (net)
                      0.081508    0.017368    9.696444 v _30_/A_N (sky130_fd_sc_hd__and4b_1)
     1    0.013915    0.113367    0.232973    9.929417 ^ _30_/X (sky130_fd_sc_hd__and4b_1)
                                                         net67 (net)
                      0.113379    0.001291    9.930707 ^ output67/A (sky130_fd_sc_hd__buf_12)
     1    0.191114    0.167507    0.181852   10.112559 ^ output67/X (sky130_fd_sc_hd__buf_12)
                                                         wbs_dat_o[23] (net)
                      0.168188    0.009170   10.121729 ^ wbs_dat_o[23] (out)
                                             10.121729   data arrival time

                                 25.000000   25.000000   clock clk (rise edge)
                                  4.650000   29.650000   clock network delay (propagated)
                                 -0.100000   29.549999   clock uncertainty
                                  0.000000   29.549999   clock reconvergence pessimism
                                 -3.620000   25.929998   output external delay
                                             25.929998   data required time
---------------------------------------------------------------------------------------------
                                             25.929998   data required time
                                            -10.121729   data arrival time
---------------------------------------------------------------------------------------------
                                             15.808269   slack (MET)


Startpoint: wbs_we_i (input port clocked by clk)
Endpoint: wbs_dat_o[20] (output port clocked by clk)
Path Group: clk
Path Type: max

Fanout         Cap        Slew       Delay        Time   Description
---------------------------------------------------------------------------------------------
                                  0.000000    0.000000   clock clk (rise edge)
                                  5.570000    5.570000   clock network delay (propagated)
                                  3.740000    9.310000 v input external delay
     1    0.003907    0.140000    0.000000    9.310000 v wbs_we_i (in)
                                                         wbs_we_i (net)
                      0.140193    0.000101    9.310102 v input50/A (sky130_fd_sc_hd__buf_2)
     5    0.057659    0.098118    0.190932    9.501033 v input50/X (sky130_fd_sc_hd__buf_2)
                                                         net50 (net)
                      0.098689    0.006539    9.507572 v fanout85/A (sky130_fd_sc_hd__buf_4)
    15    0.077182    0.075459    0.171504    9.679075 v fanout85/X (sky130_fd_sc_hd__buf_4)
                                                         net85 (net)
                      0.080742    0.016207    9.695283 v _27_/A_N (sky130_fd_sc_hd__and4b_1)
     1    0.013928    0.113455    0.232713    9.927996 ^ _27_/X (sky130_fd_sc_hd__and4b_1)
                                                         net64 (net)
                      0.113467    0.001315    9.929310 ^ output64/A (sky130_fd_sc_hd__buf_12)
     1    0.191333    0.167708    0.181868   10.111178 ^ output64/X (sky130_fd_sc_hd__buf_12)
                                                         wbs_dat_o[20] (net)
                      0.168414    0.009335   10.120513 ^ wbs_dat_o[20] (out)
                                             10.120513   data arrival time

                                 25.000000   25.000000   clock clk (rise edge)
                                  4.650000   29.650000   clock network delay (propagated)
                                 -0.100000   29.549999   clock uncertainty
                                  0.000000   29.549999   clock reconvergence pessimism
                                 -3.620000   25.929998   output external delay
                                             25.929998   data required time
---------------------------------------------------------------------------------------------
                                             25.929998   data required time
                                            -10.120513   data arrival time
---------------------------------------------------------------------------------------------
                                             15.809485   slack (MET)


Startpoint: wbs_we_i (input port clocked by clk)
Endpoint: wbs_dat_o[16] (output port clocked by clk)
Path Group: clk
Path Type: max

Fanout         Cap        Slew       Delay        Time   Description
---------------------------------------------------------------------------------------------
                                  0.000000    0.000000   clock clk (rise edge)
                                  5.570000    5.570000   clock network delay (propagated)
                                  3.740000    9.310000 v input external delay
     1    0.003907    0.140000    0.000000    9.310000 v wbs_we_i (in)
                                                         wbs_we_i (net)
                      0.140193    0.000101    9.310102 v input50/A (sky130_fd_sc_hd__buf_2)
     5    0.057659    0.098118    0.190932    9.501033 v input50/X (sky130_fd_sc_hd__buf_2)
                                                         net50 (net)
                      0.098689    0.006539    9.507572 v fanout85/A (sky130_fd_sc_hd__buf_4)
    15    0.077182    0.075459    0.171504    9.679075 v fanout85/X (sky130_fd_sc_hd__buf_4)
                                                         net85 (net)
                      0.077836    0.010917    9.689992 v _23_/A_N (sky130_fd_sc_hd__and4b_1)
     1    0.014972    0.120754    0.237150    9.927142 ^ _23_/X (sky130_fd_sc_hd__and4b_1)
                                                         net59 (net)
                      0.120765    0.001323    9.928466 ^ output59/A (sky130_fd_sc_hd__buf_12)
     1    0.191491    0.167860    0.182480   10.110946 ^ output59/X (sky130_fd_sc_hd__buf_12)
                                                         wbs_dat_o[16] (net)
                      0.168567    0.009345   10.120291 ^ wbs_dat_o[16] (out)
                                             10.120291   data arrival time

                                 25.000000   25.000000   clock clk (rise edge)
                                  4.650000   29.650000   clock network delay (propagated)
                                 -0.100000   29.549999   clock uncertainty
                                  0.000000   29.549999   clock reconvergence pessimism
                                 -3.620000   25.929998   output external delay
                                             25.929998   data required time
---------------------------------------------------------------------------------------------
                                             25.929998   data required time
                                            -10.120291   data arrival time
---------------------------------------------------------------------------------------------
                                             15.809708   slack (MET)


Startpoint: wbs_we_i (input port clocked by clk)
Endpoint: wbs_dat_o[28] (output port clocked by clk)
Path Group: clk
Path Type: max

Fanout         Cap        Slew       Delay        Time   Description
---------------------------------------------------------------------------------------------
                                  0.000000    0.000000   clock clk (rise edge)
                                  5.570000    5.570000   clock network delay (propagated)
                                  3.740000    9.310000 v input external delay
     1    0.003907    0.140000    0.000000    9.310000 v wbs_we_i (in)
                                                         wbs_we_i (net)
                      0.140193    0.000101    9.310102 v input50/A (sky130_fd_sc_hd__buf_2)
     5    0.057659    0.098118    0.190932    9.501033 v input50/X (sky130_fd_sc_hd__buf_2)
                                                         net50 (net)
                      0.100505    0.012800    9.513833 v _35_/A_N (sky130_fd_sc_hd__and4b_1)
     1    0.015279    0.123620    0.247958    9.761791 ^ _35_/X (sky130_fd_sc_hd__and4b_1)
                                                         net72 (net)
                      0.123635    0.001450    9.763241 ^ output72/A (sky130_fd_sc_hd__buf_12)
     1    0.193255    0.169602    0.182155    9.945395 ^ output72/X (sky130_fd_sc_hd__buf_12)
                                                         wbs_dat_o[28] (net)
                      0.170682    0.011563    9.956959 ^ wbs_dat_o[28] (out)
                                              9.956959   data arrival time

                                 25.000000   25.000000   clock clk (rise edge)
                                  4.650000   29.650000   clock network delay (propagated)
                                 -0.100000   29.549999   clock uncertainty
                                  0.000000   29.549999   clock reconvergence pessimism
                                 -3.620000   25.929998   output external delay
                                             25.929998   data required time
---------------------------------------------------------------------------------------------
                                             25.929998   data required time
                                             -9.956959   data arrival time
---------------------------------------------------------------------------------------------
                                             15.973041   slack (MET)


Startpoint: wbs_we_i (input port clocked by clk)
Endpoint: wbs_dat_o[30] (output port clocked by clk)
Path Group: clk
Path Type: max

Fanout         Cap        Slew       Delay        Time   Description
---------------------------------------------------------------------------------------------
                                  0.000000    0.000000   clock clk (rise edge)
                                  5.570000    5.570000   clock network delay (propagated)
                                  3.740000    9.310000 v input external delay
     1    0.003907    0.140000    0.000000    9.310000 v wbs_we_i (in)
                                                         wbs_we_i (net)
                      0.140193    0.000101    9.310102 v input50/A (sky130_fd_sc_hd__buf_2)
     5    0.057659    0.098118    0.190932    9.501033 v input50/X (sky130_fd_sc_hd__buf_2)
                                                         net50 (net)
                      0.100543    0.012897    9.513930 v _37_/A_N (sky130_fd_sc_hd__and4b_1)
     1    0.013901    0.113977    0.240701    9.754631 ^ _37_/X (sky130_fd_sc_hd__and4b_1)
                                                         net75 (net)
                      0.113989    0.001304    9.755935 ^ output75/A (sky130_fd_sc_hd__buf_12)
     1    0.191271    0.167682    0.181748    9.937683 ^ output75/X (sky130_fd_sc_hd__buf_12)
                                                         wbs_dat_o[30] (net)
                      0.168414    0.009500    9.947183 ^ wbs_dat_o[30] (out)
                                              9.947183   data arrival time

                                 25.000000   25.000000   clock clk (rise edge)
                                  4.650000   29.650000   clock network delay (propagated)
                                 -0.100000   29.549999   clock uncertainty
                                  0.000000   29.549999   clock reconvergence pessimism
                                 -3.620000   25.929998   output external delay
                                             25.929998   data required time
---------------------------------------------------------------------------------------------
                                             25.929998   data required time
                                             -9.947183   data arrival time
---------------------------------------------------------------------------------------------
                                             15.982816   slack (MET)


Startpoint: wbs_we_i (input port clocked by clk)
Endpoint: wbs_dat_o[29] (output port clocked by clk)
Path Group: clk
Path Type: max

Fanout         Cap        Slew       Delay        Time   Description
---------------------------------------------------------------------------------------------
                                  0.000000    0.000000   clock clk (rise edge)
                                  5.570000    5.570000   clock network delay (propagated)
                                  3.740000    9.310000 v input external delay
     1    0.003907    0.140000    0.000000    9.310000 v wbs_we_i (in)
                                                         wbs_we_i (net)
                      0.140193    0.000101    9.310102 v input50/A (sky130_fd_sc_hd__buf_2)
     5    0.057659    0.098118    0.190932    9.501033 v input50/X (sky130_fd_sc_hd__buf_2)
                                                         net50 (net)
                      0.100523    0.012845    9.513878 v _36_/A_N (sky130_fd_sc_hd__and4b_1)
     1    0.013375    0.110301    0.237910    9.751788 ^ _36_/X (sky130_fd_sc_hd__and4b_1)
                                                         net73 (net)
                      0.110311    0.001198    9.752986 ^ output73/A (sky130_fd_sc_hd__buf_12)
     1    0.192820    0.169180    0.181094    9.934080 ^ output73/X (sky130_fd_sc_hd__buf_12)
                                                         wbs_dat_o[29] (net)
                      0.170208    0.011275    9.945355 ^ wbs_dat_o[29] (out)
                                              9.945355   data arrival time

                                 25.000000   25.000000   clock clk (rise edge)
                                  4.650000   29.650000   clock network delay (propagated)
                                 -0.100000   29.549999   clock uncertainty
                                  0.000000   29.549999   clock reconvergence pessimism
                                 -3.620000   25.929998   output external delay
                                             25.929998   data required time
---------------------------------------------------------------------------------------------
                                             25.929998   data required time
                                             -9.945355   data arrival time
---------------------------------------------------------------------------------------------
                                             15.984643   slack (MET)


Startpoint: wbs_we_i (input port clocked by clk)
Endpoint: wbs_dat_o[31] (output port clocked by clk)
Path Group: clk
Path Type: max

Fanout         Cap        Slew       Delay        Time   Description
---------------------------------------------------------------------------------------------
                                  0.000000    0.000000   clock clk (rise edge)
                                  5.570000    5.570000   clock network delay (propagated)
                                  3.740000    9.310000 v input external delay
     1    0.003907    0.140000    0.000000    9.310000 v wbs_we_i (in)
                                                         wbs_we_i (net)
                      0.140193    0.000101    9.310102 v input50/A (sky130_fd_sc_hd__buf_2)
     5    0.057659    0.098118    0.190932    9.501033 v input50/X (sky130_fd_sc_hd__buf_2)
                                                         net50 (net)
                      0.100619    0.013086    9.514119 v _38_/A_N (sky130_fd_sc_hd__and4b_1)
     1    0.012618    0.105016    0.233966    9.748085 ^ _38_/X (sky130_fd_sc_hd__and4b_1)
                                                         net76 (net)
                      0.105025    0.001122    9.749207 ^ output76/A (sky130_fd_sc_hd__buf_12)
     1    0.191026    0.167430    0.181091    9.930298 ^ output76/X (sky130_fd_sc_hd__buf_12)
                                                         wbs_dat_o[31] (net)
                      0.168134    0.009315    9.939613 ^ wbs_dat_o[31] (out)
                                              9.939613   data arrival time

                                 25.000000   25.000000   clock clk (rise edge)
                                  4.650000   29.650000   clock network delay (propagated)
                                 -0.100000   29.549999   clock uncertainty
                                  0.000000   29.549999   clock reconvergence pessimism
                                 -3.620000   25.929998   output external delay
                                             25.929998   data required time
---------------------------------------------------------------------------------------------
                                             25.929998   data required time
                                             -9.939613   data arrival time
---------------------------------------------------------------------------------------------
                                             15.990385   slack (MET)


Startpoint: wbs_dat_i[0] (input port clocked by clk)
Endpoint: i_sram (rising edge-triggered flip-flop clocked by clk)
Path Group: clk
Path Type: max

Fanout         Cap        Slew       Delay        Time   Description
---------------------------------------------------------------------------------------------
                                  0.000000    0.000000   clock clk (rise edge)
                                  5.570000    5.570000   clock network delay (propagated)
                                  4.610000   10.180000 ^ input external delay
     1    0.002992    0.840000    0.000000   10.180000 ^ wbs_dat_i[0] (in)
                                                         wbs_dat_i[0] (net)
                      0.840166    0.000087   10.180087 ^ hold125/A (sky130_fd_sc_hd__dlygate4sd3_1)
     1    0.003123    0.039356    0.412524   10.592611 ^ hold125/X (sky130_fd_sc_hd__dlygate4sd3_1)
                                                         net223 (net)
                      0.039356    0.000243   10.592854 ^ hold15/A (sky130_fd_sc_hd__dlygate4sd3_1)
     1    0.004513    0.048924    0.401828   10.994683 ^ hold15/X (sky130_fd_sc_hd__dlygate4sd3_1)
                                                         net113 (net)
                      0.048924    0.000300   10.994983 ^ input13/A (sky130_fd_sc_hd__buf_4)
     1    0.022824    0.053950    0.098835   11.093818 ^ input13/X (sky130_fd_sc_hd__buf_4)
                                                         net13 (net)
                      0.054159    0.002795   11.096613 ^ hold16/A (sky130_fd_sc_hd__dlygate4sd3_1)
     1    0.081017    0.603225    0.798329   11.894941 ^ hold16/X (sky130_fd_sc_hd__dlygate4sd3_1)
                                                         net114 (net)
                      0.604924    0.027569   11.922510 ^ i_sram/DI[0] (CF_SRAM_1024x32)
                                             11.922510   data arrival time

                                 25.000000   25.000000   clock clk (rise edge)
                                  4.650000   29.650000   clock source latency
     1    0.057342    0.610000    0.000000   29.650000 ^ wb_clk_i (in)
                                                         wb_clk_i (net)
                      0.633560    0.011191   29.661190 ^ clkbuf_0_wb_clk_i/A (sky130_fd_sc_hd__clkbuf_16)
     2    0.069019    0.077912    0.160282   29.821472 ^ clkbuf_0_wb_clk_i/X (sky130_fd_sc_hd__clkbuf_16)
                                                         clknet_0_wb_clk_i (net)
                      0.078338    0.003734   29.825207 ^ clkbuf_1_1__f_wb_clk_i/A (sky130_fd_sc_hd__clkbuf_16)
     1    0.137055    0.116548    0.141910   29.967115 ^ clkbuf_1_1__f_wb_clk_i/X (sky130_fd_sc_hd__clkbuf_16)
                                                         clknet_1_1__leaf_wb_clk_i (net)
                      0.122817    0.019899   29.987015 ^ i_sram/CLKin (CF_SRAM_1024x32)
                                 -0.100000   29.887016   clock uncertainty
                                  0.000000   29.887016   clock reconvergence pessimism
                                 -0.755592   29.131424   library setup time
                                             29.131424   data required time
---------------------------------------------------------------------------------------------
                                             29.131424   data required time
                                            -11.922510   data arrival time
---------------------------------------------------------------------------------------------
                                             17.208912   slack (MET)


Startpoint: wbs_dat_i[3] (input port clocked by clk)
Endpoint: i_sram (rising edge-triggered flip-flop clocked by clk)
Path Group: clk
Path Type: max

Fanout         Cap        Slew       Delay        Time   Description
---------------------------------------------------------------------------------------------
                                  0.000000    0.000000   clock clk (rise edge)
                                  5.570000    5.570000   clock network delay (propagated)
                                  4.610000   10.180000 ^ input external delay
     1    0.006466    0.840000    0.000000   10.180000 ^ wbs_dat_i[3] (in)
                                                         wbs_dat_i[3] (net)
                      0.840586    0.000307   10.180307 ^ hold119/A (sky130_fd_sc_hd__dlygate4sd3_1)
     1    0.005483    0.055357    0.426540   10.606847 ^ hold119/X (sky130_fd_sc_hd__dlygate4sd3_1)
                                                         net217 (net)
                      0.055357    0.000390   10.607237 ^ hold65/A (sky130_fd_sc_hd__dlygate4sd3_1)
     1    0.003369    0.040985    0.398462   11.005699 ^ hold65/X (sky130_fd_sc_hd__dlygate4sd3_1)
                                                         net163 (net)
                      0.041464    0.000151   11.005850 ^ input38/A (sky130_fd_sc_hd__clkbuf_4)
     2    0.023718    0.061709    0.116952   11.122802 ^ input38/X (sky130_fd_sc_hd__clkbuf_4)
                                                         net38 (net)
                      0.061934    0.003102   11.125903 ^ hold66/A (sky130_fd_sc_hd__dlygate4sd3_1)
     1    0.073816    0.550327    0.764200   11.890103 ^ hold66/X (sky130_fd_sc_hd__dlygate4sd3_1)
                                                         net164 (net)
                      0.551546    0.022366   11.912470 ^ i_sram/DI[3] (CF_SRAM_1024x32)
                                             11.912470   data arrival time

                                 25.000000   25.000000   clock clk (rise edge)
                                  4.650000   29.650000   clock source latency
     1    0.057342    0.610000    0.000000   29.650000 ^ wb_clk_i (in)
                                                         wb_clk_i (net)
                      0.633560    0.011191   29.661190 ^ clkbuf_0_wb_clk_i/A (sky130_fd_sc_hd__clkbuf_16)
     2    0.069019    0.077912    0.160282   29.821472 ^ clkbuf_0_wb_clk_i/X (sky130_fd_sc_hd__clkbuf_16)
                                                         clknet_0_wb_clk_i (net)
                      0.078338    0.003734   29.825207 ^ clkbuf_1_1__f_wb_clk_i/A (sky130_fd_sc_hd__clkbuf_16)
     1    0.137055    0.116548    0.141910   29.967115 ^ clkbuf_1_1__f_wb_clk_i/X (sky130_fd_sc_hd__clkbuf_16)
                                                         clknet_1_1__leaf_wb_clk_i (net)
                      0.122817    0.019899   29.987015 ^ i_sram/CLKin (CF_SRAM_1024x32)
                                 -0.100000   29.887016   clock uncertainty
                                  0.000000   29.887016   clock reconvergence pessimism
                                 -0.743016   29.143999   library setup time
                                             29.143999   data required time
---------------------------------------------------------------------------------------------
                                             29.143999   data required time
                                            -11.912470   data arrival time
---------------------------------------------------------------------------------------------
                                             17.231531   slack (MET)


Startpoint: wbs_dat_i[5] (input port clocked by clk)
Endpoint: i_sram (rising edge-triggered flip-flop clocked by clk)
Path Group: clk
Path Type: max

Fanout         Cap        Slew       Delay        Time   Description
---------------------------------------------------------------------------------------------
                                  0.000000    0.000000   clock clk (rise edge)
                                  5.570000    5.570000   clock network delay (propagated)
                                  4.610000   10.180000 ^ input external delay
     1    0.004032    0.840000    0.000000   10.180000 ^ wbs_dat_i[5] (in)
                                                         wbs_dat_i[5] (net)
                      0.840190    0.000099   10.180099 ^ hold108/A (sky130_fd_sc_hd__dlygate4sd3_1)
     1    0.005139    0.053091    0.424660   10.604760 ^ hold108/X (sky130_fd_sc_hd__dlygate4sd3_1)
                                                         net206 (net)
                      0.053091    0.000210   10.604971 ^ hold37/A (sky130_fd_sc_hd__dlygate4sd3_1)
     1    0.007228    0.067269    0.420373   11.025344 ^ hold37/X (sky130_fd_sc_hd__dlygate4sd3_1)
                                                         net135 (net)
                      0.067336    0.000477   11.025821 ^ input40/A (sky130_fd_sc_hd__clkbuf_4)
     1    0.017907    0.049668    0.116072   11.141892 ^ input40/X (sky130_fd_sc_hd__clkbuf_4)
                                                         net40 (net)
                      0.049777    0.001652   11.143544 ^ hold38/A (sky130_fd_sc_hd__dlygate4sd3_1)
     1    0.070912    0.529004    0.748091   11.891635 ^ hold38/X (sky130_fd_sc_hd__dlygate4sd3_1)
                                                         net136 (net)
                      0.529959    0.019455   11.911089 ^ i_sram/DI[5] (CF_SRAM_1024x32)
                                             11.911089   data arrival time

                                 25.000000   25.000000   clock clk (rise edge)
                                  4.650000   29.650000   clock source latency
     1    0.057342    0.610000    0.000000   29.650000 ^ wb_clk_i (in)
                                                         wb_clk_i (net)
                      0.633560    0.011191   29.661190 ^ clkbuf_0_wb_clk_i/A (sky130_fd_sc_hd__clkbuf_16)
     2    0.069019    0.077912    0.160282   29.821472 ^ clkbuf_0_wb_clk_i/X (sky130_fd_sc_hd__clkbuf_16)
                                                         clknet_0_wb_clk_i (net)
                      0.078338    0.003734   29.825207 ^ clkbuf_1_1__f_wb_clk_i/A (sky130_fd_sc_hd__clkbuf_16)
     1    0.137055    0.116548    0.141910   29.967115 ^ clkbuf_1_1__f_wb_clk_i/X (sky130_fd_sc_hd__clkbuf_16)
                                                         clknet_1_1__leaf_wb_clk_i (net)
                      0.122817    0.019899   29.987015 ^ i_sram/CLKin (CF_SRAM_1024x32)
                                 -0.100000   29.887016   clock uncertainty
                                  0.000000   29.887016   clock reconvergence pessimism
                                 -0.737931   29.149086   library setup time
                                             29.149086   data required time
---------------------------------------------------------------------------------------------
                                             29.149086   data required time
                                            -11.911089   data arrival time
---------------------------------------------------------------------------------------------
                                             17.237997   slack (MET)


Startpoint: wbs_dat_i[2] (input port clocked by clk)
Endpoint: i_sram (rising edge-triggered flip-flop clocked by clk)
Path Group: clk
Path Type: max

Fanout         Cap        Slew       Delay        Time   Description
---------------------------------------------------------------------------------------------
                                  0.000000    0.000000   clock clk (rise edge)
                                  5.570000    5.570000   clock network delay (propagated)
                                  4.610000   10.180000 ^ input external delay
     1    0.004705    0.840000    0.000000   10.180000 ^ wbs_dat_i[2] (in)
                                                         wbs_dat_i[2] (net)
                      0.840236    0.000123   10.180123 ^ hold118/A (sky130_fd_sc_hd__dlygate4sd3_1)
     1    0.004886    0.051373    0.423153   10.603277 ^ hold118/X (sky130_fd_sc_hd__dlygate4sd3_1)
                                                         net216 (net)
                      0.051373    0.000354   10.603631 ^ hold3/A (sky130_fd_sc_hd__dlygate4sd3_1)
     1    0.005422    0.054956    0.409681   11.013312 ^ hold3/X (sky130_fd_sc_hd__dlygate4sd3_1)
                                                         net101 (net)
                      0.054956    0.000406   11.013719 ^ input35/A (sky130_fd_sc_hd__buf_4)
     2    0.024334    0.056910    0.102079   11.115797 ^ input35/X (sky130_fd_sc_hd__buf_4)
                                                         net35 (net)
                      0.057285    0.003846   11.119643 ^ hold4/A (sky130_fd_sc_hd__dlygate4sd3_1)
     1    0.073517    0.548417    0.761029   11.880672 ^ hold4/X (sky130_fd_sc_hd__dlygate4sd3_1)
                                                         net102 (net)
                      0.549814    0.023876   11.904549 ^ i_sram/DI[2] (CF_SRAM_1024x32)
                                             11.904549   data arrival time

                                 25.000000   25.000000   clock clk (rise edge)
                                  4.650000   29.650000   clock source latency
     1    0.057342    0.610000    0.000000   29.650000 ^ wb_clk_i (in)
                                                         wb_clk_i (net)
                      0.633560    0.011191   29.661190 ^ clkbuf_0_wb_clk_i/A (sky130_fd_sc_hd__clkbuf_16)
     2    0.069019    0.077912    0.160282   29.821472 ^ clkbuf_0_wb_clk_i/X (sky130_fd_sc_hd__clkbuf_16)
                                                         clknet_0_wb_clk_i (net)
                      0.078338    0.003734   29.825207 ^ clkbuf_1_1__f_wb_clk_i/A (sky130_fd_sc_hd__clkbuf_16)
     1    0.137055    0.116548    0.141910   29.967115 ^ clkbuf_1_1__f_wb_clk_i/X (sky130_fd_sc_hd__clkbuf_16)
                                                         clknet_1_1__leaf_wb_clk_i (net)
                      0.122817    0.019899   29.987015 ^ i_sram/CLKin (CF_SRAM_1024x32)
                                 -0.100000   29.887016   clock uncertainty
                                  0.000000   29.887016   clock reconvergence pessimism
                                 -0.742608   29.144409   library setup time
                                             29.144409   data required time
---------------------------------------------------------------------------------------------
                                             29.144409   data required time
                                            -11.904549   data arrival time
---------------------------------------------------------------------------------------------
                                             17.239861   slack (MET)


Startpoint: wbs_dat_i[1] (input port clocked by clk)
Endpoint: i_sram (rising edge-triggered flip-flop clocked by clk)
Path Group: clk
Path Type: max

Fanout         Cap        Slew       Delay        Time   Description
---------------------------------------------------------------------------------------------
                                  0.000000    0.000000   clock clk (rise edge)
                                  5.570000    5.570000   clock network delay (propagated)
                                  4.610000   10.180000 ^ input external delay
     1    0.004335    0.840000    0.000000   10.180000 ^ wbs_dat_i[1] (in)
                                                         wbs_dat_i[1] (net)
                      0.840211    0.000111   10.180111 ^ hold122/A (sky130_fd_sc_hd__dlygate4sd3_1)
     1    0.002298    0.034386    0.407034   10.587146 ^ hold122/X (sky130_fd_sc_hd__dlygate4sd3_1)
                                                         net220 (net)
                      0.034386    0.000112   10.587257 ^ hold9/A (sky130_fd_sc_hd__dlygate4sd3_1)
     1    0.003524    0.042491    0.394888   10.982145 ^ hold9/X (sky130_fd_sc_hd__dlygate4sd3_1)
                                                         net107 (net)
                      0.042491    0.000248   10.982393 ^ input24/A (sky130_fd_sc_hd__buf_4)
     1    0.016145    0.041492    0.086812   11.069205 ^ input24/X (sky130_fd_sc_hd__buf_4)
                                                         net24 (net)
                      0.041665    0.002230   11.071436 ^ hold10/A (sky130_fd_sc_hd__dlygate4sd3_1)
     1    0.074010    0.552334    0.760172   11.831608 ^ hold10/X (sky130_fd_sc_hd__dlygate4sd3_1)
                                                         net108 (net)
                      0.553569    0.022570   11.854177 ^ i_sram/DI[1] (CF_SRAM_1024x32)
                                             11.854177   data arrival time

                                 25.000000   25.000000   clock clk (rise edge)
                                  4.650000   29.650000   clock source latency
     1    0.057342    0.610000    0.000000   29.650000 ^ wb_clk_i (in)
                                                         wb_clk_i (net)
                      0.633560    0.011191   29.661190 ^ clkbuf_0_wb_clk_i/A (sky130_fd_sc_hd__clkbuf_16)
     2    0.069019    0.077912    0.160282   29.821472 ^ clkbuf_0_wb_clk_i/X (sky130_fd_sc_hd__clkbuf_16)
                                                         clknet_0_wb_clk_i (net)
                      0.078338    0.003734   29.825207 ^ clkbuf_1_1__f_wb_clk_i/A (sky130_fd_sc_hd__clkbuf_16)
     1    0.137055    0.116548    0.141910   29.967115 ^ clkbuf_1_1__f_wb_clk_i/X (sky130_fd_sc_hd__clkbuf_16)
                                                         clknet_1_1__leaf_wb_clk_i (net)
                      0.122817    0.019899   29.987015 ^ i_sram/CLKin (CF_SRAM_1024x32)
                                 -0.100000   29.887016   clock uncertainty
                                  0.000000   29.887016   clock reconvergence pessimism
                                 -0.743493   29.143524   library setup time
                                             29.143524   data required time
---------------------------------------------------------------------------------------------
                                             29.143524   data required time
                                            -11.854177   data arrival time
---------------------------------------------------------------------------------------------
                                             17.289345   slack (MET)


Startpoint: wbs_dat_i[25] (input port clocked by clk)
Endpoint: i_sram (rising edge-triggered flip-flop clocked by clk)
Path Group: clk
Path Type: max

Fanout         Cap        Slew       Delay        Time   Description
---------------------------------------------------------------------------------------------
                                  0.000000    0.000000   clock clk (rise edge)
                                  5.570000    5.570000   clock network delay (propagated)
                                  4.610000   10.180000 ^ input external delay
     1    0.005920    0.840000    0.000000   10.180000 ^ wbs_dat_i[25] (in)
                                                         wbs_dat_i[25] (net)
                      0.840287    0.000151   10.180151 ^ hold120/A (sky130_fd_sc_hd__dlygate4sd3_1)
     1    0.004630    0.049684    0.421693   10.601844 ^ hold120/X (sky130_fd_sc_hd__dlygate4sd3_1)
                                                         net218 (net)
                      0.049684    0.000328   10.602172 ^ hold73/A (sky130_fd_sc_hd__dlygate4sd3_1)
     1    0.006503    0.062317    0.415463   11.017635 ^ hold73/X (sky130_fd_sc_hd__dlygate4sd3_1)
                                                         net171 (net)
                      0.062317    0.000461   11.018096 ^ input30/A (sky130_fd_sc_hd__clkbuf_4)
     1    0.038140    0.093256    0.143232   11.161328 ^ input30/X (sky130_fd_sc_hd__clkbuf_4)
                                                         net30 (net)
                      0.094217    0.007942   11.169271 ^ hold74/A (sky130_fd_sc_hd__dlygate4sd3_1)
     1    0.052591    0.395027    0.662726   11.831996 ^ hold74/X (sky130_fd_sc_hd__dlygate4sd3_1)
                                                         net172 (net)
                      0.395621    0.011560   11.843555 ^ i_sram/DI[25] (CF_SRAM_1024x32)
                                             11.843555   data arrival time

                                 25.000000   25.000000   clock clk (rise edge)
                                  4.650000   29.650000   clock source latency
     1    0.057342    0.610000    0.000000   29.650000 ^ wb_clk_i (in)
                                                         wb_clk_i (net)
                      0.633560    0.011191   29.661190 ^ clkbuf_0_wb_clk_i/A (sky130_fd_sc_hd__clkbuf_16)
     2    0.069019    0.077912    0.160282   29.821472 ^ clkbuf_0_wb_clk_i/X (sky130_fd_sc_hd__clkbuf_16)
                                                         clknet_0_wb_clk_i (net)
                      0.078338    0.003734   29.825207 ^ clkbuf_1_1__f_wb_clk_i/A (sky130_fd_sc_hd__clkbuf_16)
     1    0.137055    0.116548    0.141910   29.967115 ^ clkbuf_1_1__f_wb_clk_i/X (sky130_fd_sc_hd__clkbuf_16)
                                                         clknet_1_1__leaf_wb_clk_i (net)
                      0.122817    0.019899   29.987015 ^ i_sram/CLKin (CF_SRAM_1024x32)
                                 -0.100000   29.887016   clock uncertainty
                                  0.000000   29.887016   clock reconvergence pessimism
                                 -0.692982   29.194035   library setup time
                                             29.194035   data required time
---------------------------------------------------------------------------------------------
                                             29.194035   data required time
                                            -11.843555   data arrival time
---------------------------------------------------------------------------------------------
                                             17.350479   slack (MET)


Startpoint: wbs_dat_i[7] (input port clocked by clk)
Endpoint: i_sram (rising edge-triggered flip-flop clocked by clk)
Path Group: clk
Path Type: max

Fanout         Cap        Slew       Delay        Time   Description
---------------------------------------------------------------------------------------------
                                  0.000000    0.000000   clock clk (rise edge)
                                  5.570000    5.570000   clock network delay (propagated)
                                  4.610000   10.180000 ^ input external delay
     1    0.003538    0.840000    0.000000   10.180000 ^ wbs_dat_i[7] (in)
                                                         wbs_dat_i[7] (net)
                      0.840166    0.000087   10.180087 ^ hold105/A (sky130_fd_sc_hd__dlygate4sd3_1)
     1    0.002102    0.033298    0.405710   10.585797 ^ hold105/X (sky130_fd_sc_hd__dlygate4sd3_1)
                                                         net203 (net)
                      0.033298    0.000157   10.585955 ^ hold31/A (sky130_fd_sc_hd__dlygate4sd3_1)
     1    0.002933    0.038130    0.390662   10.976616 ^ hold31/X (sky130_fd_sc_hd__dlygate4sd3_1)
                                                         net129 (net)
                      0.038597    0.000230   10.976847 ^ input42/A (sky130_fd_sc_hd__clkbuf_4)
     1    0.017877    0.049474    0.107119   11.083965 ^ input42/X (sky130_fd_sc_hd__clkbuf_4)
                                                         net42 (net)
                      0.049607    0.001865   11.085831 ^ hold32/A (sky130_fd_sc_hd__dlygate4sd3_1)
     1    0.063431    0.474209    0.710628   11.796458 ^ hold32/X (sky130_fd_sc_hd__dlygate4sd3_1)
                                                         net130 (net)
                      0.475099    0.015913   11.812372 ^ i_sram/DI[7] (CF_SRAM_1024x32)
                                             11.812372   data arrival time

                                 25.000000   25.000000   clock clk (rise edge)
                                  4.650000   29.650000   clock source latency
     1    0.057342    0.610000    0.000000   29.650000 ^ wb_clk_i (in)
                                                         wb_clk_i (net)
                      0.633560    0.011191   29.661190 ^ clkbuf_0_wb_clk_i/A (sky130_fd_sc_hd__clkbuf_16)
     2    0.069019    0.077912    0.160282   29.821472 ^ clkbuf_0_wb_clk_i/X (sky130_fd_sc_hd__clkbuf_16)
                                                         clknet_0_wb_clk_i (net)
                      0.078338    0.003734   29.825207 ^ clkbuf_1_1__f_wb_clk_i/A (sky130_fd_sc_hd__clkbuf_16)
     1    0.137055    0.116548    0.141910   29.967115 ^ clkbuf_1_1__f_wb_clk_i/X (sky130_fd_sc_hd__clkbuf_16)
                                                         clknet_1_1__leaf_wb_clk_i (net)
                      0.122817    0.019899   29.987015 ^ i_sram/CLKin (CF_SRAM_1024x32)
                                 -0.100000   29.887016   clock uncertainty
                                  0.000000   29.887016   clock reconvergence pessimism
                                 -0.721833   29.165184   library setup time
                                             29.165184   data required time
---------------------------------------------------------------------------------------------
                                             29.165184   data required time
                                            -11.812372   data arrival time
---------------------------------------------------------------------------------------------
                                             17.352812   slack (MET)


Startpoint: wbs_dat_i[4] (input port clocked by clk)
Endpoint: i_sram (rising edge-triggered flip-flop clocked by clk)
Path Group: clk
Path Type: max

Fanout         Cap        Slew       Delay        Time   Description
---------------------------------------------------------------------------------------------
                                  0.000000    0.000000   clock clk (rise edge)
                                  5.570000    5.570000   clock network delay (propagated)
                                  4.610000   10.180000 ^ input external delay
     1    0.004346    0.840000    0.000000   10.180000 ^ wbs_dat_i[4] (in)
                                                         wbs_dat_i[4] (net)
                      0.840207    0.000108   10.180109 ^ hold115/A (sky130_fd_sc_hd__dlygate4sd3_1)
     1    0.001990    0.032726    0.404976   10.585084 ^ hold115/X (sky130_fd_sc_hd__dlygate4sd3_1)
                                                         net213 (net)
                      0.032726    0.000096   10.585180 ^ hold47/A (sky130_fd_sc_hd__dlygate4sd3_1)
     1    0.003580    0.042863    0.394892   10.980072 ^ hold47/X (sky130_fd_sc_hd__dlygate4sd3_1)
                                                         net145 (net)
                      0.042863    0.000248   10.980320 ^ input39/A (sky130_fd_sc_hd__clkbuf_4)
     2    0.018517    0.050671    0.108986   11.089306 ^ input39/X (sky130_fd_sc_hd__clkbuf_4)
                                                         net39 (net)
                      0.050916    0.002893   11.092198 ^ hold48/A (sky130_fd_sc_hd__dlygate4sd3_1)
     1    0.060758    0.454881    0.696112   11.788310 ^ hold48/X (sky130_fd_sc_hd__dlygate4sd3_1)
                                                         net146 (net)
                      0.455714    0.016827   11.805138 ^ i_sram/DI[4] (CF_SRAM_1024x32)
                                             11.805138   data arrival time

                                 25.000000   25.000000   clock clk (rise edge)
                                  4.650000   29.650000   clock source latency
     1    0.057342    0.610000    0.000000   29.650000 ^ wb_clk_i (in)
                                                         wb_clk_i (net)
                      0.633560    0.011191   29.661190 ^ clkbuf_0_wb_clk_i/A (sky130_fd_sc_hd__clkbuf_16)
     2    0.069019    0.077912    0.160282   29.821472 ^ clkbuf_0_wb_clk_i/X (sky130_fd_sc_hd__clkbuf_16)
                                                         clknet_0_wb_clk_i (net)
                      0.078338    0.003734   29.825207 ^ clkbuf_1_1__f_wb_clk_i/A (sky130_fd_sc_hd__clkbuf_16)
     1    0.137055    0.116548    0.141910   29.967115 ^ clkbuf_1_1__f_wb_clk_i/X (sky130_fd_sc_hd__clkbuf_16)
                                                         clknet_1_1__leaf_wb_clk_i (net)
                      0.122817    0.019899   29.987015 ^ i_sram/CLKin (CF_SRAM_1024x32)
                                 -0.100000   29.887016   clock uncertainty
                                  0.000000   29.887016   clock reconvergence pessimism
                                 -0.714796   29.172220   library setup time
                                             29.172220   data required time
---------------------------------------------------------------------------------------------
                                             29.172220   data required time
                                            -11.805138   data arrival time
---------------------------------------------------------------------------------------------
                                             17.367083   slack (MET)


Startpoint: wbs_dat_i[21] (input port clocked by clk)
Endpoint: i_sram (rising edge-triggered flip-flop clocked by clk)
Path Group: clk
Path Type: max

Fanout         Cap        Slew       Delay        Time   Description
---------------------------------------------------------------------------------------------
                                  0.000000    0.000000   clock clk (rise edge)
                                  5.570000    5.570000   clock network delay (propagated)
                                  4.610000   10.180000 v input external delay
     1    0.003130    0.840000    0.000000   10.180000 v wbs_dat_i[21] (in)
                                                         wbs_dat_i[21] (net)
                      0.840175    0.000092   10.180093 v hold114/A (sky130_fd_sc_hd__dlygate4sd3_1)
     1    0.003521    0.041542    0.624852   10.804945 v hold114/X (sky130_fd_sc_hd__dlygate4sd3_1)
                                                         net212 (net)
                      0.041542    0.000285   10.805230 v hold55/A (sky130_fd_sc_hd__dlygate4sd3_1)
     1    0.004051    0.043015    0.389337   11.194567 v hold55/X (sky130_fd_sc_hd__dlygate4sd3_1)
                                                         net153 (net)
                      0.043015    0.000300   11.194867 v input26/A (sky130_fd_sc_hd__clkbuf_4)
     1    0.039514    0.064460    0.136256   11.331123 v input26/X (sky130_fd_sc_hd__clkbuf_4)
                                                         net26 (net)
                      0.065884    0.007990   11.339113 v hold56/A (sky130_fd_sc_hd__dlygate4sd3_1)
     1    0.048792    0.177908    0.532942   11.872055 v hold56/X (sky130_fd_sc_hd__dlygate4sd3_1)
                                                         net154 (net)
                      0.178565    0.009795   11.881849 v i_sram/DI[21] (CF_SRAM_1024x32)
                                             11.881849   data arrival time

                                 25.000000   25.000000   clock clk (rise edge)
                                  4.650000   29.650000   clock source latency
     1    0.057342    0.610000    0.000000   29.650000 ^ wb_clk_i (in)
                                                         wb_clk_i (net)
                      0.633560    0.011191   29.661190 ^ clkbuf_0_wb_clk_i/A (sky130_fd_sc_hd__clkbuf_16)
     2    0.069019    0.077912    0.160282   29.821472 ^ clkbuf_0_wb_clk_i/X (sky130_fd_sc_hd__clkbuf_16)
                                                         clknet_0_wb_clk_i (net)
                      0.078338    0.003734   29.825207 ^ clkbuf_1_1__f_wb_clk_i/A (sky130_fd_sc_hd__clkbuf_16)
     1    0.137055    0.116548    0.141910   29.967115 ^ clkbuf_1_1__f_wb_clk_i/X (sky130_fd_sc_hd__clkbuf_16)
                                                         clknet_1_1__leaf_wb_clk_i (net)
                      0.122817    0.019899   29.987015 ^ i_sram/CLKin (CF_SRAM_1024x32)
                                 -0.100000   29.887016   clock uncertainty
                                  0.000000   29.887016   clock reconvergence pessimism
                                 -0.617939   29.269077   library setup time
                                             29.269077   data required time
---------------------------------------------------------------------------------------------
                                             29.269077   data required time
                                            -11.881849   data arrival time
---------------------------------------------------------------------------------------------
                                             17.387226   slack (MET)


Startpoint: wbs_dat_i[22] (input port clocked by clk)
Endpoint: i_sram (rising edge-triggered flip-flop clocked by clk)
Path Group: clk
Path Type: max

Fanout         Cap        Slew       Delay        Time   Description
---------------------------------------------------------------------------------------------
                                  0.000000    0.000000   clock clk (rise edge)
                                  5.570000    5.570000   clock network delay (propagated)
                                  4.610000   10.180000 v input external delay
     1    0.003977    0.840000    0.000000   10.180000 v wbs_dat_i[22] (in)
                                                         wbs_dat_i[22] (net)
                      0.840183    0.000096   10.180097 v hold112/A (sky130_fd_sc_hd__dlygate4sd3_1)
     1    0.002767    0.037941    0.620165   10.800261 v hold112/X (sky130_fd_sc_hd__dlygate4sd3_1)
                                                         net210 (net)
                      0.037941    0.000121   10.800383 v hold57/A (sky130_fd_sc_hd__dlygate4sd3_1)
     1    0.003458    0.041050    0.384783   11.185165 v hold57/X (sky130_fd_sc_hd__dlygate4sd3_1)
                                                         net155 (net)
                      0.041050    0.000222   11.185388 v input27/A (sky130_fd_sc_hd__clkbuf_4)
     1    0.040612    0.066378    0.135066   11.320454 v input27/X (sky130_fd_sc_hd__clkbuf_4)
                                                         net27 (net)
                      0.068714    0.010296   11.330750 v hold58/A (sky130_fd_sc_hd__dlygate4sd3_1)
     1    0.050458    0.183187    0.537947   11.868695 v hold58/X (sky130_fd_sc_hd__dlygate4sd3_1)
                                                         net156 (net)
                      0.183916    0.010447   11.879143 v i_sram/DI[22] (CF_SRAM_1024x32)
                                             11.879143   data arrival time

                                 25.000000   25.000000   clock clk (rise edge)
                                  4.650000   29.650000   clock source latency
     1    0.057342    0.610000    0.000000   29.650000 ^ wb_clk_i (in)
                                                         wb_clk_i (net)
                      0.633560    0.011191   29.661190 ^ clkbuf_0_wb_clk_i/A (sky130_fd_sc_hd__clkbuf_16)
     2    0.069019    0.077912    0.160282   29.821472 ^ clkbuf_0_wb_clk_i/X (sky130_fd_sc_hd__clkbuf_16)
                                                         clknet_0_wb_clk_i (net)
                      0.078338    0.003734   29.825207 ^ clkbuf_1_1__f_wb_clk_i/A (sky130_fd_sc_hd__clkbuf_16)
     1    0.137055    0.116548    0.141910   29.967115 ^ clkbuf_1_1__f_wb_clk_i/X (sky130_fd_sc_hd__clkbuf_16)
                                                         clknet_1_1__leaf_wb_clk_i (net)
                      0.122817    0.019899   29.987015 ^ i_sram/CLKin (CF_SRAM_1024x32)
                                 -0.100000   29.887016   clock uncertainty
                                  0.000000   29.887016   clock reconvergence pessimism
                                 -0.619941   29.267075   library setup time
                                             29.267075   data required time
---------------------------------------------------------------------------------------------
                                             29.267075   data required time
                                            -11.879143   data arrival time
---------------------------------------------------------------------------------------------
                                             17.387934   slack (MET)


Startpoint: wbs_dat_i[16] (input port clocked by clk)
Endpoint: i_sram (rising edge-triggered flip-flop clocked by clk)
Path Group: clk
Path Type: max

Fanout         Cap        Slew       Delay        Time   Description
---------------------------------------------------------------------------------------------
                                  0.000000    0.000000   clock clk (rise edge)
                                  5.570000    5.570000   clock network delay (propagated)
                                  4.610000   10.180000 v input external delay
     1    0.002853    0.840000    0.000000   10.180000 v wbs_dat_i[16] (in)
                                                         wbs_dat_i[16] (net)
                      0.840152    0.000080   10.180080 v hold113/A (sky130_fd_sc_hd__dlygate4sd3_1)
     1    0.003985    0.043161    0.627286   10.807366 v hold113/X (sky130_fd_sc_hd__dlygate4sd3_1)
                                                         net211 (net)
                      0.043161    0.000309   10.807675 v hold49/A (sky130_fd_sc_hd__dlygate4sd3_1)
     1    0.003970    0.042814    0.389639   11.197313 v hold49/X (sky130_fd_sc_hd__dlygate4sd3_1)
                                                         net147 (net)
                      0.042814    0.000250   11.197564 v input20/A (sky130_fd_sc_hd__clkbuf_4)
     1    0.043668    0.070086    0.139657   11.337221 v input20/X (sky130_fd_sc_hd__clkbuf_4)
                                                         net20 (net)
                      0.072057    0.009789   11.347010 v hold50/A (sky130_fd_sc_hd__dlygate4sd3_1)
     1    0.044542    0.164546    0.525863   11.872872 v hold50/X (sky130_fd_sc_hd__dlygate4sd3_1)
                                                         net148 (net)
                      0.164998    0.007883   11.880756 v i_sram/DI[16] (CF_SRAM_1024x32)
                                             11.880756   data arrival time

                                 25.000000   25.000000   clock clk (rise edge)
                                  4.650000   29.650000   clock source latency
     1    0.057342    0.610000    0.000000   29.650000 ^ wb_clk_i (in)
                                                         wb_clk_i (net)
                      0.633560    0.011191   29.661190 ^ clkbuf_0_wb_clk_i/A (sky130_fd_sc_hd__clkbuf_16)
     2    0.069019    0.077912    0.160282   29.821472 ^ clkbuf_0_wb_clk_i/X (sky130_fd_sc_hd__clkbuf_16)
                                                         clknet_0_wb_clk_i (net)
                      0.078338    0.003734   29.825207 ^ clkbuf_1_1__f_wb_clk_i/A (sky130_fd_sc_hd__clkbuf_16)
     1    0.137055    0.116548    0.141910   29.967115 ^ clkbuf_1_1__f_wb_clk_i/X (sky130_fd_sc_hd__clkbuf_16)
                                                         clknet_1_1__leaf_wb_clk_i (net)
                      0.122817    0.019899   29.987015 ^ i_sram/CLKin (CF_SRAM_1024x32)
                                 -0.100000   29.887016   clock uncertainty
                                  0.000000   29.887016   clock reconvergence pessimism
                                 -0.612863   29.274153   library setup time
                                             29.274153   data required time
---------------------------------------------------------------------------------------------
                                             29.274153   data required time
                                            -11.880756   data arrival time
---------------------------------------------------------------------------------------------
                                             17.393398   slack (MET)


Startpoint: wbs_dat_i[30] (input port clocked by clk)
Endpoint: i_sram (rising edge-triggered flip-flop clocked by clk)
Path Group: clk
Path Type: max

Fanout         Cap        Slew       Delay        Time   Description
---------------------------------------------------------------------------------------------
                                  0.000000    0.000000   clock clk (rise edge)
                                  5.570000    5.570000   clock network delay (propagated)
                                  4.610000   10.180000 v input external delay
     1    0.003271    0.840000    0.000000   10.180000 v wbs_dat_i[30] (in)
                                                         wbs_dat_i[30] (net)
                      0.840195    0.000102   10.180102 v hold127/A (sky130_fd_sc_hd__dlygate4sd3_1)
     1    0.003699    0.042496    0.626020   10.806123 v hold127/X (sky130_fd_sc_hd__dlygate4sd3_1)
                                                         net225 (net)
                      0.042496    0.000223   10.806345 v hold25/A (sky130_fd_sc_hd__dlygate4sd3_1)
     1    0.002443    0.036866    0.380219   11.186564 v hold25/X (sky130_fd_sc_hd__dlygate4sd3_1)
                                                         net123 (net)
                      0.036866    0.000119   11.186684 v input36/A (sky130_fd_sc_hd__buf_4)
     1    0.041956    0.051067    0.120121   11.306805 v input36/X (sky130_fd_sc_hd__buf_4)
                                                         net36 (net)
                      0.053701    0.009446   11.316251 v hold26/A (sky130_fd_sc_hd__dlygate4sd3_1)
     1    0.052448    0.189595    0.535506   11.851756 v hold26/X (sky130_fd_sc_hd__dlygate4sd3_1)
                                                         net124 (net)
                      0.190647    0.012688   11.864444 v i_sram/DI[30] (CF_SRAM_1024x32)
                                             11.864444   data arrival time

                                 25.000000   25.000000   clock clk (rise edge)
                                  4.650000   29.650000   clock source latency
     1    0.057342    0.610000    0.000000   29.650000 ^ wb_clk_i (in)
                                                         wb_clk_i (net)
                      0.633560    0.011191   29.661190 ^ clkbuf_0_wb_clk_i/A (sky130_fd_sc_hd__clkbuf_16)
     2    0.069019    0.077912    0.160282   29.821472 ^ clkbuf_0_wb_clk_i/X (sky130_fd_sc_hd__clkbuf_16)
                                                         clknet_0_wb_clk_i (net)
                      0.078338    0.003734   29.825207 ^ clkbuf_1_1__f_wb_clk_i/A (sky130_fd_sc_hd__clkbuf_16)
     1    0.137055    0.116548    0.141910   29.967115 ^ clkbuf_1_1__f_wb_clk_i/X (sky130_fd_sc_hd__clkbuf_16)
                                                         clknet_1_1__leaf_wb_clk_i (net)
                      0.122817    0.019899   29.987015 ^ i_sram/CLKin (CF_SRAM_1024x32)
                                 -0.100000   29.887016   clock uncertainty
                                  0.000000   29.887016   clock reconvergence pessimism
                                 -0.622459   29.264557   library setup time
                                             29.264557   data required time
---------------------------------------------------------------------------------------------
                                             29.264557   data required time
                                            -11.864444   data arrival time
---------------------------------------------------------------------------------------------
                                             17.400114   slack (MET)


Startpoint: wbs_dat_i[23] (input port clocked by clk)
Endpoint: i_sram (rising edge-triggered flip-flop clocked by clk)
Path Group: clk
Path Type: max

Fanout         Cap        Slew       Delay        Time   Description
---------------------------------------------------------------------------------------------
                                  0.000000    0.000000   clock clk (rise edge)
                                  5.570000    5.570000   clock network delay (propagated)
                                  4.610000   10.180000 v input external delay
     1    0.003382    0.840000    0.000000   10.180000 v wbs_dat_i[23] (in)
                                                         wbs_dat_i[23] (net)
                      0.840196    0.000103   10.180103 v hold116/A (sky130_fd_sc_hd__dlygate4sd3_1)
     1    0.002762    0.037896    0.620117   10.800220 v hold116/X (sky130_fd_sc_hd__dlygate4sd3_1)
                                                         net214 (net)
                      0.037896    0.000195   10.800415 v hold59/A (sky130_fd_sc_hd__dlygate4sd3_1)
     1    0.002164    0.035952    0.376625   11.177040 v hold59/X (sky130_fd_sc_hd__dlygate4sd3_1)
                                                         net157 (net)
                      0.035952    0.000107   11.177147 v input28/A (sky130_fd_sc_hd__clkbuf_4)
     1    0.038699    0.063760    0.131492   11.308639 v input28/X (sky130_fd_sc_hd__clkbuf_4)
                                                         net28 (net)
                      0.065469    0.008677   11.317315 v hold60/A (sky130_fd_sc_hd__dlygate4sd3_1)
     1    0.050377    0.182938    0.536307   11.853622 v hold60/X (sky130_fd_sc_hd__dlygate4sd3_1)
                                                         net158 (net)
                      0.183691    0.010608   11.864231 v i_sram/DI[23] (CF_SRAM_1024x32)
                                             11.864231   data arrival time

                                 25.000000   25.000000   clock clk (rise edge)
                                  4.650000   29.650000   clock source latency
     1    0.057342    0.610000    0.000000   29.650000 ^ wb_clk_i (in)
                                                         wb_clk_i (net)
                      0.633560    0.011191   29.661190 ^ clkbuf_0_wb_clk_i/A (sky130_fd_sc_hd__clkbuf_16)
     2    0.069019    0.077912    0.160282   29.821472 ^ clkbuf_0_wb_clk_i/X (sky130_fd_sc_hd__clkbuf_16)
                                                         clknet_0_wb_clk_i (net)
                      0.078338    0.003734   29.825207 ^ clkbuf_1_1__f_wb_clk_i/A (sky130_fd_sc_hd__clkbuf_16)
     1    0.137055    0.116548    0.141910   29.967115 ^ clkbuf_1_1__f_wb_clk_i/X (sky130_fd_sc_hd__clkbuf_16)
                                                         clknet_1_1__leaf_wb_clk_i (net)
                      0.122817    0.019899   29.987015 ^ i_sram/CLKin (CF_SRAM_1024x32)
                                 -0.100000   29.887016   clock uncertainty
                                  0.000000   29.887016   clock reconvergence pessimism
                                 -0.619857   29.267160   library setup time
                                             29.267160   data required time
---------------------------------------------------------------------------------------------
                                             29.267160   data required time
                                            -11.864231   data arrival time
---------------------------------------------------------------------------------------------
                                             17.402929   slack (MET)


Startpoint: wbs_dat_i[27] (input port clocked by clk)
Endpoint: i_sram (rising edge-triggered flip-flop clocked by clk)
Path Group: clk
Path Type: max

Fanout         Cap        Slew       Delay        Time   Description
---------------------------------------------------------------------------------------------
                                  0.000000    0.000000   clock clk (rise edge)
                                  5.570000    5.570000   clock network delay (propagated)
                                  4.610000   10.180000 v input external delay
     1    0.004033    0.840000    0.000000   10.180000 v wbs_dat_i[27] (in)
                                                         wbs_dat_i[27] (net)
                      0.840198    0.000104   10.180104 v hold121/A (sky130_fd_sc_hd__dlygate4sd3_1)
     1    0.002917    0.038599    0.621099   10.801203 v hold121/X (sky130_fd_sc_hd__dlygate4sd3_1)
                                                         net219 (net)
                      0.038599    0.000188   10.801392 v hold7/A (sky130_fd_sc_hd__dlygate4sd3_1)
     1    0.003651    0.042012    0.386226   11.187617 v hold7/X (sky130_fd_sc_hd__dlygate4sd3_1)
                                                         net105 (net)
                      0.042012    0.000289   11.187906 v input32/A (sky130_fd_sc_hd__buf_4)
     1    0.038461    0.047946    0.120523   11.308429 v input32/X (sky130_fd_sc_hd__buf_4)
                                                         net32 (net)
                      0.049992    0.008081   11.316510 v hold8/A (sky130_fd_sc_hd__dlygate4sd3_1)
     1    0.051773    0.187454    0.532595   11.849105 v hold8/X (sky130_fd_sc_hd__dlygate4sd3_1)
                                                         net106 (net)
                      0.188386    0.011905   11.861011 v i_sram/DI[27] (CF_SRAM_1024x32)
                                             11.861011   data arrival time

                                 25.000000   25.000000   clock clk (rise edge)
                                  4.650000   29.650000   clock source latency
     1    0.057342    0.610000    0.000000   29.650000 ^ wb_clk_i (in)
                                                         wb_clk_i (net)
                      0.633560    0.011191   29.661190 ^ clkbuf_0_wb_clk_i/A (sky130_fd_sc_hd__clkbuf_16)
     2    0.069019    0.077912    0.160282   29.821472 ^ clkbuf_0_wb_clk_i/X (sky130_fd_sc_hd__clkbuf_16)
                                                         clknet_0_wb_clk_i (net)
                      0.078338    0.003734   29.825207 ^ clkbuf_1_1__f_wb_clk_i/A (sky130_fd_sc_hd__clkbuf_16)
     1    0.137055    0.116548    0.141910   29.967115 ^ clkbuf_1_1__f_wb_clk_i/X (sky130_fd_sc_hd__clkbuf_16)
                                                         clknet_1_1__leaf_wb_clk_i (net)
                      0.122817    0.019899   29.987015 ^ i_sram/CLKin (CF_SRAM_1024x32)
                                 -0.100000   29.887016   clock uncertainty
                                  0.000000   29.887016   clock reconvergence pessimism
                                 -0.621613   29.265404   library setup time
                                             29.265404   data required time
---------------------------------------------------------------------------------------------
                                             29.265404   data required time
                                            -11.861011   data arrival time
---------------------------------------------------------------------------------------------
                                             17.404392   slack (MET)


Startpoint: wbs_dat_i[20] (input port clocked by clk)
Endpoint: i_sram (rising edge-triggered flip-flop clocked by clk)
Path Group: clk
Path Type: max

Fanout         Cap        Slew       Delay        Time   Description
---------------------------------------------------------------------------------------------
                                  0.000000    0.000000   clock clk (rise edge)
                                  5.570000    5.570000   clock network delay (propagated)
                                  4.610000   10.180000 v input external delay
     1    0.003557    0.840000    0.000000   10.180000 v wbs_dat_i[20] (in)
                                                         wbs_dat_i[20] (net)
                      0.840195    0.000102   10.180102 v hold109/A (sky130_fd_sc_hd__dlygate4sd3_1)
     1    0.002858    0.038331    0.620731   10.800834 v hold109/X (sky130_fd_sc_hd__dlygate4sd3_1)
                                                         net207 (net)
                      0.038331    0.000185   10.801018 v hold51/A (sky130_fd_sc_hd__dlygate4sd3_1)
     1    0.002208    0.036112    0.377072   11.178090 v hold51/X (sky130_fd_sc_hd__dlygate4sd3_1)
                                                         net149 (net)
                      0.036112    0.000108   11.178198 v input25/A (sky130_fd_sc_hd__clkbuf_4)
     1    0.041669    0.067289    0.135254   11.313452 v input25/X (sky130_fd_sc_hd__clkbuf_4)
                                                         net25 (net)
                      0.068980    0.008892   11.322344 v hold52/A (sky130_fd_sc_hd__dlygate4sd3_1)
     1    0.047818    0.174864    0.532006   11.854350 v hold52/X (sky130_fd_sc_hd__dlygate4sd3_1)
                                                         net150 (net)
                      0.175477    0.009388   11.863738 v i_sram/DI[20] (CF_SRAM_1024x32)
                                             11.863738   data arrival time

                                 25.000000   25.000000   clock clk (rise edge)
                                  4.650000   29.650000   clock source latency
     1    0.057342    0.610000    0.000000   29.650000 ^ wb_clk_i (in)
                                                         wb_clk_i (net)
                      0.633560    0.011191   29.661190 ^ clkbuf_0_wb_clk_i/A (sky130_fd_sc_hd__clkbuf_16)
     2    0.069019    0.077912    0.160282   29.821472 ^ clkbuf_0_wb_clk_i/X (sky130_fd_sc_hd__clkbuf_16)
                                                         clknet_0_wb_clk_i (net)
                      0.078338    0.003734   29.825207 ^ clkbuf_1_1__f_wb_clk_i/A (sky130_fd_sc_hd__clkbuf_16)
     1    0.137055    0.116548    0.141910   29.967115 ^ clkbuf_1_1__f_wb_clk_i/X (sky130_fd_sc_hd__clkbuf_16)
                                                         clknet_1_1__leaf_wb_clk_i (net)
                      0.122817    0.019899   29.987015 ^ i_sram/CLKin (CF_SRAM_1024x32)
                                 -0.100000   29.887016   clock uncertainty
                                  0.000000   29.887016   clock reconvergence pessimism
                                 -0.616783   29.270233   library setup time
                                             29.270233   data required time
---------------------------------------------------------------------------------------------
                                             29.270233   data required time
                                            -11.863738   data arrival time
---------------------------------------------------------------------------------------------
                                             17.406496   slack (MET)


Startpoint: wbs_dat_i[31] (input port clocked by clk)
Endpoint: i_sram (rising edge-triggered flip-flop clocked by clk)
Path Group: clk
Path Type: max

Fanout         Cap        Slew       Delay        Time   Description
---------------------------------------------------------------------------------------------
                                  0.000000    0.000000   clock clk (rise edge)
                                  5.570000    5.570000   clock network delay (propagated)
                                  4.610000   10.180000 v input external delay
     1    0.002983    0.840000    0.000000   10.180000 v wbs_dat_i[31] (in)
                                                         wbs_dat_i[31] (net)
                      0.840159    0.000083   10.180083 v hold128/A (sky130_fd_sc_hd__dlygate4sd3_1)
     1    0.002360    0.036616    0.617605   10.797688 v hold128/X (sky130_fd_sc_hd__dlygate4sd3_1)
                                                         net226 (net)
                      0.036616    0.000104   10.797792 v hold29/A (sky130_fd_sc_hd__dlygate4sd3_1)
     1    0.003562    0.041594    0.384905   11.182697 v hold29/X (sky130_fd_sc_hd__dlygate4sd3_1)
                                                         net127 (net)
                      0.041594    0.000244   11.182942 v input37/A (sky130_fd_sc_hd__buf_4)
     1    0.044653    0.053645    0.123378   11.306320 v input37/X (sky130_fd_sc_hd__buf_4)
                                                         net37 (net)
                      0.056742    0.010480   11.316799 v hold30/A (sky130_fd_sc_hd__dlygate4sd3_1)
     1    0.049402    0.180275    0.529005   11.845804 v hold30/X (sky130_fd_sc_hd__dlygate4sd3_1)
                                                         net128 (net)
                      0.181692    0.013211   11.859015 v i_sram/DI[31] (CF_SRAM_1024x32)
                                             11.859015   data arrival time

                                 25.000000   25.000000   clock clk (rise edge)
                                  4.650000   29.650000   clock source latency
     1    0.057342    0.610000    0.000000   29.650000 ^ wb_clk_i (in)
                                                         wb_clk_i (net)
                      0.633560    0.011191   29.661190 ^ clkbuf_0_wb_clk_i/A (sky130_fd_sc_hd__clkbuf_16)
     2    0.069019    0.077912    0.160282   29.821472 ^ clkbuf_0_wb_clk_i/X (sky130_fd_sc_hd__clkbuf_16)
                                                         clknet_0_wb_clk_i (net)
                      0.078338    0.003734   29.825207 ^ clkbuf_1_1__f_wb_clk_i/A (sky130_fd_sc_hd__clkbuf_16)
     1    0.137055    0.116548    0.141910   29.967115 ^ clkbuf_1_1__f_wb_clk_i/X (sky130_fd_sc_hd__clkbuf_16)
                                                         clknet_1_1__leaf_wb_clk_i (net)
                      0.122817    0.019899   29.987015 ^ i_sram/CLKin (CF_SRAM_1024x32)
                                 -0.100000   29.887016   clock uncertainty
                                  0.000000   29.887016   clock reconvergence pessimism
                                 -0.619108   29.267908   library setup time
                                             29.267908   data required time
---------------------------------------------------------------------------------------------
                                             29.267908   data required time
                                            -11.859015   data arrival time
---------------------------------------------------------------------------------------------
                                             17.408892   slack (MET)


Startpoint: wbs_dat_i[24] (input port clocked by clk)
Endpoint: i_sram (rising edge-triggered flip-flop clocked by clk)
Path Group: clk
Path Type: max

Fanout         Cap        Slew       Delay        Time   Description
---------------------------------------------------------------------------------------------
                                  0.000000    0.000000   clock clk (rise edge)
                                  5.570000    5.570000   clock network delay (propagated)
                                  4.610000   10.180000 v input external delay
     1    0.002965    0.840000    0.000000   10.180000 v wbs_dat_i[24] (in)
                                                         wbs_dat_i[24] (net)
                      0.840157    0.000083   10.180083 v hold117/A (sky130_fd_sc_hd__dlygate4sd3_1)
     1    0.001997    0.035247    0.615315   10.795398 v hold117/X (sky130_fd_sc_hd__dlygate4sd3_1)
                                                         net215 (net)
                      0.035247    0.000097   10.795495 v hold63/A (sky130_fd_sc_hd__dlygate4sd3_1)
     1    0.002647    0.037440    0.378593   11.174088 v hold63/X (sky130_fd_sc_hd__dlygate4sd3_1)
                                                         net161 (net)
                      0.037440    0.000185   11.174273 v input29/A (sky130_fd_sc_hd__clkbuf_4)
     1    0.034036    0.057324    0.128765   11.303037 v input29/X (sky130_fd_sc_hd__clkbuf_4)
                                                         net29 (net)
                      0.058359    0.006408   11.309445 v hold64/A (sky130_fd_sc_hd__dlygate4sd3_1)
     1    0.051308    0.185809    0.535485   11.844930 v hold64/X (sky130_fd_sc_hd__dlygate4sd3_1)
                                                         net162 (net)
                      0.186613    0.011040   11.855969 v i_sram/DI[24] (CF_SRAM_1024x32)
                                             11.855969   data arrival time

                                 25.000000   25.000000   clock clk (rise edge)
                                  4.650000   29.650000   clock source latency
     1    0.057342    0.610000    0.000000   29.650000 ^ wb_clk_i (in)
                                                         wb_clk_i (net)
                      0.633560    0.011191   29.661190 ^ clkbuf_0_wb_clk_i/A (sky130_fd_sc_hd__clkbuf_16)
     2    0.069019    0.077912    0.160282   29.821472 ^ clkbuf_0_wb_clk_i/X (sky130_fd_sc_hd__clkbuf_16)
                                                         clknet_0_wb_clk_i (net)
                      0.078338    0.003734   29.825207 ^ clkbuf_1_1__f_wb_clk_i/A (sky130_fd_sc_hd__clkbuf_16)
     1    0.137055    0.116548    0.141910   29.967115 ^ clkbuf_1_1__f_wb_clk_i/X (sky130_fd_sc_hd__clkbuf_16)
                                                         clknet_1_1__leaf_wb_clk_i (net)
                      0.122817    0.019899   29.987015 ^ i_sram/CLKin (CF_SRAM_1024x32)
                                 -0.100000   29.887016   clock uncertainty
                                  0.000000   29.887016   clock reconvergence pessimism
                                 -0.620950   29.266066   library setup time
                                             29.266066   data required time
---------------------------------------------------------------------------------------------
                                             29.266066   data required time
                                            -11.855969   data arrival time
---------------------------------------------------------------------------------------------
                                             17.410095   slack (MET)


Startpoint: wbs_dat_i[6] (input port clocked by clk)
Endpoint: i_sram (rising edge-triggered flip-flop clocked by clk)
Path Group: clk
Path Type: max

Fanout         Cap        Slew       Delay        Time   Description
---------------------------------------------------------------------------------------------
                                  0.000000    0.000000   clock clk (rise edge)
                                  5.570000    5.570000   clock network delay (propagated)
                                  4.610000   10.180000 ^ input external delay
     1    0.003827    0.840000    0.000000   10.180000 ^ wbs_dat_i[6] (in)
                                                         wbs_dat_i[6] (net)
                      0.840236    0.000124   10.180124 ^ hold106/A (sky130_fd_sc_hd__dlygate4sd3_1)
     1    0.002315    0.034462    0.407132   10.587256 ^ hold106/X (sky130_fd_sc_hd__dlygate4sd3_1)
                                                         net204 (net)
                      0.034462    0.000165   10.587422 ^ hold33/A (sky130_fd_sc_hd__dlygate4sd3_1)
     1    0.003665    0.043431    0.395859   10.983281 ^ hold33/X (sky130_fd_sc_hd__dlygate4sd3_1)
                                                         net131 (net)
                      0.043431    0.000243   10.983524 ^ input41/A (sky130_fd_sc_hd__clkbuf_4)
     1    0.017613    0.049311    0.108057   11.091581 ^ input41/X (sky130_fd_sc_hd__clkbuf_4)
                                                         net41 (net)
                      0.049449    0.001937   11.093518 ^ hold34/A (sky130_fd_sc_hd__dlygate4sd3_1)
     1    0.054844    0.411566    0.666476   11.759995 ^ hold34/X (sky130_fd_sc_hd__dlygate4sd3_1)
                                                         net132 (net)
                      0.412274    0.013051   11.773046 ^ i_sram/DI[6] (CF_SRAM_1024x32)
                                             11.773046   data arrival time

                                 25.000000   25.000000   clock clk (rise edge)
                                  4.650000   29.650000   clock source latency
     1    0.057342    0.610000    0.000000   29.650000 ^ wb_clk_i (in)
                                                         wb_clk_i (net)
                      0.633560    0.011191   29.661190 ^ clkbuf_0_wb_clk_i/A (sky130_fd_sc_hd__clkbuf_16)
     2    0.069019    0.077912    0.160282   29.821472 ^ clkbuf_0_wb_clk_i/X (sky130_fd_sc_hd__clkbuf_16)
                                                         clknet_0_wb_clk_i (net)
                      0.078338    0.003734   29.825207 ^ clkbuf_1_1__f_wb_clk_i/A (sky130_fd_sc_hd__clkbuf_16)
     1    0.137055    0.116548    0.141910   29.967115 ^ clkbuf_1_1__f_wb_clk_i/X (sky130_fd_sc_hd__clkbuf_16)
                                                         clknet_1_1__leaf_wb_clk_i (net)
                      0.122817    0.019899   29.987015 ^ i_sram/CLKin (CF_SRAM_1024x32)
                                 -0.100000   29.887016   clock uncertainty
                                  0.000000   29.887016   clock reconvergence pessimism
                                 -0.699027   29.187990   library setup time
                                             29.187990   data required time
---------------------------------------------------------------------------------------------
                                             29.187990   data required time
                                            -11.773046   data arrival time
---------------------------------------------------------------------------------------------
                                             17.414944   slack (MET)


Startpoint: wbs_dat_i[19] (input port clocked by clk)
Endpoint: i_sram (rising edge-triggered flip-flop clocked by clk)
Path Group: clk
Path Type: max

Fanout         Cap        Slew       Delay        Time   Description
---------------------------------------------------------------------------------------------
                                  0.000000    0.000000   clock clk (rise edge)
                                  5.570000    5.570000   clock network delay (propagated)
                                  4.610000   10.180000 v input external delay
     1    0.003314    0.840000    0.000000   10.180000 v wbs_dat_i[19] (in)
                                                         wbs_dat_i[19] (net)
                      0.840186    0.000098   10.180098 v hold111/A (sky130_fd_sc_hd__dlygate4sd3_1)
     1    0.002395    0.036690    0.617804   10.797901 v hold111/X (sky130_fd_sc_hd__dlygate4sd3_1)
                                                         net209 (net)
                      0.036690    0.000176   10.798078 v hold45/A (sky130_fd_sc_hd__dlygate4sd3_1)
     1    0.002434    0.036822    0.377826   11.175903 v hold45/X (sky130_fd_sc_hd__dlygate4sd3_1)
                                                         net143 (net)
                      0.036822    0.000176   11.176079 v input23/A (sky130_fd_sc_hd__clkbuf_4)
     1    0.040472    0.065633    0.134714   11.310793 v input23/X (sky130_fd_sc_hd__clkbuf_4)
                                                         net23 (net)
                      0.066979    0.007859   11.318652 v hold46/A (sky130_fd_sc_hd__dlygate4sd3_1)
     1    0.045954    0.169024    0.526771   11.845423 v hold46/X (sky130_fd_sc_hd__dlygate4sd3_1)
                                                         net144 (net)
                      0.169575    0.008774   11.854198 v i_sram/DI[19] (CF_SRAM_1024x32)
                                             11.854198   data arrival time

                                 25.000000   25.000000   clock clk (rise edge)
                                  4.650000   29.650000   clock source latency
     1    0.057342    0.610000    0.000000   29.650000 ^ wb_clk_i (in)
                                                         wb_clk_i (net)
                      0.633560    0.011191   29.661190 ^ clkbuf_0_wb_clk_i/A (sky130_fd_sc_hd__clkbuf_16)
     2    0.069019    0.077912    0.160282   29.821472 ^ clkbuf_0_wb_clk_i/X (sky130_fd_sc_hd__clkbuf_16)
                                                         clknet_0_wb_clk_i (net)
                      0.078338    0.003734   29.825207 ^ clkbuf_1_1__f_wb_clk_i/A (sky130_fd_sc_hd__clkbuf_16)
     1    0.137055    0.116548    0.141910   29.967115 ^ clkbuf_1_1__f_wb_clk_i/X (sky130_fd_sc_hd__clkbuf_16)
                                                         clknet_1_1__leaf_wb_clk_i (net)
                      0.122817    0.019899   29.987015 ^ i_sram/CLKin (CF_SRAM_1024x32)
                                 -0.100000   29.887016   clock uncertainty
                                  0.000000   29.887016   clock reconvergence pessimism
                                 -0.614575   29.272442   library setup time
                                             29.272442   data required time
---------------------------------------------------------------------------------------------
                                             29.272442   data required time
                                            -11.854198   data arrival time
---------------------------------------------------------------------------------------------
                                             17.418245   slack (MET)


Startpoint: wbs_dat_i[26] (input port clocked by clk)
Endpoint: i_sram (rising edge-triggered flip-flop clocked by clk)
Path Group: clk
Path Type: max

Fanout         Cap        Slew       Delay        Time   Description
---------------------------------------------------------------------------------------------
                                  0.000000    0.000000   clock clk (rise edge)
                                  5.570000    5.570000   clock network delay (propagated)
                                  4.610000   10.180000 v input external delay
     1    0.003475    0.840000    0.000000   10.180000 v wbs_dat_i[26] (in)
                                                         wbs_dat_i[26] (net)
                      0.840200    0.000105   10.180105 v hold124/A (sky130_fd_sc_hd__dlygate4sd3_1)
     1    0.002275    0.036311    0.617058   10.797163 v hold124/X (sky130_fd_sc_hd__dlygate4sd3_1)
                                                         net222 (net)
                      0.036311    0.000161   10.797323 v hold75/A (sky130_fd_sc_hd__dlygate4sd3_1)
     1    0.003120    0.039452    0.381997   11.179320 v hold75/X (sky130_fd_sc_hd__dlygate4sd3_1)
                                                         net173 (net)
                      0.039452    0.000210   11.179530 v input31/A (sky130_fd_sc_hd__clkbuf_4)
     1    0.036026    0.060176    0.130798   11.310328 v input31/X (sky130_fd_sc_hd__clkbuf_4)
                                                         net31 (net)
                      0.061472    0.007351   11.317678 v hold76/A (sky130_fd_sc_hd__dlygate4sd3_1)
     1    0.046074    0.169439    0.524437   11.842115 v hold76/X (sky130_fd_sc_hd__dlygate4sd3_1)
                                                         net174 (net)
                      0.170136    0.009857   11.851973 v i_sram/DI[26] (CF_SRAM_1024x32)
                                             11.851973   data arrival time

                                 25.000000   25.000000   clock clk (rise edge)
                                  4.650000   29.650000   clock source latency
     1    0.057342    0.610000    0.000000   29.650000 ^ wb_clk_i (in)
                                                         wb_clk_i (net)
                      0.633560    0.011191   29.661190 ^ clkbuf_0_wb_clk_i/A (sky130_fd_sc_hd__clkbuf_16)
     2    0.069019    0.077912    0.160282   29.821472 ^ clkbuf_0_wb_clk_i/X (sky130_fd_sc_hd__clkbuf_16)
                                                         clknet_0_wb_clk_i (net)
                      0.078338    0.003734   29.825207 ^ clkbuf_1_1__f_wb_clk_i/A (sky130_fd_sc_hd__clkbuf_16)
     1    0.137055    0.116548    0.141910   29.967115 ^ clkbuf_1_1__f_wb_clk_i/X (sky130_fd_sc_hd__clkbuf_16)
                                                         clknet_1_1__leaf_wb_clk_i (net)
                      0.122817    0.019899   29.987015 ^ i_sram/CLKin (CF_SRAM_1024x32)
                                 -0.100000   29.887016   clock uncertainty
                                  0.000000   29.887016   clock reconvergence pessimism
                                 -0.614785   29.272232   library setup time
                                             29.272232   data required time
---------------------------------------------------------------------------------------------
                                             29.272232   data required time
                                            -11.851973   data arrival time
---------------------------------------------------------------------------------------------
                                             17.420259   slack (MET)


Startpoint: wbs_dat_i[29] (input port clocked by clk)
Endpoint: i_sram (rising edge-triggered flip-flop clocked by clk)
Path Group: clk
Path Type: max

Fanout         Cap        Slew       Delay        Time   Description
---------------------------------------------------------------------------------------------
                                  0.000000    0.000000   clock clk (rise edge)
                                  5.570000    5.570000   clock network delay (propagated)
                                  4.610000   10.180000 v input external delay
     1    0.003334    0.840000    0.000000   10.180000 v wbs_dat_i[29] (in)
                                                         wbs_dat_i[29] (net)
                      0.840156    0.000082   10.180082 v hold126/A (sky130_fd_sc_hd__dlygate4sd3_1)
     1    0.002479    0.036938    0.618336   10.798418 v hold126/X (sky130_fd_sc_hd__dlygate4sd3_1)
                                                         net224 (net)
                      0.036938    0.000166   10.798584 v hold19/A (sky130_fd_sc_hd__dlygate4sd3_1)
     1    0.003610    0.041842    0.385337   11.183921 v hold19/X (sky130_fd_sc_hd__dlygate4sd3_1)
                                                         net117 (net)
                      0.041842    0.000240   11.184160 v input34/A (sky130_fd_sc_hd__buf_4)
     1    0.042441    0.051654    0.122341   11.306501 v input34/X (sky130_fd_sc_hd__buf_4)
                                                         net34 (net)
                      0.054342    0.009600   11.316102 v hold20/A (sky130_fd_sc_hd__dlygate4sd3_1)
     1    0.046699    0.171537    0.522392   11.838494 v hold20/X (sky130_fd_sc_hd__dlygate4sd3_1)
                                                         net118 (net)
                      0.172367    0.010784   11.849278 v i_sram/DI[29] (CF_SRAM_1024x32)
                                             11.849278   data arrival time

                                 25.000000   25.000000   clock clk (rise edge)
                                  4.650000   29.650000   clock source latency
     1    0.057342    0.610000    0.000000   29.650000 ^ wb_clk_i (in)
                                                         wb_clk_i (net)
                      0.633560    0.011191   29.661190 ^ clkbuf_0_wb_clk_i/A (sky130_fd_sc_hd__clkbuf_16)
     2    0.069019    0.077912    0.160282   29.821472 ^ clkbuf_0_wb_clk_i/X (sky130_fd_sc_hd__clkbuf_16)
                                                         clknet_0_wb_clk_i (net)
                      0.078338    0.003734   29.825207 ^ clkbuf_1_1__f_wb_clk_i/A (sky130_fd_sc_hd__clkbuf_16)
     1    0.137055    0.116548    0.141910   29.967115 ^ clkbuf_1_1__f_wb_clk_i/X (sky130_fd_sc_hd__clkbuf_16)
                                                         clknet_1_1__leaf_wb_clk_i (net)
                      0.122817    0.019899   29.987015 ^ i_sram/CLKin (CF_SRAM_1024x32)
                                 -0.100000   29.887016   clock uncertainty
                                  0.000000   29.887016   clock reconvergence pessimism
                                 -0.615620   29.271397   library setup time
                                             29.271397   data required time
---------------------------------------------------------------------------------------------
                                             29.271397   data required time
                                            -11.849278   data arrival time
---------------------------------------------------------------------------------------------
                                             17.422117   slack (MET)


Startpoint: wbs_dat_i[18] (input port clocked by clk)
Endpoint: i_sram (rising edge-triggered flip-flop clocked by clk)
Path Group: clk
Path Type: max

Fanout         Cap        Slew       Delay        Time   Description
---------------------------------------------------------------------------------------------
                                  0.000000    0.000000   clock clk (rise edge)
                                  5.570000    5.570000   clock network delay (propagated)
                                  4.610000   10.180000 v input external delay
     1    0.003841    0.840000    0.000000   10.180000 v wbs_dat_i[18] (in)
                                                         wbs_dat_i[18] (net)
                      0.840168    0.000088   10.180088 v hold107/A (sky130_fd_sc_hd__dlygate4sd3_1)
     1    0.002905    0.038542    0.621018   10.801106 v hold107/X (sky130_fd_sc_hd__dlygate4sd3_1)
                                                         net205 (net)
                      0.038542    0.000188   10.801294 v hold39/A (sky130_fd_sc_hd__dlygate4sd3_1)
     1    0.002254    0.036281    0.377447   11.178741 v hold39/X (sky130_fd_sc_hd__dlygate4sd3_1)
                                                         net137 (net)
                      0.036281    0.000109   11.178851 v input22/A (sky130_fd_sc_hd__clkbuf_4)
     1    0.041278    0.066922    0.134555   11.313407 v input22/X (sky130_fd_sc_hd__clkbuf_4)
                                                         net22 (net)
                      0.068729    0.009150   11.322556 v hold40/A (sky130_fd_sc_hd__dlygate4sd3_1)
     1    0.043217    0.160361    0.521334   11.843890 v hold40/X (sky130_fd_sc_hd__dlygate4sd3_1)
                                                         net138 (net)
                      0.160857    0.008153   11.852044 v i_sram/DI[18] (CF_SRAM_1024x32)
                                             11.852044   data arrival time

                                 25.000000   25.000000   clock clk (rise edge)
                                  4.650000   29.650000   clock source latency
     1    0.057342    0.610000    0.000000   29.650000 ^ wb_clk_i (in)
                                                         wb_clk_i (net)
                      0.633560    0.011191   29.661190 ^ clkbuf_0_wb_clk_i/A (sky130_fd_sc_hd__clkbuf_16)
     2    0.069019    0.077912    0.160282   29.821472 ^ clkbuf_0_wb_clk_i/X (sky130_fd_sc_hd__clkbuf_16)
                                                         clknet_0_wb_clk_i (net)
                      0.078338    0.003734   29.825207 ^ clkbuf_1_1__f_wb_clk_i/A (sky130_fd_sc_hd__clkbuf_16)
     1    0.137055    0.116548    0.141910   29.967115 ^ clkbuf_1_1__f_wb_clk_i/X (sky130_fd_sc_hd__clkbuf_16)
                                                         clknet_1_1__leaf_wb_clk_i (net)
                      0.122817    0.019899   29.987015 ^ i_sram/CLKin (CF_SRAM_1024x32)
                                 -0.100000   29.887016   clock uncertainty
                                  0.000000   29.887016   clock reconvergence pessimism
                                 -0.611314   29.275703   library setup time
                                             29.275703   data required time
---------------------------------------------------------------------------------------------
                                             29.275703   data required time
                                            -11.852044   data arrival time
---------------------------------------------------------------------------------------------
                                             17.423660   slack (MET)


Startpoint: wbs_dat_i[17] (input port clocked by clk)
Endpoint: i_sram (rising edge-triggered flip-flop clocked by clk)
Path Group: clk
Path Type: max

Fanout         Cap        Slew       Delay        Time   Description
---------------------------------------------------------------------------------------------
                                  0.000000    0.000000   clock clk (rise edge)
                                  5.570000    5.570000   clock network delay (propagated)
                                  4.610000   10.180000 v input external delay
     1    0.004183    0.840000    0.000000   10.180000 v wbs_dat_i[17] (in)
                                                         wbs_dat_i[17] (net)
                      0.840203    0.000107   10.180107 v hold110/A (sky130_fd_sc_hd__dlygate4sd3_1)
     1    0.002909    0.038553    0.621026   10.801133 v hold110/X (sky130_fd_sc_hd__dlygate4sd3_1)
                                                         net208 (net)
                      0.038553    0.000226   10.801358 v hold43/A (sky130_fd_sc_hd__dlygate4sd3_1)
     1    0.002207    0.036110    0.377157   11.178515 v hold43/X (sky130_fd_sc_hd__dlygate4sd3_1)
                                                         net141 (net)
                      0.036110    0.000107   11.178622 v input21/A (sky130_fd_sc_hd__clkbuf_4)
     1    0.040751    0.066185    0.134108   11.312730 v input21/X (sky130_fd_sc_hd__clkbuf_4)
                                                         net21 (net)
                      0.067939    0.008965   11.321695 v hold44/A (sky130_fd_sc_hd__dlygate4sd3_1)
     1    0.042684    0.158968    0.519044   11.840739 v hold44/X (sky130_fd_sc_hd__dlygate4sd3_1)
                                                         net142 (net)
                      0.159616    0.009189   11.849929 v i_sram/DI[17] (CF_SRAM_1024x32)
                                             11.849929   data arrival time

                                 25.000000   25.000000   clock clk (rise edge)
                                  4.650000   29.650000   clock source latency
     1    0.057342    0.610000    0.000000   29.650000 ^ wb_clk_i (in)
                                                         wb_clk_i (net)
                      0.633560    0.011191   29.661190 ^ clkbuf_0_wb_clk_i/A (sky130_fd_sc_hd__clkbuf_16)
     2    0.069019    0.077912    0.160282   29.821472 ^ clkbuf_0_wb_clk_i/X (sky130_fd_sc_hd__clkbuf_16)
                                                         clknet_0_wb_clk_i (net)
                      0.078338    0.003734   29.825207 ^ clkbuf_1_1__f_wb_clk_i/A (sky130_fd_sc_hd__clkbuf_16)
     1    0.137055    0.116548    0.141910   29.967115 ^ clkbuf_1_1__f_wb_clk_i/X (sky130_fd_sc_hd__clkbuf_16)
                                                         clknet_1_1__leaf_wb_clk_i (net)
                      0.122817    0.019899   29.987015 ^ i_sram/CLKin (CF_SRAM_1024x32)
                                 -0.100000   29.887016   clock uncertainty
                                  0.000000   29.887016   clock reconvergence pessimism
                                 -0.610849   29.276167   library setup time
                                             29.276167   data required time
---------------------------------------------------------------------------------------------
                                             29.276167   data required time
                                            -11.849929   data arrival time
---------------------------------------------------------------------------------------------
                                             17.426239   slack (MET)


Startpoint: wbs_dat_i[28] (input port clocked by clk)
Endpoint: i_sram (rising edge-triggered flip-flop clocked by clk)
Path Group: clk
Path Type: max

Fanout         Cap        Slew       Delay        Time   Description
---------------------------------------------------------------------------------------------
                                  0.000000    0.000000   clock clk (rise edge)
                                  5.570000    5.570000   clock network delay (propagated)
                                  4.610000   10.180000 v input external delay
     1    0.002345    0.840000    0.000000   10.180000 v wbs_dat_i[28] (in)
                                                         wbs_dat_i[28] (net)
                      0.840127    0.000067   10.180067 v hold123/A (sky130_fd_sc_hd__dlygate4sd3_1)
     1    0.003362    0.040734    0.623874   10.803941 v hold123/X (sky130_fd_sc_hd__dlygate4sd3_1)
                                                         net221 (net)
                      0.040734    0.000232   10.804173 v hold11/A (sky130_fd_sc_hd__dlygate4sd3_1)
     1    0.003109    0.039363    0.383691   11.187864 v hold11/X (sky130_fd_sc_hd__dlygate4sd3_1)
                                                         net109 (net)
                      0.039363    0.000219   11.188084 v input33/A (sky130_fd_sc_hd__buf_4)
     1    0.033978    0.043971    0.116762   11.304846 v input33/X (sky130_fd_sc_hd__buf_4)
                                                         net33 (net)
                      0.045685    0.007054   11.311899 v hold12/A (sky130_fd_sc_hd__dlygate4sd3_1)
     1    0.045692    0.168147    0.517413   11.829312 v hold12/X (sky130_fd_sc_hd__dlygate4sd3_1)
                                                         net110 (net)
                      0.168867    0.009941   11.839253 v i_sram/DI[28] (CF_SRAM_1024x32)
                                             11.839253   data arrival time

                                 25.000000   25.000000   clock clk (rise edge)
                                  4.650000   29.650000   clock source latency
     1    0.057342    0.610000    0.000000   29.650000 ^ wb_clk_i (in)
                                                         wb_clk_i (net)
                      0.633560    0.011191   29.661190 ^ clkbuf_0_wb_clk_i/A (sky130_fd_sc_hd__clkbuf_16)
     2    0.069019    0.077912    0.160282   29.821472 ^ clkbuf_0_wb_clk_i/X (sky130_fd_sc_hd__clkbuf_16)
                                                         clknet_0_wb_clk_i (net)
                      0.078338    0.003734   29.825207 ^ clkbuf_1_1__f_wb_clk_i/A (sky130_fd_sc_hd__clkbuf_16)
     1    0.137055    0.116548    0.141910   29.967115 ^ clkbuf_1_1__f_wb_clk_i/X (sky130_fd_sc_hd__clkbuf_16)
                                                         clknet_1_1__leaf_wb_clk_i (net)
                      0.122817    0.019899   29.987015 ^ i_sram/CLKin (CF_SRAM_1024x32)
                                 -0.100000   29.887016   clock uncertainty
                                  0.000000   29.887016   clock reconvergence pessimism
                                 -0.614310   29.272705   library setup time
                                             29.272705   data required time
---------------------------------------------------------------------------------------------
                                             29.272705   data required time
                                            -11.839253   data arrival time
---------------------------------------------------------------------------------------------
                                             17.433453   slack (MET)


Startpoint: wbs_dat_i[10] (input port clocked by clk)
Endpoint: i_sram (rising edge-triggered flip-flop clocked by clk)
Path Group: clk
Path Type: max

Fanout         Cap        Slew       Delay        Time   Description
---------------------------------------------------------------------------------------------
                                  0.000000    0.000000   clock clk (rise edge)
                                  5.570000    5.570000   clock network delay (propagated)
                                  4.610000   10.180000 v input external delay
     1    0.004272    0.840000    0.000000   10.180000 v wbs_dat_i[10] (in)
                                                         wbs_dat_i[10] (net)
                      0.840193    0.000101   10.180101 v hold102/A (sky130_fd_sc_hd__dlygate4sd3_1)
     1    0.002010    0.035300    0.615392   10.795494 v hold102/X (sky130_fd_sc_hd__dlygate4sd3_1)
                                                         net200 (net)
                      0.035300    0.000147   10.795641 v hold5/A (sky130_fd_sc_hd__dlygate4sd3_1)
     1    0.002755    0.037843    0.379285   11.174926 v hold5/X (sky130_fd_sc_hd__dlygate4sd3_1)
                                                         net103 (net)
                      0.037843    0.000210   11.175137 v input14/A (sky130_fd_sc_hd__clkbuf_4)
     1    0.016246    0.036140    0.110767   11.285904 v input14/X (sky130_fd_sc_hd__clkbuf_4)
                                                         net14 (net)
                      0.036205    0.001421   11.287325 v hold6/A (sky130_fd_sc_hd__dlygate4sd3_1)
     1    0.052550    0.188931    0.531626   11.818952 v hold6/X (sky130_fd_sc_hd__dlygate4sd3_1)
                                                         net104 (net)
                      0.189490    0.009379   11.828331 v i_sram/DI[10] (CF_SRAM_1024x32)
                                             11.828331   data arrival time

                                 25.000000   25.000000   clock clk (rise edge)
                                  4.650000   29.650000   clock source latency
     1    0.057342    0.610000    0.000000   29.650000 ^ wb_clk_i (in)
                                                         wb_clk_i (net)
                      0.633560    0.011191   29.661190 ^ clkbuf_0_wb_clk_i/A (sky130_fd_sc_hd__clkbuf_16)
     2    0.069019    0.077912    0.160282   29.821472 ^ clkbuf_0_wb_clk_i/X (sky130_fd_sc_hd__clkbuf_16)
                                                         clknet_0_wb_clk_i (net)
                      0.078338    0.003734   29.825207 ^ clkbuf_1_1__f_wb_clk_i/A (sky130_fd_sc_hd__clkbuf_16)
     1    0.137055    0.116548    0.141910   29.967115 ^ clkbuf_1_1__f_wb_clk_i/X (sky130_fd_sc_hd__clkbuf_16)
                                                         clknet_1_1__leaf_wb_clk_i (net)
                      0.122817    0.019899   29.987015 ^ i_sram/CLKin (CF_SRAM_1024x32)
                                 -0.100000   29.887016   clock uncertainty
                                  0.000000   29.887016   clock reconvergence pessimism
                                 -0.622026   29.264990   library setup time
                                             29.264990   data required time
---------------------------------------------------------------------------------------------
                                             29.264990   data required time
                                            -11.828331   data arrival time
---------------------------------------------------------------------------------------------
                                             17.436659   slack (MET)


Startpoint: wbs_dat_i[9] (input port clocked by clk)
Endpoint: i_sram (rising edge-triggered flip-flop clocked by clk)
Path Group: clk
Path Type: max

Fanout         Cap        Slew       Delay        Time   Description
---------------------------------------------------------------------------------------------
                                  0.000000    0.000000   clock clk (rise edge)
                                  5.570000    5.570000   clock network delay (propagated)
                                  4.610000   10.180000 v input external delay
     1    0.004004    0.840000    0.000000   10.180000 v wbs_dat_i[9] (in)
                                                         wbs_dat_i[9] (net)
                      0.840189    0.000099   10.180099 v hold103/A (sky130_fd_sc_hd__dlygate4sd3_1)
     1    0.002407    0.036722    0.617876   10.797976 v hold103/X (sky130_fd_sc_hd__dlygate4sd3_1)
                                                         net201 (net)
                      0.036722    0.000182   10.798159 v hold13/A (sky130_fd_sc_hd__dlygate4sd3_1)
     1    0.002814    0.038089    0.380232   11.178391 v hold13/X (sky130_fd_sc_hd__dlygate4sd3_1)
                                                         net111 (net)
                      0.038089    0.000196   11.178586 v input44/A (sky130_fd_sc_hd__clkbuf_4)
     1    0.016776    0.037108    0.111467   11.290053 v input44/X (sky130_fd_sc_hd__clkbuf_4)
                                                         net44 (net)
                      0.037219    0.001869   11.291923 v hold14/A (sky130_fd_sc_hd__dlygate4sd3_1)
     1    0.050058    0.181013    0.526493   11.818415 v hold14/X (sky130_fd_sc_hd__dlygate4sd3_1)
                                                         net112 (net)
                      0.181417    0.007861   11.826276 v i_sram/DI[9] (CF_SRAM_1024x32)
                                             11.826276   data arrival time

                                 25.000000   25.000000   clock clk (rise edge)
                                  4.650000   29.650000   clock source latency
     1    0.057342    0.610000    0.000000   29.650000 ^ wb_clk_i (in)
                                                         wb_clk_i (net)
                      0.633560    0.011191   29.661190 ^ clkbuf_0_wb_clk_i/A (sky130_fd_sc_hd__clkbuf_16)
     2    0.069019    0.077912    0.160282   29.821472 ^ clkbuf_0_wb_clk_i/X (sky130_fd_sc_hd__clkbuf_16)
                                                         clknet_0_wb_clk_i (net)
                      0.078338    0.003734   29.825207 ^ clkbuf_1_1__f_wb_clk_i/A (sky130_fd_sc_hd__clkbuf_16)
     1    0.137055    0.116548    0.141910   29.967115 ^ clkbuf_1_1__f_wb_clk_i/X (sky130_fd_sc_hd__clkbuf_16)
                                                         clknet_1_1__leaf_wb_clk_i (net)
                      0.122817    0.019899   29.987015 ^ i_sram/CLKin (CF_SRAM_1024x32)
                                 -0.100000   29.887016   clock uncertainty
                                  0.000000   29.887016   clock reconvergence pessimism
                                 -0.619006   29.268011   library setup time
                                             29.268011   data required time
---------------------------------------------------------------------------------------------
                                             29.268011   data required time
                                            -11.826276   data arrival time
---------------------------------------------------------------------------------------------
                                             17.441736   slack (MET)


Startpoint: wbs_dat_i[8] (input port clocked by clk)
Endpoint: i_sram (rising edge-triggered flip-flop clocked by clk)
Path Group: clk
Path Type: max

Fanout         Cap        Slew       Delay        Time   Description
---------------------------------------------------------------------------------------------
                                  0.000000    0.000000   clock clk (rise edge)
                                  5.570000    5.570000   clock network delay (propagated)
                                  4.610000   10.180000 v input external delay
     1    0.003665    0.840000    0.000000   10.180000 v wbs_dat_i[8] (in)
                                                         wbs_dat_i[8] (net)
                      0.840177    0.000092   10.180093 v hold104/A (sky130_fd_sc_hd__dlygate4sd3_1)
     1    0.001773    0.034384    0.613905   10.793998 v hold104/X (sky130_fd_sc_hd__dlygate4sd3_1)
                                                         net202 (net)
                      0.034384    0.000086   10.794085 v hold23/A (sky130_fd_sc_hd__dlygate4sd3_1)
     1    0.002215    0.036129    0.375541   11.169625 v hold23/X (sky130_fd_sc_hd__dlygate4sd3_1)
                                                         net121 (net)
                      0.036129    0.000108   11.169734 v input43/A (sky130_fd_sc_hd__clkbuf_4)
     1    0.018627    0.038032    0.113550   11.283284 v input43/X (sky130_fd_sc_hd__clkbuf_4)
                                                         net43 (net)
                      0.038133    0.001745   11.285029 v hold24/A (sky130_fd_sc_hd__dlygate4sd3_1)
     1    0.050591    0.183619    0.525740   11.810770 v hold24/X (sky130_fd_sc_hd__dlygate4sd3_1)
                                                         net122 (net)
                      0.184506    0.011473   11.822242 v i_sram/DI[8] (CF_SRAM_1024x32)
                                             11.822242   data arrival time

                                 25.000000   25.000000   clock clk (rise edge)
                                  4.650000   29.650000   clock source latency
     1    0.057342    0.610000    0.000000   29.650000 ^ wb_clk_i (in)
                                                         wb_clk_i (net)
                      0.633560    0.011191   29.661190 ^ clkbuf_0_wb_clk_i/A (sky130_fd_sc_hd__clkbuf_16)
     2    0.069019    0.077912    0.160282   29.821472 ^ clkbuf_0_wb_clk_i/X (sky130_fd_sc_hd__clkbuf_16)
                                                         clknet_0_wb_clk_i (net)
                      0.078338    0.003734   29.825207 ^ clkbuf_1_1__f_wb_clk_i/A (sky130_fd_sc_hd__clkbuf_16)
     1    0.137055    0.116548    0.141910   29.967115 ^ clkbuf_1_1__f_wb_clk_i/X (sky130_fd_sc_hd__clkbuf_16)
                                                         clknet_1_1__leaf_wb_clk_i (net)
                      0.122817    0.019899   29.987015 ^ i_sram/CLKin (CF_SRAM_1024x32)
                                 -0.100000   29.887016   clock uncertainty
                                  0.000000   29.887016   clock reconvergence pessimism
                                 -0.620161   29.266855   library setup time
                                             29.266855   data required time
---------------------------------------------------------------------------------------------
                                             29.266855   data required time
                                            -11.822242   data arrival time
---------------------------------------------------------------------------------------------
                                             17.444613   slack (MET)


Startpoint: wbs_dat_i[11] (input port clocked by clk)
Endpoint: i_sram (rising edge-triggered flip-flop clocked by clk)
Path Group: clk
Path Type: max

Fanout         Cap        Slew       Delay        Time   Description
---------------------------------------------------------------------------------------------
                                  0.000000    0.000000   clock clk (rise edge)
                                  5.570000    5.570000   clock network delay (propagated)
                                  4.610000   10.180000 v input external delay
     1    0.005028    0.840000    0.000000   10.180000 v wbs_dat_i[11] (in)
                                                         wbs_dat_i[11] (net)
                      0.840263    0.000138   10.180138 v hold101/A (sky130_fd_sc_hd__dlygate4sd3_1)
     1    0.004025    0.043273    0.627516   10.807653 v hold101/X (sky130_fd_sc_hd__dlygate4sd3_1)
                                                         net199 (net)
                      0.043273    0.000258   10.807911 v hold35/A (sky130_fd_sc_hd__dlygate4sd3_1)
     1    0.002413    0.036788    0.380353   11.188264 v hold35/X (sky130_fd_sc_hd__dlygate4sd3_1)
                                                         net133 (net)
                      0.036788    0.000103   11.188367 v input15/A (sky130_fd_sc_hd__buf_2)
     1    0.014160    0.033815    0.098724   11.287090 v input15/X (sky130_fd_sc_hd__buf_2)
                                                         net15 (net)
                      0.033858    0.001125   11.288216 v hold36/A (sky130_fd_sc_hd__dlygate4sd3_1)
     1    0.048232    0.175585    0.520255   11.808471 v hold36/X (sky130_fd_sc_hd__dlygate4sd3_1)
                                                         net134 (net)
                      0.176057    0.008332   11.816803 v i_sram/DI[11] (CF_SRAM_1024x32)
                                             11.816803   data arrival time

                                 25.000000   25.000000   clock clk (rise edge)
                                  4.650000   29.650000   clock source latency
     1    0.057342    0.610000    0.000000   29.650000 ^ wb_clk_i (in)
                                                         wb_clk_i (net)
                      0.633560    0.011191   29.661190 ^ clkbuf_0_wb_clk_i/A (sky130_fd_sc_hd__clkbuf_16)
     2    0.069019    0.077912    0.160282   29.821472 ^ clkbuf_0_wb_clk_i/X (sky130_fd_sc_hd__clkbuf_16)
                                                         clknet_0_wb_clk_i (net)
                      0.078338    0.003734   29.825207 ^ clkbuf_1_1__f_wb_clk_i/A (sky130_fd_sc_hd__clkbuf_16)
     1    0.137055    0.116548    0.141910   29.967115 ^ clkbuf_1_1__f_wb_clk_i/X (sky130_fd_sc_hd__clkbuf_16)
                                                         clknet_1_1__leaf_wb_clk_i (net)
                      0.122817    0.019899   29.987015 ^ i_sram/CLKin (CF_SRAM_1024x32)
                                 -0.100000   29.887016   clock uncertainty
                                  0.000000   29.887016   clock reconvergence pessimism
                                 -0.617000   29.270016   library setup time
                                             29.270016   data required time
---------------------------------------------------------------------------------------------
                                             29.270016   data required time
                                            -11.816803   data arrival time
---------------------------------------------------------------------------------------------
                                             17.453215   slack (MET)


Startpoint: wbs_dat_i[12] (input port clocked by clk)
Endpoint: i_sram (rising edge-triggered flip-flop clocked by clk)
Path Group: clk
Path Type: max

Fanout         Cap        Slew       Delay        Time   Description
---------------------------------------------------------------------------------------------
                                  0.000000    0.000000   clock clk (rise edge)
                                  5.570000    5.570000   clock network delay (propagated)
                                  4.610000   10.180000 v input external delay
     1    0.004847    0.840000    0.000000   10.180000 v wbs_dat_i[12] (in)
                                                         wbs_dat_i[12] (net)
                      0.840252    0.000132   10.180133 v hold100/A (sky130_fd_sc_hd__dlygate4sd3_1)
     1    0.003786    0.042762    0.626430   10.806562 v hold100/X (sky130_fd_sc_hd__dlygate4sd3_1)
                                                         net198 (net)
                      0.042762    0.000250   10.806811 v hold27/A (sky130_fd_sc_hd__dlygate4sd3_1)
     1    0.001820    0.034722    0.376398   11.183210 v hold27/X (sky130_fd_sc_hd__dlygate4sd3_1)
                                                         net125 (net)
                      0.034722    0.000088   11.183298 v input16/A (sky130_fd_sc_hd__buf_2)
     1    0.012711    0.032551    0.095263   11.278562 v input16/X (sky130_fd_sc_hd__buf_2)
                                                         net16 (net)
                      0.032593    0.001094   11.279655 v hold28/A (sky130_fd_sc_hd__dlygate4sd3_1)
     1    0.042229    0.157375    0.504225   11.783881 v hold28/X (sky130_fd_sc_hd__dlygate4sd3_1)
                                                         net126 (net)
                      0.157864    0.008003   11.791884 v i_sram/DI[12] (CF_SRAM_1024x32)
                                             11.791884   data arrival time

                                 25.000000   25.000000   clock clk (rise edge)
                                  4.650000   29.650000   clock source latency
     1    0.057342    0.610000    0.000000   29.650000 ^ wb_clk_i (in)
                                                         wb_clk_i (net)
                      0.633560    0.011191   29.661190 ^ clkbuf_0_wb_clk_i/A (sky130_fd_sc_hd__clkbuf_16)
     2    0.069019    0.077912    0.160282   29.821472 ^ clkbuf_0_wb_clk_i/X (sky130_fd_sc_hd__clkbuf_16)
                                                         clknet_0_wb_clk_i (net)
                      0.078338    0.003734   29.825207 ^ clkbuf_1_1__f_wb_clk_i/A (sky130_fd_sc_hd__clkbuf_16)
     1    0.137055    0.116548    0.141910   29.967115 ^ clkbuf_1_1__f_wb_clk_i/X (sky130_fd_sc_hd__clkbuf_16)
                                                         clknet_1_1__leaf_wb_clk_i (net)
                      0.122817    0.019899   29.987015 ^ i_sram/CLKin (CF_SRAM_1024x32)
                                 -0.100000   29.887016   clock uncertainty
                                  0.000000   29.887016   clock reconvergence pessimism
                                 -0.610194   29.276823   library setup time
                                             29.276823   data required time
---------------------------------------------------------------------------------------------
                                             29.276823   data required time
                                            -11.791884   data arrival time
---------------------------------------------------------------------------------------------
                                             17.484940   slack (MET)


Startpoint: wbs_dat_i[14] (input port clocked by clk)
Endpoint: i_sram (rising edge-triggered flip-flop clocked by clk)
Path Group: clk
Path Type: max

Fanout         Cap        Slew       Delay        Time   Description
---------------------------------------------------------------------------------------------
                                  0.000000    0.000000   clock clk (rise edge)
                                  5.570000    5.570000   clock network delay (propagated)
                                  4.610000   10.180000 v input external delay
     1    0.002990    0.840000    0.000000   10.180000 v wbs_dat_i[14] (in)
                                                         wbs_dat_i[14] (net)
                      0.840163    0.000086   10.180086 v hold98/A (sky130_fd_sc_hd__dlygate4sd3_1)
     1    0.003967    0.043122    0.627220   10.807306 v hold98/X (sky130_fd_sc_hd__dlygate4sd3_1)
                                                         net196 (net)
                      0.043122    0.000283   10.807590 v hold17/A (sky130_fd_sc_hd__dlygate4sd3_1)
     1    0.003583    0.041614    0.387634   11.195224 v hold17/X (sky130_fd_sc_hd__dlygate4sd3_1)
                                                         net115 (net)
                      0.041614    0.000234   11.195458 v input18/A (sky130_fd_sc_hd__buf_2)
     1    0.012644    0.032424    0.098044   11.293503 v input18/X (sky130_fd_sc_hd__buf_2)
                                                         net18 (net)
                      0.032464    0.001075   11.294578 v hold18/A (sky130_fd_sc_hd__dlygate4sd3_1)
     1    0.035365    0.135608    0.488640   11.783217 v hold18/X (sky130_fd_sc_hd__dlygate4sd3_1)
                                                         net116 (net)
                      0.135717    0.003669   11.786886 v i_sram/DI[14] (CF_SRAM_1024x32)
                                             11.786886   data arrival time

                                 25.000000   25.000000   clock clk (rise edge)
                                  4.650000   29.650000   clock source latency
     1    0.057342    0.610000    0.000000   29.650000 ^ wb_clk_i (in)
                                                         wb_clk_i (net)
                      0.633560    0.011191   29.661190 ^ clkbuf_0_wb_clk_i/A (sky130_fd_sc_hd__clkbuf_16)
     2    0.069019    0.077912    0.160282   29.821472 ^ clkbuf_0_wb_clk_i/X (sky130_fd_sc_hd__clkbuf_16)
                                                         clknet_0_wb_clk_i (net)
                      0.078338    0.003734   29.825207 ^ clkbuf_1_1__f_wb_clk_i/A (sky130_fd_sc_hd__clkbuf_16)
     1    0.137055    0.116548    0.141910   29.967115 ^ clkbuf_1_1__f_wb_clk_i/X (sky130_fd_sc_hd__clkbuf_16)
                                                         clknet_1_1__leaf_wb_clk_i (net)
                      0.122817    0.019899   29.987015 ^ i_sram/CLKin (CF_SRAM_1024x32)
                                 -0.100000   29.887016   clock uncertainty
                                  0.000000   29.887016   clock reconvergence pessimism
                                 -0.601908   29.285109   library setup time
                                             29.285109   data required time
---------------------------------------------------------------------------------------------
                                             29.285109   data required time
                                            -11.786886   data arrival time
---------------------------------------------------------------------------------------------
                                             17.498222   slack (MET)


Startpoint: wbs_dat_i[13] (input port clocked by clk)
Endpoint: i_sram (rising edge-triggered flip-flop clocked by clk)
Path Group: clk
Path Type: max

Fanout         Cap        Slew       Delay        Time   Description
---------------------------------------------------------------------------------------------
                                  0.000000    0.000000   clock clk (rise edge)
                                  5.570000    5.570000   clock network delay (propagated)
                                  4.610000   10.180000 v input external delay
     1    0.002666    0.840000    0.000000   10.180000 v wbs_dat_i[13] (in)
                                                         wbs_dat_i[13] (net)
                      0.840141    0.000075   10.180075 v hold99/A (sky130_fd_sc_hd__dlygate4sd3_1)
     1    0.002429    0.036789    0.618010   10.798084 v hold99/X (sky130_fd_sc_hd__dlygate4sd3_1)
                                                         net197 (net)
                      0.036789    0.000183   10.798267 v hold21/A (sky130_fd_sc_hd__dlygate4sd3_1)
     1    0.002110    0.035750    0.375826   11.174094 v hold21/X (sky130_fd_sc_hd__dlygate4sd3_1)
                                                         net119 (net)
                      0.035750    0.000153   11.174247 v input17/A (sky130_fd_sc_hd__buf_2)
     1    0.012282    0.031813    0.094977   11.269224 v input17/X (sky130_fd_sc_hd__buf_2)
                                                         net17 (net)
                      0.031846    0.000960   11.270185 v hold22/A (sky130_fd_sc_hd__dlygate4sd3_1)
     1    0.040497    0.151998    0.500129   11.770313 v hold22/X (sky130_fd_sc_hd__dlygate4sd3_1)
                                                         net120 (net)
                      0.152315    0.006393   11.776706 v i_sram/DI[13] (CF_SRAM_1024x32)
                                             11.776706   data arrival time

                                 25.000000   25.000000   clock clk (rise edge)
                                  4.650000   29.650000   clock source latency
     1    0.057342    0.610000    0.000000   29.650000 ^ wb_clk_i (in)
                                                         wb_clk_i (net)
                      0.633560    0.011191   29.661190 ^ clkbuf_0_wb_clk_i/A (sky130_fd_sc_hd__clkbuf_16)
     2    0.069019    0.077912    0.160282   29.821472 ^ clkbuf_0_wb_clk_i/X (sky130_fd_sc_hd__clkbuf_16)
                                                         clknet_0_wb_clk_i (net)
                      0.078338    0.003734   29.825207 ^ clkbuf_1_1__f_wb_clk_i/A (sky130_fd_sc_hd__clkbuf_16)
     1    0.137055    0.116548    0.141910   29.967115 ^ clkbuf_1_1__f_wb_clk_i/X (sky130_fd_sc_hd__clkbuf_16)
                                                         clknet_1_1__leaf_wb_clk_i (net)
                      0.122817    0.019899   29.987015 ^ i_sram/CLKin (CF_SRAM_1024x32)
                                 -0.100000   29.887016   clock uncertainty
                                  0.000000   29.887016   clock reconvergence pessimism
                                 -0.608117   29.278898   library setup time
                                             29.278898   data required time
---------------------------------------------------------------------------------------------
                                             29.278898   data required time
                                            -11.776706   data arrival time
---------------------------------------------------------------------------------------------
                                             17.502192   slack (MET)


Startpoint: wbs_dat_i[15] (input port clocked by clk)
Endpoint: i_sram (rising edge-triggered flip-flop clocked by clk)
Path Group: clk
Path Type: max

Fanout         Cap        Slew       Delay        Time   Description
---------------------------------------------------------------------------------------------
                                  0.000000    0.000000   clock clk (rise edge)
                                  5.570000    5.570000   clock network delay (propagated)
                                  4.610000   10.180000 v input external delay
     1    0.003503    0.840000    0.000000   10.180000 v wbs_dat_i[15] (in)
                                                         wbs_dat_i[15] (net)
                      0.840167    0.000088   10.180088 v hold97/A (sky130_fd_sc_hd__dlygate4sd3_1)
     1    0.002043    0.035426    0.615593   10.795681 v hold97/X (sky130_fd_sc_hd__dlygate4sd3_1)
                                                         net195 (net)
                      0.035426    0.000151   10.795832 v hold1/A (sky130_fd_sc_hd__dlygate4sd3_1)
     1    0.001820    0.034667    0.373467   11.169299 v hold1/X (sky130_fd_sc_hd__dlygate4sd3_1)
                                                         net99 (net)
                      0.034667    0.000088   11.169387 v input19/A (sky130_fd_sc_hd__buf_2)
     1    0.012796    0.032783    0.095433   11.264819 v input19/X (sky130_fd_sc_hd__buf_2)
                                                         net19 (net)
                      0.032814    0.000950   11.265770 v hold2/A (sky130_fd_sc_hd__dlygate4sd3_1)
     1    0.033914    0.131440    0.484287   11.750057 v hold2/X (sky130_fd_sc_hd__dlygate4sd3_1)
                                                         net100 (net)
                      0.131630    0.004643   11.754700 v i_sram/DI[15] (CF_SRAM_1024x32)
                                             11.754700   data arrival time

                                 25.000000   25.000000   clock clk (rise edge)
                                  4.650000   29.650000   clock source latency
     1    0.057342    0.610000    0.000000   29.650000 ^ wb_clk_i (in)
                                                         wb_clk_i (net)
                      0.633560    0.011191   29.661190 ^ clkbuf_0_wb_clk_i/A (sky130_fd_sc_hd__clkbuf_16)
     2    0.069019    0.077912    0.160282   29.821472 ^ clkbuf_0_wb_clk_i/X (sky130_fd_sc_hd__clkbuf_16)
                                                         clknet_0_wb_clk_i (net)
                      0.078338    0.003734   29.825207 ^ clkbuf_1_1__f_wb_clk_i/A (sky130_fd_sc_hd__clkbuf_16)
     1    0.137055    0.116548    0.141910   29.967115 ^ clkbuf_1_1__f_wb_clk_i/X (sky130_fd_sc_hd__clkbuf_16)
                                                         clknet_1_1__leaf_wb_clk_i (net)
                      0.122817    0.019899   29.987015 ^ i_sram/CLKin (CF_SRAM_1024x32)
                                 -0.100000   29.887016   clock uncertainty
                                  0.000000   29.887016   clock reconvergence pessimism
                                 -0.600379   29.286638   library setup time
                                             29.286638   data required time
---------------------------------------------------------------------------------------------
                                             29.286638   data required time
                                            -11.754700   data arrival time
---------------------------------------------------------------------------------------------
                                             17.531939   slack (MET)


Startpoint: wbs_adr_i[2] (input port clocked by clk)
Endpoint: i_sram (rising edge-triggered flip-flop clocked by clk)
Path Group: clk
Path Type: max

Fanout         Cap        Slew       Delay        Time   Description
---------------------------------------------------------------------------------------------
                                  0.000000    0.000000   clock clk (rise edge)
                                  5.570000    5.570000   clock network delay (propagated)
                                  3.890000    9.460000 ^ input external delay
     1    0.007785    0.920000    0.000000    9.460000 ^ wbs_adr_i[2] (in)
                                                         wbs_adr_i[2] (net)
                      0.920426    0.000224    9.460224 ^ hold138/A (sky130_fd_sc_hd__dlygate4sd3_1)
     1    0.003953    0.045243    0.414667    9.874891 ^ hold138/X (sky130_fd_sc_hd__dlygate4sd3_1)
                                                         net236 (net)
                      0.045248    0.000261    9.875153 ^ hold81/A (sky130_fd_sc_hd__dlygate4sd3_1)
     1    0.003581    0.042861    0.397693   10.272846 ^ hold81/X (sky130_fd_sc_hd__dlygate4sd3_1)
                                                         net179 (net)
                      0.042861    0.000271   10.273117 ^ input4/A (sky130_fd_sc_hd__buf_4)
     3    0.068149    0.144630    0.153938   10.427055 ^ input4/X (sky130_fd_sc_hd__buf_4)
                                                         net4 (net)
                      0.148463    0.019604   10.446659 ^ hold82/A (sky130_fd_sc_hd__dlygate4sd3_1)
     1    0.046991    0.352479    0.642688   11.089347 ^ hold82/X (sky130_fd_sc_hd__dlygate4sd3_1)
                                                         net180 (net)
                      0.352647    0.007487   11.096834 ^ i_sram/AD[0] (CF_SRAM_1024x32)
                                             11.096834   data arrival time

                                 25.000000   25.000000   clock clk (rise edge)
                                  4.650000   29.650000   clock source latency
     1    0.057342    0.610000    0.000000   29.650000 ^ wb_clk_i (in)
                                                         wb_clk_i (net)
                      0.633560    0.011191   29.661190 ^ clkbuf_0_wb_clk_i/A (sky130_fd_sc_hd__clkbuf_16)
     2    0.069019    0.077912    0.160282   29.821472 ^ clkbuf_0_wb_clk_i/X (sky130_fd_sc_hd__clkbuf_16)
                                                         clknet_0_wb_clk_i (net)
                      0.078338    0.003734   29.825207 ^ clkbuf_1_1__f_wb_clk_i/A (sky130_fd_sc_hd__clkbuf_16)
     1    0.137055    0.116548    0.141910   29.967115 ^ clkbuf_1_1__f_wb_clk_i/X (sky130_fd_sc_hd__clkbuf_16)
                                                         clknet_1_1__leaf_wb_clk_i (net)
                      0.122817    0.019899   29.987015 ^ i_sram/CLKin (CF_SRAM_1024x32)
                                 -0.100000   29.887016   clock uncertainty
                                  0.000000   29.887016   clock reconvergence pessimism
                                 -0.520864   29.366154   library setup time
                                             29.366154   data required time
---------------------------------------------------------------------------------------------
                                             29.366154   data required time
                                            -11.096834   data arrival time
---------------------------------------------------------------------------------------------
                                             18.269320   slack (MET)


Startpoint: wbs_adr_i[4] (input port clocked by clk)
Endpoint: i_sram (rising edge-triggered flip-flop clocked by clk)
Path Group: clk
Path Type: max

Fanout         Cap        Slew       Delay        Time   Description
---------------------------------------------------------------------------------------------
                                  0.000000    0.000000   clock clk (rise edge)
                                  5.570000    5.570000   clock network delay (propagated)
                                  3.890000    9.460000 ^ input external delay
     1    0.003354    0.920000    0.000000    9.460000 ^ wbs_adr_i[4] (in)
                                                         wbs_adr_i[4] (net)
                      0.920197    0.000103    9.460103 ^ hold136/A (sky130_fd_sc_hd__dlygate4sd3_1)
     1    0.003315    0.040591    0.410665    9.870769 ^ hold136/X (sky130_fd_sc_hd__dlygate4sd3_1)
                                                         net234 (net)
                      0.041090    0.000204    9.870973 ^ hold79/A (sky130_fd_sc_hd__dlygate4sd3_1)
     1    0.005073    0.052627    0.405386   10.276359 ^ hold79/X (sky130_fd_sc_hd__dlygate4sd3_1)
                                                         net177 (net)
                      0.052627    0.000391   10.276750 ^ input6/A (sky130_fd_sc_hd__buf_4)
     2    0.062834    0.134514    0.151679   10.428429 ^ input6/X (sky130_fd_sc_hd__buf_4)
                                                         net6 (net)
                      0.137263    0.016075   10.444504 ^ hold80/A (sky130_fd_sc_hd__dlygate4sd3_1)
     1    0.046690    0.350233    0.639570   11.084073 ^ hold80/X (sky130_fd_sc_hd__dlygate4sd3_1)
                                                         net178 (net)
                      0.350432    0.008062   11.092135 ^ i_sram/AD[2] (CF_SRAM_1024x32)
                                             11.092135   data arrival time

                                 25.000000   25.000000   clock clk (rise edge)
                                  4.650000   29.650000   clock source latency
     1    0.057342    0.610000    0.000000   29.650000 ^ wb_clk_i (in)
                                                         wb_clk_i (net)
                      0.633560    0.011191   29.661190 ^ clkbuf_0_wb_clk_i/A (sky130_fd_sc_hd__clkbuf_16)
     2    0.069019    0.077912    0.160282   29.821472 ^ clkbuf_0_wb_clk_i/X (sky130_fd_sc_hd__clkbuf_16)
                                                         clknet_0_wb_clk_i (net)
                      0.078338    0.003734   29.825207 ^ clkbuf_1_1__f_wb_clk_i/A (sky130_fd_sc_hd__clkbuf_16)
     1    0.137055    0.116548    0.141910   29.967115 ^ clkbuf_1_1__f_wb_clk_i/X (sky130_fd_sc_hd__clkbuf_16)
                                                         clknet_1_1__leaf_wb_clk_i (net)
                      0.122817    0.019899   29.987015 ^ i_sram/CLKin (CF_SRAM_1024x32)
                                 -0.100000   29.887016   clock uncertainty
                                  0.000000   29.887016   clock reconvergence pessimism
                                 -0.520675   29.366341   library setup time
                                             29.366341   data required time
---------------------------------------------------------------------------------------------
                                             29.366341   data required time
                                            -11.092135   data arrival time
---------------------------------------------------------------------------------------------
                                             18.274206   slack (MET)


Startpoint: wbs_adr_i[3] (input port clocked by clk)
Endpoint: i_sram (rising edge-triggered flip-flop clocked by clk)
Path Group: clk
Path Type: max

Fanout         Cap        Slew       Delay        Time   Description
---------------------------------------------------------------------------------------------
                                  0.000000    0.000000   clock clk (rise edge)
                                  5.570000    5.570000   clock network delay (propagated)
                                  3.890000    9.460000 ^ input external delay
     1    0.005168    0.920000    0.000000    9.460000 ^ wbs_adr_i[3] (in)
                                                         wbs_adr_i[3] (net)
                      0.920263    0.000138    9.460137 ^ hold137/A (sky130_fd_sc_hd__dlygate4sd3_1)
     1    0.003266    0.040281    0.410332    9.870470 ^ hold137/X (sky130_fd_sc_hd__dlygate4sd3_1)
                                                         net235 (net)
                      0.040771    0.000208    9.870678 ^ hold83/A (sky130_fd_sc_hd__dlygate4sd3_1)
     1    0.003749    0.043967    0.397784   10.268462 ^ hold83/X (sky130_fd_sc_hd__dlygate4sd3_1)
                                                         net181 (net)
                      0.043967    0.000267   10.268729 ^ input5/A (sky130_fd_sc_hd__buf_4)
     1    0.062403    0.133504    0.149081   10.417810 ^ input5/X (sky130_fd_sc_hd__buf_4)
                                                         net5 (net)
                      0.135570    0.013950   10.431760 ^ hold84/A (sky130_fd_sc_hd__dlygate4sd3_1)
     1    0.048028    0.359938    0.646423   11.078183 ^ hold84/X (sky130_fd_sc_hd__dlygate4sd3_1)
                                                         net182 (net)
                      0.360141    0.008238   11.086421 ^ i_sram/AD[1] (CF_SRAM_1024x32)
                                             11.086421   data arrival time

                                 25.000000   25.000000   clock clk (rise edge)
                                  4.650000   29.650000   clock source latency
     1    0.057342    0.610000    0.000000   29.650000 ^ wb_clk_i (in)
                                                         wb_clk_i (net)
                      0.633560    0.011191   29.661190 ^ clkbuf_0_wb_clk_i/A (sky130_fd_sc_hd__clkbuf_16)
     2    0.069019    0.077912    0.160282   29.821472 ^ clkbuf_0_wb_clk_i/X (sky130_fd_sc_hd__clkbuf_16)
                                                         clknet_0_wb_clk_i (net)
                      0.078338    0.003734   29.825207 ^ clkbuf_1_1__f_wb_clk_i/A (sky130_fd_sc_hd__clkbuf_16)
     1    0.137055    0.116548    0.141910   29.967115 ^ clkbuf_1_1__f_wb_clk_i/X (sky130_fd_sc_hd__clkbuf_16)
                                                         clknet_1_1__leaf_wb_clk_i (net)
                      0.122817    0.019899   29.987015 ^ i_sram/CLKin (CF_SRAM_1024x32)
                                 -0.100000   29.887016   clock uncertainty
                                  0.000000   29.887016   clock reconvergence pessimism
                                 -0.521501   29.365515   library setup time
                                             29.365515   data required time
---------------------------------------------------------------------------------------------
                                             29.365515   data required time
                                            -11.086421   data arrival time
---------------------------------------------------------------------------------------------
                                             18.279095   slack (MET)


Startpoint: wbs_adr_i[5] (input port clocked by clk)
Endpoint: i_sram (rising edge-triggered flip-flop clocked by clk)
Path Group: clk
Path Type: max

Fanout         Cap        Slew       Delay        Time   Description
---------------------------------------------------------------------------------------------
                                  0.000000    0.000000   clock clk (rise edge)
                                  5.570000    5.570000   clock network delay (propagated)
                                  3.890000    9.460000 v input external delay
     1    0.007040    0.920000    0.000000    9.460000 v wbs_adr_i[5] (in)
                                                         wbs_adr_i[5] (net)
                      0.920485    0.000255    9.460255 v hold134/A (sky130_fd_sc_hd__dlygate4sd3_1)
     1    0.003617    0.042106    0.642405   10.102660 v hold134/X (sky130_fd_sc_hd__dlygate4sd3_1)
                                                         net232 (net)
                      0.042106    0.000219   10.102880 v hold71/A (sky130_fd_sc_hd__dlygate4sd3_1)
     1    0.006227    0.049951    0.399515   10.502395 v hold71/X (sky130_fd_sc_hd__dlygate4sd3_1)
                                                         net169 (net)
                      0.049951    0.000361   10.502756 v input7/A (sky130_fd_sc_hd__buf_4)
     1    0.053638    0.061097    0.134118   10.636874 v input7/X (sky130_fd_sc_hd__buf_4)
                                                         net7 (net)
                      0.064406    0.011658   10.648532 v hold72/A (sky130_fd_sc_hd__dlygate4sd3_1)
     1    0.044798    0.165146    0.523635   11.172168 v hold72/X (sky130_fd_sc_hd__dlygate4sd3_1)
                                                         net170 (net)
                      0.165529    0.007293   11.179461 v i_sram/AD[3] (CF_SRAM_1024x32)
                                             11.179461   data arrival time

                                 25.000000   25.000000   clock clk (rise edge)
                                  4.650000   29.650000   clock source latency
     1    0.057342    0.610000    0.000000   29.650000 ^ wb_clk_i (in)
                                                         wb_clk_i (net)
                      0.633560    0.011191   29.661190 ^ clkbuf_0_wb_clk_i/A (sky130_fd_sc_hd__clkbuf_16)
     2    0.069019    0.077912    0.160282   29.821472 ^ clkbuf_0_wb_clk_i/X (sky130_fd_sc_hd__clkbuf_16)
                                                         clknet_0_wb_clk_i (net)
                      0.078338    0.003734   29.825207 ^ clkbuf_1_1__f_wb_clk_i/A (sky130_fd_sc_hd__clkbuf_16)
     1    0.137055    0.116548    0.141910   29.967115 ^ clkbuf_1_1__f_wb_clk_i/X (sky130_fd_sc_hd__clkbuf_16)
                                                         clknet_1_1__leaf_wb_clk_i (net)
                      0.122817    0.019899   29.987015 ^ i_sram/CLKin (CF_SRAM_1024x32)
                                 -0.100000   29.887016   clock uncertainty
                                  0.000000   29.887016   clock reconvergence pessimism
                                 -0.422251   29.464766   library setup time
                                             29.464766   data required time
---------------------------------------------------------------------------------------------
                                             29.464766   data required time
                                            -11.179461   data arrival time
---------------------------------------------------------------------------------------------
                                             18.285307   slack (MET)


Startpoint: wbs_adr_i[6] (input port clocked by clk)
Endpoint: i_sram (rising edge-triggered flip-flop clocked by clk)
Path Group: clk
Path Type: max

Fanout         Cap        Slew       Delay        Time   Description
---------------------------------------------------------------------------------------------
                                  0.000000    0.000000   clock clk (rise edge)
                                  5.570000    5.570000   clock network delay (propagated)
                                  3.890000    9.460000 ^ input external delay
     1    0.004496    0.920000    0.000000    9.460000 ^ wbs_adr_i[6] (in)
                                                         wbs_adr_i[6] (net)
                      0.920213    0.000112    9.460112 ^ hold135/A (sky130_fd_sc_hd__dlygate4sd3_1)
     1    0.002441    0.035161    0.404802    9.864914 ^ hold135/X (sky130_fd_sc_hd__dlygate4sd3_1)
                                                         net233 (net)
                      0.035161    0.000177    9.865090 ^ hold77/A (sky130_fd_sc_hd__dlygate4sd3_1)
     1    0.003690    0.043593    0.396171   10.261262 ^ hold77/X (sky130_fd_sc_hd__dlygate4sd3_1)
                                                         net175 (net)
                      0.043593    0.000258   10.261520 ^ input8/A (sky130_fd_sc_hd__buf_4)
     1    0.060039    0.128123    0.149875   10.411395 ^ input8/X (sky130_fd_sc_hd__buf_4)
                                                         net8 (net)
                      0.128475    0.005756   10.417151 ^ hold78/A (sky130_fd_sc_hd__dlygate4sd3_1)
     1    0.048495    0.363324    0.648412   11.065563 ^ hold78/X (sky130_fd_sc_hd__dlygate4sd3_1)
                                                         net176 (net)
                      0.363523    0.008215   11.073778 ^ i_sram/AD[4] (CF_SRAM_1024x32)
                                             11.073778   data arrival time

                                 25.000000   25.000000   clock clk (rise edge)
                                  4.650000   29.650000   clock source latency
     1    0.057342    0.610000    0.000000   29.650000 ^ wb_clk_i (in)
                                                         wb_clk_i (net)
                      0.633560    0.011191   29.661190 ^ clkbuf_0_wb_clk_i/A (sky130_fd_sc_hd__clkbuf_16)
     2    0.069019    0.077912    0.160282   29.821472 ^ clkbuf_0_wb_clk_i/X (sky130_fd_sc_hd__clkbuf_16)
                                                         clknet_0_wb_clk_i (net)
                      0.078338    0.003734   29.825207 ^ clkbuf_1_1__f_wb_clk_i/A (sky130_fd_sc_hd__clkbuf_16)
     1    0.137055    0.116548    0.141910   29.967115 ^ clkbuf_1_1__f_wb_clk_i/X (sky130_fd_sc_hd__clkbuf_16)
                                                         clknet_1_1__leaf_wb_clk_i (net)
                      0.122817    0.019899   29.987015 ^ i_sram/CLKin (CF_SRAM_1024x32)
                                 -0.100000   29.887016   clock uncertainty
                                  0.000000   29.887016   clock reconvergence pessimism
                                 -0.521788   29.365227   library setup time
                                             29.365227   data required time
---------------------------------------------------------------------------------------------
                                             29.365227   data required time
                                            -11.073778   data arrival time
---------------------------------------------------------------------------------------------
                                             18.291449   slack (MET)


Startpoint: wbs_adr_i[10] (input port clocked by clk)
Endpoint: i_sram (rising edge-triggered flip-flop clocked by clk)
Path Group: clk
Path Type: max

Fanout         Cap        Slew       Delay        Time   Description
---------------------------------------------------------------------------------------------
                                  0.000000    0.000000   clock clk (rise edge)
                                  5.570000    5.570000   clock network delay (propagated)
                                  3.890000    9.460000 v input external delay
     1    0.005001    0.920000    0.000000    9.460000 v wbs_adr_i[10] (in)
                                                         wbs_adr_i[10] (net)
                      0.920397    0.000209    9.460209 v hold130/A (sky130_fd_sc_hd__dlygate4sd3_1)
     1    0.004177    0.043619    0.645063   10.105271 v hold130/X (sky130_fd_sc_hd__dlygate4sd3_1)
                                                         net228 (net)
                      0.043619    0.000282   10.105554 v hold53/A (sky130_fd_sc_hd__dlygate4sd3_1)
     1    0.002847    0.038195    0.383187   10.488741 v hold53/X (sky130_fd_sc_hd__dlygate4sd3_1)
                                                         net151 (net)
                      0.038195    0.000212   10.488954 v input2/A (sky130_fd_sc_hd__buf_4)
     1    0.048187    0.056206    0.125683   10.614636 v input2/X (sky130_fd_sc_hd__buf_4)
                                                         net2 (net)
                      0.058747    0.009834   10.624471 v hold54/A (sky130_fd_sc_hd__dlygate4sd3_1)
     1    0.048761    0.177348    0.530949   11.155419 v hold54/X (sky130_fd_sc_hd__dlygate4sd3_1)
                                                         net152 (net)
                      0.177802    0.008205   11.163624 v i_sram/AD[8] (CF_SRAM_1024x32)
                                             11.163624   data arrival time

                                 25.000000   25.000000   clock clk (rise edge)
                                  4.650000   29.650000   clock source latency
     1    0.057342    0.610000    0.000000   29.650000 ^ wb_clk_i (in)
                                                         wb_clk_i (net)
                      0.633560    0.011191   29.661190 ^ clkbuf_0_wb_clk_i/A (sky130_fd_sc_hd__clkbuf_16)
     2    0.069019    0.077912    0.160282   29.821472 ^ clkbuf_0_wb_clk_i/X (sky130_fd_sc_hd__clkbuf_16)
                                                         clknet_0_wb_clk_i (net)
                      0.078338    0.003734   29.825207 ^ clkbuf_1_1__f_wb_clk_i/A (sky130_fd_sc_hd__clkbuf_16)
     1    0.137055    0.116548    0.141910   29.967115 ^ clkbuf_1_1__f_wb_clk_i/X (sky130_fd_sc_hd__clkbuf_16)
                                                         clknet_1_1__leaf_wb_clk_i (net)
                      0.122817    0.019899   29.987015 ^ i_sram/CLKin (CF_SRAM_1024x32)
                                 -0.100000   29.887016   clock uncertainty
                                  0.000000   29.887016   clock reconvergence pessimism
                                 -0.427232   29.459785   library setup time
                                             29.459785   data required time
---------------------------------------------------------------------------------------------
                                             29.459785   data required time
                                            -11.163624   data arrival time
---------------------------------------------------------------------------------------------
                                             18.296160   slack (MET)


Startpoint: wbs_adr_i[8] (input port clocked by clk)
Endpoint: i_sram (rising edge-triggered flip-flop clocked by clk)
Path Group: clk
Path Type: max

Fanout         Cap        Slew       Delay        Time   Description
---------------------------------------------------------------------------------------------
                                  0.000000    0.000000   clock clk (rise edge)
                                  5.570000    5.570000   clock network delay (propagated)
                                  3.890000    9.460000 v input external delay
     1    0.003258    0.920000    0.000000    9.460000 v wbs_adr_i[8] (in)
                                                         wbs_adr_i[8] (net)
                      0.920193    0.000101    9.460101 v hold132/A (sky130_fd_sc_hd__dlygate4sd3_1)
     1    0.003010    0.039030    0.638525   10.098626 v hold132/X (sky130_fd_sc_hd__dlygate4sd3_1)
                                                         net230 (net)
                      0.039030    0.000187   10.098814 v hold67/A (sky130_fd_sc_hd__dlygate4sd3_1)
     1    0.002970    0.038755    0.382136   10.480949 v hold67/X (sky130_fd_sc_hd__dlygate4sd3_1)
                                                         net165 (net)
                      0.038755    0.000211   10.481161 v input10/A (sky130_fd_sc_hd__buf_4)
     1    0.054932    0.060628    0.133692   10.614853 v input10/X (sky130_fd_sc_hd__buf_4)
                                                         net10 (net)
                      0.061280    0.005229   10.620082 v hold68/A (sky130_fd_sc_hd__dlygate4sd3_1)
     1    0.046844    0.171450    0.527287   11.147368 v hold68/X (sky130_fd_sc_hd__dlygate4sd3_1)
                                                         net166 (net)
                      0.171894    0.007979   11.155347 v i_sram/AD[6] (CF_SRAM_1024x32)
                                             11.155347   data arrival time

                                 25.000000   25.000000   clock clk (rise edge)
                                  4.650000   29.650000   clock source latency
     1    0.057342    0.610000    0.000000   29.650000 ^ wb_clk_i (in)
                                                         wb_clk_i (net)
                      0.633560    0.011191   29.661190 ^ clkbuf_0_wb_clk_i/A (sky130_fd_sc_hd__clkbuf_16)
     2    0.069019    0.077912    0.160282   29.821472 ^ clkbuf_0_wb_clk_i/X (sky130_fd_sc_hd__clkbuf_16)
                                                         clknet_0_wb_clk_i (net)
                      0.078338    0.003734   29.825207 ^ clkbuf_1_1__f_wb_clk_i/A (sky130_fd_sc_hd__clkbuf_16)
     1    0.137055    0.116548    0.141910   29.967115 ^ clkbuf_1_1__f_wb_clk_i/X (sky130_fd_sc_hd__clkbuf_16)
                                                         clknet_1_1__leaf_wb_clk_i (net)
                      0.122817    0.019899   29.987015 ^ i_sram/CLKin (CF_SRAM_1024x32)
                                 -0.100000   29.887016   clock uncertainty
                                  0.000000   29.887016   clock reconvergence pessimism
                                 -0.424834   29.462183   library setup time
                                             29.462183   data required time
---------------------------------------------------------------------------------------------
                                             29.462183   data required time
                                            -11.155347   data arrival time
---------------------------------------------------------------------------------------------
                                             18.306835   slack (MET)


Startpoint: wbs_adr_i[9] (input port clocked by clk)
Endpoint: i_sram (rising edge-triggered flip-flop clocked by clk)
Path Group: clk
Path Type: max

Fanout         Cap        Slew       Delay        Time   Description
---------------------------------------------------------------------------------------------
                                  0.000000    0.000000   clock clk (rise edge)
                                  5.570000    5.570000   clock network delay (propagated)
                                  3.890000    9.460000 v input external delay
     1    0.003809    0.920000    0.000000    9.460000 v wbs_adr_i[9] (in)
                                                         wbs_adr_i[9] (net)
                      0.920183    0.000096    9.460096 v hold131/A (sky130_fd_sc_hd__dlygate4sd3_1)
     1    0.001914    0.034948    0.631615   10.091711 v hold131/X (sky130_fd_sc_hd__dlygate4sd3_1)
                                                         net229 (net)
                      0.034948    0.000141   10.091852 v hold61/A (sky130_fd_sc_hd__dlygate4sd3_1)
     1    0.002788    0.037985    0.379351   10.471203 v hold61/X (sky130_fd_sc_hd__dlygate4sd3_1)
                                                         net159 (net)
                      0.037985    0.000210   10.471414 v input11/A (sky130_fd_sc_hd__buf_4)
     1    0.051188    0.059030    0.126595   10.598008 v input11/X (sky130_fd_sc_hd__buf_4)
                                                         net11 (net)
                      0.063510    0.013210   10.611218 v hold62/A (sky130_fd_sc_hd__dlygate4sd3_1)
     1    0.047200    0.172780    0.528533   11.139750 v hold62/X (sky130_fd_sc_hd__dlygate4sd3_1)
                                                         net160 (net)
                      0.173357    0.009066   11.148816 v i_sram/AD[7] (CF_SRAM_1024x32)
                                             11.148816   data arrival time

                                 25.000000   25.000000   clock clk (rise edge)
                                  4.650000   29.650000   clock source latency
     1    0.057342    0.610000    0.000000   29.650000 ^ wb_clk_i (in)
                                                         wb_clk_i (net)
                      0.633560    0.011191   29.661190 ^ clkbuf_0_wb_clk_i/A (sky130_fd_sc_hd__clkbuf_16)
     2    0.069019    0.077912    0.160282   29.821472 ^ clkbuf_0_wb_clk_i/X (sky130_fd_sc_hd__clkbuf_16)
                                                         clknet_0_wb_clk_i (net)
                      0.078338    0.003734   29.825207 ^ clkbuf_1_1__f_wb_clk_i/A (sky130_fd_sc_hd__clkbuf_16)
     1    0.137055    0.116548    0.141910   29.967115 ^ clkbuf_1_1__f_wb_clk_i/X (sky130_fd_sc_hd__clkbuf_16)
                                                         clknet_1_1__leaf_wb_clk_i (net)
                      0.122817    0.019899   29.987015 ^ i_sram/CLKin (CF_SRAM_1024x32)
                                 -0.100000   29.887016   clock uncertainty
                                  0.000000   29.887016   clock reconvergence pessimism
                                 -0.425428   29.461588   library setup time
                                             29.461588   data required time
---------------------------------------------------------------------------------------------
                                             29.461588   data required time
                                            -11.148816   data arrival time
---------------------------------------------------------------------------------------------
                                             18.312773   slack (MET)


Startpoint: wbs_adr_i[7] (input port clocked by clk)
Endpoint: i_sram (rising edge-triggered flip-flop clocked by clk)
Path Group: clk
Path Type: max

Fanout         Cap        Slew       Delay        Time   Description
---------------------------------------------------------------------------------------------
                                  0.000000    0.000000   clock clk (rise edge)
                                  5.570000    5.570000   clock network delay (propagated)
                                  3.890000    9.460000 v input external delay
     1    0.003168    0.920000    0.000000    9.460000 v wbs_adr_i[7] (in)
                                                         wbs_adr_i[7] (net)
                      0.920181    0.000095    9.460095 v hold133/A (sky130_fd_sc_hd__dlygate4sd3_1)
     1    0.002131    0.035777    0.632979   10.093074 v hold133/X (sky130_fd_sc_hd__dlygate4sd3_1)
                                                         net231 (net)
                      0.035777    0.000155   10.093229 v hold69/A (sky130_fd_sc_hd__dlygate4sd3_1)
     1    0.002791    0.037994    0.379704   10.472934 v hold69/X (sky130_fd_sc_hd__dlygate4sd3_1)
                                                         net167 (net)
                      0.037994    0.000204   10.473138 v input9/A (sky130_fd_sc_hd__buf_4)
     1    0.057700    0.063095    0.135145   10.608283 v input9/X (sky130_fd_sc_hd__buf_4)
                                                         net9 (net)
                      0.063762    0.005429   10.613712 v hold70/A (sky130_fd_sc_hd__dlygate4sd3_1)
     1    0.044738    0.164956    0.523200   11.136912 v hold70/X (sky130_fd_sc_hd__dlygate4sd3_1)
                                                         net168 (net)
                      0.165368    0.007546   11.144458 v i_sram/AD[5] (CF_SRAM_1024x32)
                                             11.144458   data arrival time

                                 25.000000   25.000000   clock clk (rise edge)
                                  4.650000   29.650000   clock source latency
     1    0.057342    0.610000    0.000000   29.650000 ^ wb_clk_i (in)
                                                         wb_clk_i (net)
                      0.633560    0.011191   29.661190 ^ clkbuf_0_wb_clk_i/A (sky130_fd_sc_hd__clkbuf_16)
     2    0.069019    0.077912    0.160282   29.821472 ^ clkbuf_0_wb_clk_i/X (sky130_fd_sc_hd__clkbuf_16)
                                                         clknet_0_wb_clk_i (net)
                      0.078338    0.003734   29.825207 ^ clkbuf_1_1__f_wb_clk_i/A (sky130_fd_sc_hd__clkbuf_16)
     1    0.137055    0.116548    0.141910   29.967115 ^ clkbuf_1_1__f_wb_clk_i/X (sky130_fd_sc_hd__clkbuf_16)
                                                         clknet_1_1__leaf_wb_clk_i (net)
                      0.122817    0.019899   29.987015 ^ i_sram/CLKin (CF_SRAM_1024x32)
                                 -0.100000   29.887016   clock uncertainty
                                  0.000000   29.887016   clock reconvergence pessimism
                                 -0.422185   29.464832   library setup time
                                             29.464832   data required time
---------------------------------------------------------------------------------------------
                                             29.464832   data required time
                                            -11.144458   data arrival time
---------------------------------------------------------------------------------------------
                                             18.320374   slack (MET)


Startpoint: wbs_adr_i[11] (input port clocked by clk)
Endpoint: i_sram (rising edge-triggered flip-flop clocked by clk)
Path Group: clk
Path Type: max

Fanout         Cap        Slew       Delay        Time   Description
---------------------------------------------------------------------------------------------
                                  0.000000    0.000000   clock clk (rise edge)
                                  5.570000    5.570000   clock network delay (propagated)
                                  3.890000    9.460000 v input external delay
     1    0.003555    0.920000    0.000000    9.460000 v wbs_adr_i[11] (in)
                                                         wbs_adr_i[11] (net)
                      0.920203    0.000107    9.460107 v hold129/A (sky130_fd_sc_hd__dlygate4sd3_1)
     1    0.001777    0.034420    0.630767   10.090875 v hold129/X (sky130_fd_sc_hd__dlygate4sd3_1)
                                                         net227 (net)
                      0.034420    0.000086   10.090961 v hold41/A (sky130_fd_sc_hd__dlygate4sd3_1)
     1    0.002795    0.038018    0.379191   10.470151 v hold41/X (sky130_fd_sc_hd__dlygate4sd3_1)
                                                         net139 (net)
                      0.038018    0.000203   10.470354 v input3/A (sky130_fd_sc_hd__buf_4)
     1    0.047184    0.054073    0.127475   10.597829 v input3/X (sky130_fd_sc_hd__buf_4)
                                                         net3 (net)
                      0.054609    0.004442   10.602270 v hold42/A (sky130_fd_sc_hd__dlygate4sd3_1)
     1    0.046525    0.170178    0.524308   11.126578 v hold42/X (sky130_fd_sc_hd__dlygate4sd3_1)
                                                         net140 (net)
                      0.170547    0.007277   11.133855 v i_sram/AD[9] (CF_SRAM_1024x32)
                                             11.133855   data arrival time

                                 25.000000   25.000000   clock clk (rise edge)
                                  4.650000   29.650000   clock source latency
     1    0.057342    0.610000    0.000000   29.650000 ^ wb_clk_i (in)
                                                         wb_clk_i (net)
                      0.633560    0.011191   29.661190 ^ clkbuf_0_wb_clk_i/A (sky130_fd_sc_hd__clkbuf_16)
     2    0.069019    0.077912    0.160282   29.821472 ^ clkbuf_0_wb_clk_i/X (sky130_fd_sc_hd__clkbuf_16)
                                                         clknet_0_wb_clk_i (net)
                      0.078338    0.003734   29.825207 ^ clkbuf_1_1__f_wb_clk_i/A (sky130_fd_sc_hd__clkbuf_16)
     1    0.137055    0.116548    0.141910   29.967115 ^ clkbuf_1_1__f_wb_clk_i/X (sky130_fd_sc_hd__clkbuf_16)
                                                         clknet_1_1__leaf_wb_clk_i (net)
                      0.122817    0.019899   29.987015 ^ i_sram/CLKin (CF_SRAM_1024x32)
                                 -0.100000   29.887016   clock uncertainty
                                  0.000000   29.887016   clock reconvergence pessimism
                                 -0.424288   29.462729   library setup time
                                             29.462729   data required time
---------------------------------------------------------------------------------------------
                                             29.462729   data required time
                                            -11.133855   data arrival time
---------------------------------------------------------------------------------------------
                                             18.328873   slack (MET)


Startpoint: wbs_sel_i[3] (input port clocked by clk)
Endpoint: i_sram (rising edge-triggered flip-flop clocked by clk)
Path Group: clk
Path Type: max

Fanout         Cap        Slew       Delay        Time   Description
---------------------------------------------------------------------------------------------
                                  0.000000    0.000000   clock clk (rise edge)
                                  5.570000    5.570000   clock network delay (propagated)
                                  3.170000    8.740000 ^ input external delay
     1    0.008003    0.180000    0.000000    8.740000 ^ wbs_sel_i[3] (in)
                                                         wbs_sel_i[3] (net)
                      0.180526    0.000276    8.740276 ^ hold96/A (sky130_fd_sc_hd__dlygate4sd3_1)
     1    0.005469    0.055210    0.425987    9.166264 ^ hold96/X (sky130_fd_sc_hd__dlygate4sd3_1)
                                                         net194 (net)
                      0.055210    0.000415    9.166678 ^ hold94/A (sky130_fd_sc_hd__dlygate4sd3_1)
     1    0.012565    0.104406    0.449954    9.616632 ^ hold94/X (sky130_fd_sc_hd__dlygate4sd3_1)
                                                         net192 (net)
                      0.104415    0.001109    9.617742 ^ input48/A (sky130_fd_sc_hd__buf_12)
     1    0.077814    0.074830    0.115088    9.732829 ^ input48/X (sky130_fd_sc_hd__buf_12)
                                                         net48 (net)
                      0.076152    0.008246    9.741075 ^ hold95/A (sky130_fd_sc_hd__buf_12)
     8    0.198194    0.171268    0.143487    9.884562 ^ hold95/X (sky130_fd_sc_hd__buf_12)
                                                         net193 (net)
                      0.208881    0.065178    9.949740 ^ i_sram/BEN[31] (CF_SRAM_1024x32)
                                              9.949740   data arrival time

                                 25.000000   25.000000   clock clk (rise edge)
                                  4.650000   29.650000   clock source latency
     1    0.057342    0.610000    0.000000   29.650000 ^ wb_clk_i (in)
                                                         wb_clk_i (net)
                      0.633560    0.011191   29.661190 ^ clkbuf_0_wb_clk_i/A (sky130_fd_sc_hd__clkbuf_16)
     2    0.069019    0.077912    0.160282   29.821472 ^ clkbuf_0_wb_clk_i/X (sky130_fd_sc_hd__clkbuf_16)
                                                         clknet_0_wb_clk_i (net)
                      0.078338    0.003734   29.825207 ^ clkbuf_1_1__f_wb_clk_i/A (sky130_fd_sc_hd__clkbuf_16)
     1    0.137055    0.116548    0.141910   29.967115 ^ clkbuf_1_1__f_wb_clk_i/X (sky130_fd_sc_hd__clkbuf_16)
                                                         clknet_1_1__leaf_wb_clk_i (net)
                      0.122817    0.019899   29.987015 ^ i_sram/CLKin (CF_SRAM_1024x32)
                                 -0.100000   29.887016   clock uncertainty
                                  0.000000   29.887016   clock reconvergence pessimism
                                 -0.628353   29.258663   library setup time
                                             29.258663   data required time
---------------------------------------------------------------------------------------------
                                             29.258663   data required time
                                             -9.949740   data arrival time
---------------------------------------------------------------------------------------------
                                             19.308926   slack (MET)


Startpoint: wbs_sel_i[3] (input port clocked by clk)
Endpoint: i_sram (rising edge-triggered flip-flop clocked by clk)
Path Group: clk
Path Type: max

Fanout         Cap        Slew       Delay        Time   Description
---------------------------------------------------------------------------------------------
                                  0.000000    0.000000   clock clk (rise edge)
                                  5.570000    5.570000   clock network delay (propagated)
                                  3.170000    8.740000 ^ input external delay
     1    0.008003    0.180000    0.000000    8.740000 ^ wbs_sel_i[3] (in)
                                                         wbs_sel_i[3] (net)
                      0.180526    0.000276    8.740276 ^ hold96/A (sky130_fd_sc_hd__dlygate4sd3_1)
     1    0.005469    0.055210    0.425987    9.166264 ^ hold96/X (sky130_fd_sc_hd__dlygate4sd3_1)
                                                         net194 (net)
                      0.055210    0.000415    9.166678 ^ hold94/A (sky130_fd_sc_hd__dlygate4sd3_1)
     1    0.012565    0.104406    0.449954    9.616632 ^ hold94/X (sky130_fd_sc_hd__dlygate4sd3_1)
                                                         net192 (net)
                      0.104415    0.001109    9.617742 ^ input48/A (sky130_fd_sc_hd__buf_12)
     1    0.077814    0.074830    0.115088    9.732829 ^ input48/X (sky130_fd_sc_hd__buf_12)
                                                         net48 (net)
                      0.076152    0.008246    9.741075 ^ hold95/A (sky130_fd_sc_hd__buf_12)
     8    0.198194    0.171268    0.143487    9.884562 ^ hold95/X (sky130_fd_sc_hd__buf_12)
                                                         net193 (net)
                      0.208721    0.065016    9.949578 ^ i_sram/BEN[30] (CF_SRAM_1024x32)
                                              9.949578   data arrival time

                                 25.000000   25.000000   clock clk (rise edge)
                                  4.650000   29.650000   clock source latency
     1    0.057342    0.610000    0.000000   29.650000 ^ wb_clk_i (in)
                                                         wb_clk_i (net)
                      0.633560    0.011191   29.661190 ^ clkbuf_0_wb_clk_i/A (sky130_fd_sc_hd__clkbuf_16)
     2    0.069019    0.077912    0.160282   29.821472 ^ clkbuf_0_wb_clk_i/X (sky130_fd_sc_hd__clkbuf_16)
                                                         clknet_0_wb_clk_i (net)
                      0.078338    0.003734   29.825207 ^ clkbuf_1_1__f_wb_clk_i/A (sky130_fd_sc_hd__clkbuf_16)
     1    0.137055    0.116548    0.141910   29.967115 ^ clkbuf_1_1__f_wb_clk_i/X (sky130_fd_sc_hd__clkbuf_16)
                                                         clknet_1_1__leaf_wb_clk_i (net)
                      0.122817    0.019899   29.987015 ^ i_sram/CLKin (CF_SRAM_1024x32)
                                 -0.100000   29.887016   clock uncertainty
                                  0.000000   29.887016   clock reconvergence pessimism
                                 -0.628292   29.258724   library setup time
                                             29.258724   data required time
---------------------------------------------------------------------------------------------
                                             29.258724   data required time
                                             -9.949578   data arrival time
---------------------------------------------------------------------------------------------
                                             19.309145   slack (MET)


Startpoint: wbs_sel_i[3] (input port clocked by clk)
Endpoint: i_sram (rising edge-triggered flip-flop clocked by clk)
Path Group: clk
Path Type: max

Fanout         Cap        Slew       Delay        Time   Description
---------------------------------------------------------------------------------------------
                                  0.000000    0.000000   clock clk (rise edge)
                                  5.570000    5.570000   clock network delay (propagated)
                                  3.170000    8.740000 ^ input external delay
     1    0.008003    0.180000    0.000000    8.740000 ^ wbs_sel_i[3] (in)
                                                         wbs_sel_i[3] (net)
                      0.180526    0.000276    8.740276 ^ hold96/A (sky130_fd_sc_hd__dlygate4sd3_1)
     1    0.005469    0.055210    0.425987    9.166264 ^ hold96/X (sky130_fd_sc_hd__dlygate4sd3_1)
                                                         net194 (net)
                      0.055210    0.000415    9.166678 ^ hold94/A (sky130_fd_sc_hd__dlygate4sd3_1)
     1    0.012565    0.104406    0.449954    9.616632 ^ hold94/X (sky130_fd_sc_hd__dlygate4sd3_1)
                                                         net192 (net)
                      0.104415    0.001109    9.617742 ^ input48/A (sky130_fd_sc_hd__buf_12)
     1    0.077814    0.074830    0.115088    9.732829 ^ input48/X (sky130_fd_sc_hd__buf_12)
                                                         net48 (net)
                      0.076152    0.008246    9.741075 ^ hold95/A (sky130_fd_sc_hd__buf_12)
     8    0.198194    0.171268    0.143487    9.884562 ^ hold95/X (sky130_fd_sc_hd__buf_12)
                                                         net193 (net)
                      0.208204    0.064495    9.949057 ^ i_sram/BEN[29] (CF_SRAM_1024x32)
                                              9.949057   data arrival time

                                 25.000000   25.000000   clock clk (rise edge)
                                  4.650000   29.650000   clock source latency
     1    0.057342    0.610000    0.000000   29.650000 ^ wb_clk_i (in)
                                                         wb_clk_i (net)
                      0.633560    0.011191   29.661190 ^ clkbuf_0_wb_clk_i/A (sky130_fd_sc_hd__clkbuf_16)
     2    0.069019    0.077912    0.160282   29.821472 ^ clkbuf_0_wb_clk_i/X (sky130_fd_sc_hd__clkbuf_16)
                                                         clknet_0_wb_clk_i (net)
                      0.078338    0.003734   29.825207 ^ clkbuf_1_1__f_wb_clk_i/A (sky130_fd_sc_hd__clkbuf_16)
     1    0.137055    0.116548    0.141910   29.967115 ^ clkbuf_1_1__f_wb_clk_i/X (sky130_fd_sc_hd__clkbuf_16)
                                                         clknet_1_1__leaf_wb_clk_i (net)
                      0.122817    0.019899   29.987015 ^ i_sram/CLKin (CF_SRAM_1024x32)
                                 -0.100000   29.887016   clock uncertainty
                                  0.000000   29.887016   clock reconvergence pessimism
                                 -0.628095   29.258921   library setup time
                                             29.258921   data required time
---------------------------------------------------------------------------------------------
                                             29.258921   data required time
                                             -9.949057   data arrival time
---------------------------------------------------------------------------------------------
                                             19.309864   slack (MET)


Startpoint: wbs_sel_i[3] (input port clocked by clk)
Endpoint: i_sram (rising edge-triggered flip-flop clocked by clk)
Path Group: clk
Path Type: max

Fanout         Cap        Slew       Delay        Time   Description
---------------------------------------------------------------------------------------------
                                  0.000000    0.000000   clock clk (rise edge)
                                  5.570000    5.570000   clock network delay (propagated)
                                  3.170000    8.740000 ^ input external delay
     1    0.008003    0.180000    0.000000    8.740000 ^ wbs_sel_i[3] (in)
                                                         wbs_sel_i[3] (net)
                      0.180526    0.000276    8.740276 ^ hold96/A (sky130_fd_sc_hd__dlygate4sd3_1)
     1    0.005469    0.055210    0.425987    9.166264 ^ hold96/X (sky130_fd_sc_hd__dlygate4sd3_1)
                                                         net194 (net)
                      0.055210    0.000415    9.166678 ^ hold94/A (sky130_fd_sc_hd__dlygate4sd3_1)
     1    0.012565    0.104406    0.449954    9.616632 ^ hold94/X (sky130_fd_sc_hd__dlygate4sd3_1)
                                                         net192 (net)
                      0.104415    0.001109    9.617742 ^ input48/A (sky130_fd_sc_hd__buf_12)
     1    0.077814    0.074830    0.115088    9.732829 ^ input48/X (sky130_fd_sc_hd__buf_12)
                                                         net48 (net)
                      0.076152    0.008246    9.741075 ^ hold95/A (sky130_fd_sc_hd__buf_12)
     8    0.198194    0.171268    0.143487    9.884562 ^ hold95/X (sky130_fd_sc_hd__buf_12)
                                                         net193 (net)
                      0.206197    0.062453    9.947015 ^ i_sram/BEN[28] (CF_SRAM_1024x32)
                                              9.947015   data arrival time

                                 25.000000   25.000000   clock clk (rise edge)
                                  4.650000   29.650000   clock source latency
     1    0.057342    0.610000    0.000000   29.650000 ^ wb_clk_i (in)
                                                         wb_clk_i (net)
                      0.633560    0.011191   29.661190 ^ clkbuf_0_wb_clk_i/A (sky130_fd_sc_hd__clkbuf_16)
     2    0.069019    0.077912    0.160282   29.821472 ^ clkbuf_0_wb_clk_i/X (sky130_fd_sc_hd__clkbuf_16)
                                                         clknet_0_wb_clk_i (net)
                      0.078338    0.003734   29.825207 ^ clkbuf_1_1__f_wb_clk_i/A (sky130_fd_sc_hd__clkbuf_16)
     1    0.137055    0.116548    0.141910   29.967115 ^ clkbuf_1_1__f_wb_clk_i/X (sky130_fd_sc_hd__clkbuf_16)
                                                         clknet_1_1__leaf_wb_clk_i (net)
                      0.122817    0.019899   29.987015 ^ i_sram/CLKin (CF_SRAM_1024x32)
                                 -0.100000   29.887016   clock uncertainty
                                  0.000000   29.887016   clock reconvergence pessimism
                                 -0.627330   29.259687   library setup time
                                             29.259687   data required time
---------------------------------------------------------------------------------------------
                                             29.259687   data required time
                                             -9.947015   data arrival time
---------------------------------------------------------------------------------------------
                                             19.312674   slack (MET)


Startpoint: wbs_sel_i[3] (input port clocked by clk)
Endpoint: i_sram (rising edge-triggered flip-flop clocked by clk)
Path Group: clk
Path Type: max

Fanout         Cap        Slew       Delay        Time   Description
---------------------------------------------------------------------------------------------
                                  0.000000    0.000000   clock clk (rise edge)
                                  5.570000    5.570000   clock network delay (propagated)
                                  3.170000    8.740000 ^ input external delay
     1    0.008003    0.180000    0.000000    8.740000 ^ wbs_sel_i[3] (in)
                                                         wbs_sel_i[3] (net)
                      0.180526    0.000276    8.740276 ^ hold96/A (sky130_fd_sc_hd__dlygate4sd3_1)
     1    0.005469    0.055210    0.425987    9.166264 ^ hold96/X (sky130_fd_sc_hd__dlygate4sd3_1)
                                                         net194 (net)
                      0.055210    0.000415    9.166678 ^ hold94/A (sky130_fd_sc_hd__dlygate4sd3_1)
     1    0.012565    0.104406    0.449954    9.616632 ^ hold94/X (sky130_fd_sc_hd__dlygate4sd3_1)
                                                         net192 (net)
                      0.104415    0.001109    9.617742 ^ input48/A (sky130_fd_sc_hd__buf_12)
     1    0.077814    0.074830    0.115088    9.732829 ^ input48/X (sky130_fd_sc_hd__buf_12)
                                                         net48 (net)
                      0.076152    0.008246    9.741075 ^ hold95/A (sky130_fd_sc_hd__buf_12)
     8    0.198194    0.171268    0.143487    9.884562 ^ hold95/X (sky130_fd_sc_hd__buf_12)
                                                         net193 (net)
                      0.202672    0.058788    9.943350 ^ i_sram/BEN[27] (CF_SRAM_1024x32)
                                              9.943350   data arrival time

                                 25.000000   25.000000   clock clk (rise edge)
                                  4.650000   29.650000   clock source latency
     1    0.057342    0.610000    0.000000   29.650000 ^ wb_clk_i (in)
                                                         wb_clk_i (net)
                      0.633560    0.011191   29.661190 ^ clkbuf_0_wb_clk_i/A (sky130_fd_sc_hd__clkbuf_16)
     2    0.069019    0.077912    0.160282   29.821472 ^ clkbuf_0_wb_clk_i/X (sky130_fd_sc_hd__clkbuf_16)
                                                         clknet_0_wb_clk_i (net)
                      0.078338    0.003734   29.825207 ^ clkbuf_1_1__f_wb_clk_i/A (sky130_fd_sc_hd__clkbuf_16)
     1    0.137055    0.116548    0.141910   29.967115 ^ clkbuf_1_1__f_wb_clk_i/X (sky130_fd_sc_hd__clkbuf_16)
                                                         clknet_1_1__leaf_wb_clk_i (net)
                      0.122817    0.019899   29.987015 ^ i_sram/CLKin (CF_SRAM_1024x32)
                                 -0.100000   29.887016   clock uncertainty
                                  0.000000   29.887016   clock reconvergence pessimism
                                 -0.625987   29.261030   library setup time
                                             29.261030   data required time
---------------------------------------------------------------------------------------------
                                             29.261030   data required time
                                             -9.943350   data arrival time
---------------------------------------------------------------------------------------------
                                             19.317680   slack (MET)


Startpoint: wbs_sel_i[3] (input port clocked by clk)
Endpoint: i_sram (rising edge-triggered flip-flop clocked by clk)
Path Group: clk
Path Type: max

Fanout         Cap        Slew       Delay        Time   Description
---------------------------------------------------------------------------------------------
                                  0.000000    0.000000   clock clk (rise edge)
                                  5.570000    5.570000   clock network delay (propagated)
                                  3.170000    8.740000 ^ input external delay
     1    0.008003    0.180000    0.000000    8.740000 ^ wbs_sel_i[3] (in)
                                                         wbs_sel_i[3] (net)
                      0.180526    0.000276    8.740276 ^ hold96/A (sky130_fd_sc_hd__dlygate4sd3_1)
     1    0.005469    0.055210    0.425987    9.166264 ^ hold96/X (sky130_fd_sc_hd__dlygate4sd3_1)
                                                         net194 (net)
                      0.055210    0.000415    9.166678 ^ hold94/A (sky130_fd_sc_hd__dlygate4sd3_1)
     1    0.012565    0.104406    0.449954    9.616632 ^ hold94/X (sky130_fd_sc_hd__dlygate4sd3_1)
                                                         net192 (net)
                      0.104415    0.001109    9.617742 ^ input48/A (sky130_fd_sc_hd__buf_12)
     1    0.077814    0.074830    0.115088    9.732829 ^ input48/X (sky130_fd_sc_hd__buf_12)
                                                         net48 (net)
                      0.076152    0.008246    9.741075 ^ hold95/A (sky130_fd_sc_hd__buf_12)
     8    0.198194    0.171268    0.143487    9.884562 ^ hold95/X (sky130_fd_sc_hd__buf_12)
                                                         net193 (net)
                      0.200248    0.056202    9.940764 ^ i_sram/BEN[26] (CF_SRAM_1024x32)
                                              9.940764   data arrival time

                                 25.000000   25.000000   clock clk (rise edge)
                                  4.650000   29.650000   clock source latency
     1    0.057342    0.610000    0.000000   29.650000 ^ wb_clk_i (in)
                                                         wb_clk_i (net)
                      0.633560    0.011191   29.661190 ^ clkbuf_0_wb_clk_i/A (sky130_fd_sc_hd__clkbuf_16)
     2    0.069019    0.077912    0.160282   29.821472 ^ clkbuf_0_wb_clk_i/X (sky130_fd_sc_hd__clkbuf_16)
                                                         clknet_0_wb_clk_i (net)
                      0.078338    0.003734   29.825207 ^ clkbuf_1_1__f_wb_clk_i/A (sky130_fd_sc_hd__clkbuf_16)
     1    0.137055    0.116548    0.141910   29.967115 ^ clkbuf_1_1__f_wb_clk_i/X (sky130_fd_sc_hd__clkbuf_16)
                                                         clknet_1_1__leaf_wb_clk_i (net)
                      0.122817    0.019899   29.987015 ^ i_sram/CLKin (CF_SRAM_1024x32)
                                 -0.100000   29.887016   clock uncertainty
                                  0.000000   29.887016   clock reconvergence pessimism
                                 -0.625063   29.261953   library setup time
                                             29.261953   data required time
---------------------------------------------------------------------------------------------
                                             29.261953   data required time
                                             -9.940764   data arrival time
---------------------------------------------------------------------------------------------
                                             19.321188   slack (MET)


Startpoint: wbs_sel_i[3] (input port clocked by clk)
Endpoint: i_sram (rising edge-triggered flip-flop clocked by clk)
Path Group: clk
Path Type: max

Fanout         Cap        Slew       Delay        Time   Description
---------------------------------------------------------------------------------------------
                                  0.000000    0.000000   clock clk (rise edge)
                                  5.570000    5.570000   clock network delay (propagated)
                                  3.170000    8.740000 ^ input external delay
     1    0.008003    0.180000    0.000000    8.740000 ^ wbs_sel_i[3] (in)
                                                         wbs_sel_i[3] (net)
                      0.180526    0.000276    8.740276 ^ hold96/A (sky130_fd_sc_hd__dlygate4sd3_1)
     1    0.005469    0.055210    0.425987    9.166264 ^ hold96/X (sky130_fd_sc_hd__dlygate4sd3_1)
                                                         net194 (net)
                      0.055210    0.000415    9.166678 ^ hold94/A (sky130_fd_sc_hd__dlygate4sd3_1)
     1    0.012565    0.104406    0.449954    9.616632 ^ hold94/X (sky130_fd_sc_hd__dlygate4sd3_1)
                                                         net192 (net)
                      0.104415    0.001109    9.617742 ^ input48/A (sky130_fd_sc_hd__buf_12)
     1    0.077814    0.074830    0.115088    9.732829 ^ input48/X (sky130_fd_sc_hd__buf_12)
                                                         net48 (net)
                      0.076152    0.008246    9.741075 ^ hold95/A (sky130_fd_sc_hd__buf_12)
     8    0.198194    0.171268    0.143487    9.884562 ^ hold95/X (sky130_fd_sc_hd__buf_12)
                                                         net193 (net)
                      0.196897    0.052542    9.937104 ^ i_sram/BEN[25] (CF_SRAM_1024x32)
                                              9.937104   data arrival time

                                 25.000000   25.000000   clock clk (rise edge)
                                  4.650000   29.650000   clock source latency
     1    0.057342    0.610000    0.000000   29.650000 ^ wb_clk_i (in)
                                                         wb_clk_i (net)
                      0.633560    0.011191   29.661190 ^ clkbuf_0_wb_clk_i/A (sky130_fd_sc_hd__clkbuf_16)
     2    0.069019    0.077912    0.160282   29.821472 ^ clkbuf_0_wb_clk_i/X (sky130_fd_sc_hd__clkbuf_16)
                                                         clknet_0_wb_clk_i (net)
                      0.078338    0.003734   29.825207 ^ clkbuf_1_1__f_wb_clk_i/A (sky130_fd_sc_hd__clkbuf_16)
     1    0.137055    0.116548    0.141910   29.967115 ^ clkbuf_1_1__f_wb_clk_i/X (sky130_fd_sc_hd__clkbuf_16)
                                                         clknet_1_1__leaf_wb_clk_i (net)
                      0.122817    0.019899   29.987015 ^ i_sram/CLKin (CF_SRAM_1024x32)
                                 -0.100000   29.887016   clock uncertainty
                                  0.000000   29.887016   clock reconvergence pessimism
                                 -0.623786   29.263231   library setup time
                                             29.263231   data required time
---------------------------------------------------------------------------------------------
                                             29.263231   data required time
                                             -9.937104   data arrival time
---------------------------------------------------------------------------------------------
                                             19.326126   slack (MET)


Startpoint: wbs_sel_i[2] (input port clocked by clk)
Endpoint: i_sram (rising edge-triggered flip-flop clocked by clk)
Path Group: clk
Path Type: max

Fanout         Cap        Slew       Delay        Time   Description
---------------------------------------------------------------------------------------------
                                  0.000000    0.000000   clock clk (rise edge)
                                  5.570000    5.570000   clock network delay (propagated)
                                  3.170000    8.740000 ^ input external delay
     1    0.006161    0.180000    0.000000    8.740000 ^ wbs_sel_i[2] (in)
                                                         wbs_sel_i[2] (net)
                      0.180352    0.000185    8.740185 ^ hold93/A (sky130_fd_sc_hd__dlygate4sd3_1)
     1    0.004495    0.048724    0.420447    9.160631 ^ hold93/X (sky130_fd_sc_hd__dlygate4sd3_1)
                                                         net191 (net)
                      0.048724    0.000333    9.160965 ^ hold91/A (sky130_fd_sc_hd__dlygate4sd3_1)
     1    0.013014    0.107643    0.451029    9.611993 ^ hold91/X (sky130_fd_sc_hd__dlygate4sd3_1)
                                                         net189 (net)
                      0.107652    0.001132    9.613125 ^ input47/A (sky130_fd_sc_hd__buf_12)
     1    0.069711    0.067655    0.106413    9.719538 ^ input47/X (sky130_fd_sc_hd__buf_12)
                                                         net47 (net)
                      0.074968    0.017923    9.737460 ^ hold92/A (sky130_fd_sc_hd__buf_12)
     8    0.193330    0.169971    0.152807    9.890266 ^ hold92/X (sky130_fd_sc_hd__buf_12)
                                                         net190 (net)
                      0.190045    0.046666    9.936933 ^ i_sram/BEN[23] (CF_SRAM_1024x32)
                                              9.936933   data arrival time

                                 25.000000   25.000000   clock clk (rise edge)
                                  4.650000   29.650000   clock source latency
     1    0.057342    0.610000    0.000000   29.650000 ^ wb_clk_i (in)
                                                         wb_clk_i (net)
                      0.633560    0.011191   29.661190 ^ clkbuf_0_wb_clk_i/A (sky130_fd_sc_hd__clkbuf_16)
     2    0.069019    0.077912    0.160282   29.821472 ^ clkbuf_0_wb_clk_i/X (sky130_fd_sc_hd__clkbuf_16)
                                                         clknet_0_wb_clk_i (net)
                      0.078338    0.003734   29.825207 ^ clkbuf_1_1__f_wb_clk_i/A (sky130_fd_sc_hd__clkbuf_16)
     1    0.137055    0.116548    0.141910   29.967115 ^ clkbuf_1_1__f_wb_clk_i/X (sky130_fd_sc_hd__clkbuf_16)
                                                         clknet_1_1__leaf_wb_clk_i (net)
                      0.122817    0.019899   29.987015 ^ i_sram/CLKin (CF_SRAM_1024x32)
                                 -0.100000   29.887016   clock uncertainty
                                  0.000000   29.887016   clock reconvergence pessimism
                                 -0.621176   29.265841   library setup time
                                             29.265841   data required time
---------------------------------------------------------------------------------------------
                                             29.265841   data required time
                                             -9.936933   data arrival time
---------------------------------------------------------------------------------------------
                                             19.328909   slack (MET)


Startpoint: wbs_sel_i[2] (input port clocked by clk)
Endpoint: i_sram (rising edge-triggered flip-flop clocked by clk)
Path Group: clk
Path Type: max

Fanout         Cap        Slew       Delay        Time   Description
---------------------------------------------------------------------------------------------
                                  0.000000    0.000000   clock clk (rise edge)
                                  5.570000    5.570000   clock network delay (propagated)
                                  3.170000    8.740000 ^ input external delay
     1    0.006161    0.180000    0.000000    8.740000 ^ wbs_sel_i[2] (in)
                                                         wbs_sel_i[2] (net)
                      0.180352    0.000185    8.740185 ^ hold93/A (sky130_fd_sc_hd__dlygate4sd3_1)
     1    0.004495    0.048724    0.420447    9.160631 ^ hold93/X (sky130_fd_sc_hd__dlygate4sd3_1)
                                                         net191 (net)
                      0.048724    0.000333    9.160965 ^ hold91/A (sky130_fd_sc_hd__dlygate4sd3_1)
     1    0.013014    0.107643    0.451029    9.611993 ^ hold91/X (sky130_fd_sc_hd__dlygate4sd3_1)
                                                         net189 (net)
                      0.107652    0.001132    9.613125 ^ input47/A (sky130_fd_sc_hd__buf_12)
     1    0.069711    0.067655    0.106413    9.719538 ^ input47/X (sky130_fd_sc_hd__buf_12)
                                                         net47 (net)
                      0.074968    0.017923    9.737460 ^ hold92/A (sky130_fd_sc_hd__buf_12)
     8    0.193330    0.169971    0.152807    9.890266 ^ hold92/X (sky130_fd_sc_hd__buf_12)
                                                         net190 (net)
                      0.189342    0.045811    9.936078 ^ i_sram/BEN[22] (CF_SRAM_1024x32)
                                              9.936078   data arrival time

                                 25.000000   25.000000   clock clk (rise edge)
                                  4.650000   29.650000   clock source latency
     1    0.057342    0.610000    0.000000   29.650000 ^ wb_clk_i (in)
                                                         wb_clk_i (net)
                      0.633560    0.011191   29.661190 ^ clkbuf_0_wb_clk_i/A (sky130_fd_sc_hd__clkbuf_16)
     2    0.069019    0.077912    0.160282   29.821472 ^ clkbuf_0_wb_clk_i/X (sky130_fd_sc_hd__clkbuf_16)
                                                         clknet_0_wb_clk_i (net)
                      0.078338    0.003734   29.825207 ^ clkbuf_1_1__f_wb_clk_i/A (sky130_fd_sc_hd__clkbuf_16)
     1    0.137055    0.116548    0.141910   29.967115 ^ clkbuf_1_1__f_wb_clk_i/X (sky130_fd_sc_hd__clkbuf_16)
                                                         clknet_1_1__leaf_wb_clk_i (net)
                      0.122817    0.019899   29.987015 ^ i_sram/CLKin (CF_SRAM_1024x32)
                                 -0.100000   29.887016   clock uncertainty
                                  0.000000   29.887016   clock reconvergence pessimism
                                 -0.620908   29.266109   library setup time
                                             29.266109   data required time
---------------------------------------------------------------------------------------------
                                             29.266109   data required time
                                             -9.936078   data arrival time
---------------------------------------------------------------------------------------------
                                             19.330032   slack (MET)


Startpoint: wbs_sel_i[2] (input port clocked by clk)
Endpoint: i_sram (rising edge-triggered flip-flop clocked by clk)
Path Group: clk
Path Type: max

Fanout         Cap        Slew       Delay        Time   Description
---------------------------------------------------------------------------------------------
                                  0.000000    0.000000   clock clk (rise edge)
                                  5.570000    5.570000   clock network delay (propagated)
                                  3.170000    8.740000 ^ input external delay
     1    0.006161    0.180000    0.000000    8.740000 ^ wbs_sel_i[2] (in)
                                                         wbs_sel_i[2] (net)
                      0.180352    0.000185    8.740185 ^ hold93/A (sky130_fd_sc_hd__dlygate4sd3_1)
     1    0.004495    0.048724    0.420447    9.160631 ^ hold93/X (sky130_fd_sc_hd__dlygate4sd3_1)
                                                         net191 (net)
                      0.048724    0.000333    9.160965 ^ hold91/A (sky130_fd_sc_hd__dlygate4sd3_1)
     1    0.013014    0.107643    0.451029    9.611993 ^ hold91/X (sky130_fd_sc_hd__dlygate4sd3_1)
                                                         net189 (net)
                      0.107652    0.001132    9.613125 ^ input47/A (sky130_fd_sc_hd__buf_12)
     1    0.069711    0.067655    0.106413    9.719538 ^ input47/X (sky130_fd_sc_hd__buf_12)
                                                         net47 (net)
                      0.074968    0.017923    9.737460 ^ hold92/A (sky130_fd_sc_hd__buf_12)
     8    0.193330    0.169971    0.152807    9.890266 ^ hold92/X (sky130_fd_sc_hd__buf_12)
                                                         net190 (net)
                      0.188664    0.044981    9.935247 ^ i_sram/BEN[21] (CF_SRAM_1024x32)
                                              9.935247   data arrival time

                                 25.000000   25.000000   clock clk (rise edge)
                                  4.650000   29.650000   clock source latency
     1    0.057342    0.610000    0.000000   29.650000 ^ wb_clk_i (in)
                                                         wb_clk_i (net)
                      0.633560    0.011191   29.661190 ^ clkbuf_0_wb_clk_i/A (sky130_fd_sc_hd__clkbuf_16)
     2    0.069019    0.077912    0.160282   29.821472 ^ clkbuf_0_wb_clk_i/X (sky130_fd_sc_hd__clkbuf_16)
                                                         clknet_0_wb_clk_i (net)
                      0.078338    0.003734   29.825207 ^ clkbuf_1_1__f_wb_clk_i/A (sky130_fd_sc_hd__clkbuf_16)
     1    0.137055    0.116548    0.141910   29.967115 ^ clkbuf_1_1__f_wb_clk_i/X (sky130_fd_sc_hd__clkbuf_16)
                                                         clknet_1_1__leaf_wb_clk_i (net)
                      0.122817    0.019899   29.987015 ^ i_sram/CLKin (CF_SRAM_1024x32)
                                 -0.100000   29.887016   clock uncertainty
                                  0.000000   29.887016   clock reconvergence pessimism
                                 -0.620649   29.266369   library setup time
                                             29.266369   data required time
---------------------------------------------------------------------------------------------
                                             29.266369   data required time
                                             -9.935247   data arrival time
---------------------------------------------------------------------------------------------
                                             19.331120   slack (MET)


Startpoint: wbs_sel_i[2] (input port clocked by clk)
Endpoint: i_sram (rising edge-triggered flip-flop clocked by clk)
Path Group: clk
Path Type: max

Fanout         Cap        Slew       Delay        Time   Description
---------------------------------------------------------------------------------------------
                                  0.000000    0.000000   clock clk (rise edge)
                                  5.570000    5.570000   clock network delay (propagated)
                                  3.170000    8.740000 ^ input external delay
     1    0.006161    0.180000    0.000000    8.740000 ^ wbs_sel_i[2] (in)
                                                         wbs_sel_i[2] (net)
                      0.180352    0.000185    8.740185 ^ hold93/A (sky130_fd_sc_hd__dlygate4sd3_1)
     1    0.004495    0.048724    0.420447    9.160631 ^ hold93/X (sky130_fd_sc_hd__dlygate4sd3_1)
                                                         net191 (net)
                      0.048724    0.000333    9.160965 ^ hold91/A (sky130_fd_sc_hd__dlygate4sd3_1)
     1    0.013014    0.107643    0.451029    9.611993 ^ hold91/X (sky130_fd_sc_hd__dlygate4sd3_1)
                                                         net189 (net)
                      0.107652    0.001132    9.613125 ^ input47/A (sky130_fd_sc_hd__buf_12)
     1    0.069711    0.067655    0.106413    9.719538 ^ input47/X (sky130_fd_sc_hd__buf_12)
                                                         net47 (net)
                      0.074968    0.017923    9.737460 ^ hold92/A (sky130_fd_sc_hd__buf_12)
     8    0.193330    0.169971    0.152807    9.890266 ^ hold92/X (sky130_fd_sc_hd__buf_12)
                                                         net190 (net)
                      0.188113    0.044300    9.934566 ^ i_sram/BEN[20] (CF_SRAM_1024x32)
                                              9.934566   data arrival time

                                 25.000000   25.000000   clock clk (rise edge)
                                  4.650000   29.650000   clock source latency
     1    0.057342    0.610000    0.000000   29.650000 ^ wb_clk_i (in)
                                                         wb_clk_i (net)
                      0.633560    0.011191   29.661190 ^ clkbuf_0_wb_clk_i/A (sky130_fd_sc_hd__clkbuf_16)
     2    0.069019    0.077912    0.160282   29.821472 ^ clkbuf_0_wb_clk_i/X (sky130_fd_sc_hd__clkbuf_16)
                                                         clknet_0_wb_clk_i (net)
                      0.078338    0.003734   29.825207 ^ clkbuf_1_1__f_wb_clk_i/A (sky130_fd_sc_hd__clkbuf_16)
     1    0.137055    0.116548    0.141910   29.967115 ^ clkbuf_1_1__f_wb_clk_i/X (sky130_fd_sc_hd__clkbuf_16)
                                                         clknet_1_1__leaf_wb_clk_i (net)
                      0.122817    0.019899   29.987015 ^ i_sram/CLKin (CF_SRAM_1024x32)
                                 -0.100000   29.887016   clock uncertainty
                                  0.000000   29.887016   clock reconvergence pessimism
                                 -0.620439   29.266577   library setup time
                                             29.266577   data required time
---------------------------------------------------------------------------------------------
                                             29.266577   data required time
                                             -9.934566   data arrival time
---------------------------------------------------------------------------------------------
                                             19.332010   slack (MET)


Startpoint: wbs_sel_i[2] (input port clocked by clk)
Endpoint: i_sram (rising edge-triggered flip-flop clocked by clk)
Path Group: clk
Path Type: max

Fanout         Cap        Slew       Delay        Time   Description
---------------------------------------------------------------------------------------------
                                  0.000000    0.000000   clock clk (rise edge)
                                  5.570000    5.570000   clock network delay (propagated)
                                  3.170000    8.740000 ^ input external delay
     1    0.006161    0.180000    0.000000    8.740000 ^ wbs_sel_i[2] (in)
                                                         wbs_sel_i[2] (net)
                      0.180352    0.000185    8.740185 ^ hold93/A (sky130_fd_sc_hd__dlygate4sd3_1)
     1    0.004495    0.048724    0.420447    9.160631 ^ hold93/X (sky130_fd_sc_hd__dlygate4sd3_1)
                                                         net191 (net)
                      0.048724    0.000333    9.160965 ^ hold91/A (sky130_fd_sc_hd__dlygate4sd3_1)
     1    0.013014    0.107643    0.451029    9.611993 ^ hold91/X (sky130_fd_sc_hd__dlygate4sd3_1)
                                                         net189 (net)
                      0.107652    0.001132    9.613125 ^ input47/A (sky130_fd_sc_hd__buf_12)
     1    0.069711    0.067655    0.106413    9.719538 ^ input47/X (sky130_fd_sc_hd__buf_12)
                                                         net47 (net)
                      0.074968    0.017923    9.737460 ^ hold92/A (sky130_fd_sc_hd__buf_12)
     8    0.193330    0.169971    0.152807    9.890266 ^ hold92/X (sky130_fd_sc_hd__buf_12)
                                                         net190 (net)
                      0.187434    0.043453    9.933720 ^ i_sram/BEN[19] (CF_SRAM_1024x32)
                                              9.933720   data arrival time

                                 25.000000   25.000000   clock clk (rise edge)
                                  4.650000   29.650000   clock source latency
     1    0.057342    0.610000    0.000000   29.650000 ^ wb_clk_i (in)
                                                         wb_clk_i (net)
                      0.633560    0.011191   29.661190 ^ clkbuf_0_wb_clk_i/A (sky130_fd_sc_hd__clkbuf_16)
     2    0.069019    0.077912    0.160282   29.821472 ^ clkbuf_0_wb_clk_i/X (sky130_fd_sc_hd__clkbuf_16)
                                                         clknet_0_wb_clk_i (net)
                      0.078338    0.003734   29.825207 ^ clkbuf_1_1__f_wb_clk_i/A (sky130_fd_sc_hd__clkbuf_16)
     1    0.137055    0.116548    0.141910   29.967115 ^ clkbuf_1_1__f_wb_clk_i/X (sky130_fd_sc_hd__clkbuf_16)
                                                         clknet_1_1__leaf_wb_clk_i (net)
                      0.122817    0.019899   29.987015 ^ i_sram/CLKin (CF_SRAM_1024x32)
                                 -0.100000   29.887016   clock uncertainty
                                  0.000000   29.887016   clock reconvergence pessimism
                                 -0.620181   29.266834   library setup time
                                             29.266834   data required time
---------------------------------------------------------------------------------------------
                                             29.266834   data required time
                                             -9.933720   data arrival time
---------------------------------------------------------------------------------------------
                                             19.333115   slack (MET)


Startpoint: wbs_sel_i[3] (input port clocked by clk)
Endpoint: i_sram (rising edge-triggered flip-flop clocked by clk)
Path Group: clk
Path Type: max

Fanout         Cap        Slew       Delay        Time   Description
---------------------------------------------------------------------------------------------
                                  0.000000    0.000000   clock clk (rise edge)
                                  5.570000    5.570000   clock network delay (propagated)
                                  3.170000    8.740000 ^ input external delay
     1    0.008003    0.180000    0.000000    8.740000 ^ wbs_sel_i[3] (in)
                                                         wbs_sel_i[3] (net)
                      0.180526    0.000276    8.740276 ^ hold96/A (sky130_fd_sc_hd__dlygate4sd3_1)
     1    0.005469    0.055210    0.425987    9.166264 ^ hold96/X (sky130_fd_sc_hd__dlygate4sd3_1)
                                                         net194 (net)
                      0.055210    0.000415    9.166678 ^ hold94/A (sky130_fd_sc_hd__dlygate4sd3_1)
     1    0.012565    0.104406    0.449954    9.616632 ^ hold94/X (sky130_fd_sc_hd__dlygate4sd3_1)
                                                         net192 (net)
                      0.104415    0.001109    9.617742 ^ input48/A (sky130_fd_sc_hd__buf_12)
     1    0.077814    0.074830    0.115088    9.732829 ^ input48/X (sky130_fd_sc_hd__buf_12)
                                                         net48 (net)
                      0.076152    0.008246    9.741075 ^ hold95/A (sky130_fd_sc_hd__buf_12)
     8    0.198194    0.171268    0.143487    9.884562 ^ hold95/X (sky130_fd_sc_hd__buf_12)
                                                         net193 (net)
                      0.191494    0.046366    9.930927 ^ i_sram/BEN[24] (CF_SRAM_1024x32)
                                              9.930927   data arrival time

                                 25.000000   25.000000   clock clk (rise edge)
                                  4.650000   29.650000   clock source latency
     1    0.057342    0.610000    0.000000   29.650000 ^ wb_clk_i (in)
                                                         wb_clk_i (net)
                      0.633560    0.011191   29.661190 ^ clkbuf_0_wb_clk_i/A (sky130_fd_sc_hd__clkbuf_16)
     2    0.069019    0.077912    0.160282   29.821472 ^ clkbuf_0_wb_clk_i/X (sky130_fd_sc_hd__clkbuf_16)
                                                         clknet_0_wb_clk_i (net)
                      0.078338    0.003734   29.825207 ^ clkbuf_1_1__f_wb_clk_i/A (sky130_fd_sc_hd__clkbuf_16)
     1    0.137055    0.116548    0.141910   29.967115 ^ clkbuf_1_1__f_wb_clk_i/X (sky130_fd_sc_hd__clkbuf_16)
                                                         clknet_1_1__leaf_wb_clk_i (net)
                      0.122817    0.019899   29.987015 ^ i_sram/CLKin (CF_SRAM_1024x32)
                                 -0.100000   29.887016   clock uncertainty
                                  0.000000   29.887016   clock reconvergence pessimism
                                 -0.621728   29.265287   library setup time
                                             29.265287   data required time
---------------------------------------------------------------------------------------------
                                             29.265287   data required time
                                             -9.930927   data arrival time
---------------------------------------------------------------------------------------------
                                             19.334360   slack (MET)


Startpoint: wbs_sel_i[2] (input port clocked by clk)
Endpoint: i_sram (rising edge-triggered flip-flop clocked by clk)
Path Group: clk
Path Type: max

Fanout         Cap        Slew       Delay        Time   Description
---------------------------------------------------------------------------------------------
                                  0.000000    0.000000   clock clk (rise edge)
                                  5.570000    5.570000   clock network delay (propagated)
                                  3.170000    8.740000 ^ input external delay
     1    0.006161    0.180000    0.000000    8.740000 ^ wbs_sel_i[2] (in)
                                                         wbs_sel_i[2] (net)
                      0.180352    0.000185    8.740185 ^ hold93/A (sky130_fd_sc_hd__dlygate4sd3_1)
     1    0.004495    0.048724    0.420447    9.160631 ^ hold93/X (sky130_fd_sc_hd__dlygate4sd3_1)
                                                         net191 (net)
                      0.048724    0.000333    9.160965 ^ hold91/A (sky130_fd_sc_hd__dlygate4sd3_1)
     1    0.013014    0.107643    0.451029    9.611993 ^ hold91/X (sky130_fd_sc_hd__dlygate4sd3_1)
                                                         net189 (net)
                      0.107652    0.001132    9.613125 ^ input47/A (sky130_fd_sc_hd__buf_12)
     1    0.069711    0.067655    0.106413    9.719538 ^ input47/X (sky130_fd_sc_hd__buf_12)
                                                         net47 (net)
                      0.074968    0.017923    9.737460 ^ hold92/A (sky130_fd_sc_hd__buf_12)
     8    0.193330    0.169971    0.152807    9.890266 ^ hold92/X (sky130_fd_sc_hd__buf_12)
                                                         net190 (net)
                      0.186468    0.042233    9.932500 ^ i_sram/BEN[18] (CF_SRAM_1024x32)
                                              9.932500   data arrival time

                                 25.000000   25.000000   clock clk (rise edge)
                                  4.650000   29.650000   clock source latency
     1    0.057342    0.610000    0.000000   29.650000 ^ wb_clk_i (in)
                                                         wb_clk_i (net)
                      0.633560    0.011191   29.661190 ^ clkbuf_0_wb_clk_i/A (sky130_fd_sc_hd__clkbuf_16)
     2    0.069019    0.077912    0.160282   29.821472 ^ clkbuf_0_wb_clk_i/X (sky130_fd_sc_hd__clkbuf_16)
                                                         clknet_0_wb_clk_i (net)
                      0.078338    0.003734   29.825207 ^ clkbuf_1_1__f_wb_clk_i/A (sky130_fd_sc_hd__clkbuf_16)
     1    0.137055    0.116548    0.141910   29.967115 ^ clkbuf_1_1__f_wb_clk_i/X (sky130_fd_sc_hd__clkbuf_16)
                                                         clknet_1_1__leaf_wb_clk_i (net)
                      0.122817    0.019899   29.987015 ^ i_sram/CLKin (CF_SRAM_1024x32)
                                 -0.100000   29.887016   clock uncertainty
                                  0.000000   29.887016   clock reconvergence pessimism
                                 -0.619812   29.267204   library setup time
                                             29.267204   data required time
---------------------------------------------------------------------------------------------
                                             29.267204   data required time
                                             -9.932500   data arrival time
---------------------------------------------------------------------------------------------
                                             19.334705   slack (MET)


Startpoint: wbs_sel_i[2] (input port clocked by clk)
Endpoint: i_sram (rising edge-triggered flip-flop clocked by clk)
Path Group: clk
Path Type: max

Fanout         Cap        Slew       Delay        Time   Description
---------------------------------------------------------------------------------------------
                                  0.000000    0.000000   clock clk (rise edge)
                                  5.570000    5.570000   clock network delay (propagated)
                                  3.170000    8.740000 ^ input external delay
     1    0.006161    0.180000    0.000000    8.740000 ^ wbs_sel_i[2] (in)
                                                         wbs_sel_i[2] (net)
                      0.180352    0.000185    8.740185 ^ hold93/A (sky130_fd_sc_hd__dlygate4sd3_1)
     1    0.004495    0.048724    0.420447    9.160631 ^ hold93/X (sky130_fd_sc_hd__dlygate4sd3_1)
                                                         net191 (net)
                      0.048724    0.000333    9.160965 ^ hold91/A (sky130_fd_sc_hd__dlygate4sd3_1)
     1    0.013014    0.107643    0.451029    9.611993 ^ hold91/X (sky130_fd_sc_hd__dlygate4sd3_1)
                                                         net189 (net)
                      0.107652    0.001132    9.613125 ^ input47/A (sky130_fd_sc_hd__buf_12)
     1    0.069711    0.067655    0.106413    9.719538 ^ input47/X (sky130_fd_sc_hd__buf_12)
                                                         net47 (net)
                      0.074968    0.017923    9.737460 ^ hold92/A (sky130_fd_sc_hd__buf_12)
     8    0.193330    0.169971    0.152807    9.890266 ^ hold92/X (sky130_fd_sc_hd__buf_12)
                                                         net190 (net)
                      0.185463    0.040945    9.931211 ^ i_sram/BEN[17] (CF_SRAM_1024x32)
                                              9.931211   data arrival time

                                 25.000000   25.000000   clock clk (rise edge)
                                  4.650000   29.650000   clock source latency
     1    0.057342    0.610000    0.000000   29.650000 ^ wb_clk_i (in)
                                                         wb_clk_i (net)
                      0.633560    0.011191   29.661190 ^ clkbuf_0_wb_clk_i/A (sky130_fd_sc_hd__clkbuf_16)
     2    0.069019    0.077912    0.160282   29.821472 ^ clkbuf_0_wb_clk_i/X (sky130_fd_sc_hd__clkbuf_16)
                                                         clknet_0_wb_clk_i (net)
                      0.078338    0.003734   29.825207 ^ clkbuf_1_1__f_wb_clk_i/A (sky130_fd_sc_hd__clkbuf_16)
     1    0.137055    0.116548    0.141910   29.967115 ^ clkbuf_1_1__f_wb_clk_i/X (sky130_fd_sc_hd__clkbuf_16)
                                                         clknet_1_1__leaf_wb_clk_i (net)
                      0.122817    0.019899   29.987015 ^ i_sram/CLKin (CF_SRAM_1024x32)
                                 -0.100000   29.887016   clock uncertainty
                                  0.000000   29.887016   clock reconvergence pessimism
                                 -0.619430   29.267586   library setup time
                                             29.267586   data required time
---------------------------------------------------------------------------------------------
                                             29.267586   data required time
                                             -9.931211   data arrival time
---------------------------------------------------------------------------------------------
                                             19.336374   slack (MET)


Startpoint: wbs_sel_i[2] (input port clocked by clk)
Endpoint: i_sram (rising edge-triggered flip-flop clocked by clk)
Path Group: clk
Path Type: max

Fanout         Cap        Slew       Delay        Time   Description
---------------------------------------------------------------------------------------------
                                  0.000000    0.000000   clock clk (rise edge)
                                  5.570000    5.570000   clock network delay (propagated)
                                  3.170000    8.740000 ^ input external delay
     1    0.006161    0.180000    0.000000    8.740000 ^ wbs_sel_i[2] (in)
                                                         wbs_sel_i[2] (net)
                      0.180352    0.000185    8.740185 ^ hold93/A (sky130_fd_sc_hd__dlygate4sd3_1)
     1    0.004495    0.048724    0.420447    9.160631 ^ hold93/X (sky130_fd_sc_hd__dlygate4sd3_1)
                                                         net191 (net)
                      0.048724    0.000333    9.160965 ^ hold91/A (sky130_fd_sc_hd__dlygate4sd3_1)
     1    0.013014    0.107643    0.451029    9.611993 ^ hold91/X (sky130_fd_sc_hd__dlygate4sd3_1)
                                                         net189 (net)
                      0.107652    0.001132    9.613125 ^ input47/A (sky130_fd_sc_hd__buf_12)
     1    0.069711    0.067655    0.106413    9.719538 ^ input47/X (sky130_fd_sc_hd__buf_12)
                                                         net47 (net)
                      0.074968    0.017923    9.737460 ^ hold92/A (sky130_fd_sc_hd__buf_12)
     8    0.193330    0.169971    0.152807    9.890266 ^ hold92/X (sky130_fd_sc_hd__buf_12)
                                                         net190 (net)
                      0.182399    0.036875    9.927142 ^ i_sram/BEN[16] (CF_SRAM_1024x32)
                                              9.927142   data arrival time

                                 25.000000   25.000000   clock clk (rise edge)
                                  4.650000   29.650000   clock source latency
     1    0.057342    0.610000    0.000000   29.650000 ^ wb_clk_i (in)
                                                         wb_clk_i (net)
                      0.633560    0.011191   29.661190 ^ clkbuf_0_wb_clk_i/A (sky130_fd_sc_hd__clkbuf_16)
     2    0.069019    0.077912    0.160282   29.821472 ^ clkbuf_0_wb_clk_i/X (sky130_fd_sc_hd__clkbuf_16)
                                                         clknet_0_wb_clk_i (net)
                      0.078338    0.003734   29.825207 ^ clkbuf_1_1__f_wb_clk_i/A (sky130_fd_sc_hd__clkbuf_16)
     1    0.137055    0.116548    0.141910   29.967115 ^ clkbuf_1_1__f_wb_clk_i/X (sky130_fd_sc_hd__clkbuf_16)
                                                         clknet_1_1__leaf_wb_clk_i (net)
                      0.122817    0.019899   29.987015 ^ i_sram/CLKin (CF_SRAM_1024x32)
                                 -0.100000   29.887016   clock uncertainty
                                  0.000000   29.887016   clock reconvergence pessimism
                                 -0.618262   29.268753   library setup time
                                             29.268753   data required time
---------------------------------------------------------------------------------------------
                                             29.268753   data required time
                                             -9.927142   data arrival time
---------------------------------------------------------------------------------------------
                                             19.341612   slack (MET)


Startpoint: wbs_sel_i[0] (input port clocked by clk)
Endpoint: i_sram (rising edge-triggered flip-flop clocked by clk)
Path Group: clk
Path Type: max

Fanout         Cap        Slew       Delay        Time   Description
---------------------------------------------------------------------------------------------
                                  0.000000    0.000000   clock clk (rise edge)
                                  5.570000    5.570000   clock network delay (propagated)
                                  3.170000    8.740000 ^ input external delay
     1    0.004473    0.180000    0.000000    8.740000 ^ wbs_sel_i[0] (in)
                                                         wbs_sel_i[0] (net)
                      0.180222    0.000116    8.740116 ^ hold90/A (sky130_fd_sc_hd__dlygate4sd3_1)
     1    0.002918    0.037962    0.410634    9.150751 ^ hold90/X (sky130_fd_sc_hd__dlygate4sd3_1)
                                                         net188 (net)
                      0.037962    0.000187    9.150937 ^ hold88/A (sky130_fd_sc_hd__dlygate4sd3_1)
     1    0.011124    0.094035    0.438604    9.589541 ^ hold88/X (sky130_fd_sc_hd__dlygate4sd3_1)
                                                         net186 (net)
                      0.094041    0.000896    9.590437 ^ input45/A (sky130_fd_sc_hd__buf_12)
     1    0.030165    0.037137    0.086235    9.676672 ^ input45/X (sky130_fd_sc_hd__buf_12)
                                                         net45 (net)
                      0.037911    0.004359    9.681031 ^ hold89/A (sky130_fd_sc_hd__buf_12)
     8    0.213923    0.183272    0.138701    9.819733 ^ hold89/X (sky130_fd_sc_hd__buf_12)
                                                         net187 (net)
                      0.228092    0.073792    9.893524 ^ i_sram/BEN[0] (CF_SRAM_1024x32)
                                              9.893524   data arrival time

                                 25.000000   25.000000   clock clk (rise edge)
                                  4.650000   29.650000   clock source latency
     1    0.057342    0.610000    0.000000   29.650000 ^ wb_clk_i (in)
                                                         wb_clk_i (net)
                      0.633560    0.011191   29.661190 ^ clkbuf_0_wb_clk_i/A (sky130_fd_sc_hd__clkbuf_16)
     2    0.069019    0.077912    0.160282   29.821472 ^ clkbuf_0_wb_clk_i/X (sky130_fd_sc_hd__clkbuf_16)
                                                         clknet_0_wb_clk_i (net)
                      0.078338    0.003734   29.825207 ^ clkbuf_1_1__f_wb_clk_i/A (sky130_fd_sc_hd__clkbuf_16)
     1    0.137055    0.116548    0.141910   29.967115 ^ clkbuf_1_1__f_wb_clk_i/X (sky130_fd_sc_hd__clkbuf_16)
                                                         clknet_1_1__leaf_wb_clk_i (net)
                      0.122817    0.019899   29.987015 ^ i_sram/CLKin (CF_SRAM_1024x32)
                                 -0.100000   29.887016   clock uncertainty
                                  0.000000   29.887016   clock reconvergence pessimism
                                 -0.635673   29.251343   library setup time
                                             29.251343   data required time
---------------------------------------------------------------------------------------------
                                             29.251343   data required time
                                             -9.893524   data arrival time
---------------------------------------------------------------------------------------------
                                             19.357819   slack (MET)


Startpoint: wbs_sel_i[0] (input port clocked by clk)
Endpoint: i_sram (rising edge-triggered flip-flop clocked by clk)
Path Group: clk
Path Type: max

Fanout         Cap        Slew       Delay        Time   Description
---------------------------------------------------------------------------------------------
                                  0.000000    0.000000   clock clk (rise edge)
                                  5.570000    5.570000   clock network delay (propagated)
                                  3.170000    8.740000 ^ input external delay
     1    0.004473    0.180000    0.000000    8.740000 ^ wbs_sel_i[0] (in)
                                                         wbs_sel_i[0] (net)
                      0.180222    0.000116    8.740116 ^ hold90/A (sky130_fd_sc_hd__dlygate4sd3_1)
     1    0.002918    0.037962    0.410634    9.150751 ^ hold90/X (sky130_fd_sc_hd__dlygate4sd3_1)
                                                         net188 (net)
                      0.037962    0.000187    9.150937 ^ hold88/A (sky130_fd_sc_hd__dlygate4sd3_1)
     1    0.011124    0.094035    0.438604    9.589541 ^ hold88/X (sky130_fd_sc_hd__dlygate4sd3_1)
                                                         net186 (net)
                      0.094041    0.000896    9.590437 ^ input45/A (sky130_fd_sc_hd__buf_12)
     1    0.030165    0.037137    0.086235    9.676672 ^ input45/X (sky130_fd_sc_hd__buf_12)
                                                         net45 (net)
                      0.037911    0.004359    9.681031 ^ hold89/A (sky130_fd_sc_hd__buf_12)
     8    0.213923    0.183272    0.138701    9.819733 ^ hold89/X (sky130_fd_sc_hd__buf_12)
                                                         net187 (net)
                      0.227190    0.072912    9.892645 ^ i_sram/BEN[1] (CF_SRAM_1024x32)
                                              9.892645   data arrival time

                                 25.000000   25.000000   clock clk (rise edge)
                                  4.650000   29.650000   clock source latency
     1    0.057342    0.610000    0.000000   29.650000 ^ wb_clk_i (in)
                                                         wb_clk_i (net)
                      0.633560    0.011191   29.661190 ^ clkbuf_0_wb_clk_i/A (sky130_fd_sc_hd__clkbuf_16)
     2    0.069019    0.077912    0.160282   29.821472 ^ clkbuf_0_wb_clk_i/X (sky130_fd_sc_hd__clkbuf_16)
                                                         clknet_0_wb_clk_i (net)
                      0.078338    0.003734   29.825207 ^ clkbuf_1_1__f_wb_clk_i/A (sky130_fd_sc_hd__clkbuf_16)
     1    0.137055    0.116548    0.141910   29.967115 ^ clkbuf_1_1__f_wb_clk_i/X (sky130_fd_sc_hd__clkbuf_16)
                                                         clknet_1_1__leaf_wb_clk_i (net)
                      0.122817    0.019899   29.987015 ^ i_sram/CLKin (CF_SRAM_1024x32)
                                 -0.100000   29.887016   clock uncertainty
                                  0.000000   29.887016   clock reconvergence pessimism
                                 -0.635329   29.251688   library setup time
                                             29.251688   data required time
---------------------------------------------------------------------------------------------
                                             29.251688   data required time
                                             -9.892645   data arrival time
---------------------------------------------------------------------------------------------
                                             19.359043   slack (MET)


Startpoint: wbs_sel_i[0] (input port clocked by clk)
Endpoint: i_sram (rising edge-triggered flip-flop clocked by clk)
Path Group: clk
Path Type: max

Fanout         Cap        Slew       Delay        Time   Description
---------------------------------------------------------------------------------------------
                                  0.000000    0.000000   clock clk (rise edge)
                                  5.570000    5.570000   clock network delay (propagated)
                                  3.170000    8.740000 ^ input external delay
     1    0.004473    0.180000    0.000000    8.740000 ^ wbs_sel_i[0] (in)
                                                         wbs_sel_i[0] (net)
                      0.180222    0.000116    8.740116 ^ hold90/A (sky130_fd_sc_hd__dlygate4sd3_1)
     1    0.002918    0.037962    0.410634    9.150751 ^ hold90/X (sky130_fd_sc_hd__dlygate4sd3_1)
                                                         net188 (net)
                      0.037962    0.000187    9.150937 ^ hold88/A (sky130_fd_sc_hd__dlygate4sd3_1)
     1    0.011124    0.094035    0.438604    9.589541 ^ hold88/X (sky130_fd_sc_hd__dlygate4sd3_1)
                                                         net186 (net)
                      0.094041    0.000896    9.590437 ^ input45/A (sky130_fd_sc_hd__buf_12)
     1    0.030165    0.037137    0.086235    9.676672 ^ input45/X (sky130_fd_sc_hd__buf_12)
                                                         net45 (net)
                      0.037911    0.004359    9.681031 ^ hold89/A (sky130_fd_sc_hd__buf_12)
     8    0.213923    0.183272    0.138701    9.819733 ^ hold89/X (sky130_fd_sc_hd__buf_12)
                                                         net187 (net)
                      0.226281    0.072021    9.891754 ^ i_sram/BEN[2] (CF_SRAM_1024x32)
                                              9.891754   data arrival time

                                 25.000000   25.000000   clock clk (rise edge)
                                  4.650000   29.650000   clock source latency
     1    0.057342    0.610000    0.000000   29.650000 ^ wb_clk_i (in)
                                                         wb_clk_i (net)
                      0.633560    0.011191   29.661190 ^ clkbuf_0_wb_clk_i/A (sky130_fd_sc_hd__clkbuf_16)
     2    0.069019    0.077912    0.160282   29.821472 ^ clkbuf_0_wb_clk_i/X (sky130_fd_sc_hd__clkbuf_16)
                                                         clknet_0_wb_clk_i (net)
                      0.078338    0.003734   29.825207 ^ clkbuf_1_1__f_wb_clk_i/A (sky130_fd_sc_hd__clkbuf_16)
     1    0.137055    0.116548    0.141910   29.967115 ^ clkbuf_1_1__f_wb_clk_i/X (sky130_fd_sc_hd__clkbuf_16)
                                                         clknet_1_1__leaf_wb_clk_i (net)
                      0.122817    0.019899   29.987015 ^ i_sram/CLKin (CF_SRAM_1024x32)
                                 -0.100000   29.887016   clock uncertainty
                                  0.000000   29.887016   clock reconvergence pessimism
                                 -0.634983   29.252035   library setup time
                                             29.252035   data required time
---------------------------------------------------------------------------------------------
                                             29.252035   data required time
                                             -9.891754   data arrival time
---------------------------------------------------------------------------------------------
                                             19.360279   slack (MET)


Startpoint: wbs_sel_i[0] (input port clocked by clk)
Endpoint: i_sram (rising edge-triggered flip-flop clocked by clk)
Path Group: clk
Path Type: max

Fanout         Cap        Slew       Delay        Time   Description
---------------------------------------------------------------------------------------------
                                  0.000000    0.000000   clock clk (rise edge)
                                  5.570000    5.570000   clock network delay (propagated)
                                  3.170000    8.740000 ^ input external delay
     1    0.004473    0.180000    0.000000    8.740000 ^ wbs_sel_i[0] (in)
                                                         wbs_sel_i[0] (net)
                      0.180222    0.000116    8.740116 ^ hold90/A (sky130_fd_sc_hd__dlygate4sd3_1)
     1    0.002918    0.037962    0.410634    9.150751 ^ hold90/X (sky130_fd_sc_hd__dlygate4sd3_1)
                                                         net188 (net)
                      0.037962    0.000187    9.150937 ^ hold88/A (sky130_fd_sc_hd__dlygate4sd3_1)
     1    0.011124    0.094035    0.438604    9.589541 ^ hold88/X (sky130_fd_sc_hd__dlygate4sd3_1)
                                                         net186 (net)
                      0.094041    0.000896    9.590437 ^ input45/A (sky130_fd_sc_hd__buf_12)
     1    0.030165    0.037137    0.086235    9.676672 ^ input45/X (sky130_fd_sc_hd__buf_12)
                                                         net45 (net)
                      0.037911    0.004359    9.681031 ^ hold89/A (sky130_fd_sc_hd__buf_12)
     8    0.213923    0.183272    0.138701    9.819733 ^ hold89/X (sky130_fd_sc_hd__buf_12)
                                                         net187 (net)
                      0.225550    0.071301    9.891034 ^ i_sram/BEN[3] (CF_SRAM_1024x32)
                                              9.891034   data arrival time

                                 25.000000   25.000000   clock clk (rise edge)
                                  4.650000   29.650000   clock source latency
     1    0.057342    0.610000    0.000000   29.650000 ^ wb_clk_i (in)
                                                         wb_clk_i (net)
                      0.633560    0.011191   29.661190 ^ clkbuf_0_wb_clk_i/A (sky130_fd_sc_hd__clkbuf_16)
     2    0.069019    0.077912    0.160282   29.821472 ^ clkbuf_0_wb_clk_i/X (sky130_fd_sc_hd__clkbuf_16)
                                                         clknet_0_wb_clk_i (net)
                      0.078338    0.003734   29.825207 ^ clkbuf_1_1__f_wb_clk_i/A (sky130_fd_sc_hd__clkbuf_16)
     1    0.137055    0.116548    0.141910   29.967115 ^ clkbuf_1_1__f_wb_clk_i/X (sky130_fd_sc_hd__clkbuf_16)
                                                         clknet_1_1__leaf_wb_clk_i (net)
                      0.122817    0.019899   29.987015 ^ i_sram/CLKin (CF_SRAM_1024x32)
                                 -0.100000   29.887016   clock uncertainty
                                  0.000000   29.887016   clock reconvergence pessimism
                                 -0.634704   29.252312   library setup time
                                             29.252312   data required time
---------------------------------------------------------------------------------------------
                                             29.252312   data required time
                                             -9.891034   data arrival time
---------------------------------------------------------------------------------------------
                                             19.361277   slack (MET)


Startpoint: wbs_sel_i[0] (input port clocked by clk)
Endpoint: i_sram (rising edge-triggered flip-flop clocked by clk)
Path Group: clk
Path Type: max

Fanout         Cap        Slew       Delay        Time   Description
---------------------------------------------------------------------------------------------
                                  0.000000    0.000000   clock clk (rise edge)
                                  5.570000    5.570000   clock network delay (propagated)
                                  3.170000    8.740000 ^ input external delay
     1    0.004473    0.180000    0.000000    8.740000 ^ wbs_sel_i[0] (in)
                                                         wbs_sel_i[0] (net)
                      0.180222    0.000116    8.740116 ^ hold90/A (sky130_fd_sc_hd__dlygate4sd3_1)
     1    0.002918    0.037962    0.410634    9.150751 ^ hold90/X (sky130_fd_sc_hd__dlygate4sd3_1)
                                                         net188 (net)
                      0.037962    0.000187    9.150937 ^ hold88/A (sky130_fd_sc_hd__dlygate4sd3_1)
     1    0.011124    0.094035    0.438604    9.589541 ^ hold88/X (sky130_fd_sc_hd__dlygate4sd3_1)
                                                         net186 (net)
                      0.094041    0.000896    9.590437 ^ input45/A (sky130_fd_sc_hd__buf_12)
     1    0.030165    0.037137    0.086235    9.676672 ^ input45/X (sky130_fd_sc_hd__buf_12)
                                                         net45 (net)
                      0.037911    0.004359    9.681031 ^ hold89/A (sky130_fd_sc_hd__buf_12)
     8    0.213923    0.183272    0.138701    9.819733 ^ hold89/X (sky130_fd_sc_hd__buf_12)
                                                         net187 (net)
                      0.224623    0.070384    9.890117 ^ i_sram/BEN[4] (CF_SRAM_1024x32)
                                              9.890117   data arrival time

                                 25.000000   25.000000   clock clk (rise edge)
                                  4.650000   29.650000   clock source latency
     1    0.057342    0.610000    0.000000   29.650000 ^ wb_clk_i (in)
                                                         wb_clk_i (net)
                      0.633560    0.011191   29.661190 ^ clkbuf_0_wb_clk_i/A (sky130_fd_sc_hd__clkbuf_16)
     2    0.069019    0.077912    0.160282   29.821472 ^ clkbuf_0_wb_clk_i/X (sky130_fd_sc_hd__clkbuf_16)
                                                         clknet_0_wb_clk_i (net)
                      0.078338    0.003734   29.825207 ^ clkbuf_1_1__f_wb_clk_i/A (sky130_fd_sc_hd__clkbuf_16)
     1    0.137055    0.116548    0.141910   29.967115 ^ clkbuf_1_1__f_wb_clk_i/X (sky130_fd_sc_hd__clkbuf_16)
                                                         clknet_1_1__leaf_wb_clk_i (net)
                      0.122817    0.019899   29.987015 ^ i_sram/CLKin (CF_SRAM_1024x32)
                                 -0.100000   29.887016   clock uncertainty
                                  0.000000   29.887016   clock reconvergence pessimism
                                 -0.634351   29.252665   library setup time
                                             29.252665   data required time
---------------------------------------------------------------------------------------------
                                             29.252665   data required time
                                             -9.890117   data arrival time
---------------------------------------------------------------------------------------------
                                             19.362549   slack (MET)


Startpoint: wbs_sel_i[0] (input port clocked by clk)
Endpoint: i_sram (rising edge-triggered flip-flop clocked by clk)
Path Group: clk
Path Type: max

Fanout         Cap        Slew       Delay        Time   Description
---------------------------------------------------------------------------------------------
                                  0.000000    0.000000   clock clk (rise edge)
                                  5.570000    5.570000   clock network delay (propagated)
                                  3.170000    8.740000 ^ input external delay
     1    0.004473    0.180000    0.000000    8.740000 ^ wbs_sel_i[0] (in)
                                                         wbs_sel_i[0] (net)
                      0.180222    0.000116    8.740116 ^ hold90/A (sky130_fd_sc_hd__dlygate4sd3_1)
     1    0.002918    0.037962    0.410634    9.150751 ^ hold90/X (sky130_fd_sc_hd__dlygate4sd3_1)
                                                         net188 (net)
                      0.037962    0.000187    9.150937 ^ hold88/A (sky130_fd_sc_hd__dlygate4sd3_1)
     1    0.011124    0.094035    0.438604    9.589541 ^ hold88/X (sky130_fd_sc_hd__dlygate4sd3_1)
                                                         net186 (net)
                      0.094041    0.000896    9.590437 ^ input45/A (sky130_fd_sc_hd__buf_12)
     1    0.030165    0.037137    0.086235    9.676672 ^ input45/X (sky130_fd_sc_hd__buf_12)
                                                         net45 (net)
                      0.037911    0.004359    9.681031 ^ hold89/A (sky130_fd_sc_hd__buf_12)
     8    0.213923    0.183272    0.138701    9.819733 ^ hold89/X (sky130_fd_sc_hd__buf_12)
                                                         net187 (net)
                      0.221354    0.067101    9.886834 ^ i_sram/BEN[5] (CF_SRAM_1024x32)
                                              9.886834   data arrival time

                                 25.000000   25.000000   clock clk (rise edge)
                                  4.650000   29.650000   clock source latency
     1    0.057342    0.610000    0.000000   29.650000 ^ wb_clk_i (in)
                                                         wb_clk_i (net)
                      0.633560    0.011191   29.661190 ^ clkbuf_0_wb_clk_i/A (sky130_fd_sc_hd__clkbuf_16)
     2    0.069019    0.077912    0.160282   29.821472 ^ clkbuf_0_wb_clk_i/X (sky130_fd_sc_hd__clkbuf_16)
                                                         clknet_0_wb_clk_i (net)
                      0.078338    0.003734   29.825207 ^ clkbuf_1_1__f_wb_clk_i/A (sky130_fd_sc_hd__clkbuf_16)
     1    0.137055    0.116548    0.141910   29.967115 ^ clkbuf_1_1__f_wb_clk_i/X (sky130_fd_sc_hd__clkbuf_16)
                                                         clknet_1_1__leaf_wb_clk_i (net)
                      0.122817    0.019899   29.987015 ^ i_sram/CLKin (CF_SRAM_1024x32)
                                 -0.100000   29.887016   clock uncertainty
                                  0.000000   29.887016   clock reconvergence pessimism
                                 -0.633105   29.253910   library setup time
                                             29.253910   data required time
---------------------------------------------------------------------------------------------
                                             29.253910   data required time
                                             -9.886834   data arrival time
---------------------------------------------------------------------------------------------
                                             19.367075   slack (MET)


Startpoint: wbs_sel_i[0] (input port clocked by clk)
Endpoint: i_sram (rising edge-triggered flip-flop clocked by clk)
Path Group: clk
Path Type: max

Fanout         Cap        Slew       Delay        Time   Description
---------------------------------------------------------------------------------------------
                                  0.000000    0.000000   clock clk (rise edge)
                                  5.570000    5.570000   clock network delay (propagated)
                                  3.170000    8.740000 ^ input external delay
     1    0.004473    0.180000    0.000000    8.740000 ^ wbs_sel_i[0] (in)
                                                         wbs_sel_i[0] (net)
                      0.180222    0.000116    8.740116 ^ hold90/A (sky130_fd_sc_hd__dlygate4sd3_1)
     1    0.002918    0.037962    0.410634    9.150751 ^ hold90/X (sky130_fd_sc_hd__dlygate4sd3_1)
                                                         net188 (net)
                      0.037962    0.000187    9.150937 ^ hold88/A (sky130_fd_sc_hd__dlygate4sd3_1)
     1    0.011124    0.094035    0.438604    9.589541 ^ hold88/X (sky130_fd_sc_hd__dlygate4sd3_1)
                                                         net186 (net)
                      0.094041    0.000896    9.590437 ^ input45/A (sky130_fd_sc_hd__buf_12)
     1    0.030165    0.037137    0.086235    9.676672 ^ input45/X (sky130_fd_sc_hd__buf_12)
                                                         net45 (net)
                      0.037911    0.004359    9.681031 ^ hold89/A (sky130_fd_sc_hd__buf_12)
     8    0.213923    0.183272    0.138701    9.819733 ^ hold89/X (sky130_fd_sc_hd__buf_12)
                                                         net187 (net)
                      0.217113    0.062739    9.882472 ^ i_sram/BEN[6] (CF_SRAM_1024x32)
                                              9.882472   data arrival time

                                 25.000000   25.000000   clock clk (rise edge)
                                  4.650000   29.650000   clock source latency
     1    0.057342    0.610000    0.000000   29.650000 ^ wb_clk_i (in)
                                                         wb_clk_i (net)
                      0.633560    0.011191   29.661190 ^ clkbuf_0_wb_clk_i/A (sky130_fd_sc_hd__clkbuf_16)
     2    0.069019    0.077912    0.160282   29.821472 ^ clkbuf_0_wb_clk_i/X (sky130_fd_sc_hd__clkbuf_16)
                                                         clknet_0_wb_clk_i (net)
                      0.078338    0.003734   29.825207 ^ clkbuf_1_1__f_wb_clk_i/A (sky130_fd_sc_hd__clkbuf_16)
     1    0.137055    0.116548    0.141910   29.967115 ^ clkbuf_1_1__f_wb_clk_i/X (sky130_fd_sc_hd__clkbuf_16)
                                                         clknet_1_1__leaf_wb_clk_i (net)
                      0.122817    0.019899   29.987015 ^ i_sram/CLKin (CF_SRAM_1024x32)
                                 -0.100000   29.887016   clock uncertainty
                                  0.000000   29.887016   clock reconvergence pessimism
                                 -0.631489   29.255527   library setup time
                                             29.255527   data required time
---------------------------------------------------------------------------------------------
                                             29.255527   data required time
                                             -9.882472   data arrival time
---------------------------------------------------------------------------------------------
                                             19.373055   slack (MET)


Startpoint: wbs_sel_i[0] (input port clocked by clk)
Endpoint: i_sram (rising edge-triggered flip-flop clocked by clk)
Path Group: clk
Path Type: max

Fanout         Cap        Slew       Delay        Time   Description
---------------------------------------------------------------------------------------------
                                  0.000000    0.000000   clock clk (rise edge)
                                  5.570000    5.570000   clock network delay (propagated)
                                  3.170000    8.740000 ^ input external delay
     1    0.004473    0.180000    0.000000    8.740000 ^ wbs_sel_i[0] (in)
                                                         wbs_sel_i[0] (net)
                      0.180222    0.000116    8.740116 ^ hold90/A (sky130_fd_sc_hd__dlygate4sd3_1)
     1    0.002918    0.037962    0.410634    9.150751 ^ hold90/X (sky130_fd_sc_hd__dlygate4sd3_1)
                                                         net188 (net)
                      0.037962    0.000187    9.150937 ^ hold88/A (sky130_fd_sc_hd__dlygate4sd3_1)
     1    0.011124    0.094035    0.438604    9.589541 ^ hold88/X (sky130_fd_sc_hd__dlygate4sd3_1)
                                                         net186 (net)
                      0.094041    0.000896    9.590437 ^ input45/A (sky130_fd_sc_hd__buf_12)
     1    0.030165    0.037137    0.086235    9.676672 ^ input45/X (sky130_fd_sc_hd__buf_12)
                                                         net45 (net)
                      0.037911    0.004359    9.681031 ^ hold89/A (sky130_fd_sc_hd__buf_12)
     8    0.213923    0.183272    0.138701    9.819733 ^ hold89/X (sky130_fd_sc_hd__buf_12)
                                                         net187 (net)
                      0.213225    0.058621    9.878353 ^ i_sram/BEN[7] (CF_SRAM_1024x32)
                                              9.878353   data arrival time

                                 25.000000   25.000000   clock clk (rise edge)
                                  4.650000   29.650000   clock source latency
     1    0.057342    0.610000    0.000000   29.650000 ^ wb_clk_i (in)
                                                         wb_clk_i (net)
                      0.633560    0.011191   29.661190 ^ clkbuf_0_wb_clk_i/A (sky130_fd_sc_hd__clkbuf_16)
     2    0.069019    0.077912    0.160282   29.821472 ^ clkbuf_0_wb_clk_i/X (sky130_fd_sc_hd__clkbuf_16)
                                                         clknet_0_wb_clk_i (net)
                      0.078338    0.003734   29.825207 ^ clkbuf_1_1__f_wb_clk_i/A (sky130_fd_sc_hd__clkbuf_16)
     1    0.137055    0.116548    0.141910   29.967115 ^ clkbuf_1_1__f_wb_clk_i/X (sky130_fd_sc_hd__clkbuf_16)
                                                         clknet_1_1__leaf_wb_clk_i (net)
                      0.122817    0.019899   29.987015 ^ i_sram/CLKin (CF_SRAM_1024x32)
                                 -0.100000   29.887016   clock uncertainty
                                  0.000000   29.887016   clock reconvergence pessimism
                                 -0.630008   29.257008   library setup time
                                             29.257008   data required time
---------------------------------------------------------------------------------------------
                                             29.257008   data required time
                                             -9.878353   data arrival time
---------------------------------------------------------------------------------------------
                                             19.378654   slack (MET)


Startpoint: wbs_sel_i[1] (input port clocked by clk)
Endpoint: i_sram (rising edge-triggered flip-flop clocked by clk)
Path Group: clk
Path Type: max

Fanout         Cap        Slew       Delay        Time   Description
---------------------------------------------------------------------------------------------
                                  0.000000    0.000000   clock clk (rise edge)
                                  5.570000    5.570000   clock network delay (propagated)
                                  3.170000    8.740000 ^ input external delay
     1    0.005872    0.180000    0.000000    8.740000 ^ wbs_sel_i[1] (in)
                                                         wbs_sel_i[1] (net)
                      0.180309    0.000163    8.740163 ^ hold87/A (sky130_fd_sc_hd__dlygate4sd3_1)
     1    0.002267    0.034117    0.406215    9.146378 ^ hold87/X (sky130_fd_sc_hd__dlygate4sd3_1)
                                                         net185 (net)
                      0.034117    0.000163    9.146541 ^ hold85/A (sky130_fd_sc_hd__dlygate4sd3_1)
     1    0.011506    0.096790    0.439769    9.586309 ^ hold85/X (sky130_fd_sc_hd__dlygate4sd3_1)
                                                         net183 (net)
                      0.096796    0.000949    9.587259 ^ input46/A (sky130_fd_sc_hd__buf_12)
     1    0.027867    0.035386    0.084889    9.672149 ^ input46/X (sky130_fd_sc_hd__buf_12)
                                                         net46 (net)
                      0.036162    0.004221    9.676370 ^ hold86/A (sky130_fd_sc_hd__buf_12)
     8    0.205127    0.178686    0.143274    9.819643 ^ hold86/X (sky130_fd_sc_hd__buf_12)
                                                         net184 (net)
                      0.207254    0.057292    9.876935 ^ i_sram/BEN[8] (CF_SRAM_1024x32)
                                              9.876935   data arrival time

                                 25.000000   25.000000   clock clk (rise edge)
                                  4.650000   29.650000   clock source latency
     1    0.057342    0.610000    0.000000   29.650000 ^ wb_clk_i (in)
                                                         wb_clk_i (net)
                      0.633560    0.011191   29.661190 ^ clkbuf_0_wb_clk_i/A (sky130_fd_sc_hd__clkbuf_16)
     2    0.069019    0.077912    0.160282   29.821472 ^ clkbuf_0_wb_clk_i/X (sky130_fd_sc_hd__clkbuf_16)
                                                         clknet_0_wb_clk_i (net)
                      0.078338    0.003734   29.825207 ^ clkbuf_1_1__f_wb_clk_i/A (sky130_fd_sc_hd__clkbuf_16)
     1    0.137055    0.116548    0.141910   29.967115 ^ clkbuf_1_1__f_wb_clk_i/X (sky130_fd_sc_hd__clkbuf_16)
                                                         clknet_1_1__leaf_wb_clk_i (net)
                      0.122817    0.019899   29.987015 ^ i_sram/CLKin (CF_SRAM_1024x32)
                                 -0.100000   29.887016   clock uncertainty
                                  0.000000   29.887016   clock reconvergence pessimism
                                 -0.627733   29.259283   library setup time
                                             29.259283   data required time
---------------------------------------------------------------------------------------------
                                             29.259283   data required time
                                             -9.876935   data arrival time
---------------------------------------------------------------------------------------------
                                             19.382349   slack (MET)


Startpoint: wbs_sel_i[1] (input port clocked by clk)
Endpoint: i_sram (rising edge-triggered flip-flop clocked by clk)
Path Group: clk
Path Type: max

Fanout         Cap        Slew       Delay        Time   Description
---------------------------------------------------------------------------------------------
                                  0.000000    0.000000   clock clk (rise edge)
                                  5.570000    5.570000   clock network delay (propagated)
                                  3.170000    8.740000 ^ input external delay
     1    0.005872    0.180000    0.000000    8.740000 ^ wbs_sel_i[1] (in)
                                                         wbs_sel_i[1] (net)
                      0.180309    0.000163    8.740163 ^ hold87/A (sky130_fd_sc_hd__dlygate4sd3_1)
     1    0.002267    0.034117    0.406215    9.146378 ^ hold87/X (sky130_fd_sc_hd__dlygate4sd3_1)
                                                         net185 (net)
                      0.034117    0.000163    9.146541 ^ hold85/A (sky130_fd_sc_hd__dlygate4sd3_1)
     1    0.011506    0.096790    0.439769    9.586309 ^ hold85/X (sky130_fd_sc_hd__dlygate4sd3_1)
                                                         net183 (net)
                      0.096796    0.000949    9.587259 ^ input46/A (sky130_fd_sc_hd__buf_12)
     1    0.027867    0.035386    0.084889    9.672149 ^ input46/X (sky130_fd_sc_hd__buf_12)
                                                         net46 (net)
                      0.036162    0.004221    9.676370 ^ hold86/A (sky130_fd_sc_hd__buf_12)
     8    0.205127    0.178686    0.143274    9.819643 ^ hold86/X (sky130_fd_sc_hd__buf_12)
                                                         net184 (net)
                      0.207012    0.057025    9.876668 ^ i_sram/BEN[9] (CF_SRAM_1024x32)
                                              9.876668   data arrival time

                                 25.000000   25.000000   clock clk (rise edge)
                                  4.650000   29.650000   clock source latency
     1    0.057342    0.610000    0.000000   29.650000 ^ wb_clk_i (in)
                                                         wb_clk_i (net)
                      0.633560    0.011191   29.661190 ^ clkbuf_0_wb_clk_i/A (sky130_fd_sc_hd__clkbuf_16)
     2    0.069019    0.077912    0.160282   29.821472 ^ clkbuf_0_wb_clk_i/X (sky130_fd_sc_hd__clkbuf_16)
                                                         clknet_0_wb_clk_i (net)
                      0.078338    0.003734   29.825207 ^ clkbuf_1_1__f_wb_clk_i/A (sky130_fd_sc_hd__clkbuf_16)
     1    0.137055    0.116548    0.141910   29.967115 ^ clkbuf_1_1__f_wb_clk_i/X (sky130_fd_sc_hd__clkbuf_16)
                                                         clknet_1_1__leaf_wb_clk_i (net)
                      0.122817    0.019899   29.987015 ^ i_sram/CLKin (CF_SRAM_1024x32)
                                 -0.100000   29.887016   clock uncertainty
                                  0.000000   29.887016   clock reconvergence pessimism
                                 -0.627641   29.259377   library setup time
                                             29.259377   data required time
---------------------------------------------------------------------------------------------
                                             29.259377   data required time
                                             -9.876668   data arrival time
---------------------------------------------------------------------------------------------
                                             19.382708   slack (MET)


Startpoint: wbs_sel_i[1] (input port clocked by clk)
Endpoint: i_sram (rising edge-triggered flip-flop clocked by clk)
Path Group: clk
Path Type: max

Fanout         Cap        Slew       Delay        Time   Description
---------------------------------------------------------------------------------------------
                                  0.000000    0.000000   clock clk (rise edge)
                                  5.570000    5.570000   clock network delay (propagated)
                                  3.170000    8.740000 ^ input external delay
     1    0.005872    0.180000    0.000000    8.740000 ^ wbs_sel_i[1] (in)
                                                         wbs_sel_i[1] (net)
                      0.180309    0.000163    8.740163 ^ hold87/A (sky130_fd_sc_hd__dlygate4sd3_1)
     1    0.002267    0.034117    0.406215    9.146378 ^ hold87/X (sky130_fd_sc_hd__dlygate4sd3_1)
                                                         net185 (net)
                      0.034117    0.000163    9.146541 ^ hold85/A (sky130_fd_sc_hd__dlygate4sd3_1)
     1    0.011506    0.096790    0.439769    9.586309 ^ hold85/X (sky130_fd_sc_hd__dlygate4sd3_1)
                                                         net183 (net)
                      0.096796    0.000949    9.587259 ^ input46/A (sky130_fd_sc_hd__buf_12)
     1    0.027867    0.035386    0.084889    9.672149 ^ input46/X (sky130_fd_sc_hd__buf_12)
                                                         net46 (net)
                      0.036162    0.004221    9.676370 ^ hold86/A (sky130_fd_sc_hd__buf_12)
     8    0.205127    0.178686    0.143274    9.819643 ^ hold86/X (sky130_fd_sc_hd__buf_12)
                                                         net184 (net)
                      0.206594    0.056560    9.876204 ^ i_sram/BEN[10] (CF_SRAM_1024x32)
                                              9.876204   data arrival time

                                 25.000000   25.000000   clock clk (rise edge)
                                  4.650000   29.650000   clock source latency
     1    0.057342    0.610000    0.000000   29.650000 ^ wb_clk_i (in)
                                                         wb_clk_i (net)
                      0.633560    0.011191   29.661190 ^ clkbuf_0_wb_clk_i/A (sky130_fd_sc_hd__clkbuf_16)
     2    0.069019    0.077912    0.160282   29.821472 ^ clkbuf_0_wb_clk_i/X (sky130_fd_sc_hd__clkbuf_16)
                                                         clknet_0_wb_clk_i (net)
                      0.078338    0.003734   29.825207 ^ clkbuf_1_1__f_wb_clk_i/A (sky130_fd_sc_hd__clkbuf_16)
     1    0.137055    0.116548    0.141910   29.967115 ^ clkbuf_1_1__f_wb_clk_i/X (sky130_fd_sc_hd__clkbuf_16)
                                                         clknet_1_1__leaf_wb_clk_i (net)
                      0.122817    0.019899   29.987015 ^ i_sram/CLKin (CF_SRAM_1024x32)
                                 -0.100000   29.887016   clock uncertainty
                                  0.000000   29.887016   clock reconvergence pessimism
                                 -0.627481   29.259535   library setup time
                                             29.259535   data required time
---------------------------------------------------------------------------------------------
                                             29.259535   data required time
                                             -9.876204   data arrival time
---------------------------------------------------------------------------------------------
                                             19.383331   slack (MET)


Startpoint: wbs_sel_i[1] (input port clocked by clk)
Endpoint: i_sram (rising edge-triggered flip-flop clocked by clk)
Path Group: clk
Path Type: max

Fanout         Cap        Slew       Delay        Time   Description
---------------------------------------------------------------------------------------------
                                  0.000000    0.000000   clock clk (rise edge)
                                  5.570000    5.570000   clock network delay (propagated)
                                  3.170000    8.740000 ^ input external delay
     1    0.005872    0.180000    0.000000    8.740000 ^ wbs_sel_i[1] (in)
                                                         wbs_sel_i[1] (net)
                      0.180309    0.000163    8.740163 ^ hold87/A (sky130_fd_sc_hd__dlygate4sd3_1)
     1    0.002267    0.034117    0.406215    9.146378 ^ hold87/X (sky130_fd_sc_hd__dlygate4sd3_1)
                                                         net185 (net)
                      0.034117    0.000163    9.146541 ^ hold85/A (sky130_fd_sc_hd__dlygate4sd3_1)
     1    0.011506    0.096790    0.439769    9.586309 ^ hold85/X (sky130_fd_sc_hd__dlygate4sd3_1)
                                                         net183 (net)
                      0.096796    0.000949    9.587259 ^ input46/A (sky130_fd_sc_hd__buf_12)
     1    0.027867    0.035386    0.084889    9.672149 ^ input46/X (sky130_fd_sc_hd__buf_12)
                                                         net46 (net)
                      0.036162    0.004221    9.676370 ^ hold86/A (sky130_fd_sc_hd__buf_12)
     8    0.205127    0.178686    0.143274    9.819643 ^ hold86/X (sky130_fd_sc_hd__buf_12)
                                                         net184 (net)
                      0.204365    0.054055    9.873697 ^ i_sram/BEN[11] (CF_SRAM_1024x32)
                                              9.873697   data arrival time

                                 25.000000   25.000000   clock clk (rise edge)
                                  4.650000   29.650000   clock source latency
     1    0.057342    0.610000    0.000000   29.650000 ^ wb_clk_i (in)
                                                         wb_clk_i (net)
                      0.633560    0.011191   29.661190 ^ clkbuf_0_wb_clk_i/A (sky130_fd_sc_hd__clkbuf_16)
     2    0.069019    0.077912    0.160282   29.821472 ^ clkbuf_0_wb_clk_i/X (sky130_fd_sc_hd__clkbuf_16)
                                                         clknet_0_wb_clk_i (net)
                      0.078338    0.003734   29.825207 ^ clkbuf_1_1__f_wb_clk_i/A (sky130_fd_sc_hd__clkbuf_16)
     1    0.137055    0.116548    0.141910   29.967115 ^ clkbuf_1_1__f_wb_clk_i/X (sky130_fd_sc_hd__clkbuf_16)
                                                         clknet_1_1__leaf_wb_clk_i (net)
                      0.122817    0.019899   29.987015 ^ i_sram/CLKin (CF_SRAM_1024x32)
                                 -0.100000   29.887016   clock uncertainty
                                  0.000000   29.887016   clock reconvergence pessimism
                                 -0.626632   29.260386   library setup time
                                             29.260386   data required time
---------------------------------------------------------------------------------------------
                                             29.260386   data required time
                                             -9.873697   data arrival time
---------------------------------------------------------------------------------------------
                                             19.386686   slack (MET)


Startpoint: wbs_sel_i[1] (input port clocked by clk)
Endpoint: i_sram (rising edge-triggered flip-flop clocked by clk)
Path Group: clk
Path Type: max

Fanout         Cap        Slew       Delay        Time   Description
---------------------------------------------------------------------------------------------
                                  0.000000    0.000000   clock clk (rise edge)
                                  5.570000    5.570000   clock network delay (propagated)
                                  3.170000    8.740000 ^ input external delay
     1    0.005872    0.180000    0.000000    8.740000 ^ wbs_sel_i[1] (in)
                                                         wbs_sel_i[1] (net)
                      0.180309    0.000163    8.740163 ^ hold87/A (sky130_fd_sc_hd__dlygate4sd3_1)
     1    0.002267    0.034117    0.406215    9.146378 ^ hold87/X (sky130_fd_sc_hd__dlygate4sd3_1)
                                                         net185 (net)
                      0.034117    0.000163    9.146541 ^ hold85/A (sky130_fd_sc_hd__dlygate4sd3_1)
     1    0.011506    0.096790    0.439769    9.586309 ^ hold85/X (sky130_fd_sc_hd__dlygate4sd3_1)
                                                         net183 (net)
                      0.096796    0.000949    9.587259 ^ input46/A (sky130_fd_sc_hd__buf_12)
     1    0.027867    0.035386    0.084889    9.672149 ^ input46/X (sky130_fd_sc_hd__buf_12)
                                                         net46 (net)
                      0.036162    0.004221    9.676370 ^ hold86/A (sky130_fd_sc_hd__buf_12)
     8    0.205127    0.178686    0.143274    9.819643 ^ hold86/X (sky130_fd_sc_hd__buf_12)
                                                         net184 (net)
                      0.203463    0.053025    9.872668 ^ i_sram/BEN[12] (CF_SRAM_1024x32)
                                              9.872668   data arrival time

                                 25.000000   25.000000   clock clk (rise edge)
                                  4.650000   29.650000   clock source latency
     1    0.057342    0.610000    0.000000   29.650000 ^ wb_clk_i (in)
                                                         wb_clk_i (net)
                      0.633560    0.011191   29.661190 ^ clkbuf_0_wb_clk_i/A (sky130_fd_sc_hd__clkbuf_16)
     2    0.069019    0.077912    0.160282   29.821472 ^ clkbuf_0_wb_clk_i/X (sky130_fd_sc_hd__clkbuf_16)
                                                         clknet_0_wb_clk_i (net)
                      0.078338    0.003734   29.825207 ^ clkbuf_1_1__f_wb_clk_i/A (sky130_fd_sc_hd__clkbuf_16)
     1    0.137055    0.116548    0.141910   29.967115 ^ clkbuf_1_1__f_wb_clk_i/X (sky130_fd_sc_hd__clkbuf_16)
                                                         clknet_1_1__leaf_wb_clk_i (net)
                      0.122817    0.019899   29.987015 ^ i_sram/CLKin (CF_SRAM_1024x32)
                                 -0.100000   29.887016   clock uncertainty
                                  0.000000   29.887016   clock reconvergence pessimism
                                 -0.626288   29.260729   library setup time
                                             29.260729   data required time
---------------------------------------------------------------------------------------------
                                             29.260729   data required time
                                             -9.872668   data arrival time
---------------------------------------------------------------------------------------------
                                             19.388060   slack (MET)


Startpoint: wbs_sel_i[1] (input port clocked by clk)
Endpoint: i_sram (rising edge-triggered flip-flop clocked by clk)
Path Group: clk
Path Type: max

Fanout         Cap        Slew       Delay        Time   Description
---------------------------------------------------------------------------------------------
                                  0.000000    0.000000   clock clk (rise edge)
                                  5.570000    5.570000   clock network delay (propagated)
                                  3.170000    8.740000 ^ input external delay
     1    0.005872    0.180000    0.000000    8.740000 ^ wbs_sel_i[1] (in)
                                                         wbs_sel_i[1] (net)
                      0.180309    0.000163    8.740163 ^ hold87/A (sky130_fd_sc_hd__dlygate4sd3_1)
     1    0.002267    0.034117    0.406215    9.146378 ^ hold87/X (sky130_fd_sc_hd__dlygate4sd3_1)
                                                         net185 (net)
                      0.034117    0.000163    9.146541 ^ hold85/A (sky130_fd_sc_hd__dlygate4sd3_1)
     1    0.011506    0.096790    0.439769    9.586309 ^ hold85/X (sky130_fd_sc_hd__dlygate4sd3_1)
                                                         net183 (net)
                      0.096796    0.000949    9.587259 ^ input46/A (sky130_fd_sc_hd__buf_12)
     1    0.027867    0.035386    0.084889    9.672149 ^ input46/X (sky130_fd_sc_hd__buf_12)
                                                         net46 (net)
                      0.036162    0.004221    9.676370 ^ hold86/A (sky130_fd_sc_hd__buf_12)
     8    0.205127    0.178686    0.143274    9.819643 ^ hold86/X (sky130_fd_sc_hd__buf_12)
                                                         net184 (net)
                      0.202259    0.051634    9.871278 ^ i_sram/BEN[13] (CF_SRAM_1024x32)
                                              9.871278   data arrival time

                                 25.000000   25.000000   clock clk (rise edge)
                                  4.650000   29.650000   clock source latency
     1    0.057342    0.610000    0.000000   29.650000 ^ wb_clk_i (in)
                                                         wb_clk_i (net)
                      0.633560    0.011191   29.661190 ^ clkbuf_0_wb_clk_i/A (sky130_fd_sc_hd__clkbuf_16)
     2    0.069019    0.077912    0.160282   29.821472 ^ clkbuf_0_wb_clk_i/X (sky130_fd_sc_hd__clkbuf_16)
                                                         clknet_0_wb_clk_i (net)
                      0.078338    0.003734   29.825207 ^ clkbuf_1_1__f_wb_clk_i/A (sky130_fd_sc_hd__clkbuf_16)
     1    0.137055    0.116548    0.141910   29.967115 ^ clkbuf_1_1__f_wb_clk_i/X (sky130_fd_sc_hd__clkbuf_16)
                                                         clknet_1_1__leaf_wb_clk_i (net)
                      0.122817    0.019899   29.987015 ^ i_sram/CLKin (CF_SRAM_1024x32)
                                 -0.100000   29.887016   clock uncertainty
                                  0.000000   29.887016   clock reconvergence pessimism
                                 -0.625830   29.261187   library setup time
                                             29.261187   data required time
---------------------------------------------------------------------------------------------
                                             29.261187   data required time
                                             -9.871278   data arrival time
---------------------------------------------------------------------------------------------
                                             19.389910   slack (MET)


Startpoint: wbs_sel_i[1] (input port clocked by clk)
Endpoint: i_sram (rising edge-triggered flip-flop clocked by clk)
Path Group: clk
Path Type: max

Fanout         Cap        Slew       Delay        Time   Description
---------------------------------------------------------------------------------------------
                                  0.000000    0.000000   clock clk (rise edge)
                                  5.570000    5.570000   clock network delay (propagated)
                                  3.170000    8.740000 ^ input external delay
     1    0.005872    0.180000    0.000000    8.740000 ^ wbs_sel_i[1] (in)
                                                         wbs_sel_i[1] (net)
                      0.180309    0.000163    8.740163 ^ hold87/A (sky130_fd_sc_hd__dlygate4sd3_1)
     1    0.002267    0.034117    0.406215    9.146378 ^ hold87/X (sky130_fd_sc_hd__dlygate4sd3_1)
                                                         net185 (net)
                      0.034117    0.000163    9.146541 ^ hold85/A (sky130_fd_sc_hd__dlygate4sd3_1)
     1    0.011506    0.096790    0.439769    9.586309 ^ hold85/X (sky130_fd_sc_hd__dlygate4sd3_1)
                                                         net183 (net)
                      0.096796    0.000949    9.587259 ^ input46/A (sky130_fd_sc_hd__buf_12)
     1    0.027867    0.035386    0.084889    9.672149 ^ input46/X (sky130_fd_sc_hd__buf_12)
                                                         net46 (net)
                      0.036162    0.004221    9.676370 ^ hold86/A (sky130_fd_sc_hd__buf_12)
     8    0.205127    0.178686    0.143274    9.819643 ^ hold86/X (sky130_fd_sc_hd__buf_12)
                                                         net184 (net)
                      0.197774    0.046275    9.865918 ^ i_sram/BEN[14] (CF_SRAM_1024x32)
                                              9.865918   data arrival time

                                 25.000000   25.000000   clock clk (rise edge)
                                  4.650000   29.650000   clock source latency
     1    0.057342    0.610000    0.000000   29.650000 ^ wb_clk_i (in)
                                                         wb_clk_i (net)
                      0.633560    0.011191   29.661190 ^ clkbuf_0_wb_clk_i/A (sky130_fd_sc_hd__clkbuf_16)
     2    0.069019    0.077912    0.160282   29.821472 ^ clkbuf_0_wb_clk_i/X (sky130_fd_sc_hd__clkbuf_16)
                                                         clknet_0_wb_clk_i (net)
                      0.078338    0.003734   29.825207 ^ clkbuf_1_1__f_wb_clk_i/A (sky130_fd_sc_hd__clkbuf_16)
     1    0.137055    0.116548    0.141910   29.967115 ^ clkbuf_1_1__f_wb_clk_i/X (sky130_fd_sc_hd__clkbuf_16)
                                                         clknet_1_1__leaf_wb_clk_i (net)
                      0.122817    0.019899   29.987015 ^ i_sram/CLKin (CF_SRAM_1024x32)
                                 -0.100000   29.887016   clock uncertainty
                                  0.000000   29.887016   clock reconvergence pessimism
                                 -0.624121   29.262896   library setup time
                                             29.262896   data required time
---------------------------------------------------------------------------------------------
                                             29.262896   data required time
                                             -9.865918   data arrival time
---------------------------------------------------------------------------------------------
                                             19.396976   slack (MET)


Startpoint: wbs_sel_i[1] (input port clocked by clk)
Endpoint: i_sram (rising edge-triggered flip-flop clocked by clk)
Path Group: clk
Path Type: max

Fanout         Cap        Slew       Delay        Time   Description
---------------------------------------------------------------------------------------------
                                  0.000000    0.000000   clock clk (rise edge)
                                  5.570000    5.570000   clock network delay (propagated)
                                  3.170000    8.740000 ^ input external delay
     1    0.005872    0.180000    0.000000    8.740000 ^ wbs_sel_i[1] (in)
                                                         wbs_sel_i[1] (net)
                      0.180309    0.000163    8.740163 ^ hold87/A (sky130_fd_sc_hd__dlygate4sd3_1)
     1    0.002267    0.034117    0.406215    9.146378 ^ hold87/X (sky130_fd_sc_hd__dlygate4sd3_1)
                                                         net185 (net)
                      0.034117    0.000163    9.146541 ^ hold85/A (sky130_fd_sc_hd__dlygate4sd3_1)
     1    0.011506    0.096790    0.439769    9.586309 ^ hold85/X (sky130_fd_sc_hd__dlygate4sd3_1)
                                                         net183 (net)
                      0.096796    0.000949    9.587259 ^ input46/A (sky130_fd_sc_hd__buf_12)
     1    0.027867    0.035386    0.084889    9.672149 ^ input46/X (sky130_fd_sc_hd__buf_12)
                                                         net46 (net)
                      0.036162    0.004221    9.676370 ^ hold86/A (sky130_fd_sc_hd__buf_12)
     8    0.205127    0.178686    0.143274    9.819643 ^ hold86/X (sky130_fd_sc_hd__buf_12)
                                                         net184 (net)
                      0.194477    0.042146    9.861789 ^ i_sram/BEN[15] (CF_SRAM_1024x32)
                                              9.861789   data arrival time

                                 25.000000   25.000000   clock clk (rise edge)
                                  4.650000   29.650000   clock source latency
     1    0.057342    0.610000    0.000000   29.650000 ^ wb_clk_i (in)
                                                         wb_clk_i (net)
                      0.633560    0.011191   29.661190 ^ clkbuf_0_wb_clk_i/A (sky130_fd_sc_hd__clkbuf_16)
     2    0.069019    0.077912    0.160282   29.821472 ^ clkbuf_0_wb_clk_i/X (sky130_fd_sc_hd__clkbuf_16)
                                                         clknet_0_wb_clk_i (net)
                      0.078338    0.003734   29.825207 ^ clkbuf_1_1__f_wb_clk_i/A (sky130_fd_sc_hd__clkbuf_16)
     1    0.137055    0.116548    0.141910   29.967115 ^ clkbuf_1_1__f_wb_clk_i/X (sky130_fd_sc_hd__clkbuf_16)
                                                         clknet_1_1__leaf_wb_clk_i (net)
                      0.122817    0.019899   29.987015 ^ i_sram/CLKin (CF_SRAM_1024x32)
                                 -0.100000   29.887016   clock uncertainty
                                  0.000000   29.887016   clock reconvergence pessimism
                                 -0.622864   29.264153   library setup time
                                             29.264153   data required time
---------------------------------------------------------------------------------------------
                                             29.264153   data required time
                                             -9.861789   data arrival time
---------------------------------------------------------------------------------------------
                                             19.402365   slack (MET)


Startpoint: wbs_we_i (input port clocked by clk)
Endpoint: i_sram (rising edge-triggered flip-flop clocked by clk)
Path Group: clk
Path Type: max

Fanout         Cap        Slew       Delay        Time   Description
---------------------------------------------------------------------------------------------
                                  0.000000    0.000000   clock clk (rise edge)
                                  5.570000    5.570000   clock network delay (propagated)
                                  3.740000    9.310000 ^ input external delay
     1    0.004066    0.140000    0.000000    9.310000 ^ wbs_we_i (in)
                                                         wbs_we_i (net)
                      0.140205    0.000107    9.310107 ^ input50/A (sky130_fd_sc_hd__buf_2)
     5    0.058496    0.215341    0.225225    9.535333 ^ input50/X (sky130_fd_sc_hd__buf_2)
                                                         net50 (net)
                      0.215611    0.006688    9.542021 ^ fanout85/A (sky130_fd_sc_hd__buf_4)
    15    0.080583    0.169761    0.201276    9.743298 ^ fanout85/X (sky130_fd_sc_hd__buf_4)
                                                         net85 (net)
                      0.170576    0.010149    9.753447 ^ _10_/A (sky130_fd_sc_hd__clkinv_4)
     1    0.086118    0.132583    0.137120    9.890566 v _10_/Y (sky130_fd_sc_hd__clkinv_4)
                                                         i_ram_wb_controller.R_WB (net)
                      0.137591    0.021187    9.911753 v i_sram/R_WB (CF_SRAM_1024x32)
                                              9.911753   data arrival time

                                 25.000000   25.000000   clock clk (rise edge)
                                  4.650000   29.650000   clock source latency
     1    0.057342    0.610000    0.000000   29.650000 ^ wb_clk_i (in)
                                                         wb_clk_i (net)
                      0.633560    0.011191   29.661190 ^ clkbuf_0_wb_clk_i/A (sky130_fd_sc_hd__clkbuf_16)
     2    0.069019    0.077912    0.160282   29.821472 ^ clkbuf_0_wb_clk_i/X (sky130_fd_sc_hd__clkbuf_16)
                                                         clknet_0_wb_clk_i (net)
                      0.078338    0.003734   29.825207 ^ clkbuf_1_1__f_wb_clk_i/A (sky130_fd_sc_hd__clkbuf_16)
     1    0.137055    0.116548    0.141910   29.967115 ^ clkbuf_1_1__f_wb_clk_i/X (sky130_fd_sc_hd__clkbuf_16)
                                                         clknet_1_1__leaf_wb_clk_i (net)
                      0.122817    0.019899   29.987015 ^ i_sram/CLKin (CF_SRAM_1024x32)
                                 -0.100000   29.887016   clock uncertainty
                                  0.000000   29.887016   clock reconvergence pessimism
                                 -0.409790   29.477226   library setup time
                                             29.477226   data required time
---------------------------------------------------------------------------------------------
                                             29.477226   data required time
                                             -9.911753   data arrival time
---------------------------------------------------------------------------------------------
                                             19.565474   slack (MET)


Startpoint: _45_ (rising edge-triggered flip-flop clocked by clk)
Endpoint: wbs_ack_o (output port clocked by clk)
Path Group: clk
Path Type: max

Fanout         Cap        Slew       Delay        Time   Description
---------------------------------------------------------------------------------------------
                                  0.000000    0.000000   clock clk (rise edge)
                                  5.570000    5.570000   clock source latency
     1    0.057342    0.610000    0.000000    5.570000 ^ wb_clk_i (in)
                                                         wb_clk_i (net)
                      0.633560    0.012369    5.582369 ^ clkbuf_0_wb_clk_i/A (sky130_fd_sc_hd__clkbuf_16)
     2    0.069019    0.077912    0.177155    5.759524 ^ clkbuf_0_wb_clk_i/X (sky130_fd_sc_hd__clkbuf_16)
                                                         clknet_0_wb_clk_i (net)
                      0.081065    0.012699    5.772223 ^ clkbuf_1_0__f_wb_clk_i/A (sky130_fd_sc_hd__clkbuf_16)
     2    0.054491    0.055765    0.123482    5.895705 ^ clkbuf_1_0__f_wb_clk_i/X (sky130_fd_sc_hd__clkbuf_16)
                                                         clknet_1_0__leaf_wb_clk_i (net)
                      0.056080    0.003160    5.898865 ^ _45_/CLK (sky130_fd_sc_hd__dfrtp_1)
     1    0.018274    0.125981    0.289990    6.188855 ^ _45_/Q (sky130_fd_sc_hd__dfrtp_1)
                                                         net51 (net)
                      0.126025    0.002343    6.191198 ^ output51/A (sky130_fd_sc_hd__buf_12)
     1    0.190864    0.167294    0.182867    6.374065 ^ output51/X (sky130_fd_sc_hd__buf_12)
                                                         wbs_ack_o (net)
                      0.167926    0.008828    6.382893 ^ wbs_ack_o (out)
                                              6.382893   data arrival time

                                 50.000000   50.000000   clock clk (rise edge)
                                  4.650000   54.650002   clock network delay (propagated)
                                 -0.100000   54.550003   clock uncertainty
                                  0.000000   54.550003   clock reconvergence pessimism
                                 -8.410000   46.139996   output external delay
                                             46.139996   data required time
---------------------------------------------------------------------------------------------
                                             46.139996   data required time
                                             -6.382893   data arrival time
---------------------------------------------------------------------------------------------
                                             39.757103   slack (MET)


Startpoint: wbs_cyc_i (input port clocked by clk)
Endpoint: i_sram (rising edge-triggered flip-flop clocked by clk)
Path Group: clk
Path Type: max

Fanout         Cap        Slew       Delay        Time   Description
---------------------------------------------------------------------------------------------
                                  0.000000    0.000000   clock clk (rise edge)
                                  5.570000    5.570000   clock network delay (propagated)
                                  4.740000   10.310000 ^ input external delay
     1    0.003269    0.170000    0.000000   10.310000 ^ wbs_cyc_i (in)
                                                         wbs_cyc_i (net)
                      0.170177    0.000093   10.310094 ^ input12/A (sky130_fd_sc_hd__buf_2)
     5    0.060625    0.223021    0.232786   10.542880 ^ input12/X (sky130_fd_sc_hd__buf_2)
                                                         net12 (net)
                      0.223314    0.007097   10.549977 ^ fanout89/A (sky130_fd_sc_hd__clkbuf_4)
    15    0.067466    0.157084    0.222091   10.772068 ^ fanout89/X (sky130_fd_sc_hd__clkbuf_4)
                                                         net89 (net)
                      0.158008    0.010327   10.782394 ^ _12_/A (sky130_fd_sc_hd__and2_4)
     2    0.096268    0.210026    0.236816   11.019211 ^ _12_/X (sky130_fd_sc_hd__and2_4)
                                                         i_ram_wb_controller.EN (net)
                      0.216294    0.030092   11.049303 ^ i_sram/EN (CF_SRAM_1024x32)
                                             11.049303   data arrival time

                                 50.000000   50.000000   clock clk (rise edge)
                                  4.650000   54.650002   clock source latency
     1    0.057342    0.610000    0.000000   54.650002 ^ wb_clk_i (in)
                                                         wb_clk_i (net)
                      0.633560    0.011187   54.661186 ^ clkbuf_0_wb_clk_i/A (sky130_fd_sc_hd__clkbuf_16)
     2    0.069019    0.077912    0.160284   54.821472 ^ clkbuf_0_wb_clk_i/X (sky130_fd_sc_hd__clkbuf_16)
                                                         clknet_0_wb_clk_i (net)
                      0.078338    0.003734   54.825207 ^ clkbuf_1_1__f_wb_clk_i/A (sky130_fd_sc_hd__clkbuf_16)
     1    0.137055    0.116548    0.141910   54.967113 ^ clkbuf_1_1__f_wb_clk_i/X (sky130_fd_sc_hd__clkbuf_16)
                                                         clknet_1_1__leaf_wb_clk_i (net)
                      0.122817    0.019899   54.987015 ^ i_sram/CLKin (CF_SRAM_1024x32)
                                 -0.100000   54.887016   clock uncertainty
                                  0.000000   54.887016   clock reconvergence pessimism
                                 -1.235483   53.651535   library setup time
                                             53.651535   data required time
---------------------------------------------------------------------------------------------
                                             53.651535   data required time
                                            -11.049303   data arrival time
---------------------------------------------------------------------------------------------
                                             42.602234   slack (MET)


Startpoint: wbs_cyc_i (input port clocked by clk)
Endpoint: _45_ (rising edge-triggered flip-flop clocked by clk)
Path Group: clk
Path Type: max

Fanout         Cap        Slew       Delay        Time   Description
---------------------------------------------------------------------------------------------
                                  0.000000    0.000000   clock clk (rise edge)
                                  5.570000    5.570000   clock network delay (propagated)
                                  4.740000   10.310000 ^ input external delay
     1    0.003269    0.170000    0.000000   10.310000 ^ wbs_cyc_i (in)
                                                         wbs_cyc_i (net)
                      0.170177    0.000093   10.310094 ^ input12/A (sky130_fd_sc_hd__buf_2)
     5    0.060625    0.223021    0.232786   10.542880 ^ input12/X (sky130_fd_sc_hd__buf_2)
                                                         net12 (net)
                      0.223314    0.007097   10.549977 ^ fanout89/A (sky130_fd_sc_hd__clkbuf_4)
    15    0.067466    0.157084    0.222091   10.772068 ^ fanout89/X (sky130_fd_sc_hd__clkbuf_4)
                                                         net89 (net)
                      0.158008    0.010327   10.782394 ^ _12_/A (sky130_fd_sc_hd__and2_4)
     2    0.096268    0.210026    0.236816   11.019211 ^ _12_/X (sky130_fd_sc_hd__and2_4)
                                                         i_ram_wb_controller.EN (net)
                      0.210074    0.002921   11.022132 ^ _45_/D (sky130_fd_sc_hd__dfrtp_1)
                                             11.022132   data arrival time

                                 50.000000   50.000000   clock clk (rise edge)
                                  4.650000   54.650002   clock source latency
     1    0.057342    0.610000    0.000000   54.650002 ^ wb_clk_i (in)
                                                         wb_clk_i (net)
                      0.633560    0.011187   54.661186 ^ clkbuf_0_wb_clk_i/A (sky130_fd_sc_hd__clkbuf_16)
     2    0.069019    0.077912    0.160284   54.821472 ^ clkbuf_0_wb_clk_i/X (sky130_fd_sc_hd__clkbuf_16)
                                                         clknet_0_wb_clk_i (net)
                      0.081065    0.011489   54.832962 ^ clkbuf_1_0__f_wb_clk_i/A (sky130_fd_sc_hd__clkbuf_16)
     2    0.054491    0.055765    0.111722   54.944683 ^ clkbuf_1_0__f_wb_clk_i/X (sky130_fd_sc_hd__clkbuf_16)
                                                         clknet_1_0__leaf_wb_clk_i (net)
                      0.056080    0.002860   54.947544 ^ _45_/CLK (sky130_fd_sc_hd__dfrtp_1)
                                 -0.100000   54.847546   clock uncertainty
                                  0.000000   54.847546   clock reconvergence pessimism
                                 -0.049733   54.797810   library setup time
                                             54.797810   data required time
---------------------------------------------------------------------------------------------
                                             54.797810   data required time
                                            -11.022132   data arrival time
---------------------------------------------------------------------------------------------
                                             43.775681   slack (MET)



