
===========================================================================
report_checks -path_delay max (Setup)
============================================================================
======================= nom_ss_100C_1v60 Corner ===================================

Startpoint: wb_rst_i (input port clocked by clk)
Endpoint: _45_ (recovery check against rising-edge clock clk)
Path Group: asynchronous
Path Type: max

Fanout         Cap        Slew       Delay        Time   Description
---------------------------------------------------------------------------------------------
                                  0.000000    0.000000   clock clk (rise edge)
                                  5.570000    5.570000   clock network delay (propagated)
                                 12.500000   18.070000 v input external delay
     1    0.002365    0.000000    0.000000   18.070000 v wb_rst_i (in)
                                                         wb_rst_i (net)
                      0.000051    0.000027   18.070026 v input1/A (sky130_fd_sc_hd__buf_1)
     1    0.009522    0.119960    0.195902   18.265928 v input1/X (sky130_fd_sc_hd__buf_1)
                                                         net1 (net)
                      0.119960    0.000405   18.266333 v _11_/A (sky130_fd_sc_hd__inv_2)
     1    0.008277    0.077104    0.122206   18.388538 ^ _11_/Y (sky130_fd_sc_hd__inv_2)
                                                         _00_ (net)
                      0.077104    0.000336   18.388874 ^ _45_/RESET_B (sky130_fd_sc_hd__dfrtp_1)
                                             18.388874   data arrival time

                                 25.000000   25.000000   clock clk (rise edge)
                                  4.650000   29.650000   clock source latency
     1    0.053413    0.610000    0.000000   29.650000 ^ wb_clk_i (in)
                                                         wb_clk_i (net)
                      0.627638    0.008379   29.658379 ^ clkbuf_0_wb_clk_i/A (sky130_fd_sc_hd__clkbuf_16)
     2    0.064406    0.132392    0.485183   30.143562 ^ clkbuf_0_wb_clk_i/X (sky130_fd_sc_hd__clkbuf_16)
                                                         clknet_0_wb_clk_i (net)
                      0.133176    0.007944   30.151505 ^ clkbuf_1_0__f_wb_clk_i/A (sky130_fd_sc_hd__clkbuf_16)
     2    0.054188    0.112746    0.279897   30.431402 ^ clkbuf_1_0__f_wb_clk_i/X (sky130_fd_sc_hd__clkbuf_16)
                                                         clknet_1_0__leaf_wb_clk_i (net)
                      0.112765    0.001336   30.432737 ^ _45_/CLK (sky130_fd_sc_hd__dfrtp_1)
                                 -0.100000   30.332741   clock uncertainty
                                  0.000000   30.332741   clock reconvergence pessimism
                                  0.474197   30.806938   library recovery time
                                             30.806938   data required time
---------------------------------------------------------------------------------------------
                                             30.806938   data required time
                                            -18.388874   data arrival time
---------------------------------------------------------------------------------------------
                                             12.418063   slack (MET)


Startpoint: wbs_we_i (input port clocked by clk)
Endpoint: wbs_dat_o[15] (output port clocked by clk)
Path Group: clk
Path Type: max

Fanout         Cap        Slew       Delay        Time   Description
---------------------------------------------------------------------------------------------
                                  0.000000    0.000000   clock clk (rise edge)
                                  5.570000    5.570000   clock network delay (propagated)
                                  3.740000    9.310000 v input external delay
     1    0.003673    0.140000    0.000000    9.310000 v wbs_we_i (in)
                                                         wbs_we_i (net)
                      0.140117    0.000061    9.310061 v input50/A (sky130_fd_sc_hd__buf_2)
     5    0.054301    0.245951    0.460581    9.770642 v input50/X (sky130_fd_sc_hd__buf_2)
                                                         net50 (net)
                      0.245986    0.003132    9.773774 v fanout85/A (sky130_fd_sc_hd__buf_4)
    15    0.072262    0.179858    0.471965   10.245739 v fanout85/X (sky130_fd_sc_hd__buf_4)
                                                         net85 (net)
                      0.179858    0.000870   10.246609 v fanout84/A (sky130_fd_sc_hd__clkbuf_2)
    15    0.034770    0.244506    0.410294   10.656903 v fanout84/X (sky130_fd_sc_hd__clkbuf_2)
                                                         net84 (net)
                      0.244506    0.000429   10.657332 v _22_/A_N (sky130_fd_sc_hd__and4b_2)
     1    0.031491    0.309810    0.905280   11.562613 ^ _22_/X (sky130_fd_sc_hd__and4b_2)
                                                         net58 (net)
                      0.309831    0.002993   11.565606 ^ output58/A (sky130_fd_sc_hd__buf_12)
     1    0.191677    0.344253    0.507701   12.073307 ^ output58/X (sky130_fd_sc_hd__buf_12)
                                                         wbs_dat_o[15] (net)
                      0.344313    0.004682   12.077989 ^ wbs_dat_o[15] (out)
                                             12.077989   data arrival time

                                 25.000000   25.000000   clock clk (rise edge)
                                  4.650000   29.650000   clock network delay (propagated)
                                 -0.100000   29.549999   clock uncertainty
                                  0.000000   29.549999   clock reconvergence pessimism
                                 -3.620000   25.929998   output external delay
                                             25.929998   data required time
---------------------------------------------------------------------------------------------
                                             25.929998   data required time
                                            -12.077989   data arrival time
---------------------------------------------------------------------------------------------
                                             13.852010   slack (MET)


Startpoint: wbs_we_i (input port clocked by clk)
Endpoint: wbs_dat_o[10] (output port clocked by clk)
Path Group: clk
Path Type: max

Fanout         Cap        Slew       Delay        Time   Description
---------------------------------------------------------------------------------------------
                                  0.000000    0.000000   clock clk (rise edge)
                                  5.570000    5.570000   clock network delay (propagated)
                                  3.740000    9.310000 v input external delay
     1    0.003673    0.140000    0.000000    9.310000 v wbs_we_i (in)
                                                         wbs_we_i (net)
                      0.140117    0.000061    9.310061 v input50/A (sky130_fd_sc_hd__buf_2)
     5    0.054301    0.245951    0.460581    9.770642 v input50/X (sky130_fd_sc_hd__buf_2)
                                                         net50 (net)
                      0.245986    0.003132    9.773774 v fanout85/A (sky130_fd_sc_hd__buf_4)
    15    0.072262    0.179858    0.471965   10.245739 v fanout85/X (sky130_fd_sc_hd__buf_4)
                                                         net85 (net)
                      0.179858    0.000870   10.246609 v fanout84/A (sky130_fd_sc_hd__clkbuf_2)
    15    0.034770    0.244506    0.410294   10.656903 v fanout84/X (sky130_fd_sc_hd__clkbuf_2)
                                                         net84 (net)
                      0.244508    0.001124   10.658028 v _17_/A_N (sky130_fd_sc_hd__and4b_1)
     1    0.023859    0.388561    0.864818   11.522846 ^ _17_/X (sky130_fd_sc_hd__and4b_1)
                                                         net53 (net)
                      0.388564    0.002071   11.524918 ^ output53/A (sky130_fd_sc_hd__buf_12)
     1    0.191387    0.343857    0.535406   12.060323 ^ output53/X (sky130_fd_sc_hd__buf_12)
                                                         wbs_dat_o[10] (net)
                      0.343906    0.004301   12.064624 ^ wbs_dat_o[10] (out)
                                             12.064624   data arrival time

                                 25.000000   25.000000   clock clk (rise edge)
                                  4.650000   29.650000   clock network delay (propagated)
                                 -0.100000   29.549999   clock uncertainty
                                  0.000000   29.549999   clock reconvergence pessimism
                                 -3.620000   25.929998   output external delay
                                             25.929998   data required time
---------------------------------------------------------------------------------------------
                                             25.929998   data required time
                                            -12.064624   data arrival time
---------------------------------------------------------------------------------------------
                                             13.865375   slack (MET)


Startpoint: wbs_we_i (input port clocked by clk)
Endpoint: wbs_dat_o[13] (output port clocked by clk)
Path Group: clk
Path Type: max

Fanout         Cap        Slew       Delay        Time   Description
---------------------------------------------------------------------------------------------
                                  0.000000    0.000000   clock clk (rise edge)
                                  5.570000    5.570000   clock network delay (propagated)
                                  3.740000    9.310000 v input external delay
     1    0.003673    0.140000    0.000000    9.310000 v wbs_we_i (in)
                                                         wbs_we_i (net)
                      0.140117    0.000061    9.310061 v input50/A (sky130_fd_sc_hd__buf_2)
     5    0.054301    0.245951    0.460581    9.770642 v input50/X (sky130_fd_sc_hd__buf_2)
                                                         net50 (net)
                      0.245986    0.003132    9.773774 v fanout85/A (sky130_fd_sc_hd__buf_4)
    15    0.072262    0.179858    0.471965   10.245739 v fanout85/X (sky130_fd_sc_hd__buf_4)
                                                         net85 (net)
                      0.179858    0.000870   10.246609 v fanout84/A (sky130_fd_sc_hd__clkbuf_2)
    15    0.034770    0.244506    0.410294   10.656903 v fanout84/X (sky130_fd_sc_hd__clkbuf_2)
                                                         net84 (net)
                      0.244508    0.001148   10.658051 v _20_/A_N (sky130_fd_sc_hd__and4b_2)
     1    0.026985    0.276788    0.876121   11.534171 ^ _20_/X (sky130_fd_sc_hd__and4b_2)
                                                         net56 (net)
                      0.276805    0.002601   11.536772 ^ output56/A (sky130_fd_sc_hd__buf_12)
     1    0.192333    0.345338    0.496636   12.033407 ^ output56/X (sky130_fd_sc_hd__buf_12)
                                                         wbs_dat_o[13] (net)
                      0.345408    0.005011   12.038419 ^ wbs_dat_o[13] (out)
                                             12.038419   data arrival time

                                 25.000000   25.000000   clock clk (rise edge)
                                  4.650000   29.650000   clock network delay (propagated)
                                 -0.100000   29.549999   clock uncertainty
                                  0.000000   29.549999   clock reconvergence pessimism
                                 -3.620000   25.929998   output external delay
                                             25.929998   data required time
---------------------------------------------------------------------------------------------
                                             25.929998   data required time
                                            -12.038419   data arrival time
---------------------------------------------------------------------------------------------
                                             13.891580   slack (MET)


Startpoint: wbs_we_i (input port clocked by clk)
Endpoint: wbs_dat_o[14] (output port clocked by clk)
Path Group: clk
Path Type: max

Fanout         Cap        Slew       Delay        Time   Description
---------------------------------------------------------------------------------------------
                                  0.000000    0.000000   clock clk (rise edge)
                                  5.570000    5.570000   clock network delay (propagated)
                                  3.740000    9.310000 v input external delay
     1    0.003673    0.140000    0.000000    9.310000 v wbs_we_i (in)
                                                         wbs_we_i (net)
                      0.140117    0.000061    9.310061 v input50/A (sky130_fd_sc_hd__buf_2)
     5    0.054301    0.245951    0.460581    9.770642 v input50/X (sky130_fd_sc_hd__buf_2)
                                                         net50 (net)
                      0.245986    0.003132    9.773774 v fanout85/A (sky130_fd_sc_hd__buf_4)
    15    0.072262    0.179858    0.471965   10.245739 v fanout85/X (sky130_fd_sc_hd__buf_4)
                                                         net85 (net)
                      0.179858    0.000870   10.246609 v fanout84/A (sky130_fd_sc_hd__clkbuf_2)
    15    0.034770    0.244506    0.410294   10.656903 v fanout84/X (sky130_fd_sc_hd__clkbuf_2)
                                                         net84 (net)
                      0.244506    0.000375   10.657278 v _21_/A_N (sky130_fd_sc_hd__and4b_2)
     1    0.027124    0.277841    0.876891   11.534168 ^ _21_/X (sky130_fd_sc_hd__and4b_2)
                                                         net57 (net)
                      0.277863    0.002860   11.537028 ^ output57/A (sky130_fd_sc_hd__buf_12)
     1    0.191249    0.343413    0.496143   12.033172 ^ output57/X (sky130_fd_sc_hd__buf_12)
                                                         wbs_dat_o[14] (net)
                      0.343462    0.004296   12.037467 ^ wbs_dat_o[14] (out)
                                             12.037467   data arrival time

                                 25.000000   25.000000   clock clk (rise edge)
                                  4.650000   29.650000   clock network delay (propagated)
                                 -0.100000   29.549999   clock uncertainty
                                  0.000000   29.549999   clock reconvergence pessimism
                                 -3.620000   25.929998   output external delay
                                             25.929998   data required time
---------------------------------------------------------------------------------------------
                                             25.929998   data required time
                                            -12.037467   data arrival time
---------------------------------------------------------------------------------------------
                                             13.892531   slack (MET)


Startpoint: wbs_we_i (input port clocked by clk)
Endpoint: wbs_dat_o[11] (output port clocked by clk)
Path Group: clk
Path Type: max

Fanout         Cap        Slew       Delay        Time   Description
---------------------------------------------------------------------------------------------
                                  0.000000    0.000000   clock clk (rise edge)
                                  5.570000    5.570000   clock network delay (propagated)
                                  3.740000    9.310000 v input external delay
     1    0.003673    0.140000    0.000000    9.310000 v wbs_we_i (in)
                                                         wbs_we_i (net)
                      0.140117    0.000061    9.310061 v input50/A (sky130_fd_sc_hd__buf_2)
     5    0.054301    0.245951    0.460581    9.770642 v input50/X (sky130_fd_sc_hd__buf_2)
                                                         net50 (net)
                      0.245986    0.003132    9.773774 v fanout85/A (sky130_fd_sc_hd__buf_4)
    15    0.072262    0.179858    0.471965   10.245739 v fanout85/X (sky130_fd_sc_hd__buf_4)
                                                         net85 (net)
                      0.179858    0.000870   10.246609 v fanout84/A (sky130_fd_sc_hd__clkbuf_2)
    15    0.034770    0.244506    0.410294   10.656903 v fanout84/X (sky130_fd_sc_hd__clkbuf_2)
                                                         net84 (net)
                      0.244508    0.001134   10.658037 v _18_/A_N (sky130_fd_sc_hd__and4b_1)
     1    0.021544    0.355984    0.838912   11.496949 ^ _18_/X (sky130_fd_sc_hd__and4b_1)
                                                         net54 (net)
                      0.355986    0.001738   11.498688 ^ output54/A (sky130_fd_sc_hd__buf_12)
     1    0.191357    0.343758    0.523808   12.022495 ^ output54/X (sky130_fd_sc_hd__buf_12)
                                                         wbs_dat_o[11] (net)
                      0.343809    0.004380   12.026875 ^ wbs_dat_o[11] (out)
                                             12.026875   data arrival time

                                 25.000000   25.000000   clock clk (rise edge)
                                  4.650000   29.650000   clock network delay (propagated)
                                 -0.100000   29.549999   clock uncertainty
                                  0.000000   29.549999   clock reconvergence pessimism
                                 -3.620000   25.929998   output external delay
                                             25.929998   data required time
---------------------------------------------------------------------------------------------
                                             25.929998   data required time
                                            -12.026875   data arrival time
---------------------------------------------------------------------------------------------
                                             13.903124   slack (MET)


Startpoint: wbs_we_i (input port clocked by clk)
Endpoint: wbs_dat_o[8] (output port clocked by clk)
Path Group: clk
Path Type: max

Fanout         Cap        Slew       Delay        Time   Description
---------------------------------------------------------------------------------------------
                                  0.000000    0.000000   clock clk (rise edge)
                                  5.570000    5.570000   clock network delay (propagated)
                                  3.740000    9.310000 v input external delay
     1    0.003673    0.140000    0.000000    9.310000 v wbs_we_i (in)
                                                         wbs_we_i (net)
                      0.140117    0.000061    9.310061 v input50/A (sky130_fd_sc_hd__buf_2)
     5    0.054301    0.245951    0.460581    9.770642 v input50/X (sky130_fd_sc_hd__buf_2)
                                                         net50 (net)
                      0.245986    0.003132    9.773774 v fanout85/A (sky130_fd_sc_hd__buf_4)
    15    0.072262    0.179858    0.471965   10.245739 v fanout85/X (sky130_fd_sc_hd__buf_4)
                                                         net85 (net)
                      0.179858    0.000870   10.246609 v fanout84/A (sky130_fd_sc_hd__clkbuf_2)
    15    0.034770    0.244506    0.410294   10.656903 v fanout84/X (sky130_fd_sc_hd__clkbuf_2)
                                                         net84 (net)
                      0.244509    0.001242   10.658145 v _15_/A_N (sky130_fd_sc_hd__and4b_1)
     1    0.021086    0.349462    0.834014   11.492159 ^ _15_/X (sky130_fd_sc_hd__and4b_1)
                                                         net82 (net)
                      0.349462    0.001201   11.493360 ^ output82/A (sky130_fd_sc_hd__buf_12)
     1    0.191421    0.343828    0.521680   12.015039 ^ output82/X (sky130_fd_sc_hd__buf_12)
                                                         wbs_dat_o[8] (net)
                      0.343876    0.004249   12.019288 ^ wbs_dat_o[8] (out)
                                             12.019288   data arrival time

                                 25.000000   25.000000   clock clk (rise edge)
                                  4.650000   29.650000   clock network delay (propagated)
                                 -0.100000   29.549999   clock uncertainty
                                  0.000000   29.549999   clock reconvergence pessimism
                                 -3.620000   25.929998   output external delay
                                             25.929998   data required time
---------------------------------------------------------------------------------------------
                                             25.929998   data required time
                                            -12.019288   data arrival time
---------------------------------------------------------------------------------------------
                                             13.910710   slack (MET)


Startpoint: wbs_we_i (input port clocked by clk)
Endpoint: wbs_dat_o[9] (output port clocked by clk)
Path Group: clk
Path Type: max

Fanout         Cap        Slew       Delay        Time   Description
---------------------------------------------------------------------------------------------
                                  0.000000    0.000000   clock clk (rise edge)
                                  5.570000    5.570000   clock network delay (propagated)
                                  3.740000    9.310000 v input external delay
     1    0.003673    0.140000    0.000000    9.310000 v wbs_we_i (in)
                                                         wbs_we_i (net)
                      0.140117    0.000061    9.310061 v input50/A (sky130_fd_sc_hd__buf_2)
     5    0.054301    0.245951    0.460581    9.770642 v input50/X (sky130_fd_sc_hd__buf_2)
                                                         net50 (net)
                      0.245986    0.003132    9.773774 v fanout85/A (sky130_fd_sc_hd__buf_4)
    15    0.072262    0.179858    0.471965   10.245739 v fanout85/X (sky130_fd_sc_hd__buf_4)
                                                         net85 (net)
                      0.179858    0.000870   10.246609 v fanout84/A (sky130_fd_sc_hd__clkbuf_2)
    15    0.034770    0.244506    0.410294   10.656903 v fanout84/X (sky130_fd_sc_hd__clkbuf_2)
                                                         net84 (net)
                      0.244508    0.001154   10.658057 v _16_/A_N (sky130_fd_sc_hd__and4b_1)
     1    0.019936    0.333426    0.820798   11.478854 ^ _16_/X (sky130_fd_sc_hd__and4b_1)
                                                         net83 (net)
                      0.333428    0.001679   11.480534 ^ output83/A (sky130_fd_sc_hd__buf_12)
     1    0.192681    0.346081    0.516833   11.997366 ^ output83/X (sky130_fd_sc_hd__buf_12)
                                                         wbs_dat_o[9] (net)
                      0.346162    0.005348   12.002714 ^ wbs_dat_o[9] (out)
                                             12.002714   data arrival time

                                 25.000000   25.000000   clock clk (rise edge)
                                  4.650000   29.650000   clock network delay (propagated)
                                 -0.100000   29.549999   clock uncertainty
                                  0.000000   29.549999   clock reconvergence pessimism
                                 -3.620000   25.929998   output external delay
                                             25.929998   data required time
---------------------------------------------------------------------------------------------
                                             25.929998   data required time
                                            -12.002714   data arrival time
---------------------------------------------------------------------------------------------
                                             13.927284   slack (MET)


Startpoint: wbs_we_i (input port clocked by clk)
Endpoint: wbs_dat_o[12] (output port clocked by clk)
Path Group: clk
Path Type: max

Fanout         Cap        Slew       Delay        Time   Description
---------------------------------------------------------------------------------------------
                                  0.000000    0.000000   clock clk (rise edge)
                                  5.570000    5.570000   clock network delay (propagated)
                                  3.740000    9.310000 ^ input external delay
     1    0.003801    0.140000    0.000000    9.310000 ^ wbs_we_i (in)
                                                         wbs_we_i (net)
                      0.140122    0.000064    9.310064 ^ input50/A (sky130_fd_sc_hd__buf_2)
     5    0.054878    0.426206    0.506163    9.816227 ^ input50/X (sky130_fd_sc_hd__buf_2)
                                                         net50 (net)
                      0.426236    0.003171    9.819398 ^ fanout85/A (sky130_fd_sc_hd__buf_4)
    15    0.074962    0.333855    0.580495   10.399893 ^ fanout85/X (sky130_fd_sc_hd__buf_4)
                                                         net85 (net)
                      0.333855    0.000904   10.400797 ^ fanout84/A (sky130_fd_sc_hd__clkbuf_2)
    15    0.036170    0.310812    0.500178   10.900974 ^ fanout84/X (sky130_fd_sc_hd__clkbuf_2)
                                                         net84 (net)
                      0.310812    0.000928   10.901903 ^ _19_/A_N (sky130_fd_sc_hd__and4b_2)
     1    0.020314    0.153793    0.685983   11.587886 v _19_/X (sky130_fd_sc_hd__and4b_2)
                                                         net55 (net)
                      0.153819    0.001991   11.589877 v output55/A (sky130_fd_sc_hd__buf_12)
     1    0.191482    0.176247    0.402880   11.992757 v output55/X (sky130_fd_sc_hd__buf_12)
                                                         wbs_dat_o[12] (net)
                      0.176354    0.004163   11.996920 v wbs_dat_o[12] (out)
                                             11.996920   data arrival time

                                 25.000000   25.000000   clock clk (rise edge)
                                  4.650000   29.650000   clock network delay (propagated)
                                 -0.100000   29.549999   clock uncertainty
                                  0.000000   29.549999   clock reconvergence pessimism
                                 -3.620000   25.929998   output external delay
                                             25.929998   data required time
---------------------------------------------------------------------------------------------
                                             25.929998   data required time
                                            -11.996920   data arrival time
---------------------------------------------------------------------------------------------
                                             13.933079   slack (MET)


Startpoint: wbs_we_i (input port clocked by clk)
Endpoint: wbs_dat_o[0] (output port clocked by clk)
Path Group: clk
Path Type: max

Fanout         Cap        Slew       Delay        Time   Description
---------------------------------------------------------------------------------------------
                                  0.000000    0.000000   clock clk (rise edge)
                                  5.570000    5.570000   clock network delay (propagated)
                                  3.740000    9.310000 v input external delay
     1    0.003673    0.140000    0.000000    9.310000 v wbs_we_i (in)
                                                         wbs_we_i (net)
                      0.140117    0.000061    9.310061 v input50/A (sky130_fd_sc_hd__buf_2)
     5    0.054301    0.245951    0.460581    9.770642 v input50/X (sky130_fd_sc_hd__buf_2)
                                                         net50 (net)
                      0.245986    0.003132    9.773774 v fanout85/A (sky130_fd_sc_hd__buf_4)
    15    0.072262    0.179858    0.471965   10.245739 v fanout85/X (sky130_fd_sc_hd__buf_4)
                                                         net85 (net)
                      0.179858    0.000870   10.246609 v fanout84/A (sky130_fd_sc_hd__clkbuf_2)
    15    0.034770    0.244506    0.410294   10.656903 v fanout84/X (sky130_fd_sc_hd__clkbuf_2)
                                                         net84 (net)
                      0.244513    0.001656   10.658559 v _39_/A_N (sky130_fd_sc_hd__and4b_1)
     1    0.018419    0.312129    0.803915   11.462474 ^ _39_/X (sky130_fd_sc_hd__and4b_1)
                                                         net52 (net)
                      0.312129    0.001263   11.463737 ^ output52/A (sky130_fd_sc_hd__buf_12)
     1    0.191328    0.343652    0.508173   11.971910 ^ output52/X (sky130_fd_sc_hd__buf_12)
                                                         wbs_dat_o[0] (net)
                      0.343707    0.004534   11.976444 ^ wbs_dat_o[0] (out)
                                             11.976444   data arrival time

                                 25.000000   25.000000   clock clk (rise edge)
                                  4.650000   29.650000   clock network delay (propagated)
                                 -0.100000   29.549999   clock uncertainty
                                  0.000000   29.549999   clock reconvergence pessimism
                                 -3.620000   25.929998   output external delay
                                             25.929998   data required time
---------------------------------------------------------------------------------------------
                                             25.929998   data required time
                                            -11.976444   data arrival time
---------------------------------------------------------------------------------------------
                                             13.953554   slack (MET)


Startpoint: wbs_we_i (input port clocked by clk)
Endpoint: wbs_dat_o[7] (output port clocked by clk)
Path Group: clk
Path Type: max

Fanout         Cap        Slew       Delay        Time   Description
---------------------------------------------------------------------------------------------
                                  0.000000    0.000000   clock clk (rise edge)
                                  5.570000    5.570000   clock network delay (propagated)
                                  3.740000    9.310000 v input external delay
     1    0.003673    0.140000    0.000000    9.310000 v wbs_we_i (in)
                                                         wbs_we_i (net)
                      0.140117    0.000061    9.310061 v input50/A (sky130_fd_sc_hd__buf_2)
     5    0.054301    0.245951    0.460581    9.770642 v input50/X (sky130_fd_sc_hd__buf_2)
                                                         net50 (net)
                      0.245986    0.003132    9.773774 v fanout85/A (sky130_fd_sc_hd__buf_4)
    15    0.072262    0.179858    0.471965   10.245739 v fanout85/X (sky130_fd_sc_hd__buf_4)
                                                         net85 (net)
                      0.179858    0.000870   10.246609 v fanout84/A (sky130_fd_sc_hd__clkbuf_2)
    15    0.034770    0.244506    0.410294   10.656903 v fanout84/X (sky130_fd_sc_hd__clkbuf_2)
                                                         net84 (net)
                      0.244510    0.001330   10.658233 v _14_/A_N (sky130_fd_sc_hd__and4b_1)
     1    0.018108    0.307763    0.800486   11.458718 ^ _14_/X (sky130_fd_sc_hd__and4b_1)
                                                         net81 (net)
                      0.307763    0.001108   11.459826 ^ output81/A (sky130_fd_sc_hd__buf_12)
     1    0.191231    0.343407    0.506817   11.966643 ^ output81/X (sky130_fd_sc_hd__buf_12)
                                                         wbs_dat_o[7] (net)
                      0.343451    0.004104   11.970747 ^ wbs_dat_o[7] (out)
                                             11.970747   data arrival time

                                 25.000000   25.000000   clock clk (rise edge)
                                  4.650000   29.650000   clock network delay (propagated)
                                 -0.100000   29.549999   clock uncertainty
                                  0.000000   29.549999   clock reconvergence pessimism
                                 -3.620000   25.929998   output external delay
                                             25.929998   data required time
---------------------------------------------------------------------------------------------
                                             25.929998   data required time
                                            -11.970747   data arrival time
---------------------------------------------------------------------------------------------
                                             13.959251   slack (MET)


Startpoint: wbs_we_i (input port clocked by clk)
Endpoint: wbs_dat_o[6] (output port clocked by clk)
Path Group: clk
Path Type: max

Fanout         Cap        Slew       Delay        Time   Description
---------------------------------------------------------------------------------------------
                                  0.000000    0.000000   clock clk (rise edge)
                                  5.570000    5.570000   clock network delay (propagated)
                                  3.740000    9.310000 ^ input external delay
     1    0.003801    0.140000    0.000000    9.310000 ^ wbs_we_i (in)
                                                         wbs_we_i (net)
                      0.140122    0.000064    9.310064 ^ input50/A (sky130_fd_sc_hd__buf_2)
     5    0.054878    0.426206    0.506163    9.816227 ^ input50/X (sky130_fd_sc_hd__buf_2)
                                                         net50 (net)
                      0.426236    0.003171    9.819398 ^ fanout85/A (sky130_fd_sc_hd__buf_4)
    15    0.074962    0.333855    0.580495   10.399893 ^ fanout85/X (sky130_fd_sc_hd__buf_4)
                                                         net85 (net)
                      0.333855    0.000904   10.400797 ^ fanout84/A (sky130_fd_sc_hd__clkbuf_2)
    15    0.036170    0.310812    0.500178   10.900974 ^ fanout84/X (sky130_fd_sc_hd__clkbuf_2)
                                                         net84 (net)
                      0.310814    0.001523   10.902498 ^ _13_/A_N (sky130_fd_sc_hd__and4b_1)
     1    0.013606    0.160268    0.602328   11.504826 v _13_/X (sky130_fd_sc_hd__and4b_1)
                                                         net80 (net)
                      0.160268    0.000715   11.505541 v output80/A (sky130_fd_sc_hd__buf_12)
     1    0.191345    0.173765    0.403893   11.909433 v output80/X (sky130_fd_sc_hd__buf_12)
                                                         wbs_dat_o[6] (net)
                      0.173898    0.004558   11.913992 v wbs_dat_o[6] (out)
                                             11.913992   data arrival time

                                 25.000000   25.000000   clock clk (rise edge)
                                  4.650000   29.650000   clock network delay (propagated)
                                 -0.100000   29.549999   clock uncertainty
                                  0.000000   29.549999   clock reconvergence pessimism
                                 -3.620000   25.929998   output external delay
                                             25.929998   data required time
---------------------------------------------------------------------------------------------
                                             25.929998   data required time
                                            -11.913992   data arrival time
---------------------------------------------------------------------------------------------
                                             14.016006   slack (MET)


Startpoint: wbs_we_i (input port clocked by clk)
Endpoint: wbs_dat_o[5] (output port clocked by clk)
Path Group: clk
Path Type: max

Fanout         Cap        Slew       Delay        Time   Description
---------------------------------------------------------------------------------------------
                                  0.000000    0.000000   clock clk (rise edge)
                                  5.570000    5.570000   clock network delay (propagated)
                                  3.740000    9.310000 ^ input external delay
     1    0.003801    0.140000    0.000000    9.310000 ^ wbs_we_i (in)
                                                         wbs_we_i (net)
                      0.140122    0.000064    9.310064 ^ input50/A (sky130_fd_sc_hd__buf_2)
     5    0.054878    0.426206    0.506163    9.816227 ^ input50/X (sky130_fd_sc_hd__buf_2)
                                                         net50 (net)
                      0.426236    0.003171    9.819398 ^ fanout85/A (sky130_fd_sc_hd__buf_4)
    15    0.074962    0.333855    0.580495   10.399893 ^ fanout85/X (sky130_fd_sc_hd__buf_4)
                                                         net85 (net)
                      0.333855    0.000904   10.400797 ^ fanout84/A (sky130_fd_sc_hd__clkbuf_2)
    15    0.036170    0.310812    0.500178   10.900974 ^ fanout84/X (sky130_fd_sc_hd__clkbuf_2)
                                                         net84 (net)
                      0.310815    0.001585   10.902559 ^ _44_/A_N (sky130_fd_sc_hd__and4b_1)
     1    0.012769    0.154656    0.595717   11.498277 v _44_/X (sky130_fd_sc_hd__and4b_1)
                                                         net79 (net)
                      0.154656    0.000688   11.498964 v output79/A (sky130_fd_sc_hd__buf_12)
     1    0.191392    0.173782    0.401092   11.900057 v output79/X (sky130_fd_sc_hd__buf_12)
                                                         wbs_dat_o[5] (net)
                      0.173912    0.004500   11.904557 v wbs_dat_o[5] (out)
                                             11.904557   data arrival time

                                 25.000000   25.000000   clock clk (rise edge)
                                  4.650000   29.650000   clock network delay (propagated)
                                 -0.100000   29.549999   clock uncertainty
                                  0.000000   29.549999   clock reconvergence pessimism
                                 -3.620000   25.929998   output external delay
                                             25.929998   data required time
---------------------------------------------------------------------------------------------
                                             25.929998   data required time
                                            -11.904557   data arrival time
---------------------------------------------------------------------------------------------
                                             14.025442   slack (MET)


Startpoint: wbs_we_i (input port clocked by clk)
Endpoint: wbs_dat_o[2] (output port clocked by clk)
Path Group: clk
Path Type: max

Fanout         Cap        Slew       Delay        Time   Description
---------------------------------------------------------------------------------------------
                                  0.000000    0.000000   clock clk (rise edge)
                                  5.570000    5.570000   clock network delay (propagated)
                                  3.740000    9.310000 ^ input external delay
     1    0.003801    0.140000    0.000000    9.310000 ^ wbs_we_i (in)
                                                         wbs_we_i (net)
                      0.140122    0.000064    9.310064 ^ input50/A (sky130_fd_sc_hd__buf_2)
     5    0.054878    0.426206    0.506163    9.816227 ^ input50/X (sky130_fd_sc_hd__buf_2)
                                                         net50 (net)
                      0.426236    0.003171    9.819398 ^ fanout85/A (sky130_fd_sc_hd__buf_4)
    15    0.074962    0.333855    0.580495   10.399893 ^ fanout85/X (sky130_fd_sc_hd__buf_4)
                                                         net85 (net)
                      0.333855    0.000904   10.400797 ^ fanout84/A (sky130_fd_sc_hd__clkbuf_2)
    15    0.036170    0.310812    0.500178   10.900974 ^ fanout84/X (sky130_fd_sc_hd__clkbuf_2)
                                                         net84 (net)
                      0.310817    0.001778   10.902753 ^ _41_/A_N (sky130_fd_sc_hd__and4b_1)
     1    0.012717    0.154451    0.595279   11.498033 v _41_/X (sky130_fd_sc_hd__and4b_1)
                                                         net74 (net)
                      0.154451    0.000609   11.498641 v output74/A (sky130_fd_sc_hd__buf_12)
     1    0.191155    0.173527    0.401162   11.899803 v output74/X (sky130_fd_sc_hd__buf_12)
                                                         wbs_dat_o[2] (net)
                      0.173633    0.004094   11.903897 v wbs_dat_o[2] (out)
                                             11.903897   data arrival time

                                 25.000000   25.000000   clock clk (rise edge)
                                  4.650000   29.650000   clock network delay (propagated)
                                 -0.100000   29.549999   clock uncertainty
                                  0.000000   29.549999   clock reconvergence pessimism
                                 -3.620000   25.929998   output external delay
                                             25.929998   data required time
---------------------------------------------------------------------------------------------
                                             25.929998   data required time
                                            -11.903897   data arrival time
---------------------------------------------------------------------------------------------
                                             14.026101   slack (MET)


Startpoint: wbs_we_i (input port clocked by clk)
Endpoint: wbs_dat_o[4] (output port clocked by clk)
Path Group: clk
Path Type: max

Fanout         Cap        Slew       Delay        Time   Description
---------------------------------------------------------------------------------------------
                                  0.000000    0.000000   clock clk (rise edge)
                                  5.570000    5.570000   clock network delay (propagated)
                                  3.740000    9.310000 ^ input external delay
     1    0.003801    0.140000    0.000000    9.310000 ^ wbs_we_i (in)
                                                         wbs_we_i (net)
                      0.140122    0.000064    9.310064 ^ input50/A (sky130_fd_sc_hd__buf_2)
     5    0.054878    0.426206    0.506163    9.816227 ^ input50/X (sky130_fd_sc_hd__buf_2)
                                                         net50 (net)
                      0.426236    0.003171    9.819398 ^ fanout85/A (sky130_fd_sc_hd__buf_4)
    15    0.074962    0.333855    0.580495   10.399893 ^ fanout85/X (sky130_fd_sc_hd__buf_4)
                                                         net85 (net)
                      0.333855    0.000904   10.400797 ^ fanout84/A (sky130_fd_sc_hd__clkbuf_2)
    15    0.036170    0.310812    0.500178   10.900974 ^ fanout84/X (sky130_fd_sc_hd__clkbuf_2)
                                                         net84 (net)
                      0.310816    0.001777   10.902752 ^ _43_/A_N (sky130_fd_sc_hd__and4b_1)
     1    0.011597    0.148738    0.585135   11.487886 v _43_/X (sky130_fd_sc_hd__and4b_1)
                                                         net78 (net)
                      0.148738    0.000492   11.488379 v output78/A (sky130_fd_sc_hd__buf_12)
     1    0.191374    0.173719    0.398222   11.886600 v output78/X (sky130_fd_sc_hd__buf_12)
                                                         wbs_dat_o[4] (net)
                      0.173836    0.004290   11.890890 v wbs_dat_o[4] (out)
                                             11.890890   data arrival time

                                 25.000000   25.000000   clock clk (rise edge)
                                  4.650000   29.650000   clock network delay (propagated)
                                 -0.100000   29.549999   clock uncertainty
                                  0.000000   29.549999   clock reconvergence pessimism
                                 -3.620000   25.929998   output external delay
                                             25.929998   data required time
---------------------------------------------------------------------------------------------
                                             25.929998   data required time
                                            -11.890890   data arrival time
---------------------------------------------------------------------------------------------
                                             14.039108   slack (MET)


Startpoint: wbs_we_i (input port clocked by clk)
Endpoint: wbs_dat_o[3] (output port clocked by clk)
Path Group: clk
Path Type: max

Fanout         Cap        Slew       Delay        Time   Description
---------------------------------------------------------------------------------------------
                                  0.000000    0.000000   clock clk (rise edge)
                                  5.570000    5.570000   clock network delay (propagated)
                                  3.740000    9.310000 ^ input external delay
     1    0.003801    0.140000    0.000000    9.310000 ^ wbs_we_i (in)
                                                         wbs_we_i (net)
                      0.140122    0.000064    9.310064 ^ input50/A (sky130_fd_sc_hd__buf_2)
     5    0.054878    0.426206    0.506163    9.816227 ^ input50/X (sky130_fd_sc_hd__buf_2)
                                                         net50 (net)
                      0.426236    0.003171    9.819398 ^ fanout85/A (sky130_fd_sc_hd__buf_4)
    15    0.074962    0.333855    0.580495   10.399893 ^ fanout85/X (sky130_fd_sc_hd__buf_4)
                                                         net85 (net)
                      0.333855    0.000904   10.400797 ^ fanout84/A (sky130_fd_sc_hd__clkbuf_2)
    15    0.036170    0.310812    0.500178   10.900974 ^ fanout84/X (sky130_fd_sc_hd__clkbuf_2)
                                                         net84 (net)
                      0.310815    0.001656   10.902631 ^ _42_/A_N (sky130_fd_sc_hd__and4b_1)
     1    0.010310    0.137322    0.573484   11.476115 v _42_/X (sky130_fd_sc_hd__and4b_1)
                                                         net77 (net)
                      0.137322    0.000381   11.476497 v output77/A (sky130_fd_sc_hd__buf_12)
     1    0.191372    0.173653    0.392565   11.869061 v output77/X (sky130_fd_sc_hd__buf_12)
                                                         wbs_dat_o[3] (net)
                      0.173756    0.004046   11.873107 v wbs_dat_o[3] (out)
                                             11.873107   data arrival time

                                 25.000000   25.000000   clock clk (rise edge)
                                  4.650000   29.650000   clock network delay (propagated)
                                 -0.100000   29.549999   clock uncertainty
                                  0.000000   29.549999   clock reconvergence pessimism
                                 -3.620000   25.929998   output external delay
                                             25.929998   data required time
---------------------------------------------------------------------------------------------
                                             25.929998   data required time
                                            -11.873107   data arrival time
---------------------------------------------------------------------------------------------
                                             14.056891   slack (MET)


Startpoint: wbs_we_i (input port clocked by clk)
Endpoint: wbs_dat_o[1] (output port clocked by clk)
Path Group: clk
Path Type: max

Fanout         Cap        Slew       Delay        Time   Description
---------------------------------------------------------------------------------------------
                                  0.000000    0.000000   clock clk (rise edge)
                                  5.570000    5.570000   clock network delay (propagated)
                                  3.740000    9.310000 v input external delay
     1    0.003673    0.140000    0.000000    9.310000 v wbs_we_i (in)
                                                         wbs_we_i (net)
                      0.140117    0.000061    9.310061 v input50/A (sky130_fd_sc_hd__buf_2)
     5    0.054301    0.245951    0.460581    9.770642 v input50/X (sky130_fd_sc_hd__buf_2)
                                                         net50 (net)
                      0.245986    0.003132    9.773774 v fanout85/A (sky130_fd_sc_hd__buf_4)
    15    0.072262    0.179858    0.471965   10.245739 v fanout85/X (sky130_fd_sc_hd__buf_4)
                                                         net85 (net)
                      0.179878    0.002236   10.247974 v _40_/A_N (sky130_fd_sc_hd__and4b_1)
     1    0.018147    0.308282    0.768229   11.016203 ^ _40_/X (sky130_fd_sc_hd__and4b_1)
                                                         net63 (net)
                      0.308282    0.001113   11.017316 ^ output63/A (sky130_fd_sc_hd__buf_12)
     1    0.190537    0.343558    0.508086   11.525402 ^ output63/X (sky130_fd_sc_hd__buf_12)
                                                         wbs_dat_o[1] (net)
                      0.343585    0.003411   11.528813 ^ wbs_dat_o[1] (out)
                                             11.528813   data arrival time

                                 25.000000   25.000000   clock clk (rise edge)
                                  4.650000   29.650000   clock network delay (propagated)
                                 -0.100000   29.549999   clock uncertainty
                                  0.000000   29.549999   clock reconvergence pessimism
                                 -3.620000   25.929998   output external delay
                                             25.929998   data required time
---------------------------------------------------------------------------------------------
                                             25.929998   data required time
                                            -11.528813   data arrival time
---------------------------------------------------------------------------------------------
                                             14.401185   slack (MET)


Startpoint: wbs_we_i (input port clocked by clk)
Endpoint: wbs_dat_o[24] (output port clocked by clk)
Path Group: clk
Path Type: max

Fanout         Cap        Slew       Delay        Time   Description
---------------------------------------------------------------------------------------------
                                  0.000000    0.000000   clock clk (rise edge)
                                  5.570000    5.570000   clock network delay (propagated)
                                  3.740000    9.310000 v input external delay
     1    0.003673    0.140000    0.000000    9.310000 v wbs_we_i (in)
                                                         wbs_we_i (net)
                      0.140117    0.000061    9.310061 v input50/A (sky130_fd_sc_hd__buf_2)
     5    0.054301    0.245951    0.460581    9.770642 v input50/X (sky130_fd_sc_hd__buf_2)
                                                         net50 (net)
                      0.245986    0.003132    9.773774 v fanout85/A (sky130_fd_sc_hd__buf_4)
    15    0.072262    0.179858    0.471965   10.245739 v fanout85/X (sky130_fd_sc_hd__buf_4)
                                                         net85 (net)
                      0.180361    0.008700   10.254438 v _31_/A_N (sky130_fd_sc_hd__and4b_1)
     1    0.015971    0.277904    0.744095   10.998534 ^ _31_/X (sky130_fd_sc_hd__and4b_1)
                                                         net68 (net)
                      0.277904    0.000816   10.999351 ^ output68/A (sky130_fd_sc_hd__buf_12)
     1    0.193092    0.345265    0.497539   11.496889 ^ output68/X (sky130_fd_sc_hd__buf_12)
                                                         wbs_dat_o[24] (net)
                      0.345497    0.005934   11.502823 ^ wbs_dat_o[24] (out)
                                             11.502823   data arrival time

                                 25.000000   25.000000   clock clk (rise edge)
                                  4.650000   29.650000   clock network delay (propagated)
                                 -0.100000   29.549999   clock uncertainty
                                  0.000000   29.549999   clock reconvergence pessimism
                                 -3.620000   25.929998   output external delay
                                             25.929998   data required time
---------------------------------------------------------------------------------------------
                                             25.929998   data required time
                                            -11.502823   data arrival time
---------------------------------------------------------------------------------------------
                                             14.427176   slack (MET)


Startpoint: wbs_we_i (input port clocked by clk)
Endpoint: wbs_dat_o[21] (output port clocked by clk)
Path Group: clk
Path Type: max

Fanout         Cap        Slew       Delay        Time   Description
---------------------------------------------------------------------------------------------
                                  0.000000    0.000000   clock clk (rise edge)
                                  5.570000    5.570000   clock network delay (propagated)
                                  3.740000    9.310000 v input external delay
     1    0.003673    0.140000    0.000000    9.310000 v wbs_we_i (in)
                                                         wbs_we_i (net)
                      0.140117    0.000061    9.310061 v input50/A (sky130_fd_sc_hd__buf_2)
     5    0.054301    0.245951    0.460581    9.770642 v input50/X (sky130_fd_sc_hd__buf_2)
                                                         net50 (net)
                      0.245986    0.003132    9.773774 v fanout85/A (sky130_fd_sc_hd__buf_4)
    15    0.072262    0.179858    0.471965   10.245739 v fanout85/X (sky130_fd_sc_hd__buf_4)
                                                         net85 (net)
                      0.180318    0.008359   10.254097 v _28_/A_N (sky130_fd_sc_hd__and4b_1)
     1    0.015429    0.270363    0.737974   10.992071 ^ _28_/X (sky130_fd_sc_hd__and4b_1)
                                                         net65 (net)
                      0.270363    0.000787   10.992859 ^ output65/A (sky130_fd_sc_hd__buf_12)
     1    0.192952    0.345017    0.494779   11.487638 ^ output65/X (sky130_fd_sc_hd__buf_12)
                                                         wbs_dat_o[21] (net)
                      0.345243    0.005820   11.493458 ^ wbs_dat_o[21] (out)
                                             11.493458   data arrival time

                                 25.000000   25.000000   clock clk (rise edge)
                                  4.650000   29.650000   clock network delay (propagated)
                                 -0.100000   29.549999   clock uncertainty
                                  0.000000   29.549999   clock reconvergence pessimism
                                 -3.620000   25.929998   output external delay
                                             25.929998   data required time
---------------------------------------------------------------------------------------------
                                             25.929998   data required time
                                            -11.493458   data arrival time
---------------------------------------------------------------------------------------------
                                             14.436541   slack (MET)


Startpoint: wbs_we_i (input port clocked by clk)
Endpoint: wbs_dat_o[17] (output port clocked by clk)
Path Group: clk
Path Type: max

Fanout         Cap        Slew       Delay        Time   Description
---------------------------------------------------------------------------------------------
                                  0.000000    0.000000   clock clk (rise edge)
                                  5.570000    5.570000   clock network delay (propagated)
                                  3.740000    9.310000 v input external delay
     1    0.003673    0.140000    0.000000    9.310000 v wbs_we_i (in)
                                                         wbs_we_i (net)
                      0.140117    0.000061    9.310061 v input50/A (sky130_fd_sc_hd__buf_2)
     5    0.054301    0.245951    0.460581    9.770642 v input50/X (sky130_fd_sc_hd__buf_2)
                                                         net50 (net)
                      0.245986    0.003132    9.773774 v fanout85/A (sky130_fd_sc_hd__buf_4)
    15    0.072262    0.179858    0.471965   10.245739 v fanout85/X (sky130_fd_sc_hd__buf_4)
                                                         net85 (net)
                      0.180113    0.006402   10.252141 v _24_/A_N (sky130_fd_sc_hd__and4b_1)
     1    0.015676    0.273810    0.740624   10.992764 ^ _24_/X (sky130_fd_sc_hd__and4b_1)
                                                         net60 (net)
                      0.273810    0.000894   10.993658 ^ output60/A (sky130_fd_sc_hd__buf_12)
     1    0.191618    0.344137    0.494673   11.488331 ^ output60/X (sky130_fd_sc_hd__buf_12)
                                                         wbs_dat_o[17] (net)
                      0.344207    0.005002   11.493333 ^ wbs_dat_o[17] (out)
                                             11.493333   data arrival time

                                 25.000000   25.000000   clock clk (rise edge)
                                  4.650000   29.650000   clock network delay (propagated)
                                 -0.100000   29.549999   clock uncertainty
                                  0.000000   29.549999   clock reconvergence pessimism
                                 -3.620000   25.929998   output external delay
                                             25.929998   data required time
---------------------------------------------------------------------------------------------
                                             25.929998   data required time
                                            -11.493333   data arrival time
---------------------------------------------------------------------------------------------
                                             14.436666   slack (MET)


Startpoint: wbs_we_i (input port clocked by clk)
Endpoint: wbs_dat_o[19] (output port clocked by clk)
Path Group: clk
Path Type: max

Fanout         Cap        Slew       Delay        Time   Description
---------------------------------------------------------------------------------------------
                                  0.000000    0.000000   clock clk (rise edge)
                                  5.570000    5.570000   clock network delay (propagated)
                                  3.740000    9.310000 v input external delay
     1    0.003673    0.140000    0.000000    9.310000 v wbs_we_i (in)
                                                         wbs_we_i (net)
                      0.140117    0.000061    9.310061 v input50/A (sky130_fd_sc_hd__buf_2)
     5    0.054301    0.245951    0.460581    9.770642 v input50/X (sky130_fd_sc_hd__buf_2)
                                                         net50 (net)
                      0.245986    0.003132    9.773774 v fanout85/A (sky130_fd_sc_hd__buf_4)
    15    0.072262    0.179858    0.471965   10.245739 v fanout85/X (sky130_fd_sc_hd__buf_4)
                                                         net85 (net)
                      0.180225    0.007542   10.253282 v _26_/A_N (sky130_fd_sc_hd__and4b_1)
     1    0.014514    0.257643    0.727667   10.980948 ^ _26_/X (sky130_fd_sc_hd__and4b_1)
                                                         net62 (net)
                      0.257643    0.000693   10.981641 ^ output62/A (sky130_fd_sc_hd__buf_12)
     1    0.191459    0.343758    0.489128   11.470769 ^ output62/X (sky130_fd_sc_hd__buf_12)
                                                         wbs_dat_o[19] (net)
                      0.343812    0.004493   11.475262 ^ wbs_dat_o[19] (out)
                                             11.475262   data arrival time

                                 25.000000   25.000000   clock clk (rise edge)
                                  4.650000   29.650000   clock network delay (propagated)
                                 -0.100000   29.549999   clock uncertainty
                                  0.000000   29.549999   clock reconvergence pessimism
                                 -3.620000   25.929998   output external delay
                                             25.929998   data required time
---------------------------------------------------------------------------------------------
                                             25.929998   data required time
                                            -11.475262   data arrival time
---------------------------------------------------------------------------------------------
                                             14.454737   slack (MET)


Startpoint: wbs_we_i (input port clocked by clk)
Endpoint: wbs_dat_o[16] (output port clocked by clk)
Path Group: clk
Path Type: max

Fanout         Cap        Slew       Delay        Time   Description
---------------------------------------------------------------------------------------------
                                  0.000000    0.000000   clock clk (rise edge)
                                  5.570000    5.570000   clock network delay (propagated)
                                  3.740000    9.310000 v input external delay
     1    0.003673    0.140000    0.000000    9.310000 v wbs_we_i (in)
                                                         wbs_we_i (net)
                      0.140117    0.000061    9.310061 v input50/A (sky130_fd_sc_hd__buf_2)
     5    0.054301    0.245951    0.460581    9.770642 v input50/X (sky130_fd_sc_hd__buf_2)
                                                         net50 (net)
                      0.245986    0.003132    9.773774 v fanout85/A (sky130_fd_sc_hd__buf_4)
    15    0.072262    0.179858    0.471965   10.245739 v fanout85/X (sky130_fd_sc_hd__buf_4)
                                                         net85 (net)
                      0.180061    0.005782   10.251521 v _23_/A_N (sky130_fd_sc_hd__and4b_1)
     1    0.014209    0.253419    0.724159   10.975679 ^ _23_/X (sky130_fd_sc_hd__and4b_1)
                                                         net59 (net)
                      0.253419    0.000665   10.976345 ^ output59/A (sky130_fd_sc_hd__buf_12)
     1    0.191333    0.343505    0.487616   11.463961 ^ output59/X (sky130_fd_sc_hd__buf_12)
                                                         wbs_dat_o[16] (net)
                      0.343554    0.004300   11.468261 ^ wbs_dat_o[16] (out)
                                             11.468261   data arrival time

                                 25.000000   25.000000   clock clk (rise edge)
                                  4.650000   29.650000   clock network delay (propagated)
                                 -0.100000   29.549999   clock uncertainty
                                  0.000000   29.549999   clock reconvergence pessimism
                                 -3.620000   25.929998   output external delay
                                             25.929998   data required time
---------------------------------------------------------------------------------------------
                                             25.929998   data required time
                                            -11.468261   data arrival time
---------------------------------------------------------------------------------------------
                                             14.461738   slack (MET)


Startpoint: wbs_we_i (input port clocked by clk)
Endpoint: wbs_dat_o[18] (output port clocked by clk)
Path Group: clk
Path Type: max

Fanout         Cap        Slew       Delay        Time   Description
---------------------------------------------------------------------------------------------
                                  0.000000    0.000000   clock clk (rise edge)
                                  5.570000    5.570000   clock network delay (propagated)
                                  3.740000    9.310000 v input external delay
     1    0.003673    0.140000    0.000000    9.310000 v wbs_we_i (in)
                                                         wbs_we_i (net)
                      0.140117    0.000061    9.310061 v input50/A (sky130_fd_sc_hd__buf_2)
     5    0.054301    0.245951    0.460581    9.770642 v input50/X (sky130_fd_sc_hd__buf_2)
                                                         net50 (net)
                      0.245986    0.003132    9.773774 v fanout85/A (sky130_fd_sc_hd__buf_4)
    15    0.072262    0.179858    0.471965   10.245739 v fanout85/X (sky130_fd_sc_hd__buf_4)
                                                         net85 (net)
                      0.180169    0.007004   10.252743 v _25_/A_N (sky130_fd_sc_hd__and4b_1)
     1    0.013996    0.250488    0.721770   10.974513 ^ _25_/X (sky130_fd_sc_hd__and4b_1)
                                                         net61 (net)
                      0.250488    0.000754   10.975267 ^ output61/A (sky130_fd_sc_hd__buf_12)
     1    0.191178    0.343239    0.486386   11.461654 ^ output61/X (sky130_fd_sc_hd__buf_12)
                                                         wbs_dat_o[18] (net)
                      0.343288    0.004294   11.465947 ^ wbs_dat_o[18] (out)
                                             11.465947   data arrival time

                                 25.000000   25.000000   clock clk (rise edge)
                                  4.650000   29.650000   clock network delay (propagated)
                                 -0.100000   29.549999   clock uncertainty
                                  0.000000   29.549999   clock reconvergence pessimism
                                 -3.620000   25.929998   output external delay
                                             25.929998   data required time
---------------------------------------------------------------------------------------------
                                             25.929998   data required time
                                            -11.465947   data arrival time
---------------------------------------------------------------------------------------------
                                             14.464051   slack (MET)


Startpoint: wbs_we_i (input port clocked by clk)
Endpoint: wbs_dat_o[25] (output port clocked by clk)
Path Group: clk
Path Type: max

Fanout         Cap        Slew       Delay        Time   Description
---------------------------------------------------------------------------------------------
                                  0.000000    0.000000   clock clk (rise edge)
                                  5.570000    5.570000   clock network delay (propagated)
                                  3.740000    9.310000 v input external delay
     1    0.003673    0.140000    0.000000    9.310000 v wbs_we_i (in)
                                                         wbs_we_i (net)
                      0.140117    0.000061    9.310061 v input50/A (sky130_fd_sc_hd__buf_2)
     5    0.054301    0.245951    0.460581    9.770642 v input50/X (sky130_fd_sc_hd__buf_2)
                                                         net50 (net)
                      0.245986    0.003132    9.773774 v fanout85/A (sky130_fd_sc_hd__buf_4)
    15    0.072262    0.179858    0.471965   10.245739 v fanout85/X (sky130_fd_sc_hd__buf_4)
                                                         net85 (net)
                      0.180371    0.008780   10.254519 v _32_/A_N (sky130_fd_sc_hd__and4b_1)
     1    0.013807    0.247866    0.719746   10.974264 ^ _32_/X (sky130_fd_sc_hd__and4b_1)
                                                         net69 (net)
                      0.247866    0.000667   10.974932 ^ output69/A (sky130_fd_sc_hd__buf_12)
     1    0.191733    0.344246    0.485809   11.460740 ^ output69/X (sky130_fd_sc_hd__buf_12)
                                                         wbs_dat_o[25] (net)
                      0.344310    0.004797   11.465537 ^ wbs_dat_o[25] (out)
                                             11.465537   data arrival time

                                 25.000000   25.000000   clock clk (rise edge)
                                  4.650000   29.650000   clock network delay (propagated)
                                 -0.100000   29.549999   clock uncertainty
                                  0.000000   29.549999   clock reconvergence pessimism
                                 -3.620000   25.929998   output external delay
                                             25.929998   data required time
---------------------------------------------------------------------------------------------
                                             25.929998   data required time
                                            -11.465537   data arrival time
---------------------------------------------------------------------------------------------
                                             14.464461   slack (MET)


Startpoint: wbs_we_i (input port clocked by clk)
Endpoint: wbs_dat_o[27] (output port clocked by clk)
Path Group: clk
Path Type: max

Fanout         Cap        Slew       Delay        Time   Description
---------------------------------------------------------------------------------------------
                                  0.000000    0.000000   clock clk (rise edge)
                                  5.570000    5.570000   clock network delay (propagated)
                                  3.740000    9.310000 v input external delay
     1    0.003673    0.140000    0.000000    9.310000 v wbs_we_i (in)
                                                         wbs_we_i (net)
                      0.140117    0.000061    9.310061 v input50/A (sky130_fd_sc_hd__buf_2)
     5    0.054301    0.245951    0.460581    9.770642 v input50/X (sky130_fd_sc_hd__buf_2)
                                                         net50 (net)
                      0.245986    0.003132    9.773774 v fanout85/A (sky130_fd_sc_hd__buf_4)
    15    0.072262    0.179858    0.471965   10.245739 v fanout85/X (sky130_fd_sc_hd__buf_4)
                                                         net85 (net)
                      0.180381    0.008860   10.254600 v _34_/A_N (sky130_fd_sc_hd__and4b_1)
     1    0.013163    0.238964    0.712528   10.967127 ^ _34_/X (sky130_fd_sc_hd__and4b_1)
                                                         net71 (net)
                      0.238964    0.000608   10.967734 ^ output71/A (sky130_fd_sc_hd__buf_12)
     1    0.192278    0.343830    0.483021   11.450755 ^ output71/X (sky130_fd_sc_hd__buf_12)
                                                         wbs_dat_o[27] (net)
                      0.344046    0.005570   11.456326 ^ wbs_dat_o[27] (out)
                                             11.456326   data arrival time

                                 25.000000   25.000000   clock clk (rise edge)
                                  4.650000   29.650000   clock network delay (propagated)
                                 -0.100000   29.549999   clock uncertainty
                                  0.000000   29.549999   clock reconvergence pessimism
                                 -3.620000   25.929998   output external delay
                                             25.929998   data required time
---------------------------------------------------------------------------------------------
                                             25.929998   data required time
                                            -11.456326   data arrival time
---------------------------------------------------------------------------------------------
                                             14.473673   slack (MET)


Startpoint: wbs_we_i (input port clocked by clk)
Endpoint: wbs_dat_o[26] (output port clocked by clk)
Path Group: clk
Path Type: max

Fanout         Cap        Slew       Delay        Time   Description
---------------------------------------------------------------------------------------------
                                  0.000000    0.000000   clock clk (rise edge)
                                  5.570000    5.570000   clock network delay (propagated)
                                  3.740000    9.310000 v input external delay
     1    0.003673    0.140000    0.000000    9.310000 v wbs_we_i (in)
                                                         wbs_we_i (net)
                      0.140117    0.000061    9.310061 v input50/A (sky130_fd_sc_hd__buf_2)
     5    0.054301    0.245951    0.460581    9.770642 v input50/X (sky130_fd_sc_hd__buf_2)
                                                         net50 (net)
                      0.245986    0.003132    9.773774 v fanout85/A (sky130_fd_sc_hd__buf_4)
    15    0.072262    0.179858    0.471965   10.245739 v fanout85/X (sky130_fd_sc_hd__buf_4)
                                                         net85 (net)
                      0.180381    0.008857   10.254596 v _33_/A_N (sky130_fd_sc_hd__and4b_1)
     1    0.013099    0.238088    0.711794   10.966390 ^ _33_/X (sky130_fd_sc_hd__and4b_1)
                                                         net70 (net)
                      0.238088    0.000665   10.967055 ^ output70/A (sky130_fd_sc_hd__buf_12)
     1    0.191974    0.343324    0.482227   11.449282 ^ output70/X (sky130_fd_sc_hd__buf_12)
                                                         wbs_dat_o[26] (net)
                      0.343546    0.005700   11.454982 ^ wbs_dat_o[26] (out)
                                             11.454982   data arrival time

                                 25.000000   25.000000   clock clk (rise edge)
                                  4.650000   29.650000   clock network delay (propagated)
                                 -0.100000   29.549999   clock uncertainty
                                  0.000000   29.549999   clock reconvergence pessimism
                                 -3.620000   25.929998   output external delay
                                             25.929998   data required time
---------------------------------------------------------------------------------------------
                                             25.929998   data required time
                                            -11.454982   data arrival time
---------------------------------------------------------------------------------------------
                                             14.475017   slack (MET)


Startpoint: wbs_we_i (input port clocked by clk)
Endpoint: wbs_dat_o[23] (output port clocked by clk)
Path Group: clk
Path Type: max

Fanout         Cap        Slew       Delay        Time   Description
---------------------------------------------------------------------------------------------
                                  0.000000    0.000000   clock clk (rise edge)
                                  5.570000    5.570000   clock network delay (propagated)
                                  3.740000    9.310000 v input external delay
     1    0.003673    0.140000    0.000000    9.310000 v wbs_we_i (in)
                                                         wbs_we_i (net)
                      0.140117    0.000061    9.310061 v input50/A (sky130_fd_sc_hd__buf_2)
     5    0.054301    0.245951    0.460581    9.770642 v input50/X (sky130_fd_sc_hd__buf_2)
                                                         net50 (net)
                      0.245986    0.003132    9.773774 v fanout85/A (sky130_fd_sc_hd__buf_4)
    15    0.072262    0.179858    0.471965   10.245739 v fanout85/X (sky130_fd_sc_hd__buf_4)
                                                         net85 (net)
                      0.180350    0.008618   10.254356 v _30_/A_N (sky130_fd_sc_hd__and4b_1)
     1    0.013166    0.239002    0.712560   10.966917 ^ _30_/X (sky130_fd_sc_hd__and4b_1)
                                                         net67 (net)
                      0.239002    0.000615   10.967531 ^ output67/A (sky130_fd_sc_hd__buf_12)
     1    0.191035    0.342955    0.482250   11.449781 ^ output67/X (sky130_fd_sc_hd__buf_12)
                                                         wbs_dat_o[23] (net)
                      0.343001    0.004156   11.453937 ^ wbs_dat_o[23] (out)
                                             11.453937   data arrival time

                                 25.000000   25.000000   clock clk (rise edge)
                                  4.650000   29.650000   clock network delay (propagated)
                                 -0.100000   29.549999   clock uncertainty
                                  0.000000   29.549999   clock reconvergence pessimism
                                 -3.620000   25.929998   output external delay
                                             25.929998   data required time
---------------------------------------------------------------------------------------------
                                             25.929998   data required time
                                            -11.453937   data arrival time
---------------------------------------------------------------------------------------------
                                             14.476062   slack (MET)


Startpoint: wbs_we_i (input port clocked by clk)
Endpoint: wbs_dat_o[20] (output port clocked by clk)
Path Group: clk
Path Type: max

Fanout         Cap        Slew       Delay        Time   Description
---------------------------------------------------------------------------------------------
                                  0.000000    0.000000   clock clk (rise edge)
                                  5.570000    5.570000   clock network delay (propagated)
                                  3.740000    9.310000 v input external delay
     1    0.003673    0.140000    0.000000    9.310000 v wbs_we_i (in)
                                                         wbs_we_i (net)
                      0.140117    0.000061    9.310061 v input50/A (sky130_fd_sc_hd__buf_2)
     5    0.054301    0.245951    0.460581    9.770642 v input50/X (sky130_fd_sc_hd__buf_2)
                                                         net50 (net)
                      0.245986    0.003132    9.773774 v fanout85/A (sky130_fd_sc_hd__buf_4)
    15    0.072262    0.179858    0.471965   10.245739 v fanout85/X (sky130_fd_sc_hd__buf_4)
                                                         net85 (net)
                      0.180274    0.007980   10.253719 v _27_/A_N (sky130_fd_sc_hd__and4b_1)
     1    0.013189    0.239310    0.712789   10.966508 ^ _27_/X (sky130_fd_sc_hd__and4b_1)
                                                         net64 (net)
                      0.239310    0.000607   10.967114 ^ output64/A (sky130_fd_sc_hd__buf_12)
     1    0.191204    0.343262    0.482472   11.449587 ^ output64/X (sky130_fd_sc_hd__buf_12)
                                                         wbs_dat_o[20] (net)
                      0.343311    0.004295   11.453881 ^ wbs_dat_o[20] (out)
                                             11.453881   data arrival time

                                 25.000000   25.000000   clock clk (rise edge)
                                  4.650000   29.650000   clock network delay (propagated)
                                 -0.100000   29.549999   clock uncertainty
                                  0.000000   29.549999   clock reconvergence pessimism
                                 -3.620000   25.929998   output external delay
                                             25.929998   data required time
---------------------------------------------------------------------------------------------
                                             25.929998   data required time
                                            -11.453881   data arrival time
---------------------------------------------------------------------------------------------
                                             14.476117   slack (MET)


Startpoint: wbs_we_i (input port clocked by clk)
Endpoint: wbs_dat_o[22] (output port clocked by clk)
Path Group: clk
Path Type: max

Fanout         Cap        Slew       Delay        Time   Description
---------------------------------------------------------------------------------------------
                                  0.000000    0.000000   clock clk (rise edge)
                                  5.570000    5.570000   clock network delay (propagated)
                                  3.740000    9.310000 v input external delay
     1    0.003673    0.140000    0.000000    9.310000 v wbs_we_i (in)
                                                         wbs_we_i (net)
                      0.140117    0.000061    9.310061 v input50/A (sky130_fd_sc_hd__buf_2)
     5    0.054301    0.245951    0.460581    9.770642 v input50/X (sky130_fd_sc_hd__buf_2)
                                                         net50 (net)
                      0.245986    0.003132    9.773774 v fanout85/A (sky130_fd_sc_hd__buf_4)
    15    0.072262    0.179858    0.471965   10.245739 v fanout85/X (sky130_fd_sc_hd__buf_4)
                                                         net85 (net)
                      0.180335    0.008492   10.254230 v _29_/A_N (sky130_fd_sc_hd__and4b_1)
     1    0.012636    0.233671    0.705576   10.959806 ^ _29_/X (sky130_fd_sc_hd__and4b_1)
                                                         net66 (net)
                      0.233671    0.000557   10.960363 ^ output66/A (sky130_fd_sc_hd__buf_12)
     1    0.192573    0.344313    0.481291   11.441655 ^ output66/X (sky130_fd_sc_hd__buf_12)
                                                         wbs_dat_o[22] (net)
                      0.344543    0.005886   11.447541 ^ wbs_dat_o[22] (out)
                                             11.447541   data arrival time

                                 25.000000   25.000000   clock clk (rise edge)
                                  4.650000   29.650000   clock network delay (propagated)
                                 -0.100000   29.549999   clock uncertainty
                                  0.000000   29.549999   clock reconvergence pessimism
                                 -3.620000   25.929998   output external delay
                                             25.929998   data required time
---------------------------------------------------------------------------------------------
                                             25.929998   data required time
                                            -11.447541   data arrival time
---------------------------------------------------------------------------------------------
                                             14.482457   slack (MET)


Startpoint: wbs_dat_i[2] (input port clocked by clk)
Endpoint: i_sram (rising edge-triggered flip-flop clocked by clk)
Path Group: clk
Path Type: max

Fanout         Cap        Slew       Delay        Time   Description
---------------------------------------------------------------------------------------------
                                  0.000000    0.000000   clock clk (rise edge)
                                  5.570000    5.570000   clock network delay (propagated)
                                  4.610000   10.180000 v input external delay
     1    0.004022    0.840000    0.000000   10.180000 v wbs_dat_i[2] (in)
                                                         wbs_dat_i[2] (net)
                      0.840136    0.000071   10.180071 v hold118/A (sky130_fd_sc_hd__dlygate4sd3_1)
     1    0.004340    0.123186    1.577099   11.757171 v hold118/X (sky130_fd_sc_hd__dlygate4sd3_1)
                                                         net216 (net)
                      0.123186    0.000164   11.757335 v hold3/A (sky130_fd_sc_hd__dlygate4sd3_1)
     1    0.004941    0.128422    1.241078   12.998412 v hold3/X (sky130_fd_sc_hd__dlygate4sd3_1)
                                                         net101 (net)
                      0.128422    0.000190   12.998603 v input35/A (sky130_fd_sc_hd__buf_4)
     2    0.023194    0.085618    0.326897   13.325500 v input35/X (sky130_fd_sc_hd__buf_4)
                                                         net35 (net)
                      0.085686    0.002290   13.327789 v hold4/A (sky130_fd_sc_hd__dlygate4sd3_1)
     1    0.069830    0.657369    1.736174   15.063963 v hold4/X (sky130_fd_sc_hd__dlygate4sd3_1)
                                                         net102 (net)
                      0.657742    0.015179   15.079142 v i_sram/DI[2] (CF_SRAM_1024x32)
                                             15.079142   data arrival time

                                 25.000000   25.000000   clock clk (rise edge)
                                  4.650000   29.650000   clock source latency
     1    0.053413    0.610000    0.000000   29.650000 ^ wb_clk_i (in)
                                                         wb_clk_i (net)
                      0.627638    0.008379   29.658379 ^ clkbuf_0_wb_clk_i/A (sky130_fd_sc_hd__clkbuf_16)
     2    0.064406    0.132392    0.485183   30.143562 ^ clkbuf_0_wb_clk_i/X (sky130_fd_sc_hd__clkbuf_16)
                                                         clknet_0_wb_clk_i (net)
                      0.132435    0.001815   30.145376 ^ clkbuf_1_1__f_wb_clk_i/A (sky130_fd_sc_hd__clkbuf_16)
     1    0.135215    0.227499    0.354664   30.500040 ^ clkbuf_1_1__f_wb_clk_i/X (sky130_fd_sc_hd__clkbuf_16)
                                                         clknet_1_1__leaf_wb_clk_i (net)
                      0.228965    0.014062   30.514103 ^ i_sram/CLKin (CF_SRAM_1024x32)
                                 -0.100000   30.414104   clock uncertainty
                                  0.000000   30.414104   clock reconvergence pessimism
                                 -0.755385   29.658718   library setup time
                                             29.658718   data required time
---------------------------------------------------------------------------------------------
                                             29.658718   data required time
                                            -15.079142   data arrival time
---------------------------------------------------------------------------------------------
                                             14.579577   slack (MET)


Startpoint: wbs_dat_i[5] (input port clocked by clk)
Endpoint: i_sram (rising edge-triggered flip-flop clocked by clk)
Path Group: clk
Path Type: max

Fanout         Cap        Slew       Delay        Time   Description
---------------------------------------------------------------------------------------------
                                  0.000000    0.000000   clock clk (rise edge)
                                  5.570000    5.570000   clock network delay (propagated)
                                  4.610000   10.180000 v input external delay
     1    0.003446    0.840000    0.000000   10.180000 v wbs_dat_i[5] (in)
                                                         wbs_dat_i[5] (net)
                      0.840101    0.000053   10.180054 v hold108/A (sky130_fd_sc_hd__dlygate4sd3_1)
     1    0.004603    0.125471    1.580573   11.760627 v hold108/X (sky130_fd_sc_hd__dlygate4sd3_1)
                                                         net206 (net)
                      0.125471    0.000123   11.760750 v hold37/A (sky130_fd_sc_hd__dlygate4sd3_1)
     1    0.006481    0.142070    1.260632   13.021381 v hold37/X (sky130_fd_sc_hd__dlygate4sd3_1)
                                                         net135 (net)
                      0.142070    0.000264   13.021646 v input40/A (sky130_fd_sc_hd__clkbuf_4)
     1    0.016882    0.087117    0.325684   13.347330 v input40/X (sky130_fd_sc_hd__clkbuf_4)
                                                         net40 (net)
                      0.087128    0.001065   13.348394 v hold38/A (sky130_fd_sc_hd__dlygate4sd3_1)
     1    0.066846    0.635148    1.716842   15.065237 v hold38/X (sky130_fd_sc_hd__dlygate4sd3_1)
                                                         net136 (net)
                      0.635445    0.013387   15.078623 v i_sram/DI[5] (CF_SRAM_1024x32)
                                             15.078623   data arrival time

                                 25.000000   25.000000   clock clk (rise edge)
                                  4.650000   29.650000   clock source latency
     1    0.053413    0.610000    0.000000   29.650000 ^ wb_clk_i (in)
                                                         wb_clk_i (net)
                      0.627638    0.008379   29.658379 ^ clkbuf_0_wb_clk_i/A (sky130_fd_sc_hd__clkbuf_16)
     2    0.064406    0.132392    0.485183   30.143562 ^ clkbuf_0_wb_clk_i/X (sky130_fd_sc_hd__clkbuf_16)
                                                         clknet_0_wb_clk_i (net)
                      0.132435    0.001815   30.145376 ^ clkbuf_1_1__f_wb_clk_i/A (sky130_fd_sc_hd__clkbuf_16)
     1    0.135215    0.227499    0.354664   30.500040 ^ clkbuf_1_1__f_wb_clk_i/X (sky130_fd_sc_hd__clkbuf_16)
                                                         clknet_1_1__leaf_wb_clk_i (net)
                      0.228965    0.014062   30.514103 ^ i_sram/CLKin (CF_SRAM_1024x32)
                                 -0.100000   30.414104   clock uncertainty
                                  0.000000   30.414104   clock reconvergence pessimism
                                 -0.749789   29.664316   library setup time
                                             29.664316   data required time
---------------------------------------------------------------------------------------------
                                             29.664316   data required time
                                            -15.078623   data arrival time
---------------------------------------------------------------------------------------------
                                             14.585693   slack (MET)


Startpoint: wbs_dat_i[0] (input port clocked by clk)
Endpoint: i_sram (rising edge-triggered flip-flop clocked by clk)
Path Group: clk
Path Type: max

Fanout         Cap        Slew       Delay        Time   Description
---------------------------------------------------------------------------------------------
                                  0.000000    0.000000   clock clk (rise edge)
                                  5.570000    5.570000   clock network delay (propagated)
                                  4.610000   10.180000 v input external delay
     1    0.002580    0.840000    0.000000   10.180000 v wbs_dat_i[0] (in)
                                                         wbs_dat_i[0] (net)
                      0.840064    0.000034   10.180034 v hold125/A (sky130_fd_sc_hd__dlygate4sd3_1)
     1    0.002667    0.105153    1.547568   11.727602 v hold125/X (sky130_fd_sc_hd__dlygate4sd3_1)
                                                         net223 (net)
                      0.105153    0.000084   11.727687 v hold15/A (sky130_fd_sc_hd__dlygate4sd3_1)
     1    0.004164    0.120925    1.221184   12.948871 v hold15/X (sky130_fd_sc_hd__dlygate4sd3_1)
                                                         net113 (net)
                      0.120925    0.000139   12.949009 v input13/A (sky130_fd_sc_hd__buf_4)
     1    0.021377    0.080922    0.318853   13.267862 v input13/X (sky130_fd_sc_hd__buf_4)
                                                         net13 (net)
                      0.080957    0.001654   13.269516 v hold16/A (sky130_fd_sc_hd__dlygate4sd3_1)
     1    0.075711    0.706496    1.772197   15.041713 v hold16/X (sky130_fd_sc_hd__dlygate4sd3_1)
                                                         net114 (net)
                      0.707022    0.018449   15.060162 v i_sram/DI[0] (CF_SRAM_1024x32)
                                             15.060162   data arrival time

                                 25.000000   25.000000   clock clk (rise edge)
                                  4.650000   29.650000   clock source latency
     1    0.053413    0.610000    0.000000   29.650000 ^ wb_clk_i (in)
                                                         wb_clk_i (net)
                      0.627638    0.008379   29.658379 ^ clkbuf_0_wb_clk_i/A (sky130_fd_sc_hd__clkbuf_16)
     2    0.064406    0.132392    0.485183   30.143562 ^ clkbuf_0_wb_clk_i/X (sky130_fd_sc_hd__clkbuf_16)
                                                         clknet_0_wb_clk_i (net)
                      0.132435    0.001815   30.145376 ^ clkbuf_1_1__f_wb_clk_i/A (sky130_fd_sc_hd__clkbuf_16)
     1    0.135215    0.227499    0.354664   30.500040 ^ clkbuf_1_1__f_wb_clk_i/X (sky130_fd_sc_hd__clkbuf_16)
                                                         clknet_1_1__leaf_wb_clk_i (net)
                      0.228965    0.014062   30.514103 ^ i_sram/CLKin (CF_SRAM_1024x32)
                                 -0.100000   30.414104   clock uncertainty
                                  0.000000   30.414104   clock reconvergence pessimism
                                 -0.767754   29.646351   library setup time
                                             29.646351   data required time
---------------------------------------------------------------------------------------------
                                             29.646351   data required time
                                            -15.060162   data arrival time
---------------------------------------------------------------------------------------------
                                             14.586188   slack (MET)


Startpoint: wbs_dat_i[3] (input port clocked by clk)
Endpoint: i_sram (rising edge-triggered flip-flop clocked by clk)
Path Group: clk
Path Type: max

Fanout         Cap        Slew       Delay        Time   Description
---------------------------------------------------------------------------------------------
                                  0.000000    0.000000   clock clk (rise edge)
                                  5.570000    5.570000   clock network delay (propagated)
                                  4.610000   10.180000 v input external delay
     1    0.005471    0.840000    0.000000   10.180000 v wbs_dat_i[3] (in)
                                                         wbs_dat_i[3] (net)
                      0.840263    0.000139   10.180139 v hold119/A (sky130_fd_sc_hd__dlygate4sd3_1)
     1    0.004795    0.126756    1.582900   11.763039 v hold119/X (sky130_fd_sc_hd__dlygate4sd3_1)
                                                         net217 (net)
                      0.126756    0.000191   11.763229 v hold65/A (sky130_fd_sc_hd__dlygate4sd3_1)
     1    0.003028    0.107722    1.212049   12.975279 v hold65/X (sky130_fd_sc_hd__dlygate4sd3_1)
                                                         net163 (net)
                      0.107722    0.000071   12.975350 v input38/A (sky130_fd_sc_hd__clkbuf_4)
     2    0.022510    0.106272    0.327600   13.302950 v input38/X (sky130_fd_sc_hd__clkbuf_4)
                                                         net38 (net)
                      0.106297    0.001637   13.304587 v hold66/A (sky130_fd_sc_hd__dlygate4sd3_1)
     1    0.068941    0.652750    1.740527   15.045114 v hold66/X (sky130_fd_sc_hd__dlygate4sd3_1)
                                                         net164 (net)
                      0.653093    0.014555   15.059669 v i_sram/DI[3] (CF_SRAM_1024x32)
                                             15.059669   data arrival time

                                 25.000000   25.000000   clock clk (rise edge)
                                  4.650000   29.650000   clock source latency
     1    0.053413    0.610000    0.000000   29.650000 ^ wb_clk_i (in)
                                                         wb_clk_i (net)
                      0.627638    0.008379   29.658379 ^ clkbuf_0_wb_clk_i/A (sky130_fd_sc_hd__clkbuf_16)
     2    0.064406    0.132392    0.485183   30.143562 ^ clkbuf_0_wb_clk_i/X (sky130_fd_sc_hd__clkbuf_16)
                                                         clknet_0_wb_clk_i (net)
                      0.132435    0.001815   30.145376 ^ clkbuf_1_1__f_wb_clk_i/A (sky130_fd_sc_hd__clkbuf_16)
     1    0.135215    0.227499    0.354664   30.500040 ^ clkbuf_1_1__f_wb_clk_i/X (sky130_fd_sc_hd__clkbuf_16)
                                                         clknet_1_1__leaf_wb_clk_i (net)
                      0.228965    0.014062   30.514103 ^ i_sram/CLKin (CF_SRAM_1024x32)
                                 -0.100000   30.414104   clock uncertainty
                                  0.000000   30.414104   clock reconvergence pessimism
                                 -0.754218   29.659885   library setup time
                                             29.659885   data required time
---------------------------------------------------------------------------------------------
                                             29.659885   data required time
                                            -15.059669   data arrival time
---------------------------------------------------------------------------------------------
                                             14.600217   slack (MET)


Startpoint: wbs_dat_i[25] (input port clocked by clk)
Endpoint: i_sram (rising edge-triggered flip-flop clocked by clk)
Path Group: clk
Path Type: max

Fanout         Cap        Slew       Delay        Time   Description
---------------------------------------------------------------------------------------------
                                  0.000000    0.000000   clock clk (rise edge)
                                  5.570000    5.570000   clock network delay (propagated)
                                  4.610000   10.180000 v input external delay
     1    0.005394    0.840000    0.000000   10.180000 v wbs_dat_i[25] (in)
                                                         wbs_dat_i[25] (net)
                      0.840183    0.000096   10.180097 v hold120/A (sky130_fd_sc_hd__dlygate4sd3_1)
     1    0.004054    0.119030    1.572067   11.752163 v hold120/X (sky130_fd_sc_hd__dlygate4sd3_1)
                                                         net218 (net)
                      0.119030    0.000155   11.752317 v hold73/A (sky130_fd_sc_hd__dlygate4sd3_1)
     1    0.005934    0.137328    1.250815   13.003132 v hold73/X (sky130_fd_sc_hd__dlygate4sd3_1)
                                                         net171 (net)
                      0.137328    0.000233   13.003365 v input30/A (sky130_fd_sc_hd__clkbuf_4)
     1    0.033413    0.136971    0.370004   13.373368 v input30/X (sky130_fd_sc_hd__clkbuf_4)
                                                         net30 (net)
                      0.137215    0.005365   13.378734 v hold74/A (sky130_fd_sc_hd__dlygate4sd3_1)
     1    0.048947    0.483754    1.623309   15.002043 v hold74/X (sky130_fd_sc_hd__dlygate4sd3_1)
                                                         net172 (net)
                      0.483891    0.008217   15.010261 v i_sram/DI[25] (CF_SRAM_1024x32)
                                             15.010261   data arrival time

                                 25.000000   25.000000   clock clk (rise edge)
                                  4.650000   29.650000   clock source latency
     1    0.053413    0.610000    0.000000   29.650000 ^ wb_clk_i (in)
                                                         wb_clk_i (net)
                      0.627638    0.008379   29.658379 ^ clkbuf_0_wb_clk_i/A (sky130_fd_sc_hd__clkbuf_16)
     2    0.064406    0.132392    0.485183   30.143562 ^ clkbuf_0_wb_clk_i/X (sky130_fd_sc_hd__clkbuf_16)
                                                         clknet_0_wb_clk_i (net)
                      0.132435    0.001815   30.145376 ^ clkbuf_1_1__f_wb_clk_i/A (sky130_fd_sc_hd__clkbuf_16)
     1    0.135215    0.227499    0.354664   30.500040 ^ clkbuf_1_1__f_wb_clk_i/X (sky130_fd_sc_hd__clkbuf_16)
                                                         clknet_1_1__leaf_wb_clk_i (net)
                      0.228965    0.014062   30.514103 ^ i_sram/CLKin (CF_SRAM_1024x32)
                                 -0.100000   30.414104   clock uncertainty
                                  0.000000   30.414104   clock reconvergence pessimism
                                 -0.710355   29.703749   library setup time
                                             29.703749   data required time
---------------------------------------------------------------------------------------------
                                             29.703749   data required time
                                            -15.010261   data arrival time
---------------------------------------------------------------------------------------------
                                             14.693489   slack (MET)


Startpoint: wbs_dat_i[1] (input port clocked by clk)
Endpoint: i_sram (rising edge-triggered flip-flop clocked by clk)
Path Group: clk
Path Type: max

Fanout         Cap        Slew       Delay        Time   Description
---------------------------------------------------------------------------------------------
                                  0.000000    0.000000   clock clk (rise edge)
                                  5.570000    5.570000   clock network delay (propagated)
                                  4.610000   10.180000 v input external delay
     1    0.003811    0.840000    0.000000   10.180000 v wbs_dat_i[1] (in)
                                                         wbs_dat_i[1] (net)
                      0.840119    0.000062   10.180062 v hold122/A (sky130_fd_sc_hd__dlygate4sd3_1)
     1    0.001940    0.099269    1.534767   11.714829 v hold122/X (sky130_fd_sc_hd__dlygate4sd3_1)
                                                         net220 (net)
                      0.099269    0.000041   11.714870 v hold9/A (sky130_fd_sc_hd__dlygate4sd3_1)
     1    0.003191    0.109031    1.200881   12.915751 v hold9/X (sky130_fd_sc_hd__dlygate4sd3_1)
                                                         net107 (net)
                      0.109031    0.000099   12.915850 v input24/A (sky130_fd_sc_hd__buf_4)
     1    0.014887    0.065686    0.295951   13.211801 v input24/X (sky130_fd_sc_hd__buf_4)
                                                         net24 (net)
                      0.065714    0.001334   13.213135 v hold10/A (sky130_fd_sc_hd__dlygate4sd3_1)
     1    0.070875    0.666124    1.732780   14.945915 v hold10/X (sky130_fd_sc_hd__dlygate4sd3_1)
                                                         net108 (net)
                      0.666541    0.016014   14.961929 v i_sram/DI[1] (CF_SRAM_1024x32)
                                             14.961929   data arrival time

                                 25.000000   25.000000   clock clk (rise edge)
                                  4.650000   29.650000   clock source latency
     1    0.053413    0.610000    0.000000   29.650000 ^ wb_clk_i (in)
                                                         wb_clk_i (net)
                      0.627638    0.008379   29.658379 ^ clkbuf_0_wb_clk_i/A (sky130_fd_sc_hd__clkbuf_16)
     2    0.064406    0.132392    0.485183   30.143562 ^ clkbuf_0_wb_clk_i/X (sky130_fd_sc_hd__clkbuf_16)
                                                         clknet_0_wb_clk_i (net)
                      0.132435    0.001815   30.145376 ^ clkbuf_1_1__f_wb_clk_i/A (sky130_fd_sc_hd__clkbuf_16)
     1    0.135215    0.227499    0.354664   30.500040 ^ clkbuf_1_1__f_wb_clk_i/X (sky130_fd_sc_hd__clkbuf_16)
                                                         clknet_1_1__leaf_wb_clk_i (net)
                      0.228965    0.014062   30.514103 ^ i_sram/CLKin (CF_SRAM_1024x32)
                                 -0.100000   30.414104   clock uncertainty
                                  0.000000   30.414104   clock reconvergence pessimism
                                 -0.757594   29.656511   library setup time
                                             29.656511   data required time
---------------------------------------------------------------------------------------------
                                             29.656511   data required time
                                            -14.961929   data arrival time
---------------------------------------------------------------------------------------------
                                             14.694582   slack (MET)


Startpoint: wbs_dat_i[21] (input port clocked by clk)
Endpoint: i_sram (rising edge-triggered flip-flop clocked by clk)
Path Group: clk
Path Type: max

Fanout         Cap        Slew       Delay        Time   Description
---------------------------------------------------------------------------------------------
                                  0.000000    0.000000   clock clk (rise edge)
                                  5.570000    5.570000   clock network delay (propagated)
                                  4.610000   10.180000 v input external delay
     1    0.002837    0.840000    0.000000   10.180000 v wbs_dat_i[21] (in)
                                                         wbs_dat_i[21] (net)
                      0.840075    0.000039   10.180039 v hold114/A (sky130_fd_sc_hd__dlygate4sd3_1)
     1    0.003252    0.109830    1.557884   11.737923 v hold114/X (sky130_fd_sc_hd__dlygate4sd3_1)
                                                         net212 (net)
                      0.109830    0.000113   11.738036 v hold55/A (sky130_fd_sc_hd__dlygate4sd3_1)
     1    0.003845    0.116557    1.217912   12.955948 v hold55/X (sky130_fd_sc_hd__dlygate4sd3_1)
                                                         net153 (net)
                      0.116557    0.000125   12.956073 v input26/A (sky130_fd_sc_hd__clkbuf_4)
     1    0.035260    0.142091    0.365190   13.321262 v input26/X (sky130_fd_sc_hd__clkbuf_4)
                                                         net26 (net)
                      0.142303    0.005151   13.326413 v hold56/A (sky130_fd_sc_hd__dlygate4sd3_1)
     1    0.045720    0.458431    1.604476   14.930889 v hold56/X (sky130_fd_sc_hd__dlygate4sd3_1)
                                                         net154 (net)
                      0.458529    0.006917   14.937806 v i_sram/DI[21] (CF_SRAM_1024x32)
                                             14.937806   data arrival time

                                 25.000000   25.000000   clock clk (rise edge)
                                  4.650000   29.650000   clock source latency
     1    0.053413    0.610000    0.000000   29.650000 ^ wb_clk_i (in)
                                                         wb_clk_i (net)
                      0.627638    0.008379   29.658379 ^ clkbuf_0_wb_clk_i/A (sky130_fd_sc_hd__clkbuf_16)
     2    0.064406    0.132392    0.485183   30.143562 ^ clkbuf_0_wb_clk_i/X (sky130_fd_sc_hd__clkbuf_16)
                                                         clknet_0_wb_clk_i (net)
                      0.132435    0.001815   30.145376 ^ clkbuf_1_1__f_wb_clk_i/A (sky130_fd_sc_hd__clkbuf_16)
     1    0.135215    0.227499    0.354664   30.500040 ^ clkbuf_1_1__f_wb_clk_i/X (sky130_fd_sc_hd__clkbuf_16)
                                                         clknet_1_1__leaf_wb_clk_i (net)
                      0.228965    0.014062   30.514103 ^ i_sram/CLKin (CF_SRAM_1024x32)
                                 -0.100000   30.414104   clock uncertainty
                                  0.000000   30.414104   clock reconvergence pessimism
                                 -0.701795   29.712309   library setup time
                                             29.712309   data required time
---------------------------------------------------------------------------------------------
                                             29.712309   data required time
                                            -14.937806   data arrival time
---------------------------------------------------------------------------------------------
                                             14.774502   slack (MET)


Startpoint: wbs_dat_i[16] (input port clocked by clk)
Endpoint: i_sram (rising edge-triggered flip-flop clocked by clk)
Path Group: clk
Path Type: max

Fanout         Cap        Slew       Delay        Time   Description
---------------------------------------------------------------------------------------------
                                  0.000000    0.000000   clock clk (rise edge)
                                  5.570000    5.570000   clock network delay (propagated)
                                  4.610000   10.180000 v input external delay
     1    0.002545    0.840000    0.000000   10.180000 v wbs_dat_i[16] (in)
                                                         wbs_dat_i[16] (net)
                      0.840062    0.000033   10.180033 v hold113/A (sky130_fd_sc_hd__dlygate4sd3_1)
     1    0.003648    0.113971    1.564867   11.744901 v hold113/X (sky130_fd_sc_hd__dlygate4sd3_1)
                                                         net211 (net)
                      0.113971    0.000131   11.745031 v hold49/A (sky130_fd_sc_hd__dlygate4sd3_1)
     1    0.003826    0.116359    1.219694   12.964725 v hold49/X (sky130_fd_sc_hd__dlygate4sd3_1)
                                                         net147 (net)
                      0.116359    0.000124   12.964849 v input20/A (sky130_fd_sc_hd__clkbuf_4)
     1    0.040139    0.157506    0.377602   13.342451 v input20/X (sky130_fd_sc_hd__clkbuf_4)
                                                         net20 (net)
                      0.157766    0.005937   13.348388 v hold50/A (sky130_fd_sc_hd__dlygate4sd3_1)
     1    0.042536    0.431821    1.591483   14.939870 v hold50/X (sky130_fd_sc_hd__dlygate4sd3_1)
                                                         net148 (net)
                      0.431883    0.005549   14.945419 v i_sram/DI[16] (CF_SRAM_1024x32)
                                             14.945419   data arrival time

                                 25.000000   25.000000   clock clk (rise edge)
                                  4.650000   29.650000   clock source latency
     1    0.053413    0.610000    0.000000   29.650000 ^ wb_clk_i (in)
                                                         wb_clk_i (net)
                      0.627638    0.008379   29.658379 ^ clkbuf_0_wb_clk_i/A (sky130_fd_sc_hd__clkbuf_16)
     2    0.064406    0.132392    0.485183   30.143562 ^ clkbuf_0_wb_clk_i/X (sky130_fd_sc_hd__clkbuf_16)
                                                         clknet_0_wb_clk_i (net)
                      0.132435    0.001815   30.145376 ^ clkbuf_1_1__f_wb_clk_i/A (sky130_fd_sc_hd__clkbuf_16)
     1    0.135215    0.227499    0.354664   30.500040 ^ clkbuf_1_1__f_wb_clk_i/X (sky130_fd_sc_hd__clkbuf_16)
                                                         clknet_1_1__leaf_wb_clk_i (net)
                      0.228965    0.014062   30.514103 ^ i_sram/CLKin (CF_SRAM_1024x32)
                                 -0.100000   30.414104   clock uncertainty
                                  0.000000   30.414104   clock reconvergence pessimism
                                 -0.692802   29.721302   library setup time
                                             29.721302   data required time
---------------------------------------------------------------------------------------------
                                             29.721302   data required time
                                            -14.945419   data arrival time
---------------------------------------------------------------------------------------------
                                             14.775883   slack (MET)


Startpoint: wbs_dat_i[22] (input port clocked by clk)
Endpoint: i_sram (rising edge-triggered flip-flop clocked by clk)
Path Group: clk
Path Type: max

Fanout         Cap        Slew       Delay        Time   Description
---------------------------------------------------------------------------------------------
                                  0.000000    0.000000   clock clk (rise edge)
                                  5.570000    5.570000   clock network delay (propagated)
                                  4.610000   10.180000 v input external delay
     1    0.003562    0.840000    0.000000   10.180000 v wbs_dat_i[22] (in)
                                                         wbs_dat_i[22] (net)
                      0.840105    0.000055   10.180056 v hold112/A (sky130_fd_sc_hd__dlygate4sd3_1)
     1    0.002607    0.104742    1.546526   11.726581 v hold112/X (sky130_fd_sc_hd__dlygate4sd3_1)
                                                         net210 (net)
                      0.104742    0.000062   11.726644 v hold57/A (sky130_fd_sc_hd__dlygate4sd3_1)
     1    0.003351    0.110640    1.206537   12.933180 v hold57/X (sky130_fd_sc_hd__dlygate4sd3_1)
                                                         net155 (net)
                      0.110640    0.000105   12.933285 v input27/A (sky130_fd_sc_hd__clkbuf_4)
     1    0.036443    0.146473    0.364921   13.298205 v input27/X (sky130_fd_sc_hd__clkbuf_4)
                                                         net27 (net)
                      0.146900    0.005946   13.304152 v hold58/A (sky130_fd_sc_hd__dlygate4sd3_1)
     1    0.047137    0.470263    1.616109   14.920261 v hold58/X (sky130_fd_sc_hd__dlygate4sd3_1)
                                                         net156 (net)
                      0.470374    0.007400   14.927661 v i_sram/DI[22] (CF_SRAM_1024x32)
                                             14.927661   data arrival time

                                 25.000000   25.000000   clock clk (rise edge)
                                  4.650000   29.650000   clock source latency
     1    0.053413    0.610000    0.000000   29.650000 ^ wb_clk_i (in)
                                                         wb_clk_i (net)
                      0.627638    0.008379   29.658379 ^ clkbuf_0_wb_clk_i/A (sky130_fd_sc_hd__clkbuf_16)
     2    0.064406    0.132392    0.485183   30.143562 ^ clkbuf_0_wb_clk_i/X (sky130_fd_sc_hd__clkbuf_16)
                                                         clknet_0_wb_clk_i (net)
                      0.132435    0.001815   30.145376 ^ clkbuf_1_1__f_wb_clk_i/A (sky130_fd_sc_hd__clkbuf_16)
     1    0.135215    0.227499    0.354664   30.500040 ^ clkbuf_1_1__f_wb_clk_i/X (sky130_fd_sc_hd__clkbuf_16)
                                                         clknet_1_1__leaf_wb_clk_i (net)
                      0.228965    0.014062   30.514103 ^ i_sram/CLKin (CF_SRAM_1024x32)
                                 -0.100000   30.414104   clock uncertainty
                                  0.000000   30.414104   clock reconvergence pessimism
                                 -0.705793   29.708311   library setup time
                                             29.708311   data required time
---------------------------------------------------------------------------------------------
                                             29.708311   data required time
                                            -14.927661   data arrival time
---------------------------------------------------------------------------------------------
                                             14.780650   slack (MET)


Startpoint: wbs_dat_i[7] (input port clocked by clk)
Endpoint: i_sram (rising edge-triggered flip-flop clocked by clk)
Path Group: clk
Path Type: max

Fanout         Cap        Slew       Delay        Time   Description
---------------------------------------------------------------------------------------------
                                  0.000000    0.000000   clock clk (rise edge)
                                  5.570000    5.570000   clock network delay (propagated)
                                  4.610000   10.180000 v input external delay
     1    0.003008    0.840000    0.000000   10.180000 v wbs_dat_i[7] (in)
                                                         wbs_dat_i[7] (net)
                      0.840082    0.000043   10.180043 v hold105/A (sky130_fd_sc_hd__dlygate4sd3_1)
     1    0.001736    0.097419    1.531156   11.711199 v hold105/X (sky130_fd_sc_hd__dlygate4sd3_1)
                                                         net203 (net)
                      0.097419    0.000051   11.711249 v hold31/A (sky130_fd_sc_hd__dlygate4sd3_1)
     1    0.002632    0.104232    1.189997   12.901247 v hold31/X (sky130_fd_sc_hd__dlygate4sd3_1)
                                                         net129 (net)
                      0.104232    0.000082   12.901328 v input42/A (sky130_fd_sc_hd__clkbuf_4)
     1    0.017120    0.087899    0.307717   13.209045 v input42/X (sky130_fd_sc_hd__clkbuf_4)
                                                         net42 (net)
                      0.087911    0.001126   13.210172 v hold32/A (sky130_fd_sc_hd__dlygate4sd3_1)
     1    0.060281    0.579957    1.674113   14.884285 v hold32/X (sky130_fd_sc_hd__dlygate4sd3_1)
                                                         net130 (net)
                      0.580166    0.010878   14.895164 v i_sram/DI[7] (CF_SRAM_1024x32)
                                             14.895164   data arrival time

                                 25.000000   25.000000   clock clk (rise edge)
                                  4.650000   29.650000   clock source latency
     1    0.053413    0.610000    0.000000   29.650000 ^ wb_clk_i (in)
                                                         wb_clk_i (net)
                      0.627638    0.008379   29.658379 ^ clkbuf_0_wb_clk_i/A (sky130_fd_sc_hd__clkbuf_16)
     2    0.064406    0.132392    0.485183   30.143562 ^ clkbuf_0_wb_clk_i/X (sky130_fd_sc_hd__clkbuf_16)
                                                         clknet_0_wb_clk_i (net)
                      0.132435    0.001815   30.145376 ^ clkbuf_1_1__f_wb_clk_i/A (sky130_fd_sc_hd__clkbuf_16)
     1    0.135215    0.227499    0.354664   30.500040 ^ clkbuf_1_1__f_wb_clk_i/X (sky130_fd_sc_hd__clkbuf_16)
                                                         clknet_1_1__leaf_wb_clk_i (net)
                      0.228965    0.014062   30.514103 ^ i_sram/CLKin (CF_SRAM_1024x32)
                                 -0.100000   30.414104   clock uncertainty
                                  0.000000   30.414104   clock reconvergence pessimism
                                 -0.735913   29.678192   library setup time
                                             29.678192   data required time
---------------------------------------------------------------------------------------------
                                             29.678192   data required time
                                            -14.895164   data arrival time
---------------------------------------------------------------------------------------------
                                             14.783028   slack (MET)


Startpoint: wbs_dat_i[4] (input port clocked by clk)
Endpoint: i_sram (rising edge-triggered flip-flop clocked by clk)
Path Group: clk
Path Type: max

Fanout         Cap        Slew       Delay        Time   Description
---------------------------------------------------------------------------------------------
                                  0.000000    0.000000   clock clk (rise edge)
                                  5.570000    5.570000   clock network delay (propagated)
                                  4.610000   10.180000 v input external delay
     1    0.003696    0.840000    0.000000   10.180000 v wbs_dat_i[4] (in)
                                                         wbs_dat_i[4] (net)
                      0.840114    0.000060   10.180059 v hold115/A (sky130_fd_sc_hd__dlygate4sd3_1)
     1    0.001648    0.096606    1.529607   11.709666 v hold115/X (sky130_fd_sc_hd__dlygate4sd3_1)
                                                         net213 (net)
                      0.096606    0.000033   11.709700 v hold47/A (sky130_fd_sc_hd__dlygate4sd3_1)
     1    0.003204    0.109136    1.199752   12.909451 v hold47/X (sky130_fd_sc_hd__dlygate4sd3_1)
                                                         net145 (net)
                      0.109136    0.000102   12.909554 v input39/A (sky130_fd_sc_hd__clkbuf_4)
     2    0.017508    0.089361    0.311160   13.220714 v input39/X (sky130_fd_sc_hd__clkbuf_4)
                                                         net39 (net)
                      0.089390    0.001621   13.222335 v hold48/A (sky130_fd_sc_hd__dlygate4sd3_1)
     1    0.057436    0.556292    1.655370   14.877705 v hold48/X (sky130_fd_sc_hd__dlygate4sd3_1)
                                                         net146 (net)
                      0.556511    0.010894   14.888599 v i_sram/DI[4] (CF_SRAM_1024x32)
                                             14.888599   data arrival time

                                 25.000000   25.000000   clock clk (rise edge)
                                  4.650000   29.650000   clock source latency
     1    0.053413    0.610000    0.000000   29.650000 ^ wb_clk_i (in)
                                                         wb_clk_i (net)
                      0.627638    0.008379   29.658379 ^ clkbuf_0_wb_clk_i/A (sky130_fd_sc_hd__clkbuf_16)
     2    0.064406    0.132392    0.485183   30.143562 ^ clkbuf_0_wb_clk_i/X (sky130_fd_sc_hd__clkbuf_16)
                                                         clknet_0_wb_clk_i (net)
                      0.132435    0.001815   30.145376 ^ clkbuf_1_1__f_wb_clk_i/A (sky130_fd_sc_hd__clkbuf_16)
     1    0.135215    0.227499    0.354664   30.500040 ^ clkbuf_1_1__f_wb_clk_i/X (sky130_fd_sc_hd__clkbuf_16)
                                                         clknet_1_1__leaf_wb_clk_i (net)
                      0.228965    0.014062   30.514103 ^ i_sram/CLKin (CF_SRAM_1024x32)
                                 -0.100000   30.414104   clock uncertainty
                                  0.000000   30.414104   clock reconvergence pessimism
                                 -0.729976   29.684128   library setup time
                                             29.684128   data required time
---------------------------------------------------------------------------------------------
                                             29.684128   data required time
                                            -14.888599   data arrival time
---------------------------------------------------------------------------------------------
                                             14.795528   slack (MET)


Startpoint: wbs_dat_i[30] (input port clocked by clk)
Endpoint: i_sram (rising edge-triggered flip-flop clocked by clk)
Path Group: clk
Path Type: max

Fanout         Cap        Slew       Delay        Time   Description
---------------------------------------------------------------------------------------------
                                  0.000000    0.000000   clock clk (rise edge)
                                  5.570000    5.570000   clock network delay (propagated)
                                  4.610000   10.180000 v input external delay
     1    0.002995    0.840000    0.000000   10.180000 v wbs_dat_i[30] (in)
                                                         wbs_dat_i[30] (net)
                      0.840086    0.000045   10.180045 v hold127/A (sky130_fd_sc_hd__dlygate4sd3_1)
     1    0.003384    0.111041    1.560225   11.740271 v hold127/X (sky130_fd_sc_hd__dlygate4sd3_1)
                                                         net225 (net)
                      0.111041    0.000109   11.740379 v hold25/A (sky130_fd_sc_hd__dlygate4sd3_1)
     1    0.002452    0.102969    1.193782   12.934162 v hold25/X (sky130_fd_sc_hd__dlygate4sd3_1)
                                                         net123 (net)
                      0.102969    0.000049   12.934211 v input36/A (sky130_fd_sc_hd__buf_4)
     1    0.037836    0.110643    0.339779   13.273990 v input36/X (sky130_fd_sc_hd__buf_4)
                                                         net36 (net)
                      0.111367    0.006816   13.280806 v hold26/A (sky130_fd_sc_hd__dlygate4sd3_1)
     1    0.049248    0.486312    1.611654   14.892459 v hold26/X (sky130_fd_sc_hd__dlygate4sd3_1)
                                                         net124 (net)
                      0.486492    0.009312   14.901771 v i_sram/DI[30] (CF_SRAM_1024x32)
                                             14.901771   data arrival time

                                 25.000000   25.000000   clock clk (rise edge)
                                  4.650000   29.650000   clock source latency
     1    0.053413    0.610000    0.000000   29.650000 ^ wb_clk_i (in)
                                                         wb_clk_i (net)
                      0.627638    0.008379   29.658379 ^ clkbuf_0_wb_clk_i/A (sky130_fd_sc_hd__clkbuf_16)
     2    0.064406    0.132392    0.485183   30.143562 ^ clkbuf_0_wb_clk_i/X (sky130_fd_sc_hd__clkbuf_16)
                                                         clknet_0_wb_clk_i (net)
                      0.132435    0.001815   30.145376 ^ clkbuf_1_1__f_wb_clk_i/A (sky130_fd_sc_hd__clkbuf_16)
     1    0.135215    0.227499    0.354664   30.500040 ^ clkbuf_1_1__f_wb_clk_i/X (sky130_fd_sc_hd__clkbuf_16)
                                                         clknet_1_1__leaf_wb_clk_i (net)
                      0.228965    0.014062   30.514103 ^ i_sram/CLKin (CF_SRAM_1024x32)
                                 -0.100000   30.414104   clock uncertainty
                                  0.000000   30.414104   clock reconvergence pessimism
                                 -0.711233   29.702871   library setup time
                                             29.702871   data required time
---------------------------------------------------------------------------------------------
                                             29.702871   data required time
                                            -14.901771   data arrival time
---------------------------------------------------------------------------------------------
                                             14.801102   slack (MET)


Startpoint: wbs_dat_i[27] (input port clocked by clk)
Endpoint: i_sram (rising edge-triggered flip-flop clocked by clk)
Path Group: clk
Path Type: max

Fanout         Cap        Slew       Delay        Time   Description
---------------------------------------------------------------------------------------------
                                  0.000000    0.000000   clock clk (rise edge)
                                  5.570000    5.570000   clock network delay (propagated)
                                  4.610000   10.180000 v input external delay
     1    0.003669    0.840000    0.000000   10.180000 v wbs_dat_i[27] (in)
                                                         wbs_dat_i[27] (net)
                      0.840119    0.000062   10.180062 v hold121/A (sky130_fd_sc_hd__dlygate4sd3_1)
     1    0.002620    0.104831    1.546771   11.726833 v hold121/X (sky130_fd_sc_hd__dlygate4sd3_1)
                                                         net219 (net)
                      0.104831    0.000083   11.726915 v hold7/A (sky130_fd_sc_hd__dlygate4sd3_1)
     1    0.003556    0.112934    1.210212   12.937127 v hold7/X (sky130_fd_sc_hd__dlygate4sd3_1)
                                                         net105 (net)
                      0.112934    0.000117   12.937244 v input32/A (sky130_fd_sc_hd__buf_4)
     1    0.033953    0.102970    0.338400   13.275644 v input32/X (sky130_fd_sc_hd__buf_4)
                                                         net32 (net)
                      0.103524    0.005621   13.281265 v hold8/A (sky130_fd_sc_hd__dlygate4sd3_1)
     1    0.048669    0.481510    1.604003   14.885268 v hold8/X (sky130_fd_sc_hd__dlygate4sd3_1)
                                                         net106 (net)
                      0.481665    0.008654   14.893923 v i_sram/DI[27] (CF_SRAM_1024x32)
                                             14.893923   data arrival time

                                 25.000000   25.000000   clock clk (rise edge)
                                  4.650000   29.650000   clock source latency
     1    0.053413    0.610000    0.000000   29.650000 ^ wb_clk_i (in)
                                                         wb_clk_i (net)
                      0.627638    0.008379   29.658379 ^ clkbuf_0_wb_clk_i/A (sky130_fd_sc_hd__clkbuf_16)
     2    0.064406    0.132392    0.485183   30.143562 ^ clkbuf_0_wb_clk_i/X (sky130_fd_sc_hd__clkbuf_16)
                                                         clknet_0_wb_clk_i (net)
                      0.132435    0.001815   30.145376 ^ clkbuf_1_1__f_wb_clk_i/A (sky130_fd_sc_hd__clkbuf_16)
     1    0.135215    0.227499    0.354664   30.500040 ^ clkbuf_1_1__f_wb_clk_i/X (sky130_fd_sc_hd__clkbuf_16)
                                                         clknet_1_1__leaf_wb_clk_i (net)
                      0.228965    0.014062   30.514103 ^ i_sram/CLKin (CF_SRAM_1024x32)
                                 -0.100000   30.414104   clock uncertainty
                                  0.000000   30.414104   clock reconvergence pessimism
                                 -0.709604   29.704500   library setup time
                                             29.704500   data required time
---------------------------------------------------------------------------------------------
                                             29.704500   data required time
                                            -14.893923   data arrival time
---------------------------------------------------------------------------------------------
                                             14.810578   slack (MET)


Startpoint: wbs_dat_i[23] (input port clocked by clk)
Endpoint: i_sram (rising edge-triggered flip-flop clocked by clk)
Path Group: clk
Path Type: max

Fanout         Cap        Slew       Delay        Time   Description
---------------------------------------------------------------------------------------------
                                  0.000000    0.000000   clock clk (rise edge)
                                  5.570000    5.570000   clock network delay (propagated)
                                  4.610000   10.180000 v input external delay
     1    0.003075    0.840000    0.000000   10.180000 v wbs_dat_i[23] (in)
                                                         wbs_dat_i[23] (net)
                      0.840086    0.000045   10.180045 v hold116/A (sky130_fd_sc_hd__dlygate4sd3_1)
     1    0.002460    0.103770    1.543935   11.723980 v hold116/X (sky130_fd_sc_hd__dlygate4sd3_1)
                                                         net214 (net)
                      0.103770    0.000076   11.724057 v hold59/A (sky130_fd_sc_hd__dlygate4sd3_1)
     1    0.002154    0.100347    1.184754   12.908811 v hold59/X (sky130_fd_sc_hd__dlygate4sd3_1)
                                                         net157 (net)
                      0.100347    0.000044   12.908854 v input28/A (sky130_fd_sc_hd__clkbuf_4)
     1    0.034381    0.139943    0.354443   13.263297 v input28/X (sky130_fd_sc_hd__clkbuf_4)
                                                         net28 (net)
                      0.140339    0.005550   13.268847 v hold60/A (sky130_fd_sc_hd__dlygate4sd3_1)
     1    0.047120    0.468612    1.612843   14.881690 v hold60/X (sky130_fd_sc_hd__dlygate4sd3_1)
                                                         net158 (net)
                      0.468729    0.007546   14.889236 v i_sram/DI[23] (CF_SRAM_1024x32)
                                             14.889236   data arrival time

                                 25.000000   25.000000   clock clk (rise edge)
                                  4.650000   29.650000   clock source latency
     1    0.053413    0.610000    0.000000   29.650000 ^ wb_clk_i (in)
                                                         wb_clk_i (net)
                      0.627638    0.008379   29.658379 ^ clkbuf_0_wb_clk_i/A (sky130_fd_sc_hd__clkbuf_16)
     2    0.064406    0.132392    0.485183   30.143562 ^ clkbuf_0_wb_clk_i/X (sky130_fd_sc_hd__clkbuf_16)
                                                         clknet_0_wb_clk_i (net)
                      0.132435    0.001815   30.145376 ^ clkbuf_1_1__f_wb_clk_i/A (sky130_fd_sc_hd__clkbuf_16)
     1    0.135215    0.227499    0.354664   30.500040 ^ clkbuf_1_1__f_wb_clk_i/X (sky130_fd_sc_hd__clkbuf_16)
                                                         clknet_1_1__leaf_wb_clk_i (net)
                      0.228965    0.014062   30.514103 ^ i_sram/CLKin (CF_SRAM_1024x32)
                                 -0.100000   30.414104   clock uncertainty
                                  0.000000   30.414104   clock reconvergence pessimism
                                 -0.705238   29.708866   library setup time
                                             29.708866   data required time
---------------------------------------------------------------------------------------------
                                             29.708866   data required time
                                            -14.889236   data arrival time
---------------------------------------------------------------------------------------------
                                             14.819630   slack (MET)


Startpoint: wbs_dat_i[31] (input port clocked by clk)
Endpoint: i_sram (rising edge-triggered flip-flop clocked by clk)
Path Group: clk
Path Type: max

Fanout         Cap        Slew       Delay        Time   Description
---------------------------------------------------------------------------------------------
                                  0.000000    0.000000   clock clk (rise edge)
                                  5.570000    5.570000   clock network delay (propagated)
                                  4.610000   10.180000 v input external delay
     1    0.002692    0.840000    0.000000   10.180000 v wbs_dat_i[31] (in)
                                                         wbs_dat_i[31] (net)
                      0.840067    0.000036   10.180036 v hold128/A (sky130_fd_sc_hd__dlygate4sd3_1)
     1    0.002181    0.101446    1.538996   11.719031 v hold128/X (sky130_fd_sc_hd__dlygate4sd3_1)
                                                         net226 (net)
                      0.101446    0.000048   11.719079 v hold29/A (sky130_fd_sc_hd__dlygate4sd3_1)
     1    0.003488    0.112121    1.207281   12.926360 v hold29/X (sky130_fd_sc_hd__dlygate4sd3_1)
                                                         net127 (net)
                      0.112121    0.000114   12.926474 v input37/A (sky130_fd_sc_hd__buf_4)
     1    0.040069    0.115149    0.347735   13.274209 v input37/X (sky130_fd_sc_hd__buf_4)
                                                         net37 (net)
                      0.115989    0.007607   13.281816 v hold30/A (sky130_fd_sc_hd__dlygate4sd3_1)
     1    0.046788    0.465911    1.597762   14.879578 v hold30/X (sky130_fd_sc_hd__dlygate4sd3_1)
                                                         net128 (net)
                      0.466090    0.009099   14.888677 v i_sram/DI[31] (CF_SRAM_1024x32)
                                             14.888677   data arrival time

                                 25.000000   25.000000   clock clk (rise edge)
                                  4.650000   29.650000   clock source latency
     1    0.053413    0.610000    0.000000   29.650000 ^ wb_clk_i (in)
                                                         wb_clk_i (net)
                      0.627638    0.008379   29.658379 ^ clkbuf_0_wb_clk_i/A (sky130_fd_sc_hd__clkbuf_16)
     2    0.064406    0.132392    0.485183   30.143562 ^ clkbuf_0_wb_clk_i/X (sky130_fd_sc_hd__clkbuf_16)
                                                         clknet_0_wb_clk_i (net)
                      0.132435    0.001815   30.145376 ^ clkbuf_1_1__f_wb_clk_i/A (sky130_fd_sc_hd__clkbuf_16)
     1    0.135215    0.227499    0.354664   30.500040 ^ clkbuf_1_1__f_wb_clk_i/X (sky130_fd_sc_hd__clkbuf_16)
                                                         clknet_1_1__leaf_wb_clk_i (net)
                      0.228965    0.014062   30.514103 ^ i_sram/CLKin (CF_SRAM_1024x32)
                                 -0.100000   30.414104   clock uncertainty
                                  0.000000   30.414104   clock reconvergence pessimism
                                 -0.704347   29.709757   library setup time
                                             29.709757   data required time
---------------------------------------------------------------------------------------------
                                             29.709757   data required time
                                            -14.888677   data arrival time
---------------------------------------------------------------------------------------------
                                             14.821081   slack (MET)


Startpoint: wbs_dat_i[20] (input port clocked by clk)
Endpoint: i_sram (rising edge-triggered flip-flop clocked by clk)
Path Group: clk
Path Type: max

Fanout         Cap        Slew       Delay        Time   Description
---------------------------------------------------------------------------------------------
                                  0.000000    0.000000   clock clk (rise edge)
                                  5.570000    5.570000   clock network delay (propagated)
                                  4.610000   10.180000 v input external delay
     1    0.003303    0.840000    0.000000   10.180000 v wbs_dat_i[20] (in)
                                                         wbs_dat_i[20] (net)
                      0.840086    0.000045   10.180045 v hold109/A (sky130_fd_sc_hd__dlygate4sd3_1)
     1    0.002567    0.104468    1.545819   11.725864 v hold109/X (sky130_fd_sc_hd__dlygate4sd3_1)
                                                         net207 (net)
                      0.104468    0.000080   11.725945 v hold51/A (sky130_fd_sc_hd__dlygate4sd3_1)
     1    0.002195    0.100753    1.185856   12.911800 v hold51/X (sky130_fd_sc_hd__dlygate4sd3_1)
                                                         net149 (net)
                      0.100753    0.000044   12.911844 v input25/A (sky130_fd_sc_hd__clkbuf_4)
     1    0.037806    0.150108    0.363880   13.275724 v input25/X (sky130_fd_sc_hd__clkbuf_4)
                                                         net25 (net)
                      0.150350    0.005612   13.281337 v hold52/A (sky130_fd_sc_hd__dlygate4sd3_1)
     1    0.044807    0.450804    1.602533   14.883870 v hold52/X (sky130_fd_sc_hd__dlygate4sd3_1)
                                                         net150 (net)
                      0.450894    0.006608   14.890478 v i_sram/DI[20] (CF_SRAM_1024x32)
                                             14.890478   data arrival time

                                 25.000000   25.000000   clock clk (rise edge)
                                  4.650000   29.650000   clock source latency
     1    0.053413    0.610000    0.000000   29.650000 ^ wb_clk_i (in)
                                                         wb_clk_i (net)
                      0.627638    0.008379   29.658379 ^ clkbuf_0_wb_clk_i/A (sky130_fd_sc_hd__clkbuf_16)
     2    0.064406    0.132392    0.485183   30.143562 ^ clkbuf_0_wb_clk_i/X (sky130_fd_sc_hd__clkbuf_16)
                                                         clknet_0_wb_clk_i (net)
                      0.132435    0.001815   30.145376 ^ clkbuf_1_1__f_wb_clk_i/A (sky130_fd_sc_hd__clkbuf_16)
     1    0.135215    0.227499    0.354664   30.500040 ^ clkbuf_1_1__f_wb_clk_i/X (sky130_fd_sc_hd__clkbuf_16)
                                                         clknet_1_1__leaf_wb_clk_i (net)
                      0.228965    0.014062   30.514103 ^ i_sram/CLKin (CF_SRAM_1024x32)
                                 -0.100000   30.414104   clock uncertainty
                                  0.000000   30.414104   clock reconvergence pessimism
                                 -0.699218   29.714886   library setup time
                                             29.714886   data required time
---------------------------------------------------------------------------------------------
                                             29.714886   data required time
                                            -14.890478   data arrival time
---------------------------------------------------------------------------------------------
                                             14.824408   slack (MET)


Startpoint: wbs_dat_i[24] (input port clocked by clk)
Endpoint: i_sram (rising edge-triggered flip-flop clocked by clk)
Path Group: clk
Path Type: max

Fanout         Cap        Slew       Delay        Time   Description
---------------------------------------------------------------------------------------------
                                  0.000000    0.000000   clock clk (rise edge)
                                  5.570000    5.570000   clock network delay (propagated)
                                  4.610000   10.180000 v input external delay
     1    0.002637    0.840000    0.000000   10.180000 v wbs_dat_i[24] (in)
                                                         wbs_dat_i[24] (net)
                      0.840065    0.000035   10.180035 v hold117/A (sky130_fd_sc_hd__dlygate4sd3_1)
     1    0.001804    0.098039    1.532357   11.712392 v hold117/X (sky130_fd_sc_hd__dlygate4sd3_1)
                                                         net215 (net)
                      0.098039    0.000036   11.712428 v hold63/A (sky130_fd_sc_hd__dlygate4sd3_1)
     1    0.002561    0.103702    1.189065   12.901493 v hold63/X (sky130_fd_sc_hd__dlygate4sd3_1)
                                                         net161 (net)
                      0.103702    0.000075   12.901568 v input29/A (sky130_fd_sc_hd__clkbuf_4)
     1    0.030485    0.127097    0.346526   13.248095 v input29/X (sky130_fd_sc_hd__clkbuf_4)
                                                         net29 (net)
                      0.127270    0.004450   13.252544 v hold64/A (sky130_fd_sc_hd__dlygate4sd3_1)
     1    0.047951    0.475517    1.611650   14.864195 v hold64/X (sky130_fd_sc_hd__dlygate4sd3_1)
                                                         net162 (net)
                      0.475645    0.007929   14.872124 v i_sram/DI[24] (CF_SRAM_1024x32)
                                             14.872124   data arrival time

                                 25.000000   25.000000   clock clk (rise edge)
                                  4.650000   29.650000   clock source latency
     1    0.053413    0.610000    0.000000   29.650000 ^ wb_clk_i (in)
                                                         wb_clk_i (net)
                      0.627638    0.008379   29.658379 ^ clkbuf_0_wb_clk_i/A (sky130_fd_sc_hd__clkbuf_16)
     2    0.064406    0.132392    0.485183   30.143562 ^ clkbuf_0_wb_clk_i/X (sky130_fd_sc_hd__clkbuf_16)
                                                         clknet_0_wb_clk_i (net)
                      0.132435    0.001815   30.145376 ^ clkbuf_1_1__f_wb_clk_i/A (sky130_fd_sc_hd__clkbuf_16)
     1    0.135215    0.227499    0.354664   30.500040 ^ clkbuf_1_1__f_wb_clk_i/X (sky130_fd_sc_hd__clkbuf_16)
                                                         clknet_1_1__leaf_wb_clk_i (net)
                      0.228965    0.014062   30.514103 ^ i_sram/CLKin (CF_SRAM_1024x32)
                                 -0.100000   30.414104   clock uncertainty
                                  0.000000   30.414104   clock reconvergence pessimism
                                 -0.707572   29.706532   library setup time
                                             29.706532   data required time
---------------------------------------------------------------------------------------------
                                             29.706532   data required time
                                            -14.872124   data arrival time
---------------------------------------------------------------------------------------------
                                             14.834408   slack (MET)


Startpoint: wbs_dat_i[6] (input port clocked by clk)
Endpoint: i_sram (rising edge-triggered flip-flop clocked by clk)
Path Group: clk
Path Type: max

Fanout         Cap        Slew       Delay        Time   Description
---------------------------------------------------------------------------------------------
                                  0.000000    0.000000   clock clk (rise edge)
                                  5.570000    5.570000   clock network delay (propagated)
                                  4.610000   10.180000 v input external delay
     1    0.003372    0.840000    0.000000   10.180000 v wbs_dat_i[6] (in)
                                                         wbs_dat_i[6] (net)
                      0.840101    0.000053   10.180054 v hold106/A (sky130_fd_sc_hd__dlygate4sd3_1)
     1    0.001948    0.099341    1.534894   11.714948 v hold106/X (sky130_fd_sc_hd__dlygate4sd3_1)
                                                         net204 (net)
                      0.099341    0.000056   11.715004 v hold33/A (sky130_fd_sc_hd__dlygate4sd3_1)
     1    0.003238    0.109481    1.201764   12.916767 v hold33/X (sky130_fd_sc_hd__dlygate4sd3_1)
                                                         net131 (net)
                      0.109481    0.000102   12.916870 v input41/A (sky130_fd_sc_hd__clkbuf_4)
     1    0.016835    0.086963    0.309337   13.226207 v input41/X (sky130_fd_sc_hd__clkbuf_4)
                                                         net41 (net)
                      0.086976    0.001146   13.227353 v hold34/A (sky130_fd_sc_hd__dlygate4sd3_1)
     1    0.052074    0.511389    1.618814   14.846167 v hold34/X (sky130_fd_sc_hd__dlygate4sd3_1)
                                                         net132 (net)
                      0.511536    0.008722   14.854888 v i_sram/DI[6] (CF_SRAM_1024x32)
                                             14.854888   data arrival time

                                 25.000000   25.000000   clock clk (rise edge)
                                  4.650000   29.650000   clock source latency
     1    0.053413    0.610000    0.000000   29.650000 ^ wb_clk_i (in)
                                                         wb_clk_i (net)
                      0.627638    0.008379   29.658379 ^ clkbuf_0_wb_clk_i/A (sky130_fd_sc_hd__clkbuf_16)
     2    0.064406    0.132392    0.485183   30.143562 ^ clkbuf_0_wb_clk_i/X (sky130_fd_sc_hd__clkbuf_16)
                                                         clknet_0_wb_clk_i (net)
                      0.132435    0.001815   30.145376 ^ clkbuf_1_1__f_wb_clk_i/A (sky130_fd_sc_hd__clkbuf_16)
     1    0.135215    0.227499    0.354664   30.500040 ^ clkbuf_1_1__f_wb_clk_i/X (sky130_fd_sc_hd__clkbuf_16)
                                                         clknet_1_1__leaf_wb_clk_i (net)
                      0.228965    0.014062   30.514103 ^ i_sram/CLKin (CF_SRAM_1024x32)
                                 -0.100000   30.414104   clock uncertainty
                                  0.000000   30.414104   clock reconvergence pessimism
                                 -0.718687   29.695417   library setup time
                                             29.695417   data required time
---------------------------------------------------------------------------------------------
                                             29.695417   data required time
                                            -14.854888   data arrival time
---------------------------------------------------------------------------------------------
                                             14.840528   slack (MET)


Startpoint: wbs_dat_i[29] (input port clocked by clk)
Endpoint: i_sram (rising edge-triggered flip-flop clocked by clk)
Path Group: clk
Path Type: max

Fanout         Cap        Slew       Delay        Time   Description
---------------------------------------------------------------------------------------------
                                  0.000000    0.000000   clock clk (rise edge)
                                  5.570000    5.570000   clock network delay (propagated)
                                  4.610000   10.180000 v input external delay
     1    0.003052    0.840000    0.000000   10.180000 v wbs_dat_i[29] (in)
                                                         wbs_dat_i[29] (net)
                      0.840084    0.000044   10.180044 v hold126/A (sky130_fd_sc_hd__dlygate4sd3_1)
     1    0.002216    0.101770    1.539626   11.719671 v hold126/X (sky130_fd_sc_hd__dlygate4sd3_1)
                                                         net224 (net)
                      0.101770    0.000067   11.719737 v hold19/A (sky130_fd_sc_hd__dlygate4sd3_1)
     1    0.003525    0.112544    1.208108   12.927846 v hold19/X (sky130_fd_sc_hd__dlygate4sd3_1)
                                                         net117 (net)
                      0.112544    0.000109   12.927955 v input34/A (sky130_fd_sc_hd__buf_4)
     1    0.037645    0.110308    0.344060   13.272015 v input34/X (sky130_fd_sc_hd__buf_4)
                                                         net34 (net)
                      0.111026    0.006814   13.278829 v hold20/A (sky130_fd_sc_hd__dlygate4sd3_1)
     1    0.044285    0.445239    1.578652   14.857481 v hold20/X (sky130_fd_sc_hd__dlygate4sd3_1)
                                                         net118 (net)
                      0.445378    0.007955   14.865436 v i_sram/DI[29] (CF_SRAM_1024x32)
                                             14.865436   data arrival time

                                 25.000000   25.000000   clock clk (rise edge)
                                  4.650000   29.650000   clock source latency
     1    0.053413    0.610000    0.000000   29.650000 ^ wb_clk_i (in)
                                                         wb_clk_i (net)
                      0.627638    0.008379   29.658379 ^ clkbuf_0_wb_clk_i/A (sky130_fd_sc_hd__clkbuf_16)
     2    0.064406    0.132392    0.485183   30.143562 ^ clkbuf_0_wb_clk_i/X (sky130_fd_sc_hd__clkbuf_16)
                                                         clknet_0_wb_clk_i (net)
                      0.132435    0.001815   30.145376 ^ clkbuf_1_1__f_wb_clk_i/A (sky130_fd_sc_hd__clkbuf_16)
     1    0.135215    0.227499    0.354664   30.500040 ^ clkbuf_1_1__f_wb_clk_i/X (sky130_fd_sc_hd__clkbuf_16)
                                                         clknet_1_1__leaf_wb_clk_i (net)
                      0.228965    0.014062   30.514103 ^ i_sram/CLKin (CF_SRAM_1024x32)
                                 -0.100000   30.414104   clock uncertainty
                                  0.000000   30.414104   clock reconvergence pessimism
                                 -0.697357   29.716747   library setup time
                                             29.716747   data required time
---------------------------------------------------------------------------------------------
                                             29.716747   data required time
                                            -14.865436   data arrival time
---------------------------------------------------------------------------------------------
                                             14.851312   slack (MET)


Startpoint: wbs_dat_i[19] (input port clocked by clk)
Endpoint: i_sram (rising edge-triggered flip-flop clocked by clk)
Path Group: clk
Path Type: max

Fanout         Cap        Slew       Delay        Time   Description
---------------------------------------------------------------------------------------------
                                  0.000000    0.000000   clock clk (rise edge)
                                  5.570000    5.570000   clock network delay (propagated)
                                  4.610000   10.180000 v input external delay
     1    0.003029    0.840000    0.000000   10.180000 v wbs_dat_i[19] (in)
                                                         wbs_dat_i[19] (net)
                      0.840082    0.000043   10.180043 v hold111/A (sky130_fd_sc_hd__dlygate4sd3_1)
     1    0.002138    0.101060    1.538237   11.718280 v hold111/X (sky130_fd_sc_hd__dlygate4sd3_1)
                                                         net209 (net)
                      0.101060    0.000064   11.718344 v hold45/A (sky130_fd_sc_hd__dlygate4sd3_1)
     1    0.002371    0.102360    1.187237   12.905581 v hold45/X (sky130_fd_sc_hd__dlygate4sd3_1)
                                                         net143 (net)
                      0.102360    0.000069   12.905650 v input23/A (sky130_fd_sc_hd__clkbuf_4)
     1    0.036431    0.145763    0.361304   13.266954 v input23/X (sky130_fd_sc_hd__clkbuf_4)
                                                         net23 (net)
                      0.145965    0.005085   13.272039 v hold46/A (sky130_fd_sc_hd__dlygate4sd3_1)
     1    0.043177    0.437241    1.589494   14.861533 v hold46/X (sky130_fd_sc_hd__dlygate4sd3_1)
                                                         net144 (net)
                      0.437320    0.006163   14.867696 v i_sram/DI[19] (CF_SRAM_1024x32)
                                             14.867696   data arrival time

                                 25.000000   25.000000   clock clk (rise edge)
                                  4.650000   29.650000   clock source latency
     1    0.053413    0.610000    0.000000   29.650000 ^ wb_clk_i (in)
                                                         wb_clk_i (net)
                      0.627638    0.008379   29.658379 ^ clkbuf_0_wb_clk_i/A (sky130_fd_sc_hd__clkbuf_16)
     2    0.064406    0.132392    0.485183   30.143562 ^ clkbuf_0_wb_clk_i/X (sky130_fd_sc_hd__clkbuf_16)
                                                         clknet_0_wb_clk_i (net)
                      0.132435    0.001815   30.145376 ^ clkbuf_1_1__f_wb_clk_i/A (sky130_fd_sc_hd__clkbuf_16)
     1    0.135215    0.227499    0.354664   30.500040 ^ clkbuf_1_1__f_wb_clk_i/X (sky130_fd_sc_hd__clkbuf_16)
                                                         clknet_1_1__leaf_wb_clk_i (net)
                      0.228965    0.014062   30.514103 ^ i_sram/CLKin (CF_SRAM_1024x32)
                                 -0.100000   30.414104   clock uncertainty
                                  0.000000   30.414104   clock reconvergence pessimism
                                 -0.694637   29.719467   library setup time
                                             29.719467   data required time
---------------------------------------------------------------------------------------------
                                             29.719467   data required time
                                            -14.867696   data arrival time
---------------------------------------------------------------------------------------------
                                             14.851771   slack (MET)


Startpoint: wbs_dat_i[26] (input port clocked by clk)
Endpoint: i_sram (rising edge-triggered flip-flop clocked by clk)
Path Group: clk
Path Type: max

Fanout         Cap        Slew       Delay        Time   Description
---------------------------------------------------------------------------------------------
                                  0.000000    0.000000   clock clk (rise edge)
                                  5.570000    5.570000   clock network delay (propagated)
                                  4.610000   10.180000 v input external delay
     1    0.003066    0.840000    0.000000   10.180000 v wbs_dat_i[26] (in)
                                                         wbs_dat_i[26] (net)
                      0.840086    0.000045   10.180045 v hold124/A (sky130_fd_sc_hd__dlygate4sd3_1)
     1    0.002044    0.100215    1.536591   11.716637 v hold124/X (sky130_fd_sc_hd__dlygate4sd3_1)
                                                         net222 (net)
                      0.100215    0.000060   11.716697 v hold75/A (sky130_fd_sc_hd__dlygate4sd3_1)
     1    0.002974    0.107071    1.197521   12.914218 v hold75/X (sky130_fd_sc_hd__dlygate4sd3_1)
                                                         net173 (net)
                      0.107071    0.000093   12.914310 v input31/A (sky130_fd_sc_hd__clkbuf_4)
     1    0.031945    0.132252    0.351475   13.265786 v input31/X (sky130_fd_sc_hd__clkbuf_4)
                                                         net31 (net)
                      0.132477    0.005092   13.270878 v hold76/A (sky130_fd_sc_hd__dlygate4sd3_1)
     1    0.043429    0.438108    1.584255   14.855133 v hold76/X (sky130_fd_sc_hd__dlygate4sd3_1)
                                                         net174 (net)
                      0.438218    0.007129   14.862261 v i_sram/DI[26] (CF_SRAM_1024x32)
                                             14.862261   data arrival time

                                 25.000000   25.000000   clock clk (rise edge)
                                  4.650000   29.650000   clock source latency
     1    0.053413    0.610000    0.000000   29.650000 ^ wb_clk_i (in)
                                                         wb_clk_i (net)
                      0.627638    0.008379   29.658379 ^ clkbuf_0_wb_clk_i/A (sky130_fd_sc_hd__clkbuf_16)
     2    0.064406    0.132392    0.485183   30.143562 ^ clkbuf_0_wb_clk_i/X (sky130_fd_sc_hd__clkbuf_16)
                                                         clknet_0_wb_clk_i (net)
                      0.132435    0.001815   30.145376 ^ clkbuf_1_1__f_wb_clk_i/A (sky130_fd_sc_hd__clkbuf_16)
     1    0.135215    0.227499    0.354664   30.500040 ^ clkbuf_1_1__f_wb_clk_i/X (sky130_fd_sc_hd__clkbuf_16)
                                                         clknet_1_1__leaf_wb_clk_i (net)
                      0.228965    0.014062   30.514103 ^ i_sram/CLKin (CF_SRAM_1024x32)
                                 -0.100000   30.414104   clock uncertainty
                                  0.000000   30.414104   clock reconvergence pessimism
                                 -0.694940   29.719164   library setup time
                                             29.719164   data required time
---------------------------------------------------------------------------------------------
                                             29.719164   data required time
                                            -14.862261   data arrival time
---------------------------------------------------------------------------------------------
                                             14.856902   slack (MET)


Startpoint: wbs_dat_i[18] (input port clocked by clk)
Endpoint: i_sram (rising edge-triggered flip-flop clocked by clk)
Path Group: clk
Path Type: max

Fanout         Cap        Slew       Delay        Time   Description
---------------------------------------------------------------------------------------------
                                  0.000000    0.000000   clock clk (rise edge)
                                  5.570000    5.570000   clock network delay (propagated)
                                  4.610000   10.180000 v input external delay
     1    0.003552    0.840000    0.000000   10.180000 v wbs_dat_i[18] (in)
                                                         wbs_dat_i[18] (net)
                      0.840095    0.000050   10.180050 v hold107/A (sky130_fd_sc_hd__dlygate4sd3_1)
     1    0.002618    0.104810    1.546710   11.726760 v hold107/X (sky130_fd_sc_hd__dlygate4sd3_1)
                                                         net205 (net)
                      0.104810    0.000083   11.726843 v hold39/A (sky130_fd_sc_hd__dlygate4sd3_1)
     1    0.002221    0.101002    1.186489   12.913332 v hold39/X (sky130_fd_sc_hd__dlygate4sd3_1)
                                                         net137 (net)
                      0.101002    0.000044   12.913377 v input22/A (sky130_fd_sc_hd__clkbuf_4)
     1    0.037252    0.148369    0.362543   13.275919 v input22/X (sky130_fd_sc_hd__clkbuf_4)
                                                         net22 (net)
                      0.148607    0.005536   13.281455 v hold40/A (sky130_fd_sc_hd__dlygate4sd3_1)
     1    0.040824    0.417636    1.575373   14.856828 v hold40/X (sky130_fd_sc_hd__dlygate4sd3_1)
                                                         net138 (net)
                      0.417708    0.005795   14.862623 v i_sram/DI[18] (CF_SRAM_1024x32)
                                             14.862623   data arrival time

                                 25.000000   25.000000   clock clk (rise edge)
                                  4.650000   29.650000   clock source latency
     1    0.053413    0.610000    0.000000   29.650000 ^ wb_clk_i (in)
                                                         wb_clk_i (net)
                      0.627638    0.008379   29.658379 ^ clkbuf_0_wb_clk_i/A (sky130_fd_sc_hd__clkbuf_16)
     2    0.064406    0.132392    0.485183   30.143562 ^ clkbuf_0_wb_clk_i/X (sky130_fd_sc_hd__clkbuf_16)
                                                         clknet_0_wb_clk_i (net)
                      0.132435    0.001815   30.145376 ^ clkbuf_1_1__f_wb_clk_i/A (sky130_fd_sc_hd__clkbuf_16)
     1    0.135215    0.227499    0.354664   30.500040 ^ clkbuf_1_1__f_wb_clk_i/X (sky130_fd_sc_hd__clkbuf_16)
                                                         clknet_1_1__leaf_wb_clk_i (net)
                      0.228965    0.014062   30.514103 ^ i_sram/CLKin (CF_SRAM_1024x32)
                                 -0.100000   30.414104   clock uncertainty
                                  0.000000   30.414104   clock reconvergence pessimism
                                 -0.688018   29.726086   library setup time
                                             29.726086   data required time
---------------------------------------------------------------------------------------------
                                             29.726086   data required time
                                            -14.862623   data arrival time
---------------------------------------------------------------------------------------------
                                             14.863462   slack (MET)


Startpoint: wbs_dat_i[17] (input port clocked by clk)
Endpoint: i_sram (rising edge-triggered flip-flop clocked by clk)
Path Group: clk
Path Type: max

Fanout         Cap        Slew       Delay        Time   Description
---------------------------------------------------------------------------------------------
                                  0.000000    0.000000   clock clk (rise edge)
                                  5.570000    5.570000   clock network delay (propagated)
                                  4.610000   10.180000 v input external delay
     1    0.003804    0.840000    0.000000   10.180000 v wbs_dat_i[17] (in)
                                                         wbs_dat_i[17] (net)
                      0.840123    0.000065   10.180065 v hold110/A (sky130_fd_sc_hd__dlygate4sd3_1)
     1    0.002635    0.104934    1.547035   11.727099 v hold110/X (sky130_fd_sc_hd__dlygate4sd3_1)
                                                         net208 (net)
                      0.104934    0.000083   11.727182 v hold43/A (sky130_fd_sc_hd__dlygate4sd3_1)
     1    0.002196    0.100759    1.186103   12.913285 v hold43/X (sky130_fd_sc_hd__dlygate4sd3_1)
                                                         net141 (net)
                      0.100759    0.000044   12.913329 v input21/A (sky130_fd_sc_hd__clkbuf_4)
     1    0.036895    0.147228    0.361565   13.274895 v input21/X (sky130_fd_sc_hd__clkbuf_4)
                                                         net21 (net)
                      0.147464    0.005498   13.280393 v hold44/A (sky130_fd_sc_hd__dlygate4sd3_1)
     1    0.040587    0.415676    1.573234   14.853626 v hold44/X (sky130_fd_sc_hd__dlygate4sd3_1)
                                                         net142 (net)
                      0.415745    0.005664   14.859290 v i_sram/DI[17] (CF_SRAM_1024x32)
                                             14.859290   data arrival time

                                 25.000000   25.000000   clock clk (rise edge)
                                  4.650000   29.650000   clock source latency
     1    0.053413    0.610000    0.000000   29.650000 ^ wb_clk_i (in)
                                                         wb_clk_i (net)
                      0.627638    0.008379   29.658379 ^ clkbuf_0_wb_clk_i/A (sky130_fd_sc_hd__clkbuf_16)
     2    0.064406    0.132392    0.485183   30.143562 ^ clkbuf_0_wb_clk_i/X (sky130_fd_sc_hd__clkbuf_16)
                                                         clknet_0_wb_clk_i (net)
                      0.132435    0.001815   30.145376 ^ clkbuf_1_1__f_wb_clk_i/A (sky130_fd_sc_hd__clkbuf_16)
     1    0.135215    0.227499    0.354664   30.500040 ^ clkbuf_1_1__f_wb_clk_i/X (sky130_fd_sc_hd__clkbuf_16)
                                                         clknet_1_1__leaf_wb_clk_i (net)
                      0.228965    0.014062   30.514103 ^ i_sram/CLKin (CF_SRAM_1024x32)
                                 -0.100000   30.414104   clock uncertainty
                                  0.000000   30.414104   clock reconvergence pessimism
                                 -0.687356   29.726748   library setup time
                                             29.726748   data required time
---------------------------------------------------------------------------------------------
                                             29.726748   data required time
                                            -14.859290   data arrival time
---------------------------------------------------------------------------------------------
                                             14.867458   slack (MET)


Startpoint: wbs_dat_i[28] (input port clocked by clk)
Endpoint: i_sram (rising edge-triggered flip-flop clocked by clk)
Path Group: clk
Path Type: max

Fanout         Cap        Slew       Delay        Time   Description
---------------------------------------------------------------------------------------------
                                  0.000000    0.000000   clock clk (rise edge)
                                  5.570000    5.570000   clock network delay (propagated)
                                  4.610000   10.180000 v input external delay
     1    0.002142    0.840000    0.000000   10.180000 v wbs_dat_i[28] (in)
                                                         wbs_dat_i[28] (net)
                      0.840048    0.000026   10.180026 v hold123/A (sky130_fd_sc_hd__dlygate4sd3_1)
     1    0.003036    0.107976    1.554070   11.734096 v hold123/X (sky130_fd_sc_hd__dlygate4sd3_1)
                                                         net221 (net)
                      0.107976    0.000102   11.734198 v hold11/A (sky130_fd_sc_hd__dlygate4sd3_1)
     1    0.003064    0.107925    1.203086   12.937284 v hold11/X (sky130_fd_sc_hd__dlygate4sd3_1)
                                                         net109 (net)
                      0.107925    0.000094   12.937379 v input33/A (sky130_fd_sc_hd__buf_4)
     1    0.030242    0.095756    0.329738   13.267117 v input33/X (sky130_fd_sc_hd__buf_4)
                                                         net33 (net)
                      0.096068    0.004931   13.272048 v hold12/A (sky130_fd_sc_hd__dlygate4sd3_1)
     1    0.043149    0.437043    1.564065   14.836112 v hold12/X (sky130_fd_sc_hd__dlygate4sd3_1)
                                                         net110 (net)
                      0.437147    0.006925   14.843038 v i_sram/DI[28] (CF_SRAM_1024x32)
                                             14.843038   data arrival time

                                 25.000000   25.000000   clock clk (rise edge)
                                  4.650000   29.650000   clock source latency
     1    0.053413    0.610000    0.000000   29.650000 ^ wb_clk_i (in)
                                                         wb_clk_i (net)
                      0.627638    0.008379   29.658379 ^ clkbuf_0_wb_clk_i/A (sky130_fd_sc_hd__clkbuf_16)
     2    0.064406    0.132392    0.485183   30.143562 ^ clkbuf_0_wb_clk_i/X (sky130_fd_sc_hd__clkbuf_16)
                                                         clknet_0_wb_clk_i (net)
                      0.132435    0.001815   30.145376 ^ clkbuf_1_1__f_wb_clk_i/A (sky130_fd_sc_hd__clkbuf_16)
     1    0.135215    0.227499    0.354664   30.500040 ^ clkbuf_1_1__f_wb_clk_i/X (sky130_fd_sc_hd__clkbuf_16)
                                                         clknet_1_1__leaf_wb_clk_i (net)
                      0.228965    0.014062   30.514103 ^ i_sram/CLKin (CF_SRAM_1024x32)
                                 -0.100000   30.414104   clock uncertainty
                                  0.000000   30.414104   clock reconvergence pessimism
                                 -0.694579   29.719526   library setup time
                                             29.719526   data required time
---------------------------------------------------------------------------------------------
                                             29.719526   data required time
                                            -14.843038   data arrival time
---------------------------------------------------------------------------------------------
                                             14.876488   slack (MET)


Startpoint: wbs_dat_i[11] (input port clocked by clk)
Endpoint: i_sram (rising edge-triggered flip-flop clocked by clk)
Path Group: clk
Path Type: max

Fanout         Cap        Slew       Delay        Time   Description
---------------------------------------------------------------------------------------------
                                  0.000000    0.000000   clock clk (rise edge)
                                  5.570000    5.570000   clock network delay (propagated)
                                  4.610000   10.180000 v input external delay
     1    0.004631    0.840000    0.000000   10.180000 v wbs_dat_i[11] (in)
                                                         wbs_dat_i[11] (net)
                      0.840174    0.000091   10.180092 v hold101/A (sky130_fd_sc_hd__dlygate4sd3_1)
     1    0.003674    0.114268    1.565382   11.745473 v hold101/X (sky130_fd_sc_hd__dlygate4sd3_1)
                                                         net199 (net)
                      0.114268    0.000116   11.745589 v hold35/A (sky130_fd_sc_hd__dlygate4sd3_1)
     1    0.002286    0.101657    1.192483   12.938072 v hold35/X (sky130_fd_sc_hd__dlygate4sd3_1)
                                                         net133 (net)
                      0.101657    0.000048   12.938120 v input15/A (sky130_fd_sc_hd__buf_2)
     1    0.013163    0.085394    0.301459   13.239579 v input15/X (sky130_fd_sc_hd__buf_2)
                                                         net15 (net)
                      0.085397    0.000679   13.240258 v hold36/A (sky130_fd_sc_hd__dlygate4sd3_1)
     1    0.046166    0.461829    1.579753   14.820011 v hold36/X (sky130_fd_sc_hd__dlygate4sd3_1)
                                                         net134 (net)
                      0.461889    0.005691   14.825703 v i_sram/DI[11] (CF_SRAM_1024x32)
                                             14.825703   data arrival time

                                 25.000000   25.000000   clock clk (rise edge)
                                  4.650000   29.650000   clock source latency
     1    0.053413    0.610000    0.000000   29.650000 ^ wb_clk_i (in)
                                                         wb_clk_i (net)
                      0.627638    0.008379   29.658379 ^ clkbuf_0_wb_clk_i/A (sky130_fd_sc_hd__clkbuf_16)
     2    0.064406    0.132392    0.485183   30.143562 ^ clkbuf_0_wb_clk_i/X (sky130_fd_sc_hd__clkbuf_16)
                                                         clknet_0_wb_clk_i (net)
                      0.132435    0.001815   30.145376 ^ clkbuf_1_1__f_wb_clk_i/A (sky130_fd_sc_hd__clkbuf_16)
     1    0.135215    0.227499    0.354664   30.500040 ^ clkbuf_1_1__f_wb_clk_i/X (sky130_fd_sc_hd__clkbuf_16)
                                                         clknet_1_1__leaf_wb_clk_i (net)
                      0.228965    0.014062   30.514103 ^ i_sram/CLKin (CF_SRAM_1024x32)
                                 -0.100000   30.414104   clock uncertainty
                                  0.000000   30.414104   clock reconvergence pessimism
                                 -0.702929   29.711174   library setup time
                                             29.711174   data required time
---------------------------------------------------------------------------------------------
                                             29.711174   data required time
                                            -14.825703   data arrival time
---------------------------------------------------------------------------------------------
                                             14.885472   slack (MET)


Startpoint: wbs_dat_i[10] (input port clocked by clk)
Endpoint: i_sram (rising edge-triggered flip-flop clocked by clk)
Path Group: clk
Path Type: max

Fanout         Cap        Slew       Delay        Time   Description
---------------------------------------------------------------------------------------------
                                  0.000000    0.000000   clock clk (rise edge)
                                  5.570000    5.570000   clock network delay (propagated)
                                  4.610000   10.180000 v input external delay
     1    0.003785    0.840000    0.000000   10.180000 v wbs_dat_i[10] (in)
                                                         wbs_dat_i[10] (net)
                      0.840111    0.000059   10.180058 v hold102/A (sky130_fd_sc_hd__dlygate4sd3_1)
     1    0.001802    0.098016    1.532322   11.712380 v hold102/X (sky130_fd_sc_hd__dlygate4sd3_1)
                                                         net200 (net)
                      0.098016    0.000053   11.712434 v hold5/A (sky130_fd_sc_hd__dlygate4sd3_1)
     1    0.002671    0.104538    1.190999   12.903434 v hold5/X (sky130_fd_sc_hd__dlygate4sd3_1)
                                                         net103 (net)
                      0.104538    0.000083   12.903516 v input14/A (sky130_fd_sc_hd__clkbuf_4)
     1    0.014903    0.080507    0.300527   13.204042 v input14/X (sky130_fd_sc_hd__clkbuf_4)
                                                         net14 (net)
                      0.080511    0.000700   13.204742 v hold6/A (sky130_fd_sc_hd__dlygate4sd3_1)
     1    0.049560    0.490095    1.599846   14.804588 v hold6/X (sky130_fd_sc_hd__dlygate4sd3_1)
                                                         net104 (net)
                      0.490177    0.006671   14.811259 v i_sram/DI[10] (CF_SRAM_1024x32)
                                             14.811259   data arrival time

                                 25.000000   25.000000   clock clk (rise edge)
                                  4.650000   29.650000   clock source latency
     1    0.053413    0.610000    0.000000   29.650000 ^ wb_clk_i (in)
                                                         wb_clk_i (net)
                      0.627638    0.008379   29.658379 ^ clkbuf_0_wb_clk_i/A (sky130_fd_sc_hd__clkbuf_16)
     2    0.064406    0.132392    0.485183   30.143562 ^ clkbuf_0_wb_clk_i/X (sky130_fd_sc_hd__clkbuf_16)
                                                         clknet_0_wb_clk_i (net)
                      0.132435    0.001815   30.145376 ^ clkbuf_1_1__f_wb_clk_i/A (sky130_fd_sc_hd__clkbuf_16)
     1    0.135215    0.227499    0.354664   30.500040 ^ clkbuf_1_1__f_wb_clk_i/X (sky130_fd_sc_hd__clkbuf_16)
                                                         clknet_1_1__leaf_wb_clk_i (net)
                      0.228965    0.014062   30.514103 ^ i_sram/CLKin (CF_SRAM_1024x32)
                                 -0.100000   30.414104   clock uncertainty
                                  0.000000   30.414104   clock reconvergence pessimism
                                 -0.712477   29.701628   library setup time
                                             29.701628   data required time
---------------------------------------------------------------------------------------------
                                             29.701628   data required time
                                            -14.811259   data arrival time
---------------------------------------------------------------------------------------------
                                             14.890368   slack (MET)


Startpoint: wbs_we_i (input port clocked by clk)
Endpoint: wbs_dat_o[28] (output port clocked by clk)
Path Group: clk
Path Type: max

Fanout         Cap        Slew       Delay        Time   Description
---------------------------------------------------------------------------------------------
                                  0.000000    0.000000   clock clk (rise edge)
                                  5.570000    5.570000   clock network delay (propagated)
                                  3.740000    9.310000 v input external delay
     1    0.003673    0.140000    0.000000    9.310000 v wbs_we_i (in)
                                                         wbs_we_i (net)
                      0.140117    0.000061    9.310061 v input50/A (sky130_fd_sc_hd__buf_2)
     5    0.054301    0.245951    0.460581    9.770642 v input50/X (sky130_fd_sc_hd__buf_2)
                                                         net50 (net)
                      0.246219    0.007618    9.778260 v _35_/A_N (sky130_fd_sc_hd__and4b_1)
     1    0.014499    0.257856    0.760817   10.539078 ^ _35_/X (sky130_fd_sc_hd__and4b_1)
                                                         net72 (net)
                      0.257856    0.000724   10.539802 ^ output72/A (sky130_fd_sc_hd__buf_12)
     1    0.193085    0.345215    0.490234   11.030035 ^ output72/X (sky130_fd_sc_hd__buf_12)
                                                         wbs_dat_o[28] (net)
                      0.345462    0.006240   11.036275 ^ wbs_dat_o[28] (out)
                                             11.036275   data arrival time

                                 25.000000   25.000000   clock clk (rise edge)
                                  4.650000   29.650000   clock network delay (propagated)
                                 -0.100000   29.549999   clock uncertainty
                                  0.000000   29.549999   clock reconvergence pessimism
                                 -3.620000   25.929998   output external delay
                                             25.929998   data required time
---------------------------------------------------------------------------------------------
                                             25.929998   data required time
                                            -11.036275   data arrival time
---------------------------------------------------------------------------------------------
                                             14.893723   slack (MET)


Startpoint: wbs_dat_i[9] (input port clocked by clk)
Endpoint: i_sram (rising edge-triggered flip-flop clocked by clk)
Path Group: clk
Path Type: max

Fanout         Cap        Slew       Delay        Time   Description
---------------------------------------------------------------------------------------------
                                  0.000000    0.000000   clock clk (rise edge)
                                  5.570000    5.570000   clock network delay (propagated)
                                  4.610000   10.180000 v input external delay
     1    0.003622    0.840000    0.000000   10.180000 v wbs_dat_i[9] (in)
                                                         wbs_dat_i[9] (net)
                      0.840111    0.000059   10.180058 v hold103/A (sky130_fd_sc_hd__dlygate4sd3_1)
     1    0.002181    0.101452    1.539015   11.719074 v hold103/X (sky130_fd_sc_hd__dlygate4sd3_1)
                                                         net201 (net)
                      0.101452    0.000066   11.719140 v hold13/A (sky130_fd_sc_hd__dlygate4sd3_1)
     1    0.002692    0.104724    1.193140   12.912280 v hold13/X (sky130_fd_sc_hd__dlygate4sd3_1)
                                                         net111 (net)
                      0.104724    0.000083   12.912362 v input44/A (sky130_fd_sc_hd__clkbuf_4)
     1    0.015943    0.084020    0.303938   13.216300 v input44/X (sky130_fd_sc_hd__clkbuf_4)
                                                         net44 (net)
                      0.084033    0.001116   13.217416 v hold14/A (sky130_fd_sc_hd__dlygate4sd3_1)
     1    0.047584    0.473473    1.589002   14.806417 v hold14/X (sky130_fd_sc_hd__dlygate4sd3_1)
                                                         net112 (net)
                      0.473516    0.005061   14.811479 v i_sram/DI[9] (CF_SRAM_1024x32)
                                             14.811479   data arrival time

                                 25.000000   25.000000   clock clk (rise edge)
                                  4.650000   29.650000   clock source latency
     1    0.053413    0.610000    0.000000   29.650000 ^ wb_clk_i (in)
                                                         wb_clk_i (net)
                      0.627638    0.008379   29.658379 ^ clkbuf_0_wb_clk_i/A (sky130_fd_sc_hd__clkbuf_16)
     2    0.064406    0.132392    0.485183   30.143562 ^ clkbuf_0_wb_clk_i/X (sky130_fd_sc_hd__clkbuf_16)
                                                         clknet_0_wb_clk_i (net)
                      0.132435    0.001815   30.145376 ^ clkbuf_1_1__f_wb_clk_i/A (sky130_fd_sc_hd__clkbuf_16)
     1    0.135215    0.227499    0.354664   30.500040 ^ clkbuf_1_1__f_wb_clk_i/X (sky130_fd_sc_hd__clkbuf_16)
                                                         clknet_1_1__leaf_wb_clk_i (net)
                      0.228965    0.014062   30.514103 ^ i_sram/CLKin (CF_SRAM_1024x32)
                                 -0.100000   30.414104   clock uncertainty
                                  0.000000   30.414104   clock reconvergence pessimism
                                 -0.706854   29.707251   library setup time
                                             29.707251   data required time
---------------------------------------------------------------------------------------------
                                             29.707251   data required time
                                            -14.811479   data arrival time
---------------------------------------------------------------------------------------------
                                             14.895772   slack (MET)


Startpoint: wbs_dat_i[8] (input port clocked by clk)
Endpoint: i_sram (rising edge-triggered flip-flop clocked by clk)
Path Group: clk
Path Type: max

Fanout         Cap        Slew       Delay        Time   Description
---------------------------------------------------------------------------------------------
                                  0.000000    0.000000   clock clk (rise edge)
                                  5.570000    5.570000   clock network delay (propagated)
                                  4.610000   10.180000 v input external delay
     1    0.003368    0.840000    0.000000   10.180000 v wbs_dat_i[8] (in)
                                                         wbs_dat_i[8] (net)
                      0.840102    0.000054   10.180055 v hold104/A (sky130_fd_sc_hd__dlygate4sd3_1)
     1    0.001611    0.096274    1.528964   11.709018 v hold104/X (sky130_fd_sc_hd__dlygate4sd3_1)
                                                         net202 (net)
                      0.096274    0.000032   11.709050 v hold23/A (sky130_fd_sc_hd__dlygate4sd3_1)
     1    0.002197    0.100748    1.181698   12.890748 v hold23/X (sky130_fd_sc_hd__dlygate4sd3_1)
                                                         net121 (net)
                      0.100748    0.000044   12.890793 v input43/A (sky130_fd_sc_hd__clkbuf_4)
     1    0.017580    0.089406    0.307595   13.198388 v input43/X (sky130_fd_sc_hd__clkbuf_4)
                                                         net43 (net)
                      0.089418    0.001127   13.199514 v hold24/A (sky130_fd_sc_hd__dlygate4sd3_1)
     1    0.048444    0.481013    1.596239   14.795753 v hold24/X (sky130_fd_sc_hd__dlygate4sd3_1)
                                                         net122 (net)
                      0.481121    0.007398   14.803151 v i_sram/DI[8] (CF_SRAM_1024x32)
                                             14.803151   data arrival time

                                 25.000000   25.000000   clock clk (rise edge)
                                  4.650000   29.650000   clock source latency
     1    0.053413    0.610000    0.000000   29.650000 ^ wb_clk_i (in)
                                                         wb_clk_i (net)
                      0.627638    0.008379   29.658379 ^ clkbuf_0_wb_clk_i/A (sky130_fd_sc_hd__clkbuf_16)
     2    0.064406    0.132392    0.485183   30.143562 ^ clkbuf_0_wb_clk_i/X (sky130_fd_sc_hd__clkbuf_16)
                                                         clknet_0_wb_clk_i (net)
                      0.132435    0.001815   30.145376 ^ clkbuf_1_1__f_wb_clk_i/A (sky130_fd_sc_hd__clkbuf_16)
     1    0.135215    0.227499    0.354664   30.500040 ^ clkbuf_1_1__f_wb_clk_i/X (sky130_fd_sc_hd__clkbuf_16)
                                                         clknet_1_1__leaf_wb_clk_i (net)
                      0.228965    0.014062   30.514103 ^ i_sram/CLKin (CF_SRAM_1024x32)
                                 -0.100000   30.414104   clock uncertainty
                                  0.000000   30.414104   clock reconvergence pessimism
                                 -0.709420   29.704683   library setup time
                                             29.704683   data required time
---------------------------------------------------------------------------------------------
                                             29.704683   data required time
                                            -14.803151   data arrival time
---------------------------------------------------------------------------------------------
                                             14.901533   slack (MET)


Startpoint: wbs_we_i (input port clocked by clk)
Endpoint: wbs_dat_o[30] (output port clocked by clk)
Path Group: clk
Path Type: max

Fanout         Cap        Slew       Delay        Time   Description
---------------------------------------------------------------------------------------------
                                  0.000000    0.000000   clock clk (rise edge)
                                  5.570000    5.570000   clock network delay (propagated)
                                  3.740000    9.310000 v input external delay
     1    0.003673    0.140000    0.000000    9.310000 v wbs_we_i (in)
                                                         wbs_we_i (net)
                      0.140117    0.000061    9.310061 v input50/A (sky130_fd_sc_hd__buf_2)
     5    0.054301    0.245951    0.460581    9.770642 v input50/X (sky130_fd_sc_hd__buf_2)
                                                         net50 (net)
                      0.246225    0.007699    9.778341 v _37_/A_N (sky130_fd_sc_hd__and4b_1)
     1    0.013180    0.239648    0.746005   10.524346 ^ _37_/X (sky130_fd_sc_hd__and4b_1)
                                                         net75 (net)
                      0.239648    0.000633   10.524980 ^ output75/A (sky130_fd_sc_hd__buf_12)
     1    0.191187    0.343260    0.482465   11.007444 ^ output75/X (sky130_fd_sc_hd__buf_12)
                                                         wbs_dat_o[30] (net)
                      0.343313    0.004443   11.011887 ^ wbs_dat_o[30] (out)
                                             11.011887   data arrival time

                                 25.000000   25.000000   clock clk (rise edge)
                                  4.650000   29.650000   clock network delay (propagated)
                                 -0.100000   29.549999   clock uncertainty
                                  0.000000   29.549999   clock reconvergence pessimism
                                 -3.620000   25.929998   output external delay
                                             25.929998   data required time
---------------------------------------------------------------------------------------------
                                             25.929998   data required time
                                            -11.011887   data arrival time
---------------------------------------------------------------------------------------------
                                             14.918112   slack (MET)


Startpoint: wbs_we_i (input port clocked by clk)
Endpoint: wbs_dat_o[29] (output port clocked by clk)
Path Group: clk
Path Type: max

Fanout         Cap        Slew       Delay        Time   Description
---------------------------------------------------------------------------------------------
                                  0.000000    0.000000   clock clk (rise edge)
                                  5.570000    5.570000   clock network delay (propagated)
                                  3.740000    9.310000 v input external delay
     1    0.003673    0.140000    0.000000    9.310000 v wbs_we_i (in)
                                                         wbs_we_i (net)
                      0.140117    0.000061    9.310061 v input50/A (sky130_fd_sc_hd__buf_2)
     5    0.054301    0.245951    0.460581    9.770642 v input50/X (sky130_fd_sc_hd__buf_2)
                                                         net50 (net)
                      0.246222    0.007656    9.778298 v _36_/A_N (sky130_fd_sc_hd__and4b_1)
     1    0.012822    0.235772    0.741371   10.519669 ^ _36_/X (sky130_fd_sc_hd__and4b_1)
                                                         net73 (net)
                      0.235772    0.000568   10.520237 ^ output73/A (sky130_fd_sc_hd__buf_12)
     1    0.192591    0.344348    0.482006   11.002243 ^ output73/X (sky130_fd_sc_hd__buf_12)
                                                         wbs_dat_o[29] (net)
                      0.344581    0.005953   11.008197 ^ wbs_dat_o[29] (out)
                                             11.008197   data arrival time

                                 25.000000   25.000000   clock clk (rise edge)
                                  4.650000   29.650000   clock network delay (propagated)
                                 -0.100000   29.549999   clock uncertainty
                                  0.000000   29.549999   clock reconvergence pessimism
                                 -3.620000   25.929998   output external delay
                                             25.929998   data required time
---------------------------------------------------------------------------------------------
                                             25.929998   data required time
                                            -11.008197   data arrival time
---------------------------------------------------------------------------------------------
                                             14.921803   slack (MET)


Startpoint: wbs_we_i (input port clocked by clk)
Endpoint: wbs_dat_o[31] (output port clocked by clk)
Path Group: clk
Path Type: max

Fanout         Cap        Slew       Delay        Time   Description
---------------------------------------------------------------------------------------------
                                  0.000000    0.000000   clock clk (rise edge)
                                  5.570000    5.570000   clock network delay (propagated)
                                  3.740000    9.310000 v input external delay
     1    0.003673    0.140000    0.000000    9.310000 v wbs_we_i (in)
                                                         wbs_we_i (net)
                      0.140117    0.000061    9.310061 v input50/A (sky130_fd_sc_hd__buf_2)
     5    0.054301    0.245951    0.460581    9.770642 v input50/X (sky130_fd_sc_hd__buf_2)
                                                         net50 (net)
                      0.246232    0.007789    9.778432 v _38_/A_N (sky130_fd_sc_hd__and4b_1)
     1    0.012072    0.229782    0.731289   10.509721 ^ _38_/X (sky130_fd_sc_hd__and4b_1)
                                                         net76 (net)
                      0.229782    0.000520   10.510241 ^ output76/A (sky130_fd_sc_hd__buf_12)
     1    0.190928    0.342782    0.478763   10.989004 ^ output76/X (sky130_fd_sc_hd__buf_12)
                                                         wbs_dat_o[31] (net)
                      0.342831    0.004286   10.993290 ^ wbs_dat_o[31] (out)
                                             10.993290   data arrival time

                                 25.000000   25.000000   clock clk (rise edge)
                                  4.650000   29.650000   clock network delay (propagated)
                                 -0.100000   29.549999   clock uncertainty
                                  0.000000   29.549999   clock reconvergence pessimism
                                 -3.620000   25.929998   output external delay
                                             25.929998   data required time
---------------------------------------------------------------------------------------------
                                             25.929998   data required time
                                            -10.993290   data arrival time
---------------------------------------------------------------------------------------------
                                             14.936708   slack (MET)


Startpoint: wbs_dat_i[12] (input port clocked by clk)
Endpoint: i_sram (rising edge-triggered flip-flop clocked by clk)
Path Group: clk
Path Type: max

Fanout         Cap        Slew       Delay        Time   Description
---------------------------------------------------------------------------------------------
                                  0.000000    0.000000   clock clk (rise edge)
                                  5.570000    5.570000   clock network delay (propagated)
                                  4.610000   10.180000 v input external delay
     1    0.004539    0.840000    0.000000   10.180000 v wbs_dat_i[12] (in)
                                                         wbs_dat_i[12] (net)
                      0.840167    0.000088   10.180088 v hold100/A (sky130_fd_sc_hd__dlygate4sd3_1)
     1    0.003492    0.112192    1.562172   11.742260 v hold100/X (sky130_fd_sc_hd__dlygate4sd3_1)
                                                         net198 (net)
                      0.112192    0.000110   11.742370 v hold27/A (sky130_fd_sc_hd__dlygate4sd3_1)
     1    0.001723    0.096188    1.181408   12.923778 v hold27/X (sky130_fd_sc_hd__dlygate4sd3_1)
                                                         net125 (net)
                      0.096188    0.000035   12.923813 v input16/A (sky130_fd_sc_hd__buf_2)
     1    0.012054    0.080748    0.293819   13.217631 v input16/X (sky130_fd_sc_hd__buf_2)
                                                         net16 (net)
                      0.080751    0.000655   13.218287 v hold28/A (sky130_fd_sc_hd__dlygate4sd3_1)
     1    0.040274    0.413083    1.537674   14.755960 v hold28/X (sky130_fd_sc_hd__dlygate4sd3_1)
                                                         net126 (net)
                      0.413130    0.004821   14.760781 v i_sram/DI[12] (CF_SRAM_1024x32)
                                             14.760781   data arrival time

                                 25.000000   25.000000   clock clk (rise edge)
                                  4.650000   29.650000   clock source latency
     1    0.053413    0.610000    0.000000   29.650000 ^ wb_clk_i (in)
                                                         wb_clk_i (net)
                      0.627638    0.008379   29.658379 ^ clkbuf_0_wb_clk_i/A (sky130_fd_sc_hd__clkbuf_16)
     2    0.064406    0.132392    0.485183   30.143562 ^ clkbuf_0_wb_clk_i/X (sky130_fd_sc_hd__clkbuf_16)
                                                         clknet_0_wb_clk_i (net)
                      0.132435    0.001815   30.145376 ^ clkbuf_1_1__f_wb_clk_i/A (sky130_fd_sc_hd__clkbuf_16)
     1    0.135215    0.227499    0.354664   30.500040 ^ clkbuf_1_1__f_wb_clk_i/X (sky130_fd_sc_hd__clkbuf_16)
                                                         clknet_1_1__leaf_wb_clk_i (net)
                      0.228965    0.014062   30.514103 ^ i_sram/CLKin (CF_SRAM_1024x32)
                                 -0.100000   30.414104   clock uncertainty
                                  0.000000   30.414104   clock reconvergence pessimism
                                 -0.686473   29.727631   library setup time
                                             29.727631   data required time
---------------------------------------------------------------------------------------------
                                             29.727631   data required time
                                            -14.760781   data arrival time
---------------------------------------------------------------------------------------------
                                             14.966849   slack (MET)


Startpoint: wbs_dat_i[14] (input port clocked by clk)
Endpoint: i_sram (rising edge-triggered flip-flop clocked by clk)
Path Group: clk
Path Type: max

Fanout         Cap        Slew       Delay        Time   Description
---------------------------------------------------------------------------------------------
                                  0.000000    0.000000   clock clk (rise edge)
                                  5.570000    5.570000   clock network delay (propagated)
                                  4.610000   10.180000 v input external delay
     1    0.002665    0.840000    0.000000   10.180000 v wbs_dat_i[14] (in)
                                                         wbs_dat_i[14] (net)
                      0.840068    0.000036   10.180036 v hold98/A (sky130_fd_sc_hd__dlygate4sd3_1)
     1    0.003612    0.113553    1.564244   11.744280 v hold98/X (sky130_fd_sc_hd__dlygate4sd3_1)
                                                         net196 (net)
                      0.113553    0.000123   11.744403 v hold17/A (sky130_fd_sc_hd__dlygate4sd3_1)
     1    0.003393    0.112644    1.211779   12.956182 v hold17/X (sky130_fd_sc_hd__dlygate4sd3_1)
                                                         net115 (net)
                      0.112644    0.000120   12.956303 v input18/A (sky130_fd_sc_hd__buf_2)
     1    0.011425    0.078124    0.299440   13.255743 v input18/X (sky130_fd_sc_hd__buf_2)
                                                         net18 (net)
                      0.078126    0.000590   13.256332 v hold18/A (sky130_fd_sc_hd__dlygate4sd3_1)
     1    0.034085    0.375394    1.488642   14.744974 v hold18/X (sky130_fd_sc_hd__dlygate4sd3_1)
                                                         net116 (net)
                      0.375399    0.001871   14.746845 v i_sram/DI[14] (CF_SRAM_1024x32)
                                             14.746845   data arrival time

                                 25.000000   25.000000   clock clk (rise edge)
                                  4.650000   29.650000   clock source latency
     1    0.053413    0.610000    0.000000   29.650000 ^ wb_clk_i (in)
                                                         wb_clk_i (net)
                      0.627638    0.008379   29.658379 ^ clkbuf_0_wb_clk_i/A (sky130_fd_sc_hd__clkbuf_16)
     2    0.064406    0.132392    0.485183   30.143562 ^ clkbuf_0_wb_clk_i/X (sky130_fd_sc_hd__clkbuf_16)
                                                         clknet_0_wb_clk_i (net)
                      0.132435    0.001815   30.145376 ^ clkbuf_1_1__f_wb_clk_i/A (sky130_fd_sc_hd__clkbuf_16)
     1    0.135215    0.227499    0.354664   30.500040 ^ clkbuf_1_1__f_wb_clk_i/X (sky130_fd_sc_hd__clkbuf_16)
                                                         clknet_1_1__leaf_wb_clk_i (net)
                      0.228965    0.014062   30.514103 ^ i_sram/CLKin (CF_SRAM_1024x32)
                                 -0.100000   30.414104   clock uncertainty
                                  0.000000   30.414104   clock reconvergence pessimism
                                 -0.673739   29.740366   library setup time
                                             29.740366   data required time
---------------------------------------------------------------------------------------------
                                             29.740366   data required time
                                            -14.746845   data arrival time
---------------------------------------------------------------------------------------------
                                             14.993522   slack (MET)


Startpoint: wbs_dat_i[13] (input port clocked by clk)
Endpoint: i_sram (rising edge-triggered flip-flop clocked by clk)
Path Group: clk
Path Type: max

Fanout         Cap        Slew       Delay        Time   Description
---------------------------------------------------------------------------------------------
                                  0.000000    0.000000   clock clk (rise edge)
                                  5.570000    5.570000   clock network delay (propagated)
                                  4.610000   10.180000 v input external delay
     1    0.002383    0.840000    0.000000   10.180000 v wbs_dat_i[13] (in)
                                                         wbs_dat_i[13] (net)
                      0.840057    0.000030   10.180031 v hold99/A (sky130_fd_sc_hd__dlygate4sd3_1)
     1    0.002196    0.101592    1.539267   11.719297 v hold99/X (sky130_fd_sc_hd__dlygate4sd3_1)
                                                         net197 (net)
                      0.101592    0.000067   11.719363 v hold21/A (sky130_fd_sc_hd__dlygate4sd3_1)
     1    0.001959    0.098465    1.180168   12.899531 v hold21/X (sky130_fd_sc_hd__dlygate4sd3_1)
                                                         net119 (net)
                      0.098465    0.000058   12.899590 v input17/A (sky130_fd_sc_hd__buf_2)
     1    0.011141    0.076944    0.291026   13.190616 v input17/X (sky130_fd_sc_hd__buf_2)
                                                         net17 (net)
                      0.076946    0.000577   13.191193 v hold22/A (sky130_fd_sc_hd__dlygate4sd3_1)
     1    0.038943    0.402023    1.527179   14.718371 v hold22/X (sky130_fd_sc_hd__dlygate4sd3_1)
                                                         net120 (net)
                      0.402051    0.003912   14.722283 v i_sram/DI[13] (CF_SRAM_1024x32)
                                             14.722283   data arrival time

                                 25.000000   25.000000   clock clk (rise edge)
                                  4.650000   29.650000   clock source latency
     1    0.053413    0.610000    0.000000   29.650000 ^ wb_clk_i (in)
                                                         wb_clk_i (net)
                      0.627638    0.008379   29.658379 ^ clkbuf_0_wb_clk_i/A (sky130_fd_sc_hd__clkbuf_16)
     2    0.064406    0.132392    0.485183   30.143562 ^ clkbuf_0_wb_clk_i/X (sky130_fd_sc_hd__clkbuf_16)
                                                         clknet_0_wb_clk_i (net)
                      0.132435    0.001815   30.145376 ^ clkbuf_1_1__f_wb_clk_i/A (sky130_fd_sc_hd__clkbuf_16)
     1    0.135215    0.227499    0.354664   30.500040 ^ clkbuf_1_1__f_wb_clk_i/X (sky130_fd_sc_hd__clkbuf_16)
                                                         clknet_1_1__leaf_wb_clk_i (net)
                      0.228965    0.014062   30.514103 ^ i_sram/CLKin (CF_SRAM_1024x32)
                                 -0.100000   30.414104   clock uncertainty
                                  0.000000   30.414104   clock reconvergence pessimism
                                 -0.682734   29.731371   library setup time
                                             29.731371   data required time
---------------------------------------------------------------------------------------------
                                             29.731371   data required time
                                            -14.722283   data arrival time
---------------------------------------------------------------------------------------------
                                             15.009086   slack (MET)


Startpoint: wbs_dat_i[15] (input port clocked by clk)
Endpoint: i_sram (rising edge-triggered flip-flop clocked by clk)
Path Group: clk
Path Type: max

Fanout         Cap        Slew       Delay        Time   Description
---------------------------------------------------------------------------------------------
                                  0.000000    0.000000   clock clk (rise edge)
                                  5.570000    5.570000   clock network delay (propagated)
                                  4.610000   10.180000 v input external delay
     1    0.003210    0.840000    0.000000   10.180000 v wbs_dat_i[15] (in)
                                                         wbs_dat_i[15] (net)
                      0.840094    0.000050   10.180050 v hold97/A (sky130_fd_sc_hd__dlygate4sd3_1)
     1    0.001837    0.098339    1.532944   11.712994 v hold97/X (sky130_fd_sc_hd__dlygate4sd3_1)
                                                         net195 (net)
                      0.098339    0.000053   11.713047 v hold1/A (sky130_fd_sc_hd__dlygate4sd3_1)
     1    0.001723    0.096185    1.174328   12.887375 v hold1/X (sky130_fd_sc_hd__dlygate4sd3_1)
                                                         net99 (net)
                      0.096185    0.000035   12.887410 v input19/A (sky130_fd_sc_hd__buf_2)
     1    0.011942    0.080248    0.293393   13.180802 v input19/X (sky130_fd_sc_hd__buf_2)
                                                         net19 (net)
                      0.080250    0.000576   13.181379 v hold2/A (sky130_fd_sc_hd__dlygate4sd3_1)
     1    0.032946    0.365831    1.479618   14.660997 v hold2/X (sky130_fd_sc_hd__dlygate4sd3_1)
                                                         net100 (net)
                      0.365845    0.002653   14.663651 v i_sram/DI[15] (CF_SRAM_1024x32)
                                             14.663651   data arrival time

                                 25.000000   25.000000   clock clk (rise edge)
                                  4.650000   29.650000   clock source latency
     1    0.053413    0.610000    0.000000   29.650000 ^ wb_clk_i (in)
                                                         wb_clk_i (net)
                      0.627638    0.008379   29.658379 ^ clkbuf_0_wb_clk_i/A (sky130_fd_sc_hd__clkbuf_16)
     2    0.064406    0.132392    0.485183   30.143562 ^ clkbuf_0_wb_clk_i/X (sky130_fd_sc_hd__clkbuf_16)
                                                         clknet_0_wb_clk_i (net)
                      0.132435    0.001815   30.145376 ^ clkbuf_1_1__f_wb_clk_i/A (sky130_fd_sc_hd__clkbuf_16)
     1    0.135215    0.227499    0.354664   30.500040 ^ clkbuf_1_1__f_wb_clk_i/X (sky130_fd_sc_hd__clkbuf_16)
                                                         clknet_1_1__leaf_wb_clk_i (net)
                      0.228965    0.014062   30.514103 ^ i_sram/CLKin (CF_SRAM_1024x32)
                                 -0.100000   30.414104   clock uncertainty
                                  0.000000   30.414104   clock reconvergence pessimism
                                 -0.670515   29.743589   library setup time
                                             29.743589   data required time
---------------------------------------------------------------------------------------------
                                             29.743589   data required time
                                            -14.663651   data arrival time
---------------------------------------------------------------------------------------------
                                             15.079940   slack (MET)


Startpoint: wbs_adr_i[2] (input port clocked by clk)
Endpoint: i_sram (rising edge-triggered flip-flop clocked by clk)
Path Group: clk
Path Type: max

Fanout         Cap        Slew       Delay        Time   Description
---------------------------------------------------------------------------------------------
                                  0.000000    0.000000   clock clk (rise edge)
                                  5.570000    5.570000   clock network delay (propagated)
                                  3.890000    9.460000 v input external delay
     1    0.007042    0.920000    0.000000    9.460000 v wbs_adr_i[2] (in)
                                                         wbs_adr_i[2] (net)
                      0.920293    0.000154    9.460154 v hold138/A (sky130_fd_sc_hd__dlygate4sd3_1)
     1    0.003464    0.111838    1.593342   11.053496 v hold138/X (sky130_fd_sc_hd__dlygate4sd3_1)
                                                         net236 (net)
                      0.111838    0.000126   11.053622 v hold81/A (sky130_fd_sc_hd__dlygate4sd3_1)
     1    0.003230    0.109497    1.208003   12.261625 v hold81/X (sky130_fd_sc_hd__dlygate4sd3_1)
                                                         net179 (net)
                      0.109497    0.000106   12.261730 v input4/A (sky130_fd_sc_hd__buf_4)
     3    0.063967    0.164234    0.386258   12.647988 v input4/X (sky130_fd_sc_hd__buf_4)
                                                         net4 (net)
                      0.165799    0.013162   12.661151 v hold82/A (sky130_fd_sc_hd__dlygate4sd3_1)
     1    0.044364    0.446772    1.608523   14.269674 v hold82/X (sky130_fd_sc_hd__dlygate4sd3_1)
                                                         net180 (net)
                      0.446820    0.005097   14.274771 v i_sram/AD[0] (CF_SRAM_1024x32)
                                             14.274771   data arrival time

                                 25.000000   25.000000   clock clk (rise edge)
                                  4.650000   29.650000   clock source latency
     1    0.053413    0.610000    0.000000   29.650000 ^ wb_clk_i (in)
                                                         wb_clk_i (net)
                      0.627638    0.008379   29.658379 ^ clkbuf_0_wb_clk_i/A (sky130_fd_sc_hd__clkbuf_16)
     2    0.064406    0.132392    0.485183   30.143562 ^ clkbuf_0_wb_clk_i/X (sky130_fd_sc_hd__clkbuf_16)
                                                         clknet_0_wb_clk_i (net)
                      0.132435    0.001815   30.145376 ^ clkbuf_1_1__f_wb_clk_i/A (sky130_fd_sc_hd__clkbuf_16)
     1    0.135215    0.227499    0.354664   30.500040 ^ clkbuf_1_1__f_wb_clk_i/X (sky130_fd_sc_hd__clkbuf_16)
                                                         clknet_1_1__leaf_wb_clk_i (net)
                      0.228965    0.014062   30.514103 ^ i_sram/CLKin (CF_SRAM_1024x32)
                                 -0.100000   30.414104   clock uncertainty
                                  0.000000   30.414104   clock reconvergence pessimism
                                 -0.502729   29.911373   library setup time
                                             29.911373   data required time
---------------------------------------------------------------------------------------------
                                             29.911373   data required time
                                            -14.274771   data arrival time
---------------------------------------------------------------------------------------------
                                             15.636601   slack (MET)


Startpoint: wbs_adr_i[4] (input port clocked by clk)
Endpoint: i_sram (rising edge-triggered flip-flop clocked by clk)
Path Group: clk
Path Type: max

Fanout         Cap        Slew       Delay        Time   Description
---------------------------------------------------------------------------------------------
                                  0.000000    0.000000   clock clk (rise edge)
                                  5.570000    5.570000   clock network delay (propagated)
                                  3.890000    9.460000 v input external delay
     1    0.002892    0.920000    0.000000    9.460000 v wbs_adr_i[4] (in)
                                                         wbs_adr_i[4] (net)
                      0.920078    0.000041    9.460041 v hold136/A (sky130_fd_sc_hd__dlygate4sd3_1)
     1    0.002751    0.105676    1.580702   11.040743 v hold136/X (sky130_fd_sc_hd__dlygate4sd3_1)
                                                         net234 (net)
                      0.105676    0.000082   11.040825 v hold79/A (sky130_fd_sc_hd__dlygate4sd3_1)
     1    0.004591    0.125869    1.227940   12.268765 v hold79/X (sky130_fd_sc_hd__dlygate4sd3_1)
                                                         net177 (net)
                      0.125869    0.000163   12.268929 v input6/A (sky130_fd_sc_hd__buf_4)
     2    0.058190    0.151374    0.386719   12.655647 v input6/X (sky130_fd_sc_hd__buf_4)
                                                         net6 (net)
                      0.152323    0.009639   12.665287 v hold80/A (sky130_fd_sc_hd__dlygate4sd3_1)
     1    0.044171    0.445347    1.599855   14.265142 v hold80/X (sky130_fd_sc_hd__dlygate4sd3_1)
                                                         net178 (net)
                      0.445407    0.005545   14.270687 v i_sram/AD[2] (CF_SRAM_1024x32)
                                             14.270687   data arrival time

                                 25.000000   25.000000   clock clk (rise edge)
                                  4.650000   29.650000   clock source latency
     1    0.053413    0.610000    0.000000   29.650000 ^ wb_clk_i (in)
                                                         wb_clk_i (net)
                      0.627638    0.008379   29.658379 ^ clkbuf_0_wb_clk_i/A (sky130_fd_sc_hd__clkbuf_16)
     2    0.064406    0.132392    0.485183   30.143562 ^ clkbuf_0_wb_clk_i/X (sky130_fd_sc_hd__clkbuf_16)
                                                         clknet_0_wb_clk_i (net)
                      0.132435    0.001815   30.145376 ^ clkbuf_1_1__f_wb_clk_i/A (sky130_fd_sc_hd__clkbuf_16)
     1    0.135215    0.227499    0.354664   30.500040 ^ clkbuf_1_1__f_wb_clk_i/X (sky130_fd_sc_hd__clkbuf_16)
                                                         clknet_1_1__leaf_wb_clk_i (net)
                      0.228965    0.014062   30.514103 ^ i_sram/CLKin (CF_SRAM_1024x32)
                                 -0.100000   30.414104   clock uncertainty
                                  0.000000   30.414104   clock reconvergence pessimism
                                 -0.502330   29.911776   library setup time
                                             29.911776   data required time
---------------------------------------------------------------------------------------------
                                             29.911776   data required time
                                            -14.270687   data arrival time
---------------------------------------------------------------------------------------------
                                             15.641088   slack (MET)


Startpoint: wbs_adr_i[5] (input port clocked by clk)
Endpoint: i_sram (rising edge-triggered flip-flop clocked by clk)
Path Group: clk
Path Type: max

Fanout         Cap        Slew       Delay        Time   Description
---------------------------------------------------------------------------------------------
                                  0.000000    0.000000   clock clk (rise edge)
                                  5.570000    5.570000   clock network delay (propagated)
                                  3.890000    9.460000 v input external delay
     1    0.006584    0.920000    0.000000    9.460000 v wbs_adr_i[5] (in)
                                                         wbs_adr_i[5] (net)
                      0.920372    0.000195    9.460196 v hold134/A (sky130_fd_sc_hd__dlygate4sd3_1)
     1    0.003299    0.110179    1.590476   11.050672 v hold134/X (sky130_fd_sc_hd__dlygate4sd3_1)
                                                         net232 (net)
                      0.110179    0.000106   11.050777 v hold71/A (sky130_fd_sc_hd__dlygate4sd3_1)
     1    0.005975    0.137586    1.246783   12.297561 v hold71/X (sky130_fd_sc_hd__dlygate4sd3_1)
                                                         net169 (net)
                      0.137586    0.000232   12.297792 v input7/A (sky130_fd_sc_hd__buf_4)
     1    0.049712    0.134097    0.378399   12.676191 v input7/X (sky130_fd_sc_hd__buf_4)
                                                         net7 (net)
                      0.134738    0.007292   12.683483 v hold72/A (sky130_fd_sc_hd__dlygate4sd3_1)
     1    0.042582    0.432158    1.580396   14.263880 v hold72/X (sky130_fd_sc_hd__dlygate4sd3_1)
                                                         net170 (net)
                      0.432206    0.004991   14.268870 v i_sram/AD[3] (CF_SRAM_1024x32)
                                             14.268870   data arrival time

                                 25.000000   25.000000   clock clk (rise edge)
                                  4.650000   29.650000   clock source latency
     1    0.053413    0.610000    0.000000   29.650000 ^ wb_clk_i (in)
                                                         wb_clk_i (net)
                      0.627638    0.008379   29.658379 ^ clkbuf_0_wb_clk_i/A (sky130_fd_sc_hd__clkbuf_16)
     2    0.064406    0.132392    0.485183   30.143562 ^ clkbuf_0_wb_clk_i/X (sky130_fd_sc_hd__clkbuf_16)
                                                         clknet_0_wb_clk_i (net)
                      0.132435    0.001815   30.145376 ^ clkbuf_1_1__f_wb_clk_i/A (sky130_fd_sc_hd__clkbuf_16)
     1    0.135215    0.227499    0.354664   30.500040 ^ clkbuf_1_1__f_wb_clk_i/X (sky130_fd_sc_hd__clkbuf_16)
                                                         clknet_1_1__leaf_wb_clk_i (net)
                      0.228965    0.014062   30.514103 ^ i_sram/CLKin (CF_SRAM_1024x32)
                                 -0.100000   30.414104   clock uncertainty
                                  0.000000   30.414104   clock reconvergence pessimism
                                 -0.498599   29.915506   library setup time
                                             29.915506   data required time
---------------------------------------------------------------------------------------------
                                             29.915506   data required time
                                            -14.268870   data arrival time
---------------------------------------------------------------------------------------------
                                             15.646635   slack (MET)


Startpoint: wbs_adr_i[3] (input port clocked by clk)
Endpoint: i_sram (rising edge-triggered flip-flop clocked by clk)
Path Group: clk
Path Type: max

Fanout         Cap        Slew       Delay        Time   Description
---------------------------------------------------------------------------------------------
                                  0.000000    0.000000   clock clk (rise edge)
                                  5.570000    5.570000   clock network delay (propagated)
                                  3.890000    9.460000 v input external delay
     1    0.004529    0.920000    0.000000    9.460000 v wbs_adr_i[3] (in)
                                                         wbs_adr_i[3] (net)
                      0.920161    0.000084    9.460085 v hold137/A (sky130_fd_sc_hd__dlygate4sd3_1)
     1    0.002837    0.106324    1.582252   11.042336 v hold137/X (sky130_fd_sc_hd__dlygate4sd3_1)
                                                         net235 (net)
                      0.106324    0.000087   11.042423 v hold83/A (sky130_fd_sc_hd__dlygate4sd3_1)
     1    0.003358    0.110724    1.207465   12.249888 v hold83/X (sky130_fd_sc_hd__dlygate4sd3_1)
                                                         net181 (net)
                      0.110724    0.000108   12.249997 v input5/A (sky130_fd_sc_hd__buf_4)
     1    0.058472    0.152121    0.379124   12.629121 v input5/X (sky130_fd_sc_hd__buf_4)
                                                         net5 (net)
                      0.153082    0.009767   12.638888 v hold84/A (sky130_fd_sc_hd__dlygate4sd3_1)
     1    0.045687    0.457932    1.610451   14.249340 v hold84/X (sky130_fd_sc_hd__dlygate4sd3_1)
                                                         net182 (net)
                      0.457994    0.005707   14.255048 v i_sram/AD[1] (CF_SRAM_1024x32)
                                             14.255048   data arrival time

                                 25.000000   25.000000   clock clk (rise edge)
                                  4.650000   29.650000   clock source latency
     1    0.053413    0.610000    0.000000   29.650000 ^ wb_clk_i (in)
                                                         wb_clk_i (net)
                      0.627638    0.008379   29.658379 ^ clkbuf_0_wb_clk_i/A (sky130_fd_sc_hd__clkbuf_16)
     2    0.064406    0.132392    0.485183   30.143562 ^ clkbuf_0_wb_clk_i/X (sky130_fd_sc_hd__clkbuf_16)
                                                         clknet_0_wb_clk_i (net)
                      0.132435    0.001815   30.145376 ^ clkbuf_1_1__f_wb_clk_i/A (sky130_fd_sc_hd__clkbuf_16)
     1    0.135215    0.227499    0.354664   30.500040 ^ clkbuf_1_1__f_wb_clk_i/X (sky130_fd_sc_hd__clkbuf_16)
                                                         clknet_1_1__leaf_wb_clk_i (net)
                      0.228965    0.014062   30.514103 ^ i_sram/CLKin (CF_SRAM_1024x32)
                                 -0.100000   30.414104   clock uncertainty
                                  0.000000   30.414104   clock reconvergence pessimism
                                 -0.505887   29.908215   library setup time
                                             29.908215   data required time
---------------------------------------------------------------------------------------------
                                             29.908215   data required time
                                            -14.255048   data arrival time
---------------------------------------------------------------------------------------------
                                             15.653168   slack (MET)


Startpoint: wbs_adr_i[6] (input port clocked by clk)
Endpoint: i_sram (rising edge-triggered flip-flop clocked by clk)
Path Group: clk
Path Type: max

Fanout         Cap        Slew       Delay        Time   Description
---------------------------------------------------------------------------------------------
                                  0.000000    0.000000   clock clk (rise edge)
                                  5.570000    5.570000   clock network delay (propagated)
                                  3.890000    9.460000 v input external delay
     1    0.003850    0.920000    0.000000    9.460000 v wbs_adr_i[6] (in)
                                                         wbs_adr_i[6] (net)
                      0.920118    0.000062    9.460062 v hold135/A (sky130_fd_sc_hd__dlygate4sd3_1)
     1    0.002041    0.100099    1.568176   11.028238 v hold135/X (sky130_fd_sc_hd__dlygate4sd3_1)
                                                         net233 (net)
                      0.100099    0.000060   11.028298 v hold77/A (sky130_fd_sc_hd__dlygate4sd3_1)
     1    0.003312    0.110221    1.203460   12.231758 v hold77/X (sky130_fd_sc_hd__dlygate4sd3_1)
                                                         net175 (net)
                      0.110221    0.000106   12.231864 v input8/A (sky130_fd_sc_hd__buf_4)
     1    0.057932    0.149900    0.381462   12.613326 v input8/X (sky130_fd_sc_hd__buf_4)
                                                         net8 (net)
                      0.149972    0.003225   12.616550 v hold78/A (sky130_fd_sc_hd__dlygate4sd3_1)
     1    0.046032    0.460782    1.611242   14.227793 v hold78/X (sky130_fd_sc_hd__dlygate4sd3_1)
                                                         net176 (net)
                      0.460842    0.005668   14.233461 v i_sram/AD[4] (CF_SRAM_1024x32)
                                             14.233461   data arrival time

                                 25.000000   25.000000   clock clk (rise edge)
                                  4.650000   29.650000   clock source latency
     1    0.053413    0.610000    0.000000   29.650000 ^ wb_clk_i (in)
                                                         wb_clk_i (net)
                      0.627638    0.008379   29.658379 ^ clkbuf_0_wb_clk_i/A (sky130_fd_sc_hd__clkbuf_16)
     2    0.064406    0.132392    0.485183   30.143562 ^ clkbuf_0_wb_clk_i/X (sky130_fd_sc_hd__clkbuf_16)
                                                         clknet_0_wb_clk_i (net)
                      0.132435    0.001815   30.145376 ^ clkbuf_1_1__f_wb_clk_i/A (sky130_fd_sc_hd__clkbuf_16)
     1    0.135215    0.227499    0.354664   30.500040 ^ clkbuf_1_1__f_wb_clk_i/X (sky130_fd_sc_hd__clkbuf_16)
                                                         clknet_1_1__leaf_wb_clk_i (net)
                      0.228965    0.014062   30.514103 ^ i_sram/CLKin (CF_SRAM_1024x32)
                                 -0.100000   30.414104   clock uncertainty
                                  0.000000   30.414104   clock reconvergence pessimism
                                 -0.506692   29.907412   library setup time
                                             29.907412   data required time
---------------------------------------------------------------------------------------------
                                             29.907412   data required time
                                            -14.233461   data arrival time
---------------------------------------------------------------------------------------------
                                             15.673951   slack (MET)


Startpoint: wbs_adr_i[10] (input port clocked by clk)
Endpoint: i_sram (rising edge-triggered flip-flop clocked by clk)
Path Group: clk
Path Type: max

Fanout         Cap        Slew       Delay        Time   Description
---------------------------------------------------------------------------------------------
                                  0.000000    0.000000   clock clk (rise edge)
                                  5.570000    5.570000   clock network delay (propagated)
                                  3.890000    9.460000 v input external delay
     1    0.004616    0.920000    0.000000    9.460000 v wbs_adr_i[10] (in)
                                                         wbs_adr_i[10] (net)
                      0.920220    0.000115    9.460115 v hold130/A (sky130_fd_sc_hd__dlygate4sd3_1)
     1    0.003811    0.115851    1.599447   11.059563 v hold130/X (sky130_fd_sc_hd__dlygate4sd3_1)
                                                         net228 (net)
                      0.115851    0.000142   11.059705 v hold53/A (sky130_fd_sc_hd__dlygate4sd3_1)
     1    0.002796    0.105641    1.202344   12.262049 v hold53/X (sky130_fd_sc_hd__dlygate4sd3_1)
                                                         net151 (net)
                      0.105641    0.000084   12.262133 v input2/A (sky130_fd_sc_hd__buf_4)
     1    0.045370    0.125406    0.355061   12.617194 v input2/X (sky130_fd_sc_hd__buf_4)
                                                         net2 (net)
                      0.125988    0.006628   12.623821 v hold54/A (sky130_fd_sc_hd__dlygate4sd3_1)
     1    0.045856    0.459350    1.597870   14.221692 v hold54/X (sky130_fd_sc_hd__dlygate4sd3_1)
                                                         net152 (net)
                      0.459410    0.005629   14.227321 v i_sram/AD[8] (CF_SRAM_1024x32)
                                             14.227321   data arrival time

                                 25.000000   25.000000   clock clk (rise edge)
                                  4.650000   29.650000   clock source latency
     1    0.053413    0.610000    0.000000   29.650000 ^ wb_clk_i (in)
                                                         wb_clk_i (net)
                      0.627638    0.008379   29.658379 ^ clkbuf_0_wb_clk_i/A (sky130_fd_sc_hd__clkbuf_16)
     2    0.064406    0.132392    0.485183   30.143562 ^ clkbuf_0_wb_clk_i/X (sky130_fd_sc_hd__clkbuf_16)
                                                         clknet_0_wb_clk_i (net)
                      0.132435    0.001815   30.145376 ^ clkbuf_1_1__f_wb_clk_i/A (sky130_fd_sc_hd__clkbuf_16)
     1    0.135215    0.227499    0.354664   30.500040 ^ clkbuf_1_1__f_wb_clk_i/X (sky130_fd_sc_hd__clkbuf_16)
                                                         clknet_1_1__leaf_wb_clk_i (net)
                      0.228965    0.014062   30.514103 ^ i_sram/CLKin (CF_SRAM_1024x32)
                                 -0.100000   30.414104   clock uncertainty
                                  0.000000   30.414104   clock reconvergence pessimism
                                 -0.506288   29.907818   library setup time
                                             29.907818   data required time
---------------------------------------------------------------------------------------------
                                             29.907818   data required time
                                            -14.227321   data arrival time
---------------------------------------------------------------------------------------------
                                             15.680495   slack (MET)


Startpoint: wbs_adr_i[8] (input port clocked by clk)
Endpoint: i_sram (rising edge-triggered flip-flop clocked by clk)
Path Group: clk
Path Type: max

Fanout         Cap        Slew       Delay        Time   Description
---------------------------------------------------------------------------------------------
                                  0.000000    0.000000   clock clk (rise edge)
                                  5.570000    5.570000   clock network delay (propagated)
                                  3.890000    9.460000 v input external delay
     1    0.002975    0.920000    0.000000    9.460000 v wbs_adr_i[8] (in)
                                                         wbs_adr_i[8] (net)
                      0.920083    0.000044    9.460044 v hold132/A (sky130_fd_sc_hd__dlygate4sd3_1)
     1    0.002754    0.105699    1.580755   11.040799 v hold132/X (sky130_fd_sc_hd__dlygate4sd3_1)
                                                         net230 (net)
                      0.105699    0.000083   11.040882 v hold67/A (sky130_fd_sc_hd__dlygate4sd3_1)
     1    0.002934    0.106752    1.199607   12.240489 v hold67/X (sky130_fd_sc_hd__dlygate4sd3_1)
                                                         net165 (net)
                      0.106752    0.000088   12.240577 v input10/A (sky130_fd_sc_hd__buf_4)
     1    0.052841    0.139514    0.371120   12.611697 v input10/X (sky130_fd_sc_hd__buf_4)
                                                         net10 (net)
                      0.139558    0.002550   12.614247 v hold68/A (sky130_fd_sc_hd__dlygate4sd3_1)
     1    0.044125    0.444960    1.593133   14.207379 v hold68/X (sky130_fd_sc_hd__dlygate4sd3_1)
                                                         net166 (net)
                      0.445018    0.005496   14.212875 v i_sram/AD[6] (CF_SRAM_1024x32)
                                             14.212875   data arrival time

                                 25.000000   25.000000   clock clk (rise edge)
                                  4.650000   29.650000   clock source latency
     1    0.053413    0.610000    0.000000   29.650000 ^ wb_clk_i (in)
                                                         wb_clk_i (net)
                      0.627638    0.008379   29.658379 ^ clkbuf_0_wb_clk_i/A (sky130_fd_sc_hd__clkbuf_16)
     2    0.064406    0.132392    0.485183   30.143562 ^ clkbuf_0_wb_clk_i/X (sky130_fd_sc_hd__clkbuf_16)
                                                         clknet_0_wb_clk_i (net)
                      0.132435    0.001815   30.145376 ^ clkbuf_1_1__f_wb_clk_i/A (sky130_fd_sc_hd__clkbuf_16)
     1    0.135215    0.227499    0.354664   30.500040 ^ clkbuf_1_1__f_wb_clk_i/X (sky130_fd_sc_hd__clkbuf_16)
                                                         clknet_1_1__leaf_wb_clk_i (net)
                      0.228965    0.014062   30.514103 ^ i_sram/CLKin (CF_SRAM_1024x32)
                                 -0.100000   30.414104   clock uncertainty
                                  0.000000   30.414104   clock reconvergence pessimism
                                 -0.502220   29.911886   library setup time
                                             29.911886   data required time
---------------------------------------------------------------------------------------------
                                             29.911886   data required time
                                            -14.212875   data arrival time
---------------------------------------------------------------------------------------------
                                             15.699009   slack (MET)


Startpoint: wbs_adr_i[7] (input port clocked by clk)
Endpoint: i_sram (rising edge-triggered flip-flop clocked by clk)
Path Group: clk
Path Type: max

Fanout         Cap        Slew       Delay        Time   Description
---------------------------------------------------------------------------------------------
                                  0.000000    0.000000   clock clk (rise edge)
                                  5.570000    5.570000   clock network delay (propagated)
                                  3.890000    9.460000 v input external delay
     1    0.002864    0.920000    0.000000    9.460000 v wbs_adr_i[7] (in)
                                                         wbs_adr_i[7] (net)
                      0.920078    0.000041    9.460041 v hold133/A (sky130_fd_sc_hd__dlygate4sd3_1)
     1    0.001901    0.098830    1.565692   11.025733 v hold133/X (sky130_fd_sc_hd__dlygate4sd3_1)
                                                         net231 (net)
                      0.098830    0.000056   11.025788 v hold69/A (sky130_fd_sc_hd__dlygate4sd3_1)
     1    0.002752    0.105191    1.192867   12.218656 v hold69/X (sky130_fd_sc_hd__dlygate4sd3_1)
                                                         net167 (net)
                      0.105191    0.000082   12.218738 v input9/A (sky130_fd_sc_hd__buf_4)
     1    0.054994    0.143952    0.373877   12.592614 v input9/X (sky130_fd_sc_hd__buf_4)
                                                         net9 (net)
                      0.144013    0.002938   12.595552 v hold70/A (sky130_fd_sc_hd__dlygate4sd3_1)
     1    0.042304    0.429841    1.583206   14.178758 v hold70/X (sky130_fd_sc_hd__dlygate4sd3_1)
                                                         net168 (net)
                      0.429895    0.005200   14.183958 v i_sram/AD[5] (CF_SRAM_1024x32)
                                             14.183958   data arrival time

                                 25.000000   25.000000   clock clk (rise edge)
                                  4.650000   29.650000   clock source latency
     1    0.053413    0.610000    0.000000   29.650000 ^ wb_clk_i (in)
                                                         wb_clk_i (net)
                      0.627638    0.008379   29.658379 ^ clkbuf_0_wb_clk_i/A (sky130_fd_sc_hd__clkbuf_16)
     2    0.064406    0.132392    0.485183   30.143562 ^ clkbuf_0_wb_clk_i/X (sky130_fd_sc_hd__clkbuf_16)
                                                         clknet_0_wb_clk_i (net)
                      0.132435    0.001815   30.145376 ^ clkbuf_1_1__f_wb_clk_i/A (sky130_fd_sc_hd__clkbuf_16)
     1    0.135215    0.227499    0.354664   30.500040 ^ clkbuf_1_1__f_wb_clk_i/X (sky130_fd_sc_hd__clkbuf_16)
                                                         clknet_1_1__leaf_wb_clk_i (net)
                      0.228965    0.014062   30.514103 ^ i_sram/CLKin (CF_SRAM_1024x32)
                                 -0.100000   30.414104   clock uncertainty
                                  0.000000   30.414104   clock reconvergence pessimism
                                 -0.497946   29.916159   library setup time
                                             29.916159   data required time
---------------------------------------------------------------------------------------------
                                             29.916159   data required time
                                            -14.183958   data arrival time
---------------------------------------------------------------------------------------------
                                             15.732202   slack (MET)


Startpoint: wbs_adr_i[9] (input port clocked by clk)
Endpoint: i_sram (rising edge-triggered flip-flop clocked by clk)
Path Group: clk
Path Type: max

Fanout         Cap        Slew       Delay        Time   Description
---------------------------------------------------------------------------------------------
                                  0.000000    0.000000   clock clk (rise edge)
                                  5.570000    5.570000   clock network delay (propagated)
                                  3.890000    9.460000 v input external delay
     1    0.003512    0.920000    0.000000    9.460000 v wbs_adr_i[9] (in)
                                                         wbs_adr_i[9] (net)
                      0.920108    0.000057    9.460057 v hold131/A (sky130_fd_sc_hd__dlygate4sd3_1)
     1    0.001720    0.097182    1.562515   11.022572 v hold131/X (sky130_fd_sc_hd__dlygate4sd3_1)
                                                         net229 (net)
                      0.097182    0.000050   11.022621 v hold61/A (sky130_fd_sc_hd__dlygate4sd3_1)
     1    0.002746    0.105133    1.191915   12.214537 v hold61/X (sky130_fd_sc_hd__dlygate4sd3_1)
                                                         net159 (net)
                      0.105133    0.000083   12.214619 v input11/A (sky130_fd_sc_hd__buf_4)
     1    0.046439    0.127648    0.356170   12.570789 v input11/X (sky130_fd_sc_hd__buf_4)
                                                         net11 (net)
                      0.128486    0.008137   12.578926 v hold62/A (sky130_fd_sc_hd__dlygate4sd3_1)
     1    0.044865    0.451109    1.592507   14.171432 v hold62/X (sky130_fd_sc_hd__dlygate4sd3_1)
                                                         net160 (net)
                      0.451172    0.005711   14.177143 v i_sram/AD[7] (CF_SRAM_1024x32)
                                             14.177143   data arrival time

                                 25.000000   25.000000   clock clk (rise edge)
                                  4.650000   29.650000   clock source latency
     1    0.053413    0.610000    0.000000   29.650000 ^ wb_clk_i (in)
                                                         wb_clk_i (net)
                      0.627638    0.008379   29.658379 ^ clkbuf_0_wb_clk_i/A (sky130_fd_sc_hd__clkbuf_16)
     2    0.064406    0.132392    0.485183   30.143562 ^ clkbuf_0_wb_clk_i/X (sky130_fd_sc_hd__clkbuf_16)
                                                         clknet_0_wb_clk_i (net)
                      0.132435    0.001815   30.145376 ^ clkbuf_1_1__f_wb_clk_i/A (sky130_fd_sc_hd__clkbuf_16)
     1    0.135215    0.227499    0.354664   30.500040 ^ clkbuf_1_1__f_wb_clk_i/X (sky130_fd_sc_hd__clkbuf_16)
                                                         clknet_1_1__leaf_wb_clk_i (net)
                      0.228965    0.014062   30.514103 ^ i_sram/CLKin (CF_SRAM_1024x32)
                                 -0.100000   30.414104   clock uncertainty
                                  0.000000   30.414104   clock reconvergence pessimism
                                 -0.503959   29.910145   library setup time
                                             29.910145   data required time
---------------------------------------------------------------------------------------------
                                             29.910145   data required time
                                            -14.177143   data arrival time
---------------------------------------------------------------------------------------------
                                             15.733001   slack (MET)


Startpoint: wbs_adr_i[11] (input port clocked by clk)
Endpoint: i_sram (rising edge-triggered flip-flop clocked by clk)
Path Group: clk
Path Type: max

Fanout         Cap        Slew       Delay        Time   Description
---------------------------------------------------------------------------------------------
                                  0.000000    0.000000   clock clk (rise edge)
                                  5.570000    5.570000   clock network delay (propagated)
                                  3.890000    9.460000 v input external delay
     1    0.003144    0.920000    0.000000    9.460000 v wbs_adr_i[11] (in)
                                                         wbs_adr_i[11] (net)
                      0.920086    0.000045    9.460046 v hold129/A (sky130_fd_sc_hd__dlygate4sd3_1)
     1    0.001613    0.096191    1.560604   11.020650 v hold129/X (sky130_fd_sc_hd__dlygate4sd3_1)
                                                         net227 (net)
                      0.096191    0.000032   11.020681 v hold41/A (sky130_fd_sc_hd__dlygate4sd3_1)
     1    0.002756    0.105205    1.191582   12.212263 v hold41/X (sky130_fd_sc_hd__dlygate4sd3_1)
                                                         net139 (net)
                      0.105205    0.000081   12.212344 v input3/A (sky130_fd_sc_hd__buf_4)
     1    0.044835    0.123455    0.355798   12.568143 v input3/X (sky130_fd_sc_hd__buf_4)
                                                         net3 (net)
                      0.123506    0.002480   12.570622 v hold42/A (sky130_fd_sc_hd__dlygate4sd3_1)
     1    0.044272    0.446061    1.586439   14.157061 v hold42/X (sky130_fd_sc_hd__dlygate4sd3_1)
                                                         net140 (net)
                      0.446107    0.004973   14.162034 v i_sram/AD[9] (CF_SRAM_1024x32)
                                             14.162034   data arrival time

                                 25.000000   25.000000   clock clk (rise edge)
                                  4.650000   29.650000   clock source latency
     1    0.053413    0.610000    0.000000   29.650000 ^ wb_clk_i (in)
                                                         wb_clk_i (net)
                      0.627638    0.008379   29.658379 ^ clkbuf_0_wb_clk_i/A (sky130_fd_sc_hd__clkbuf_16)
     2    0.064406    0.132392    0.485183   30.143562 ^ clkbuf_0_wb_clk_i/X (sky130_fd_sc_hd__clkbuf_16)
                                                         clknet_0_wb_clk_i (net)
                      0.132435    0.001815   30.145376 ^ clkbuf_1_1__f_wb_clk_i/A (sky130_fd_sc_hd__clkbuf_16)
     1    0.135215    0.227499    0.354664   30.500040 ^ clkbuf_1_1__f_wb_clk_i/X (sky130_fd_sc_hd__clkbuf_16)
                                                         clknet_1_1__leaf_wb_clk_i (net)
                      0.228965    0.014062   30.514103 ^ i_sram/CLKin (CF_SRAM_1024x32)
                                 -0.100000   30.414104   clock uncertainty
                                  0.000000   30.414104   clock reconvergence pessimism
                                 -0.502528   29.911577   library setup time
                                             29.911577   data required time
---------------------------------------------------------------------------------------------
                                             29.911577   data required time
                                            -14.162034   data arrival time
---------------------------------------------------------------------------------------------
                                             15.749542   slack (MET)


Startpoint: wbs_sel_i[3] (input port clocked by clk)
Endpoint: i_sram (rising edge-triggered flip-flop clocked by clk)
Path Group: clk
Path Type: max

Fanout         Cap        Slew       Delay        Time   Description
---------------------------------------------------------------------------------------------
                                  0.000000    0.000000   clock clk (rise edge)
                                  5.570000    5.570000   clock network delay (propagated)
                                  3.170000    8.740000 v input external delay
     1    0.007394    0.180000    0.000000    8.740000 v wbs_sel_i[3] (in)
                                                         wbs_sel_i[3] (net)
                      0.180382    0.000201    8.740201 v hold96/A (sky130_fd_sc_hd__dlygate4sd3_1)
     1    0.004882    0.128788    1.269617   10.009818 v hold96/X (sky130_fd_sc_hd__dlygate4sd3_1)
                                                         net194 (net)
                      0.128788    0.000187   10.010005 v hold94/A (sky130_fd_sc_hd__dlygate4sd3_1)
     1    0.011234    0.188447    1.318972   11.328977 v hold94/X (sky130_fd_sc_hd__dlygate4sd3_1)
                                                         net192 (net)
                      0.188447    0.000474   11.329451 v input48/A (sky130_fd_sc_hd__buf_12)
     1    0.073892    0.087044    0.341667   11.671118 v input48/X (sky130_fd_sc_hd__buf_12)
                                                         net48 (net)
                      0.087314    0.004430   11.675548 v hold95/A (sky130_fd_sc_hd__buf_12)
     8    0.194341    0.185097    0.339080   12.014627 v hold95/X (sky130_fd_sc_hd__buf_12)
                                                         net193 (net)
                      0.201464    0.044229   12.058856 v i_sram/BEN[31] (CF_SRAM_1024x32)
                                             12.058856   data arrival time

                                 25.000000   25.000000   clock clk (rise edge)
                                  4.650000   29.650000   clock source latency
     1    0.053413    0.610000    0.000000   29.650000 ^ wb_clk_i (in)
                                                         wb_clk_i (net)
                      0.627638    0.008379   29.658379 ^ clkbuf_0_wb_clk_i/A (sky130_fd_sc_hd__clkbuf_16)
     2    0.064406    0.132392    0.485183   30.143562 ^ clkbuf_0_wb_clk_i/X (sky130_fd_sc_hd__clkbuf_16)
                                                         clknet_0_wb_clk_i (net)
                      0.132435    0.001815   30.145376 ^ clkbuf_1_1__f_wb_clk_i/A (sky130_fd_sc_hd__clkbuf_16)
     1    0.135215    0.227499    0.354664   30.500040 ^ clkbuf_1_1__f_wb_clk_i/X (sky130_fd_sc_hd__clkbuf_16)
                                                         clknet_1_1__leaf_wb_clk_i (net)
                      0.228965    0.014062   30.514103 ^ i_sram/CLKin (CF_SRAM_1024x32)
                                 -0.100000   30.414104   clock uncertainty
                                  0.000000   30.414104   clock reconvergence pessimism
                                 -0.614950   29.799154   library setup time
                                             29.799154   data required time
---------------------------------------------------------------------------------------------
                                             29.799154   data required time
                                            -12.058856   data arrival time
---------------------------------------------------------------------------------------------
                                             17.740299   slack (MET)


Startpoint: wbs_sel_i[3] (input port clocked by clk)
Endpoint: i_sram (rising edge-triggered flip-flop clocked by clk)
Path Group: clk
Path Type: max

Fanout         Cap        Slew       Delay        Time   Description
---------------------------------------------------------------------------------------------
                                  0.000000    0.000000   clock clk (rise edge)
                                  5.570000    5.570000   clock network delay (propagated)
                                  3.170000    8.740000 v input external delay
     1    0.007394    0.180000    0.000000    8.740000 v wbs_sel_i[3] (in)
                                                         wbs_sel_i[3] (net)
                      0.180382    0.000201    8.740201 v hold96/A (sky130_fd_sc_hd__dlygate4sd3_1)
     1    0.004882    0.128788    1.269617   10.009818 v hold96/X (sky130_fd_sc_hd__dlygate4sd3_1)
                                                         net194 (net)
                      0.128788    0.000187   10.010005 v hold94/A (sky130_fd_sc_hd__dlygate4sd3_1)
     1    0.011234    0.188447    1.318972   11.328977 v hold94/X (sky130_fd_sc_hd__dlygate4sd3_1)
                                                         net192 (net)
                      0.188447    0.000474   11.329451 v input48/A (sky130_fd_sc_hd__buf_12)
     1    0.073892    0.087044    0.341667   11.671118 v input48/X (sky130_fd_sc_hd__buf_12)
                                                         net48 (net)
                      0.087314    0.004430   11.675548 v hold95/A (sky130_fd_sc_hd__buf_12)
     8    0.194341    0.185097    0.339080   12.014627 v hold95/X (sky130_fd_sc_hd__buf_12)
                                                         net193 (net)
                      0.201366    0.044096   12.058724 v i_sram/BEN[30] (CF_SRAM_1024x32)
                                             12.058724   data arrival time

                                 25.000000   25.000000   clock clk (rise edge)
                                  4.650000   29.650000   clock source latency
     1    0.053413    0.610000    0.000000   29.650000 ^ wb_clk_i (in)
                                                         wb_clk_i (net)
                      0.627638    0.008379   29.658379 ^ clkbuf_0_wb_clk_i/A (sky130_fd_sc_hd__clkbuf_16)
     2    0.064406    0.132392    0.485183   30.143562 ^ clkbuf_0_wb_clk_i/X (sky130_fd_sc_hd__clkbuf_16)
                                                         clknet_0_wb_clk_i (net)
                      0.132435    0.001815   30.145376 ^ clkbuf_1_1__f_wb_clk_i/A (sky130_fd_sc_hd__clkbuf_16)
     1    0.135215    0.227499    0.354664   30.500040 ^ clkbuf_1_1__f_wb_clk_i/X (sky130_fd_sc_hd__clkbuf_16)
                                                         clknet_1_1__leaf_wb_clk_i (net)
                      0.228965    0.014062   30.514103 ^ i_sram/CLKin (CF_SRAM_1024x32)
                                 -0.100000   30.414104   clock uncertainty
                                  0.000000   30.414104   clock reconvergence pessimism
                                 -0.614913   29.799192   library setup time
                                             29.799192   data required time
---------------------------------------------------------------------------------------------
                                             29.799192   data required time
                                            -12.058724   data arrival time
---------------------------------------------------------------------------------------------
                                             17.740467   slack (MET)


Startpoint: wbs_sel_i[3] (input port clocked by clk)
Endpoint: i_sram (rising edge-triggered flip-flop clocked by clk)
Path Group: clk
Path Type: max

Fanout         Cap        Slew       Delay        Time   Description
---------------------------------------------------------------------------------------------
                                  0.000000    0.000000   clock clk (rise edge)
                                  5.570000    5.570000   clock network delay (propagated)
                                  3.170000    8.740000 v input external delay
     1    0.007394    0.180000    0.000000    8.740000 v wbs_sel_i[3] (in)
                                                         wbs_sel_i[3] (net)
                      0.180382    0.000201    8.740201 v hold96/A (sky130_fd_sc_hd__dlygate4sd3_1)
     1    0.004882    0.128788    1.269617   10.009818 v hold96/X (sky130_fd_sc_hd__dlygate4sd3_1)
                                                         net194 (net)
                      0.128788    0.000187   10.010005 v hold94/A (sky130_fd_sc_hd__dlygate4sd3_1)
     1    0.011234    0.188447    1.318972   11.328977 v hold94/X (sky130_fd_sc_hd__dlygate4sd3_1)
                                                         net192 (net)
                      0.188447    0.000474   11.329451 v input48/A (sky130_fd_sc_hd__buf_12)
     1    0.073892    0.087044    0.341667   11.671118 v input48/X (sky130_fd_sc_hd__buf_12)
                                                         net48 (net)
                      0.087314    0.004430   11.675548 v hold95/A (sky130_fd_sc_hd__buf_12)
     8    0.194341    0.185097    0.339080   12.014627 v hold95/X (sky130_fd_sc_hd__buf_12)
                                                         net193 (net)
                      0.201042    0.043662   12.058290 v i_sram/BEN[29] (CF_SRAM_1024x32)
                                             12.058290   data arrival time

                                 25.000000   25.000000   clock clk (rise edge)
                                  4.650000   29.650000   clock source latency
     1    0.053413    0.610000    0.000000   29.650000 ^ wb_clk_i (in)
                                                         wb_clk_i (net)
                      0.627638    0.008379   29.658379 ^ clkbuf_0_wb_clk_i/A (sky130_fd_sc_hd__clkbuf_16)
     2    0.064406    0.132392    0.485183   30.143562 ^ clkbuf_0_wb_clk_i/X (sky130_fd_sc_hd__clkbuf_16)
                                                         clknet_0_wb_clk_i (net)
                      0.132435    0.001815   30.145376 ^ clkbuf_1_1__f_wb_clk_i/A (sky130_fd_sc_hd__clkbuf_16)
     1    0.135215    0.227499    0.354664   30.500040 ^ clkbuf_1_1__f_wb_clk_i/X (sky130_fd_sc_hd__clkbuf_16)
                                                         clknet_1_1__leaf_wb_clk_i (net)
                      0.228965    0.014062   30.514103 ^ i_sram/CLKin (CF_SRAM_1024x32)
                                 -0.100000   30.414104   clock uncertainty
                                  0.000000   30.414104   clock reconvergence pessimism
                                 -0.614790   29.799314   library setup time
                                             29.799314   data required time
---------------------------------------------------------------------------------------------
                                             29.799314   data required time
                                            -12.058290   data arrival time
---------------------------------------------------------------------------------------------
                                             17.741024   slack (MET)


Startpoint: wbs_sel_i[3] (input port clocked by clk)
Endpoint: i_sram (rising edge-triggered flip-flop clocked by clk)
Path Group: clk
Path Type: max

Fanout         Cap        Slew       Delay        Time   Description
---------------------------------------------------------------------------------------------
                                  0.000000    0.000000   clock clk (rise edge)
                                  5.570000    5.570000   clock network delay (propagated)
                                  3.170000    8.740000 v input external delay
     1    0.007394    0.180000    0.000000    8.740000 v wbs_sel_i[3] (in)
                                                         wbs_sel_i[3] (net)
                      0.180382    0.000201    8.740201 v hold96/A (sky130_fd_sc_hd__dlygate4sd3_1)
     1    0.004882    0.128788    1.269617   10.009818 v hold96/X (sky130_fd_sc_hd__dlygate4sd3_1)
                                                         net194 (net)
                      0.128788    0.000187   10.010005 v hold94/A (sky130_fd_sc_hd__dlygate4sd3_1)
     1    0.011234    0.188447    1.318972   11.328977 v hold94/X (sky130_fd_sc_hd__dlygate4sd3_1)
                                                         net192 (net)
                      0.188447    0.000474   11.329451 v input48/A (sky130_fd_sc_hd__buf_12)
     1    0.073892    0.087044    0.341667   11.671118 v input48/X (sky130_fd_sc_hd__buf_12)
                                                         net48 (net)
                      0.087314    0.004430   11.675548 v hold95/A (sky130_fd_sc_hd__buf_12)
     8    0.194341    0.185097    0.339080   12.014627 v hold95/X (sky130_fd_sc_hd__buf_12)
                                                         net193 (net)
                      0.200269    0.042614   12.057241 v i_sram/BEN[28] (CF_SRAM_1024x32)
                                             12.057241   data arrival time

                                 25.000000   25.000000   clock clk (rise edge)
                                  4.650000   29.650000   clock source latency
     1    0.053413    0.610000    0.000000   29.650000 ^ wb_clk_i (in)
                                                         wb_clk_i (net)
                      0.627638    0.008379   29.658379 ^ clkbuf_0_wb_clk_i/A (sky130_fd_sc_hd__clkbuf_16)
     2    0.064406    0.132392    0.485183   30.143562 ^ clkbuf_0_wb_clk_i/X (sky130_fd_sc_hd__clkbuf_16)
                                                         clknet_0_wb_clk_i (net)
                      0.132435    0.001815   30.145376 ^ clkbuf_1_1__f_wb_clk_i/A (sky130_fd_sc_hd__clkbuf_16)
     1    0.135215    0.227499    0.354664   30.500040 ^ clkbuf_1_1__f_wb_clk_i/X (sky130_fd_sc_hd__clkbuf_16)
                                                         clknet_1_1__leaf_wb_clk_i (net)
                      0.228965    0.014062   30.514103 ^ i_sram/CLKin (CF_SRAM_1024x32)
                                 -0.100000   30.414104   clock uncertainty
                                  0.000000   30.414104   clock reconvergence pessimism
                                 -0.614497   29.799606   library setup time
                                             29.799606   data required time
---------------------------------------------------------------------------------------------
                                             29.799606   data required time
                                            -12.057241   data arrival time
---------------------------------------------------------------------------------------------
                                             17.742367   slack (MET)


Startpoint: wbs_sel_i[3] (input port clocked by clk)
Endpoint: i_sram (rising edge-triggered flip-flop clocked by clk)
Path Group: clk
Path Type: max

Fanout         Cap        Slew       Delay        Time   Description
---------------------------------------------------------------------------------------------
                                  0.000000    0.000000   clock clk (rise edge)
                                  5.570000    5.570000   clock network delay (propagated)
                                  3.170000    8.740000 v input external delay
     1    0.007394    0.180000    0.000000    8.740000 v wbs_sel_i[3] (in)
                                                         wbs_sel_i[3] (net)
                      0.180382    0.000201    8.740201 v hold96/A (sky130_fd_sc_hd__dlygate4sd3_1)
     1    0.004882    0.128788    1.269617   10.009818 v hold96/X (sky130_fd_sc_hd__dlygate4sd3_1)
                                                         net194 (net)
                      0.128788    0.000187   10.010005 v hold94/A (sky130_fd_sc_hd__dlygate4sd3_1)
     1    0.011234    0.188447    1.318972   11.328977 v hold94/X (sky130_fd_sc_hd__dlygate4sd3_1)
                                                         net192 (net)
                      0.188447    0.000474   11.329451 v input48/A (sky130_fd_sc_hd__buf_12)
     1    0.073892    0.087044    0.341667   11.671118 v input48/X (sky130_fd_sc_hd__buf_12)
                                                         net48 (net)
                      0.087314    0.004430   11.675548 v hold95/A (sky130_fd_sc_hd__buf_12)
     8    0.194341    0.185097    0.339080   12.014627 v hold95/X (sky130_fd_sc_hd__buf_12)
                                                         net193 (net)
                      0.199040    0.040915   12.055543 v i_sram/BEN[27] (CF_SRAM_1024x32)
                                             12.055543   data arrival time

                                 25.000000   25.000000   clock clk (rise edge)
                                  4.650000   29.650000   clock source latency
     1    0.053413    0.610000    0.000000   29.650000 ^ wb_clk_i (in)
                                                         wb_clk_i (net)
                      0.627638    0.008379   29.658379 ^ clkbuf_0_wb_clk_i/A (sky130_fd_sc_hd__clkbuf_16)
     2    0.064406    0.132392    0.485183   30.143562 ^ clkbuf_0_wb_clk_i/X (sky130_fd_sc_hd__clkbuf_16)
                                                         clknet_0_wb_clk_i (net)
                      0.132435    0.001815   30.145376 ^ clkbuf_1_1__f_wb_clk_i/A (sky130_fd_sc_hd__clkbuf_16)
     1    0.135215    0.227499    0.354664   30.500040 ^ clkbuf_1_1__f_wb_clk_i/X (sky130_fd_sc_hd__clkbuf_16)
                                                         clknet_1_1__leaf_wb_clk_i (net)
                      0.228965    0.014062   30.514103 ^ i_sram/CLKin (CF_SRAM_1024x32)
                                 -0.100000   30.414104   clock uncertainty
                                  0.000000   30.414104   clock reconvergence pessimism
                                 -0.614031   29.800072   library setup time
                                             29.800072   data required time
---------------------------------------------------------------------------------------------
                                             29.800072   data required time
                                            -12.055543   data arrival time
---------------------------------------------------------------------------------------------
                                             17.744530   slack (MET)


Startpoint: wbs_sel_i[3] (input port clocked by clk)
Endpoint: i_sram (rising edge-triggered flip-flop clocked by clk)
Path Group: clk
Path Type: max

Fanout         Cap        Slew       Delay        Time   Description
---------------------------------------------------------------------------------------------
                                  0.000000    0.000000   clock clk (rise edge)
                                  5.570000    5.570000   clock network delay (propagated)
                                  3.170000    8.740000 v input external delay
     1    0.007394    0.180000    0.000000    8.740000 v wbs_sel_i[3] (in)
                                                         wbs_sel_i[3] (net)
                      0.180382    0.000201    8.740201 v hold96/A (sky130_fd_sc_hd__dlygate4sd3_1)
     1    0.004882    0.128788    1.269617   10.009818 v hold96/X (sky130_fd_sc_hd__dlygate4sd3_1)
                                                         net194 (net)
                      0.128788    0.000187   10.010005 v hold94/A (sky130_fd_sc_hd__dlygate4sd3_1)
     1    0.011234    0.188447    1.318972   11.328977 v hold94/X (sky130_fd_sc_hd__dlygate4sd3_1)
                                                         net192 (net)
                      0.188447    0.000474   11.329451 v input48/A (sky130_fd_sc_hd__buf_12)
     1    0.073892    0.087044    0.341667   11.671118 v input48/X (sky130_fd_sc_hd__buf_12)
                                                         net48 (net)
                      0.087314    0.004430   11.675548 v hold95/A (sky130_fd_sc_hd__buf_12)
     8    0.194341    0.185097    0.339080   12.014627 v hold95/X (sky130_fd_sc_hd__buf_12)
                                                         net193 (net)
                      0.198021    0.039473   12.054101 v i_sram/BEN[26] (CF_SRAM_1024x32)
                                             12.054101   data arrival time

                                 25.000000   25.000000   clock clk (rise edge)
                                  4.650000   29.650000   clock source latency
     1    0.053413    0.610000    0.000000   29.650000 ^ wb_clk_i (in)
                                                         wb_clk_i (net)
                      0.627638    0.008379   29.658379 ^ clkbuf_0_wb_clk_i/A (sky130_fd_sc_hd__clkbuf_16)
     2    0.064406    0.132392    0.485183   30.143562 ^ clkbuf_0_wb_clk_i/X (sky130_fd_sc_hd__clkbuf_16)
                                                         clknet_0_wb_clk_i (net)
                      0.132435    0.001815   30.145376 ^ clkbuf_1_1__f_wb_clk_i/A (sky130_fd_sc_hd__clkbuf_16)
     1    0.135215    0.227499    0.354664   30.500040 ^ clkbuf_1_1__f_wb_clk_i/X (sky130_fd_sc_hd__clkbuf_16)
                                                         clknet_1_1__leaf_wb_clk_i (net)
                      0.228965    0.014062   30.514103 ^ i_sram/CLKin (CF_SRAM_1024x32)
                                 -0.100000   30.414104   clock uncertainty
                                  0.000000   30.414104   clock reconvergence pessimism
                                 -0.613645   29.800459   library setup time
                                             29.800459   data required time
---------------------------------------------------------------------------------------------
                                             29.800459   data required time
                                            -12.054101   data arrival time
---------------------------------------------------------------------------------------------
                                             17.746355   slack (MET)


Startpoint: wbs_sel_i[3] (input port clocked by clk)
Endpoint: i_sram (rising edge-triggered flip-flop clocked by clk)
Path Group: clk
Path Type: max

Fanout         Cap        Slew       Delay        Time   Description
---------------------------------------------------------------------------------------------
                                  0.000000    0.000000   clock clk (rise edge)
                                  5.570000    5.570000   clock network delay (propagated)
                                  3.170000    8.740000 v input external delay
     1    0.007394    0.180000    0.000000    8.740000 v wbs_sel_i[3] (in)
                                                         wbs_sel_i[3] (net)
                      0.180382    0.000201    8.740201 v hold96/A (sky130_fd_sc_hd__dlygate4sd3_1)
     1    0.004882    0.128788    1.269617   10.009818 v hold96/X (sky130_fd_sc_hd__dlygate4sd3_1)
                                                         net194 (net)
                      0.128788    0.000187   10.010005 v hold94/A (sky130_fd_sc_hd__dlygate4sd3_1)
     1    0.011234    0.188447    1.318972   11.328977 v hold94/X (sky130_fd_sc_hd__dlygate4sd3_1)
                                                         net192 (net)
                      0.188447    0.000474   11.329451 v input48/A (sky130_fd_sc_hd__buf_12)
     1    0.073892    0.087044    0.341667   11.671118 v input48/X (sky130_fd_sc_hd__buf_12)
                                                         net48 (net)
                      0.087314    0.004430   11.675548 v hold95/A (sky130_fd_sc_hd__buf_12)
     8    0.194341    0.185097    0.339080   12.014627 v hold95/X (sky130_fd_sc_hd__buf_12)
                                                         net193 (net)
                      0.196759    0.037631   12.052259 v i_sram/BEN[25] (CF_SRAM_1024x32)
                                             12.052259   data arrival time

                                 25.000000   25.000000   clock clk (rise edge)
                                  4.650000   29.650000   clock source latency
     1    0.053413    0.610000    0.000000   29.650000 ^ wb_clk_i (in)
                                                         wb_clk_i (net)
                      0.627638    0.008379   29.658379 ^ clkbuf_0_wb_clk_i/A (sky130_fd_sc_hd__clkbuf_16)
     2    0.064406    0.132392    0.485183   30.143562 ^ clkbuf_0_wb_clk_i/X (sky130_fd_sc_hd__clkbuf_16)
                                                         clknet_0_wb_clk_i (net)
                      0.132435    0.001815   30.145376 ^ clkbuf_1_1__f_wb_clk_i/A (sky130_fd_sc_hd__clkbuf_16)
     1    0.135215    0.227499    0.354664   30.500040 ^ clkbuf_1_1__f_wb_clk_i/X (sky130_fd_sc_hd__clkbuf_16)
                                                         clknet_1_1__leaf_wb_clk_i (net)
                      0.228965    0.014062   30.514103 ^ i_sram/CLKin (CF_SRAM_1024x32)
                                 -0.100000   30.414104   clock uncertainty
                                  0.000000   30.414104   clock reconvergence pessimism
                                 -0.613167   29.800938   library setup time
                                             29.800938   data required time
---------------------------------------------------------------------------------------------
                                             29.800938   data required time
                                            -12.052259   data arrival time
---------------------------------------------------------------------------------------------
                                             17.748680   slack (MET)


Startpoint: wbs_sel_i[3] (input port clocked by clk)
Endpoint: i_sram (rising edge-triggered flip-flop clocked by clk)
Path Group: clk
Path Type: max

Fanout         Cap        Slew       Delay        Time   Description
---------------------------------------------------------------------------------------------
                                  0.000000    0.000000   clock clk (rise edge)
                                  5.570000    5.570000   clock network delay (propagated)
                                  3.170000    8.740000 v input external delay
     1    0.007394    0.180000    0.000000    8.740000 v wbs_sel_i[3] (in)
                                                         wbs_sel_i[3] (net)
                      0.180382    0.000201    8.740201 v hold96/A (sky130_fd_sc_hd__dlygate4sd3_1)
     1    0.004882    0.128788    1.269617   10.009818 v hold96/X (sky130_fd_sc_hd__dlygate4sd3_1)
                                                         net194 (net)
                      0.128788    0.000187   10.010005 v hold94/A (sky130_fd_sc_hd__dlygate4sd3_1)
     1    0.011234    0.188447    1.318972   11.328977 v hold94/X (sky130_fd_sc_hd__dlygate4sd3_1)
                                                         net192 (net)
                      0.188447    0.000474   11.329451 v input48/A (sky130_fd_sc_hd__buf_12)
     1    0.073892    0.087044    0.341667   11.671118 v input48/X (sky130_fd_sc_hd__buf_12)
                                                         net48 (net)
                      0.087314    0.004430   11.675548 v hold95/A (sky130_fd_sc_hd__buf_12)
     8    0.194341    0.185097    0.339080   12.014627 v hold95/X (sky130_fd_sc_hd__buf_12)
                                                         net193 (net)
                      0.194982    0.034874   12.049502 v i_sram/BEN[24] (CF_SRAM_1024x32)
                                             12.049502   data arrival time

                                 25.000000   25.000000   clock clk (rise edge)
                                  4.650000   29.650000   clock source latency
     1    0.053413    0.610000    0.000000   29.650000 ^ wb_clk_i (in)
                                                         wb_clk_i (net)
                      0.627638    0.008379   29.658379 ^ clkbuf_0_wb_clk_i/A (sky130_fd_sc_hd__clkbuf_16)
     2    0.064406    0.132392    0.485183   30.143562 ^ clkbuf_0_wb_clk_i/X (sky130_fd_sc_hd__clkbuf_16)
                                                         clknet_0_wb_clk_i (net)
                      0.132435    0.001815   30.145376 ^ clkbuf_1_1__f_wb_clk_i/A (sky130_fd_sc_hd__clkbuf_16)
     1    0.135215    0.227499    0.354664   30.500040 ^ clkbuf_1_1__f_wb_clk_i/X (sky130_fd_sc_hd__clkbuf_16)
                                                         clknet_1_1__leaf_wb_clk_i (net)
                      0.228965    0.014062   30.514103 ^ i_sram/CLKin (CF_SRAM_1024x32)
                                 -0.100000   30.414104   clock uncertainty
                                  0.000000   30.414104   clock reconvergence pessimism
                                 -0.612493   29.801611   library setup time
                                             29.801611   data required time
---------------------------------------------------------------------------------------------
                                             29.801611   data required time
                                            -12.049502   data arrival time
---------------------------------------------------------------------------------------------
                                             17.752108   slack (MET)


Startpoint: wbs_sel_i[2] (input port clocked by clk)
Endpoint: i_sram (rising edge-triggered flip-flop clocked by clk)
Path Group: clk
Path Type: max

Fanout         Cap        Slew       Delay        Time   Description
---------------------------------------------------------------------------------------------
                                  0.000000    0.000000   clock clk (rise edge)
                                  5.570000    5.570000   clock network delay (propagated)
                                  3.170000    8.740000 v input external delay
     1    0.005537    0.180000    0.000000    8.740000 v wbs_sel_i[2] (in)
                                                         wbs_sel_i[2] (net)
                      0.180233    0.000123    8.740123 v hold93/A (sky130_fd_sc_hd__dlygate4sd3_1)
     1    0.003898    0.118021    1.254843    9.994966 v hold93/X (sky130_fd_sc_hd__dlygate4sd3_1)
                                                         net191 (net)
                      0.118021    0.000152    9.995117 v hold91/A (sky130_fd_sc_hd__dlygate4sd3_1)
     1    0.011629    0.192565    1.318210   11.313328 v hold91/X (sky130_fd_sc_hd__dlygate4sd3_1)
                                                         net189 (net)
                      0.192565    0.000475   11.313803 v input47/A (sky130_fd_sc_hd__buf_12)
     1    0.064039    0.079968    0.334489   11.648292 v input47/X (sky130_fd_sc_hd__buf_12)
                                                         net47 (net)
                      0.083019    0.012583   11.660874 v hold92/A (sky130_fd_sc_hd__buf_12)
     8    0.189818    0.180615    0.342082   12.002956 v hold92/X (sky130_fd_sc_hd__buf_12)
                                                         net190 (net)
                      0.190016    0.033742   12.036698 v i_sram/BEN[23] (CF_SRAM_1024x32)
                                             12.036698   data arrival time

                                 25.000000   25.000000   clock clk (rise edge)
                                  4.650000   29.650000   clock source latency
     1    0.053413    0.610000    0.000000   29.650000 ^ wb_clk_i (in)
                                                         wb_clk_i (net)
                      0.627638    0.008379   29.658379 ^ clkbuf_0_wb_clk_i/A (sky130_fd_sc_hd__clkbuf_16)
     2    0.064406    0.132392    0.485183   30.143562 ^ clkbuf_0_wb_clk_i/X (sky130_fd_sc_hd__clkbuf_16)
                                                         clknet_0_wb_clk_i (net)
                      0.132435    0.001815   30.145376 ^ clkbuf_1_1__f_wb_clk_i/A (sky130_fd_sc_hd__clkbuf_16)
     1    0.135215    0.227499    0.354664   30.500040 ^ clkbuf_1_1__f_wb_clk_i/X (sky130_fd_sc_hd__clkbuf_16)
                                                         clknet_1_1__leaf_wb_clk_i (net)
                      0.228965    0.014062   30.514103 ^ i_sram/CLKin (CF_SRAM_1024x32)
                                 -0.100000   30.414104   clock uncertainty
                                  0.000000   30.414104   clock reconvergence pessimism
                                 -0.610612   29.803492   library setup time
                                             29.803492   data required time
---------------------------------------------------------------------------------------------
                                             29.803492   data required time
                                            -12.036698   data arrival time
---------------------------------------------------------------------------------------------
                                             17.766794   slack (MET)


Startpoint: wbs_sel_i[2] (input port clocked by clk)
Endpoint: i_sram (rising edge-triggered flip-flop clocked by clk)
Path Group: clk
Path Type: max

Fanout         Cap        Slew       Delay        Time   Description
---------------------------------------------------------------------------------------------
                                  0.000000    0.000000   clock clk (rise edge)
                                  5.570000    5.570000   clock network delay (propagated)
                                  3.170000    8.740000 v input external delay
     1    0.005537    0.180000    0.000000    8.740000 v wbs_sel_i[2] (in)
                                                         wbs_sel_i[2] (net)
                      0.180233    0.000123    8.740123 v hold93/A (sky130_fd_sc_hd__dlygate4sd3_1)
     1    0.003898    0.118021    1.254843    9.994966 v hold93/X (sky130_fd_sc_hd__dlygate4sd3_1)
                                                         net191 (net)
                      0.118021    0.000152    9.995117 v hold91/A (sky130_fd_sc_hd__dlygate4sd3_1)
     1    0.011629    0.192565    1.318210   11.313328 v hold91/X (sky130_fd_sc_hd__dlygate4sd3_1)
                                                         net189 (net)
                      0.192565    0.000475   11.313803 v input47/A (sky130_fd_sc_hd__buf_12)
     1    0.064039    0.079968    0.334489   11.648292 v input47/X (sky130_fd_sc_hd__buf_12)
                                                         net47 (net)
                      0.083019    0.012583   11.660874 v hold92/A (sky130_fd_sc_hd__buf_12)
     8    0.189818    0.180615    0.342082   12.002956 v hold92/X (sky130_fd_sc_hd__buf_12)
                                                         net190 (net)
                      0.189775    0.033332   12.036288 v i_sram/BEN[22] (CF_SRAM_1024x32)
                                             12.036288   data arrival time

                                 25.000000   25.000000   clock clk (rise edge)
                                  4.650000   29.650000   clock source latency
     1    0.053413    0.610000    0.000000   29.650000 ^ wb_clk_i (in)
                                                         wb_clk_i (net)
                      0.627638    0.008379   29.658379 ^ clkbuf_0_wb_clk_i/A (sky130_fd_sc_hd__clkbuf_16)
     2    0.064406    0.132392    0.485183   30.143562 ^ clkbuf_0_wb_clk_i/X (sky130_fd_sc_hd__clkbuf_16)
                                                         clknet_0_wb_clk_i (net)
                      0.132435    0.001815   30.145376 ^ clkbuf_1_1__f_wb_clk_i/A (sky130_fd_sc_hd__clkbuf_16)
     1    0.135215    0.227499    0.354664   30.500040 ^ clkbuf_1_1__f_wb_clk_i/X (sky130_fd_sc_hd__clkbuf_16)
                                                         clknet_1_1__leaf_wb_clk_i (net)
                      0.228965    0.014062   30.514103 ^ i_sram/CLKin (CF_SRAM_1024x32)
                                 -0.100000   30.414104   clock uncertainty
                                  0.000000   30.414104   clock reconvergence pessimism
                                 -0.610520   29.803585   library setup time
                                             29.803585   data required time
---------------------------------------------------------------------------------------------
                                             29.803585   data required time
                                            -12.036288   data arrival time
---------------------------------------------------------------------------------------------
                                             17.767296   slack (MET)


Startpoint: wbs_sel_i[2] (input port clocked by clk)
Endpoint: i_sram (rising edge-triggered flip-flop clocked by clk)
Path Group: clk
Path Type: max

Fanout         Cap        Slew       Delay        Time   Description
---------------------------------------------------------------------------------------------
                                  0.000000    0.000000   clock clk (rise edge)
                                  5.570000    5.570000   clock network delay (propagated)
                                  3.170000    8.740000 v input external delay
     1    0.005537    0.180000    0.000000    8.740000 v wbs_sel_i[2] (in)
                                                         wbs_sel_i[2] (net)
                      0.180233    0.000123    8.740123 v hold93/A (sky130_fd_sc_hd__dlygate4sd3_1)
     1    0.003898    0.118021    1.254843    9.994966 v hold93/X (sky130_fd_sc_hd__dlygate4sd3_1)
                                                         net191 (net)
                      0.118021    0.000152    9.995117 v hold91/A (sky130_fd_sc_hd__dlygate4sd3_1)
     1    0.011629    0.192565    1.318210   11.313328 v hold91/X (sky130_fd_sc_hd__dlygate4sd3_1)
                                                         net189 (net)
                      0.192565    0.000475   11.313803 v input47/A (sky130_fd_sc_hd__buf_12)
     1    0.064039    0.079968    0.334489   11.648292 v input47/X (sky130_fd_sc_hd__buf_12)
                                                         net47 (net)
                      0.083019    0.012583   11.660874 v hold92/A (sky130_fd_sc_hd__buf_12)
     8    0.189818    0.180615    0.342082   12.002956 v hold92/X (sky130_fd_sc_hd__buf_12)
                                                         net190 (net)
                      0.189460    0.032784   12.035741 v i_sram/BEN[21] (CF_SRAM_1024x32)
                                             12.035741   data arrival time

                                 25.000000   25.000000   clock clk (rise edge)
                                  4.650000   29.650000   clock source latency
     1    0.053413    0.610000    0.000000   29.650000 ^ wb_clk_i (in)
                                                         wb_clk_i (net)
                      0.627638    0.008379   29.658379 ^ clkbuf_0_wb_clk_i/A (sky130_fd_sc_hd__clkbuf_16)
     2    0.064406    0.132392    0.485183   30.143562 ^ clkbuf_0_wb_clk_i/X (sky130_fd_sc_hd__clkbuf_16)
                                                         clknet_0_wb_clk_i (net)
                      0.132435    0.001815   30.145376 ^ clkbuf_1_1__f_wb_clk_i/A (sky130_fd_sc_hd__clkbuf_16)
     1    0.135215    0.227499    0.354664   30.500040 ^ clkbuf_1_1__f_wb_clk_i/X (sky130_fd_sc_hd__clkbuf_16)
                                                         clknet_1_1__leaf_wb_clk_i (net)
                      0.228965    0.014062   30.514103 ^ i_sram/CLKin (CF_SRAM_1024x32)
                                 -0.100000   30.414104   clock uncertainty
                                  0.000000   30.414104   clock reconvergence pessimism
                                 -0.610401   29.803701   library setup time
                                             29.803701   data required time
---------------------------------------------------------------------------------------------
                                             29.803701   data required time
                                            -12.035741   data arrival time
---------------------------------------------------------------------------------------------
                                             17.767960   slack (MET)


Startpoint: wbs_sel_i[2] (input port clocked by clk)
Endpoint: i_sram (rising edge-triggered flip-flop clocked by clk)
Path Group: clk
Path Type: max

Fanout         Cap        Slew       Delay        Time   Description
---------------------------------------------------------------------------------------------
                                  0.000000    0.000000   clock clk (rise edge)
                                  5.570000    5.570000   clock network delay (propagated)
                                  3.170000    8.740000 v input external delay
     1    0.005537    0.180000    0.000000    8.740000 v wbs_sel_i[2] (in)
                                                         wbs_sel_i[2] (net)
                      0.180233    0.000123    8.740123 v hold93/A (sky130_fd_sc_hd__dlygate4sd3_1)
     1    0.003898    0.118021    1.254843    9.994966 v hold93/X (sky130_fd_sc_hd__dlygate4sd3_1)
                                                         net191 (net)
                      0.118021    0.000152    9.995117 v hold91/A (sky130_fd_sc_hd__dlygate4sd3_1)
     1    0.011629    0.192565    1.318210   11.313328 v hold91/X (sky130_fd_sc_hd__dlygate4sd3_1)
                                                         net189 (net)
                      0.192565    0.000475   11.313803 v input47/A (sky130_fd_sc_hd__buf_12)
     1    0.064039    0.079968    0.334489   11.648292 v input47/X (sky130_fd_sc_hd__buf_12)
                                                         net47 (net)
                      0.083019    0.012583   11.660874 v hold92/A (sky130_fd_sc_hd__buf_12)
     8    0.189818    0.180615    0.342082   12.002956 v hold92/X (sky130_fd_sc_hd__buf_12)
                                                         net190 (net)
                      0.189122    0.032189   12.035146 v i_sram/BEN[20] (CF_SRAM_1024x32)
                                             12.035146   data arrival time

                                 25.000000   25.000000   clock clk (rise edge)
                                  4.650000   29.650000   clock source latency
     1    0.053413    0.610000    0.000000   29.650000 ^ wb_clk_i (in)
                                                         wb_clk_i (net)
                      0.627638    0.008379   29.658379 ^ clkbuf_0_wb_clk_i/A (sky130_fd_sc_hd__clkbuf_16)
     2    0.064406    0.132392    0.485183   30.143562 ^ clkbuf_0_wb_clk_i/X (sky130_fd_sc_hd__clkbuf_16)
                                                         clknet_0_wb_clk_i (net)
                      0.132435    0.001815   30.145376 ^ clkbuf_1_1__f_wb_clk_i/A (sky130_fd_sc_hd__clkbuf_16)
     1    0.135215    0.227499    0.354664   30.500040 ^ clkbuf_1_1__f_wb_clk_i/X (sky130_fd_sc_hd__clkbuf_16)
                                                         clknet_1_1__leaf_wb_clk_i (net)
                      0.228965    0.014062   30.514103 ^ i_sram/CLKin (CF_SRAM_1024x32)
                                 -0.100000   30.414104   clock uncertainty
                                  0.000000   30.414104   clock reconvergence pessimism
                                 -0.610273   29.803829   library setup time
                                             29.803829   data required time
---------------------------------------------------------------------------------------------
                                             29.803829   data required time
                                            -12.035146   data arrival time
---------------------------------------------------------------------------------------------
                                             17.768684   slack (MET)


Startpoint: wbs_sel_i[2] (input port clocked by clk)
Endpoint: i_sram (rising edge-triggered flip-flop clocked by clk)
Path Group: clk
Path Type: max

Fanout         Cap        Slew       Delay        Time   Description
---------------------------------------------------------------------------------------------
                                  0.000000    0.000000   clock clk (rise edge)
                                  5.570000    5.570000   clock network delay (propagated)
                                  3.170000    8.740000 v input external delay
     1    0.005537    0.180000    0.000000    8.740000 v wbs_sel_i[2] (in)
                                                         wbs_sel_i[2] (net)
                      0.180233    0.000123    8.740123 v hold93/A (sky130_fd_sc_hd__dlygate4sd3_1)
     1    0.003898    0.118021    1.254843    9.994966 v hold93/X (sky130_fd_sc_hd__dlygate4sd3_1)
                                                         net191 (net)
                      0.118021    0.000152    9.995117 v hold91/A (sky130_fd_sc_hd__dlygate4sd3_1)
     1    0.011629    0.192565    1.318210   11.313328 v hold91/X (sky130_fd_sc_hd__dlygate4sd3_1)
                                                         net189 (net)
                      0.192565    0.000475   11.313803 v input47/A (sky130_fd_sc_hd__buf_12)
     1    0.064039    0.079968    0.334489   11.648292 v input47/X (sky130_fd_sc_hd__buf_12)
                                                         net47 (net)
                      0.083019    0.012583   11.660874 v hold92/A (sky130_fd_sc_hd__buf_12)
     8    0.189818    0.180615    0.342082   12.002956 v hold92/X (sky130_fd_sc_hd__buf_12)
                                                         net190 (net)
                      0.188710    0.031450   12.034406 v i_sram/BEN[19] (CF_SRAM_1024x32)
                                             12.034406   data arrival time

                                 25.000000   25.000000   clock clk (rise edge)
                                  4.650000   29.650000   clock source latency
     1    0.053413    0.610000    0.000000   29.650000 ^ wb_clk_i (in)
                                                         wb_clk_i (net)
                      0.627638    0.008379   29.658379 ^ clkbuf_0_wb_clk_i/A (sky130_fd_sc_hd__clkbuf_16)
     2    0.064406    0.132392    0.485183   30.143562 ^ clkbuf_0_wb_clk_i/X (sky130_fd_sc_hd__clkbuf_16)
                                                         clknet_0_wb_clk_i (net)
                      0.132435    0.001815   30.145376 ^ clkbuf_1_1__f_wb_clk_i/A (sky130_fd_sc_hd__clkbuf_16)
     1    0.135215    0.227499    0.354664   30.500040 ^ clkbuf_1_1__f_wb_clk_i/X (sky130_fd_sc_hd__clkbuf_16)
                                                         clknet_1_1__leaf_wb_clk_i (net)
                      0.228965    0.014062   30.514103 ^ i_sram/CLKin (CF_SRAM_1024x32)
                                 -0.100000   30.414104   clock uncertainty
                                  0.000000   30.414104   clock reconvergence pessimism
                                 -0.610117   29.803986   library setup time
                                             29.803986   data required time
---------------------------------------------------------------------------------------------
                                             29.803986   data required time
                                            -12.034406   data arrival time
---------------------------------------------------------------------------------------------
                                             17.769581   slack (MET)


Startpoint: wbs_sel_i[2] (input port clocked by clk)
Endpoint: i_sram (rising edge-triggered flip-flop clocked by clk)
Path Group: clk
Path Type: max

Fanout         Cap        Slew       Delay        Time   Description
---------------------------------------------------------------------------------------------
                                  0.000000    0.000000   clock clk (rise edge)
                                  5.570000    5.570000   clock network delay (propagated)
                                  3.170000    8.740000 v input external delay
     1    0.005537    0.180000    0.000000    8.740000 v wbs_sel_i[2] (in)
                                                         wbs_sel_i[2] (net)
                      0.180233    0.000123    8.740123 v hold93/A (sky130_fd_sc_hd__dlygate4sd3_1)
     1    0.003898    0.118021    1.254843    9.994966 v hold93/X (sky130_fd_sc_hd__dlygate4sd3_1)
                                                         net191 (net)
                      0.118021    0.000152    9.995117 v hold91/A (sky130_fd_sc_hd__dlygate4sd3_1)
     1    0.011629    0.192565    1.318210   11.313328 v hold91/X (sky130_fd_sc_hd__dlygate4sd3_1)
                                                         net189 (net)
                      0.192565    0.000475   11.313803 v input47/A (sky130_fd_sc_hd__buf_12)
     1    0.064039    0.079968    0.334489   11.648292 v input47/X (sky130_fd_sc_hd__buf_12)
                                                         net47 (net)
                      0.083019    0.012583   11.660874 v hold92/A (sky130_fd_sc_hd__buf_12)
     8    0.189818    0.180615    0.342082   12.002956 v hold92/X (sky130_fd_sc_hd__buf_12)
                                                         net190 (net)
                      0.188130    0.030375   12.033331 v i_sram/BEN[18] (CF_SRAM_1024x32)
                                             12.033331   data arrival time

                                 25.000000   25.000000   clock clk (rise edge)
                                  4.650000   29.650000   clock source latency
     1    0.053413    0.610000    0.000000   29.650000 ^ wb_clk_i (in)
                                                         wb_clk_i (net)
                      0.627638    0.008379   29.658379 ^ clkbuf_0_wb_clk_i/A (sky130_fd_sc_hd__clkbuf_16)
     2    0.064406    0.132392    0.485183   30.143562 ^ clkbuf_0_wb_clk_i/X (sky130_fd_sc_hd__clkbuf_16)
                                                         clknet_0_wb_clk_i (net)
                      0.132435    0.001815   30.145376 ^ clkbuf_1_1__f_wb_clk_i/A (sky130_fd_sc_hd__clkbuf_16)
     1    0.135215    0.227499    0.354664   30.500040 ^ clkbuf_1_1__f_wb_clk_i/X (sky130_fd_sc_hd__clkbuf_16)
                                                         clknet_1_1__leaf_wb_clk_i (net)
                      0.228965    0.014062   30.514103 ^ i_sram/CLKin (CF_SRAM_1024x32)
                                 -0.100000   30.414104   clock uncertainty
                                  0.000000   30.414104   clock reconvergence pessimism
                                 -0.609897   29.804207   library setup time
                                             29.804207   data required time
---------------------------------------------------------------------------------------------
                                             29.804207   data required time
                                            -12.033331   data arrival time
---------------------------------------------------------------------------------------------
                                             17.770876   slack (MET)


Startpoint: wbs_sel_i[2] (input port clocked by clk)
Endpoint: i_sram (rising edge-triggered flip-flop clocked by clk)
Path Group: clk
Path Type: max

Fanout         Cap        Slew       Delay        Time   Description
---------------------------------------------------------------------------------------------
                                  0.000000    0.000000   clock clk (rise edge)
                                  5.570000    5.570000   clock network delay (propagated)
                                  3.170000    8.740000 v input external delay
     1    0.005537    0.180000    0.000000    8.740000 v wbs_sel_i[2] (in)
                                                         wbs_sel_i[2] (net)
                      0.180233    0.000123    8.740123 v hold93/A (sky130_fd_sc_hd__dlygate4sd3_1)
     1    0.003898    0.118021    1.254843    9.994966 v hold93/X (sky130_fd_sc_hd__dlygate4sd3_1)
                                                         net191 (net)
                      0.118021    0.000152    9.995117 v hold91/A (sky130_fd_sc_hd__dlygate4sd3_1)
     1    0.011629    0.192565    1.318210   11.313328 v hold91/X (sky130_fd_sc_hd__dlygate4sd3_1)
                                                         net189 (net)
                      0.192565    0.000475   11.313803 v input47/A (sky130_fd_sc_hd__buf_12)
     1    0.064039    0.079968    0.334489   11.648292 v input47/X (sky130_fd_sc_hd__buf_12)
                                                         net47 (net)
                      0.083019    0.012583   11.660874 v hold92/A (sky130_fd_sc_hd__buf_12)
     8    0.189818    0.180615    0.342082   12.002956 v hold92/X (sky130_fd_sc_hd__buf_12)
                                                         net190 (net)
                      0.187535    0.029232   12.032188 v i_sram/BEN[17] (CF_SRAM_1024x32)
                                             12.032188   data arrival time

                                 25.000000   25.000000   clock clk (rise edge)
                                  4.650000   29.650000   clock source latency
     1    0.053413    0.610000    0.000000   29.650000 ^ wb_clk_i (in)
                                                         wb_clk_i (net)
                      0.627638    0.008379   29.658379 ^ clkbuf_0_wb_clk_i/A (sky130_fd_sc_hd__clkbuf_16)
     2    0.064406    0.132392    0.485183   30.143562 ^ clkbuf_0_wb_clk_i/X (sky130_fd_sc_hd__clkbuf_16)
                                                         clknet_0_wb_clk_i (net)
                      0.132435    0.001815   30.145376 ^ clkbuf_1_1__f_wb_clk_i/A (sky130_fd_sc_hd__clkbuf_16)
     1    0.135215    0.227499    0.354664   30.500040 ^ clkbuf_1_1__f_wb_clk_i/X (sky130_fd_sc_hd__clkbuf_16)
                                                         clknet_1_1__leaf_wb_clk_i (net)
                      0.228965    0.014062   30.514103 ^ i_sram/CLKin (CF_SRAM_1024x32)
                                 -0.100000   30.414104   clock uncertainty
                                  0.000000   30.414104   clock reconvergence pessimism
                                 -0.609671   29.804434   library setup time
                                             29.804434   data required time
---------------------------------------------------------------------------------------------
                                             29.804434   data required time
                                            -12.032188   data arrival time
---------------------------------------------------------------------------------------------
                                             17.772245   slack (MET)


Startpoint: wbs_sel_i[2] (input port clocked by clk)
Endpoint: i_sram (rising edge-triggered flip-flop clocked by clk)
Path Group: clk
Path Type: max

Fanout         Cap        Slew       Delay        Time   Description
---------------------------------------------------------------------------------------------
                                  0.000000    0.000000   clock clk (rise edge)
                                  5.570000    5.570000   clock network delay (propagated)
                                  3.170000    8.740000 v input external delay
     1    0.005537    0.180000    0.000000    8.740000 v wbs_sel_i[2] (in)
                                                         wbs_sel_i[2] (net)
                      0.180233    0.000123    8.740123 v hold93/A (sky130_fd_sc_hd__dlygate4sd3_1)
     1    0.003898    0.118021    1.254843    9.994966 v hold93/X (sky130_fd_sc_hd__dlygate4sd3_1)
                                                         net191 (net)
                      0.118021    0.000152    9.995117 v hold91/A (sky130_fd_sc_hd__dlygate4sd3_1)
     1    0.011629    0.192565    1.318210   11.313328 v hold91/X (sky130_fd_sc_hd__dlygate4sd3_1)
                                                         net189 (net)
                      0.192565    0.000475   11.313803 v input47/A (sky130_fd_sc_hd__buf_12)
     1    0.064039    0.079968    0.334489   11.648292 v input47/X (sky130_fd_sc_hd__buf_12)
                                                         net47 (net)
                      0.083019    0.012583   11.660874 v hold92/A (sky130_fd_sc_hd__buf_12)
     8    0.189818    0.180615    0.342082   12.002956 v hold92/X (sky130_fd_sc_hd__buf_12)
                                                         net190 (net)
                      0.186411    0.026935   12.029891 v i_sram/BEN[16] (CF_SRAM_1024x32)
                                             12.029891   data arrival time

                                 25.000000   25.000000   clock clk (rise edge)
                                  4.650000   29.650000   clock source latency
     1    0.053413    0.610000    0.000000   29.650000 ^ wb_clk_i (in)
                                                         wb_clk_i (net)
                      0.627638    0.008379   29.658379 ^ clkbuf_0_wb_clk_i/A (sky130_fd_sc_hd__clkbuf_16)
     2    0.064406    0.132392    0.485183   30.143562 ^ clkbuf_0_wb_clk_i/X (sky130_fd_sc_hd__clkbuf_16)
                                                         clknet_0_wb_clk_i (net)
                      0.132435    0.001815   30.145376 ^ clkbuf_1_1__f_wb_clk_i/A (sky130_fd_sc_hd__clkbuf_16)
     1    0.135215    0.227499    0.354664   30.500040 ^ clkbuf_1_1__f_wb_clk_i/X (sky130_fd_sc_hd__clkbuf_16)
                                                         clknet_1_1__leaf_wb_clk_i (net)
                      0.228965    0.014062   30.514103 ^ i_sram/CLKin (CF_SRAM_1024x32)
                                 -0.100000   30.414104   clock uncertainty
                                  0.000000   30.414104   clock reconvergence pessimism
                                 -0.609246   29.804859   library setup time
                                             29.804859   data required time
---------------------------------------------------------------------------------------------
                                             29.804859   data required time
                                            -12.029891   data arrival time
---------------------------------------------------------------------------------------------
                                             17.774969   slack (MET)


Startpoint: wbs_sel_i[0] (input port clocked by clk)
Endpoint: i_sram (rising edge-triggered flip-flop clocked by clk)
Path Group: clk
Path Type: max

Fanout         Cap        Slew       Delay        Time   Description
---------------------------------------------------------------------------------------------
                                  0.000000    0.000000   clock clk (rise edge)
                                  5.570000    5.570000   clock network delay (propagated)
                                  3.170000    8.740000 v input external delay
     1    0.003795    0.180000    0.000000    8.740000 v wbs_sel_i[0] (in)
                                                         wbs_sel_i[0] (net)
                      0.180124    0.000066    8.740066 v hold90/A (sky130_fd_sc_hd__dlygate4sd3_1)
     1    0.002531    0.103830    1.230485    9.970551 v hold90/X (sky130_fd_sc_hd__dlygate4sd3_1)
                                                         net188 (net)
                      0.103830    0.000072    9.970623 v hold88/A (sky130_fd_sc_hd__dlygate4sd3_1)
     1    0.009862    0.173977    1.289931   11.260553 v hold88/X (sky130_fd_sc_hd__dlygate4sd3_1)
                                                         net186 (net)
                      0.173977    0.000340   11.260894 v input45/A (sky130_fd_sc_hd__buf_12)
     1    0.027639    0.053365    0.295735   11.556629 v input45/X (sky130_fd_sc_hd__buf_12)
                                                         net45 (net)
                      0.053532    0.002484   11.559114 v hold89/A (sky130_fd_sc_hd__buf_12)
     8    0.208972    0.196829    0.328193   11.887306 v hold89/X (sky130_fd_sc_hd__buf_12)
                                                         net187 (net)
                      0.216727    0.050178   11.937484 v i_sram/BEN[0] (CF_SRAM_1024x32)
                                             11.937484   data arrival time

                                 25.000000   25.000000   clock clk (rise edge)
                                  4.650000   29.650000   clock source latency
     1    0.053413    0.610000    0.000000   29.650000 ^ wb_clk_i (in)
                                                         wb_clk_i (net)
                      0.627638    0.008379   29.658379 ^ clkbuf_0_wb_clk_i/A (sky130_fd_sc_hd__clkbuf_16)
     2    0.064406    0.132392    0.485183   30.143562 ^ clkbuf_0_wb_clk_i/X (sky130_fd_sc_hd__clkbuf_16)
                                                         clknet_0_wb_clk_i (net)
                      0.132435    0.001815   30.145376 ^ clkbuf_1_1__f_wb_clk_i/A (sky130_fd_sc_hd__clkbuf_16)
     1    0.135215    0.227499    0.354664   30.500040 ^ clkbuf_1_1__f_wb_clk_i/X (sky130_fd_sc_hd__clkbuf_16)
                                                         clknet_1_1__leaf_wb_clk_i (net)
                      0.228965    0.014062   30.514103 ^ i_sram/CLKin (CF_SRAM_1024x32)
                                 -0.100000   30.414104   clock uncertainty
                                  0.000000   30.414104   clock reconvergence pessimism
                                 -0.620734   29.793371   library setup time
                                             29.793371   data required time
---------------------------------------------------------------------------------------------
                                             29.793371   data required time
                                            -11.937484   data arrival time
---------------------------------------------------------------------------------------------
                                             17.855886   slack (MET)


Startpoint: wbs_sel_i[0] (input port clocked by clk)
Endpoint: i_sram (rising edge-triggered flip-flop clocked by clk)
Path Group: clk
Path Type: max

Fanout         Cap        Slew       Delay        Time   Description
---------------------------------------------------------------------------------------------
                                  0.000000    0.000000   clock clk (rise edge)
                                  5.570000    5.570000   clock network delay (propagated)
                                  3.170000    8.740000 v input external delay
     1    0.003795    0.180000    0.000000    8.740000 v wbs_sel_i[0] (in)
                                                         wbs_sel_i[0] (net)
                      0.180124    0.000066    8.740066 v hold90/A (sky130_fd_sc_hd__dlygate4sd3_1)
     1    0.002531    0.103830    1.230485    9.970551 v hold90/X (sky130_fd_sc_hd__dlygate4sd3_1)
                                                         net188 (net)
                      0.103830    0.000072    9.970623 v hold88/A (sky130_fd_sc_hd__dlygate4sd3_1)
     1    0.009862    0.173977    1.289931   11.260553 v hold88/X (sky130_fd_sc_hd__dlygate4sd3_1)
                                                         net186 (net)
                      0.173977    0.000340   11.260894 v input45/A (sky130_fd_sc_hd__buf_12)
     1    0.027639    0.053365    0.295735   11.556629 v input45/X (sky130_fd_sc_hd__buf_12)
                                                         net45 (net)
                      0.053532    0.002484   11.559114 v hold89/A (sky130_fd_sc_hd__buf_12)
     8    0.208972    0.196829    0.328193   11.887306 v hold89/X (sky130_fd_sc_hd__buf_12)
                                                         net187 (net)
                      0.216406    0.049766   11.937072 v i_sram/BEN[1] (CF_SRAM_1024x32)
                                             11.937072   data arrival time

                                 25.000000   25.000000   clock clk (rise edge)
                                  4.650000   29.650000   clock source latency
     1    0.053413    0.610000    0.000000   29.650000 ^ wb_clk_i (in)
                                                         wb_clk_i (net)
                      0.627638    0.008379   29.658379 ^ clkbuf_0_wb_clk_i/A (sky130_fd_sc_hd__clkbuf_16)
     2    0.064406    0.132392    0.485183   30.143562 ^ clkbuf_0_wb_clk_i/X (sky130_fd_sc_hd__clkbuf_16)
                                                         clknet_0_wb_clk_i (net)
                      0.132435    0.001815   30.145376 ^ clkbuf_1_1__f_wb_clk_i/A (sky130_fd_sc_hd__clkbuf_16)
     1    0.135215    0.227499    0.354664   30.500040 ^ clkbuf_1_1__f_wb_clk_i/X (sky130_fd_sc_hd__clkbuf_16)
                                                         clknet_1_1__leaf_wb_clk_i (net)
                      0.228965    0.014062   30.514103 ^ i_sram/CLKin (CF_SRAM_1024x32)
                                 -0.100000   30.414104   clock uncertainty
                                  0.000000   30.414104   clock reconvergence pessimism
                                 -0.620613   29.793491   library setup time
                                             29.793491   data required time
---------------------------------------------------------------------------------------------
                                             29.793491   data required time
                                            -11.937072   data arrival time
---------------------------------------------------------------------------------------------
                                             17.856419   slack (MET)


Startpoint: wbs_sel_i[0] (input port clocked by clk)
Endpoint: i_sram (rising edge-triggered flip-flop clocked by clk)
Path Group: clk
Path Type: max

Fanout         Cap        Slew       Delay        Time   Description
---------------------------------------------------------------------------------------------
                                  0.000000    0.000000   clock clk (rise edge)
                                  5.570000    5.570000   clock network delay (propagated)
                                  3.170000    8.740000 v input external delay
     1    0.003795    0.180000    0.000000    8.740000 v wbs_sel_i[0] (in)
                                                         wbs_sel_i[0] (net)
                      0.180124    0.000066    8.740066 v hold90/A (sky130_fd_sc_hd__dlygate4sd3_1)
     1    0.002531    0.103830    1.230485    9.970551 v hold90/X (sky130_fd_sc_hd__dlygate4sd3_1)
                                                         net188 (net)
                      0.103830    0.000072    9.970623 v hold88/A (sky130_fd_sc_hd__dlygate4sd3_1)
     1    0.009862    0.173977    1.289931   11.260553 v hold88/X (sky130_fd_sc_hd__dlygate4sd3_1)
                                                         net186 (net)
                      0.173977    0.000340   11.260894 v input45/A (sky130_fd_sc_hd__buf_12)
     1    0.027639    0.053365    0.295735   11.556629 v input45/X (sky130_fd_sc_hd__buf_12)
                                                         net45 (net)
                      0.053532    0.002484   11.559114 v hold89/A (sky130_fd_sc_hd__buf_12)
     8    0.208972    0.196829    0.328193   11.887306 v hold89/X (sky130_fd_sc_hd__buf_12)
                                                         net187 (net)
                      0.215966    0.049198   11.936504 v i_sram/BEN[2] (CF_SRAM_1024x32)
                                             11.936504   data arrival time

                                 25.000000   25.000000   clock clk (rise edge)
                                  4.650000   29.650000   clock source latency
     1    0.053413    0.610000    0.000000   29.650000 ^ wb_clk_i (in)
                                                         wb_clk_i (net)
                      0.627638    0.008379   29.658379 ^ clkbuf_0_wb_clk_i/A (sky130_fd_sc_hd__clkbuf_16)
     2    0.064406    0.132392    0.485183   30.143562 ^ clkbuf_0_wb_clk_i/X (sky130_fd_sc_hd__clkbuf_16)
                                                         clknet_0_wb_clk_i (net)
                      0.132435    0.001815   30.145376 ^ clkbuf_1_1__f_wb_clk_i/A (sky130_fd_sc_hd__clkbuf_16)
     1    0.135215    0.227499    0.354664   30.500040 ^ clkbuf_1_1__f_wb_clk_i/X (sky130_fd_sc_hd__clkbuf_16)
                                                         clknet_1_1__leaf_wb_clk_i (net)
                      0.228965    0.014062   30.514103 ^ i_sram/CLKin (CF_SRAM_1024x32)
                                 -0.100000   30.414104   clock uncertainty
                                  0.000000   30.414104   clock reconvergence pessimism
                                 -0.620446   29.793657   library setup time
                                             29.793657   data required time
---------------------------------------------------------------------------------------------
                                             29.793657   data required time
                                            -11.936504   data arrival time
---------------------------------------------------------------------------------------------
                                             17.857155   slack (MET)


Startpoint: wbs_sel_i[0] (input port clocked by clk)
Endpoint: i_sram (rising edge-triggered flip-flop clocked by clk)
Path Group: clk
Path Type: max

Fanout         Cap        Slew       Delay        Time   Description
---------------------------------------------------------------------------------------------
                                  0.000000    0.000000   clock clk (rise edge)
                                  5.570000    5.570000   clock network delay (propagated)
                                  3.170000    8.740000 v input external delay
     1    0.003795    0.180000    0.000000    8.740000 v wbs_sel_i[0] (in)
                                                         wbs_sel_i[0] (net)
                      0.180124    0.000066    8.740066 v hold90/A (sky130_fd_sc_hd__dlygate4sd3_1)
     1    0.002531    0.103830    1.230485    9.970551 v hold90/X (sky130_fd_sc_hd__dlygate4sd3_1)
                                                         net188 (net)
                      0.103830    0.000072    9.970623 v hold88/A (sky130_fd_sc_hd__dlygate4sd3_1)
     1    0.009862    0.173977    1.289931   11.260553 v hold88/X (sky130_fd_sc_hd__dlygate4sd3_1)
                                                         net186 (net)
                      0.173977    0.000340   11.260894 v input45/A (sky130_fd_sc_hd__buf_12)
     1    0.027639    0.053365    0.295735   11.556629 v input45/X (sky130_fd_sc_hd__buf_12)
                                                         net45 (net)
                      0.053532    0.002484   11.559114 v hold89/A (sky130_fd_sc_hd__buf_12)
     8    0.208972    0.196829    0.328193   11.887306 v hold89/X (sky130_fd_sc_hd__buf_12)
                                                         net187 (net)
                      0.215501    0.048592   11.935899 v i_sram/BEN[3] (CF_SRAM_1024x32)
                                             11.935899   data arrival time

                                 25.000000   25.000000   clock clk (rise edge)
                                  4.650000   29.650000   clock source latency
     1    0.053413    0.610000    0.000000   29.650000 ^ wb_clk_i (in)
                                                         wb_clk_i (net)
                      0.627638    0.008379   29.658379 ^ clkbuf_0_wb_clk_i/A (sky130_fd_sc_hd__clkbuf_16)
     2    0.064406    0.132392    0.485183   30.143562 ^ clkbuf_0_wb_clk_i/X (sky130_fd_sc_hd__clkbuf_16)
                                                         clknet_0_wb_clk_i (net)
                      0.132435    0.001815   30.145376 ^ clkbuf_1_1__f_wb_clk_i/A (sky130_fd_sc_hd__clkbuf_16)
     1    0.135215    0.227499    0.354664   30.500040 ^ clkbuf_1_1__f_wb_clk_i/X (sky130_fd_sc_hd__clkbuf_16)
                                                         clknet_1_1__leaf_wb_clk_i (net)
                      0.228965    0.014062   30.514103 ^ i_sram/CLKin (CF_SRAM_1024x32)
                                 -0.100000   30.414104   clock uncertainty
                                  0.000000   30.414104   clock reconvergence pessimism
                                 -0.620270   29.793835   library setup time
                                             29.793835   data required time
---------------------------------------------------------------------------------------------
                                             29.793835   data required time
                                            -11.935899   data arrival time
---------------------------------------------------------------------------------------------
                                             17.857937   slack (MET)


Startpoint: wbs_sel_i[0] (input port clocked by clk)
Endpoint: i_sram (rising edge-triggered flip-flop clocked by clk)
Path Group: clk
Path Type: max

Fanout         Cap        Slew       Delay        Time   Description
---------------------------------------------------------------------------------------------
                                  0.000000    0.000000   clock clk (rise edge)
                                  5.570000    5.570000   clock network delay (propagated)
                                  3.170000    8.740000 v input external delay
     1    0.003795    0.180000    0.000000    8.740000 v wbs_sel_i[0] (in)
                                                         wbs_sel_i[0] (net)
                      0.180124    0.000066    8.740066 v hold90/A (sky130_fd_sc_hd__dlygate4sd3_1)
     1    0.002531    0.103830    1.230485    9.970551 v hold90/X (sky130_fd_sc_hd__dlygate4sd3_1)
                                                         net188 (net)
                      0.103830    0.000072    9.970623 v hold88/A (sky130_fd_sc_hd__dlygate4sd3_1)
     1    0.009862    0.173977    1.289931   11.260553 v hold88/X (sky130_fd_sc_hd__dlygate4sd3_1)
                                                         net186 (net)
                      0.173977    0.000340   11.260894 v input45/A (sky130_fd_sc_hd__buf_12)
     1    0.027639    0.053365    0.295735   11.556629 v input45/X (sky130_fd_sc_hd__buf_12)
                                                         net45 (net)
                      0.053532    0.002484   11.559114 v hold89/A (sky130_fd_sc_hd__buf_12)
     8    0.208972    0.196829    0.328193   11.887306 v hold89/X (sky130_fd_sc_hd__buf_12)
                                                         net187 (net)
                      0.214915    0.047823   11.935130 v i_sram/BEN[4] (CF_SRAM_1024x32)
                                             11.935130   data arrival time

                                 25.000000   25.000000   clock clk (rise edge)
                                  4.650000   29.650000   clock source latency
     1    0.053413    0.610000    0.000000   29.650000 ^ wb_clk_i (in)
                                                         wb_clk_i (net)
                      0.627638    0.008379   29.658379 ^ clkbuf_0_wb_clk_i/A (sky130_fd_sc_hd__clkbuf_16)
     2    0.064406    0.132392    0.485183   30.143562 ^ clkbuf_0_wb_clk_i/X (sky130_fd_sc_hd__clkbuf_16)
                                                         clknet_0_wb_clk_i (net)
                      0.132435    0.001815   30.145376 ^ clkbuf_1_1__f_wb_clk_i/A (sky130_fd_sc_hd__clkbuf_16)
     1    0.135215    0.227499    0.354664   30.500040 ^ clkbuf_1_1__f_wb_clk_i/X (sky130_fd_sc_hd__clkbuf_16)
                                                         clknet_1_1__leaf_wb_clk_i (net)
                      0.228965    0.014062   30.514103 ^ i_sram/CLKin (CF_SRAM_1024x32)
                                 -0.100000   30.414104   clock uncertainty
                                  0.000000   30.414104   clock reconvergence pessimism
                                 -0.620047   29.794056   library setup time
                                             29.794056   data required time
---------------------------------------------------------------------------------------------
                                             29.794056   data required time
                                            -11.935130   data arrival time
---------------------------------------------------------------------------------------------
                                             17.858927   slack (MET)


Startpoint: wbs_sel_i[0] (input port clocked by clk)
Endpoint: i_sram (rising edge-triggered flip-flop clocked by clk)
Path Group: clk
Path Type: max

Fanout         Cap        Slew       Delay        Time   Description
---------------------------------------------------------------------------------------------
                                  0.000000    0.000000   clock clk (rise edge)
                                  5.570000    5.570000   clock network delay (propagated)
                                  3.170000    8.740000 v input external delay
     1    0.003795    0.180000    0.000000    8.740000 v wbs_sel_i[0] (in)
                                                         wbs_sel_i[0] (net)
                      0.180124    0.000066    8.740066 v hold90/A (sky130_fd_sc_hd__dlygate4sd3_1)
     1    0.002531    0.103830    1.230485    9.970551 v hold90/X (sky130_fd_sc_hd__dlygate4sd3_1)
                                                         net188 (net)
                      0.103830    0.000072    9.970623 v hold88/A (sky130_fd_sc_hd__dlygate4sd3_1)
     1    0.009862    0.173977    1.289931   11.260553 v hold88/X (sky130_fd_sc_hd__dlygate4sd3_1)
                                                         net186 (net)
                      0.173977    0.000340   11.260894 v input45/A (sky130_fd_sc_hd__buf_12)
     1    0.027639    0.053365    0.295735   11.556629 v input45/X (sky130_fd_sc_hd__buf_12)
                                                         net45 (net)
                      0.053532    0.002484   11.559114 v hold89/A (sky130_fd_sc_hd__buf_12)
     8    0.208972    0.196829    0.328193   11.887306 v hold89/X (sky130_fd_sc_hd__buf_12)
                                                         net187 (net)
                      0.213629    0.046112   11.933418 v i_sram/BEN[5] (CF_SRAM_1024x32)
                                             11.933418   data arrival time

                                 25.000000   25.000000   clock clk (rise edge)
                                  4.650000   29.650000   clock source latency
     1    0.053413    0.610000    0.000000   29.650000 ^ wb_clk_i (in)
                                                         wb_clk_i (net)
                      0.627638    0.008379   29.658379 ^ clkbuf_0_wb_clk_i/A (sky130_fd_sc_hd__clkbuf_16)
     2    0.064406    0.132392    0.485183   30.143562 ^ clkbuf_0_wb_clk_i/X (sky130_fd_sc_hd__clkbuf_16)
                                                         clknet_0_wb_clk_i (net)
                      0.132435    0.001815   30.145376 ^ clkbuf_1_1__f_wb_clk_i/A (sky130_fd_sc_hd__clkbuf_16)
     1    0.135215    0.227499    0.354664   30.500040 ^ clkbuf_1_1__f_wb_clk_i/X (sky130_fd_sc_hd__clkbuf_16)
                                                         clknet_1_1__leaf_wb_clk_i (net)
                      0.228965    0.014062   30.514103 ^ i_sram/CLKin (CF_SRAM_1024x32)
                                 -0.100000   30.414104   clock uncertainty
                                  0.000000   30.414104   clock reconvergence pessimism
                                 -0.619560   29.794544   library setup time
                                             29.794544   data required time
---------------------------------------------------------------------------------------------
                                             29.794544   data required time
                                            -11.933418   data arrival time
---------------------------------------------------------------------------------------------
                                             17.861126   slack (MET)


Startpoint: wbs_sel_i[0] (input port clocked by clk)
Endpoint: i_sram (rising edge-triggered flip-flop clocked by clk)
Path Group: clk
Path Type: max

Fanout         Cap        Slew       Delay        Time   Description
---------------------------------------------------------------------------------------------
                                  0.000000    0.000000   clock clk (rise edge)
                                  5.570000    5.570000   clock network delay (propagated)
                                  3.170000    8.740000 v input external delay
     1    0.003795    0.180000    0.000000    8.740000 v wbs_sel_i[0] (in)
                                                         wbs_sel_i[0] (net)
                      0.180124    0.000066    8.740066 v hold90/A (sky130_fd_sc_hd__dlygate4sd3_1)
     1    0.002531    0.103830    1.230485    9.970551 v hold90/X (sky130_fd_sc_hd__dlygate4sd3_1)
                                                         net188 (net)
                      0.103830    0.000072    9.970623 v hold88/A (sky130_fd_sc_hd__dlygate4sd3_1)
     1    0.009862    0.173977    1.289931   11.260553 v hold88/X (sky130_fd_sc_hd__dlygate4sd3_1)
                                                         net186 (net)
                      0.173977    0.000340   11.260894 v input45/A (sky130_fd_sc_hd__buf_12)
     1    0.027639    0.053365    0.295735   11.556629 v input45/X (sky130_fd_sc_hd__buf_12)
                                                         net45 (net)
                      0.053532    0.002484   11.559114 v hold89/A (sky130_fd_sc_hd__buf_12)
     8    0.208972    0.196829    0.328193   11.887306 v hold89/X (sky130_fd_sc_hd__buf_12)
                                                         net187 (net)
                      0.211641    0.043391   11.930697 v i_sram/BEN[6] (CF_SRAM_1024x32)
                                             11.930697   data arrival time

                                 25.000000   25.000000   clock clk (rise edge)
                                  4.650000   29.650000   clock source latency
     1    0.053413    0.610000    0.000000   29.650000 ^ wb_clk_i (in)
                                                         wb_clk_i (net)
                      0.627638    0.008379   29.658379 ^ clkbuf_0_wb_clk_i/A (sky130_fd_sc_hd__clkbuf_16)
     2    0.064406    0.132392    0.485183   30.143562 ^ clkbuf_0_wb_clk_i/X (sky130_fd_sc_hd__clkbuf_16)
                                                         clknet_0_wb_clk_i (net)
                      0.132435    0.001815   30.145376 ^ clkbuf_1_1__f_wb_clk_i/A (sky130_fd_sc_hd__clkbuf_16)
     1    0.135215    0.227499    0.354664   30.500040 ^ clkbuf_1_1__f_wb_clk_i/X (sky130_fd_sc_hd__clkbuf_16)
                                                         clknet_1_1__leaf_wb_clk_i (net)
                      0.228965    0.014062   30.514103 ^ i_sram/CLKin (CF_SRAM_1024x32)
                                 -0.100000   30.414104   clock uncertainty
                                  0.000000   30.414104   clock reconvergence pessimism
                                 -0.618807   29.795298   library setup time
                                             29.795298   data required time
---------------------------------------------------------------------------------------------
                                             29.795298   data required time
                                            -11.930697   data arrival time
---------------------------------------------------------------------------------------------
                                             17.864601   slack (MET)


Startpoint: wbs_sel_i[0] (input port clocked by clk)
Endpoint: i_sram (rising edge-triggered flip-flop clocked by clk)
Path Group: clk
Path Type: max

Fanout         Cap        Slew       Delay        Time   Description
---------------------------------------------------------------------------------------------
                                  0.000000    0.000000   clock clk (rise edge)
                                  5.570000    5.570000   clock network delay (propagated)
                                  3.170000    8.740000 v input external delay
     1    0.003795    0.180000    0.000000    8.740000 v wbs_sel_i[0] (in)
                                                         wbs_sel_i[0] (net)
                      0.180124    0.000066    8.740066 v hold90/A (sky130_fd_sc_hd__dlygate4sd3_1)
     1    0.002531    0.103830    1.230485    9.970551 v hold90/X (sky130_fd_sc_hd__dlygate4sd3_1)
                                                         net188 (net)
                      0.103830    0.000072    9.970623 v hold88/A (sky130_fd_sc_hd__dlygate4sd3_1)
     1    0.009862    0.173977    1.289931   11.260553 v hold88/X (sky130_fd_sc_hd__dlygate4sd3_1)
                                                         net186 (net)
                      0.173977    0.000340   11.260894 v input45/A (sky130_fd_sc_hd__buf_12)
     1    0.027639    0.053365    0.295735   11.556629 v input45/X (sky130_fd_sc_hd__buf_12)
                                                         net45 (net)
                      0.053532    0.002484   11.559114 v hold89/A (sky130_fd_sc_hd__buf_12)
     8    0.208972    0.196829    0.328193   11.887306 v hold89/X (sky130_fd_sc_hd__buf_12)
                                                         net187 (net)
                      0.210237    0.041405   11.928712 v i_sram/BEN[7] (CF_SRAM_1024x32)
                                             11.928712   data arrival time

                                 25.000000   25.000000   clock clk (rise edge)
                                  4.650000   29.650000   clock source latency
     1    0.053413    0.610000    0.000000   29.650000 ^ wb_clk_i (in)
                                                         wb_clk_i (net)
                      0.627638    0.008379   29.658379 ^ clkbuf_0_wb_clk_i/A (sky130_fd_sc_hd__clkbuf_16)
     2    0.064406    0.132392    0.485183   30.143562 ^ clkbuf_0_wb_clk_i/X (sky130_fd_sc_hd__clkbuf_16)
                                                         clknet_0_wb_clk_i (net)
                      0.132435    0.001815   30.145376 ^ clkbuf_1_1__f_wb_clk_i/A (sky130_fd_sc_hd__clkbuf_16)
     1    0.135215    0.227499    0.354664   30.500040 ^ clkbuf_1_1__f_wb_clk_i/X (sky130_fd_sc_hd__clkbuf_16)
                                                         clknet_1_1__leaf_wb_clk_i (net)
                      0.228965    0.014062   30.514103 ^ i_sram/CLKin (CF_SRAM_1024x32)
                                 -0.100000   30.414104   clock uncertainty
                                  0.000000   30.414104   clock reconvergence pessimism
                                 -0.618275   29.795830   library setup time
                                             29.795830   data required time
---------------------------------------------------------------------------------------------
                                             29.795830   data required time
                                            -11.928712   data arrival time
---------------------------------------------------------------------------------------------
                                             17.867117   slack (MET)


Startpoint: wbs_sel_i[1] (input port clocked by clk)
Endpoint: i_sram (rising edge-triggered flip-flop clocked by clk)
Path Group: clk
Path Type: max

Fanout         Cap        Slew       Delay        Time   Description
---------------------------------------------------------------------------------------------
                                  0.000000    0.000000   clock clk (rise edge)
                                  5.570000    5.570000   clock network delay (propagated)
                                  3.170000    8.740000 v input external delay
     1    0.005105    0.180000    0.000000    8.740000 v wbs_sel_i[1] (in)
                                                         wbs_sel_i[1] (net)
                      0.180193    0.000101    8.740101 v hold87/A (sky130_fd_sc_hd__dlygate4sd3_1)
     1    0.001895    0.097937    1.219212    9.959313 v hold87/X (sky130_fd_sc_hd__dlygate4sd3_1)
                                                         net185 (net)
                      0.097937    0.000055    9.959369 v hold85/A (sky130_fd_sc_hd__dlygate4sd3_1)
     1    0.010196    0.177358    1.290889   11.250257 v hold85/X (sky130_fd_sc_hd__dlygate4sd3_1)
                                                         net183 (net)
                      0.177358    0.000379   11.250637 v input46/A (sky130_fd_sc_hd__buf_12)
     1    0.025510    0.051628    0.295267   11.545904 v input46/X (sky130_fd_sc_hd__buf_12)
                                                         net46 (net)
                      0.051897    0.002455   11.548359 v hold86/A (sky130_fd_sc_hd__buf_12)
     8    0.200737    0.188620    0.335270   11.883629 v hold86/X (sky130_fd_sc_hd__buf_12)
                                                         net184 (net)
                      0.197156    0.033031   11.916660 v i_sram/BEN[8] (CF_SRAM_1024x32)
                                             11.916660   data arrival time

                                 25.000000   25.000000   clock clk (rise edge)
                                  4.650000   29.650000   clock source latency
     1    0.053413    0.610000    0.000000   29.650000 ^ wb_clk_i (in)
                                                         wb_clk_i (net)
                      0.627638    0.008379   29.658379 ^ clkbuf_0_wb_clk_i/A (sky130_fd_sc_hd__clkbuf_16)
     2    0.064406    0.132392    0.485183   30.143562 ^ clkbuf_0_wb_clk_i/X (sky130_fd_sc_hd__clkbuf_16)
                                                         clknet_0_wb_clk_i (net)
                      0.132435    0.001815   30.145376 ^ clkbuf_1_1__f_wb_clk_i/A (sky130_fd_sc_hd__clkbuf_16)
     1    0.135215    0.227499    0.354664   30.500040 ^ clkbuf_1_1__f_wb_clk_i/X (sky130_fd_sc_hd__clkbuf_16)
                                                         clknet_1_1__leaf_wb_clk_i (net)
                      0.228965    0.014062   30.514103 ^ i_sram/CLKin (CF_SRAM_1024x32)
                                 -0.100000   30.414104   clock uncertainty
                                  0.000000   30.414104   clock reconvergence pessimism
                                 -0.613318   29.800787   library setup time
                                             29.800787   data required time
---------------------------------------------------------------------------------------------
                                             29.800787   data required time
                                            -11.916660   data arrival time
---------------------------------------------------------------------------------------------
                                             17.884127   slack (MET)


Startpoint: wbs_sel_i[1] (input port clocked by clk)
Endpoint: i_sram (rising edge-triggered flip-flop clocked by clk)
Path Group: clk
Path Type: max

Fanout         Cap        Slew       Delay        Time   Description
---------------------------------------------------------------------------------------------
                                  0.000000    0.000000   clock clk (rise edge)
                                  5.570000    5.570000   clock network delay (propagated)
                                  3.170000    8.740000 v input external delay
     1    0.005105    0.180000    0.000000    8.740000 v wbs_sel_i[1] (in)
                                                         wbs_sel_i[1] (net)
                      0.180193    0.000101    8.740101 v hold87/A (sky130_fd_sc_hd__dlygate4sd3_1)
     1    0.001895    0.097937    1.219212    9.959313 v hold87/X (sky130_fd_sc_hd__dlygate4sd3_1)
                                                         net185 (net)
                      0.097937    0.000055    9.959369 v hold85/A (sky130_fd_sc_hd__dlygate4sd3_1)
     1    0.010196    0.177358    1.290889   11.250257 v hold85/X (sky130_fd_sc_hd__dlygate4sd3_1)
                                                         net183 (net)
                      0.177358    0.000379   11.250637 v input46/A (sky130_fd_sc_hd__buf_12)
     1    0.025510    0.051628    0.295267   11.545904 v input46/X (sky130_fd_sc_hd__buf_12)
                                                         net46 (net)
                      0.051897    0.002455   11.548359 v hold86/A (sky130_fd_sc_hd__buf_12)
     8    0.200737    0.188620    0.335270   11.883629 v hold86/X (sky130_fd_sc_hd__buf_12)
                                                         net184 (net)
                      0.197038    0.032815   11.916443 v i_sram/BEN[9] (CF_SRAM_1024x32)
                                             11.916443   data arrival time

                                 25.000000   25.000000   clock clk (rise edge)
                                  4.650000   29.650000   clock source latency
     1    0.053413    0.610000    0.000000   29.650000 ^ wb_clk_i (in)
                                                         wb_clk_i (net)
                      0.627638    0.008379   29.658379 ^ clkbuf_0_wb_clk_i/A (sky130_fd_sc_hd__clkbuf_16)
     2    0.064406    0.132392    0.485183   30.143562 ^ clkbuf_0_wb_clk_i/X (sky130_fd_sc_hd__clkbuf_16)
                                                         clknet_0_wb_clk_i (net)
                      0.132435    0.001815   30.145376 ^ clkbuf_1_1__f_wb_clk_i/A (sky130_fd_sc_hd__clkbuf_16)
     1    0.135215    0.227499    0.354664   30.500040 ^ clkbuf_1_1__f_wb_clk_i/X (sky130_fd_sc_hd__clkbuf_16)
                                                         clknet_1_1__leaf_wb_clk_i (net)
                      0.228965    0.014062   30.514103 ^ i_sram/CLKin (CF_SRAM_1024x32)
                                 -0.100000   30.414104   clock uncertainty
                                  0.000000   30.414104   clock reconvergence pessimism
                                 -0.613273   29.800831   library setup time
                                             29.800831   data required time
---------------------------------------------------------------------------------------------
                                             29.800831   data required time
                                            -11.916443   data arrival time
---------------------------------------------------------------------------------------------
                                             17.884388   slack (MET)


Startpoint: wbs_sel_i[1] (input port clocked by clk)
Endpoint: i_sram (rising edge-triggered flip-flop clocked by clk)
Path Group: clk
Path Type: max

Fanout         Cap        Slew       Delay        Time   Description
---------------------------------------------------------------------------------------------
                                  0.000000    0.000000   clock clk (rise edge)
                                  5.570000    5.570000   clock network delay (propagated)
                                  3.170000    8.740000 v input external delay
     1    0.005105    0.180000    0.000000    8.740000 v wbs_sel_i[1] (in)
                                                         wbs_sel_i[1] (net)
                      0.180193    0.000101    8.740101 v hold87/A (sky130_fd_sc_hd__dlygate4sd3_1)
     1    0.001895    0.097937    1.219212    9.959313 v hold87/X (sky130_fd_sc_hd__dlygate4sd3_1)
                                                         net185 (net)
                      0.097937    0.000055    9.959369 v hold85/A (sky130_fd_sc_hd__dlygate4sd3_1)
     1    0.010196    0.177358    1.290889   11.250257 v hold85/X (sky130_fd_sc_hd__dlygate4sd3_1)
                                                         net183 (net)
                      0.177358    0.000379   11.250637 v input46/A (sky130_fd_sc_hd__buf_12)
     1    0.025510    0.051628    0.295267   11.545904 v input46/X (sky130_fd_sc_hd__buf_12)
                                                         net46 (net)
                      0.051897    0.002455   11.548359 v hold86/A (sky130_fd_sc_hd__buf_12)
     8    0.200737    0.188620    0.335270   11.883629 v hold86/X (sky130_fd_sc_hd__buf_12)
                                                         net184 (net)
                      0.196825    0.032420   11.916049 v i_sram/BEN[10] (CF_SRAM_1024x32)
                                             11.916049   data arrival time

                                 25.000000   25.000000   clock clk (rise edge)
                                  4.650000   29.650000   clock source latency
     1    0.053413    0.610000    0.000000   29.650000 ^ wb_clk_i (in)
                                                         wb_clk_i (net)
                      0.627638    0.008379   29.658379 ^ clkbuf_0_wb_clk_i/A (sky130_fd_sc_hd__clkbuf_16)
     2    0.064406    0.132392    0.485183   30.143562 ^ clkbuf_0_wb_clk_i/X (sky130_fd_sc_hd__clkbuf_16)
                                                         clknet_0_wb_clk_i (net)
                      0.132435    0.001815   30.145376 ^ clkbuf_1_1__f_wb_clk_i/A (sky130_fd_sc_hd__clkbuf_16)
     1    0.135215    0.227499    0.354664   30.500040 ^ clkbuf_1_1__f_wb_clk_i/X (sky130_fd_sc_hd__clkbuf_16)
                                                         clknet_1_1__leaf_wb_clk_i (net)
                      0.228965    0.014062   30.514103 ^ i_sram/CLKin (CF_SRAM_1024x32)
                                 -0.100000   30.414104   clock uncertainty
                                  0.000000   30.414104   clock reconvergence pessimism
                                 -0.613192   29.800913   library setup time
                                             29.800913   data required time
---------------------------------------------------------------------------------------------
                                             29.800913   data required time
                                            -11.916049   data arrival time
---------------------------------------------------------------------------------------------
                                             17.884865   slack (MET)


Startpoint: wbs_sel_i[1] (input port clocked by clk)
Endpoint: i_sram (rising edge-triggered flip-flop clocked by clk)
Path Group: clk
Path Type: max

Fanout         Cap        Slew       Delay        Time   Description
---------------------------------------------------------------------------------------------
                                  0.000000    0.000000   clock clk (rise edge)
                                  5.570000    5.570000   clock network delay (propagated)
                                  3.170000    8.740000 v input external delay
     1    0.005105    0.180000    0.000000    8.740000 v wbs_sel_i[1] (in)
                                                         wbs_sel_i[1] (net)
                      0.180193    0.000101    8.740101 v hold87/A (sky130_fd_sc_hd__dlygate4sd3_1)
     1    0.001895    0.097937    1.219212    9.959313 v hold87/X (sky130_fd_sc_hd__dlygate4sd3_1)
                                                         net185 (net)
                      0.097937    0.000055    9.959369 v hold85/A (sky130_fd_sc_hd__dlygate4sd3_1)
     1    0.010196    0.177358    1.290889   11.250257 v hold85/X (sky130_fd_sc_hd__dlygate4sd3_1)
                                                         net183 (net)
                      0.177358    0.000379   11.250637 v input46/A (sky130_fd_sc_hd__buf_12)
     1    0.025510    0.051628    0.295267   11.545904 v input46/X (sky130_fd_sc_hd__buf_12)
                                                         net46 (net)
                      0.051897    0.002455   11.548359 v hold86/A (sky130_fd_sc_hd__buf_12)
     8    0.200737    0.188620    0.335270   11.883629 v hold86/X (sky130_fd_sc_hd__buf_12)
                                                         net184 (net)
                      0.196187    0.031212   11.914841 v i_sram/BEN[11] (CF_SRAM_1024x32)
                                             11.914841   data arrival time

                                 25.000000   25.000000   clock clk (rise edge)
                                  4.650000   29.650000   clock source latency
     1    0.053413    0.610000    0.000000   29.650000 ^ wb_clk_i (in)
                                                         wb_clk_i (net)
                      0.627638    0.008379   29.658379 ^ clkbuf_0_wb_clk_i/A (sky130_fd_sc_hd__clkbuf_16)
     2    0.064406    0.132392    0.485183   30.143562 ^ clkbuf_0_wb_clk_i/X (sky130_fd_sc_hd__clkbuf_16)
                                                         clknet_0_wb_clk_i (net)
                      0.132435    0.001815   30.145376 ^ clkbuf_1_1__f_wb_clk_i/A (sky130_fd_sc_hd__clkbuf_16)
     1    0.135215    0.227499    0.354664   30.500040 ^ clkbuf_1_1__f_wb_clk_i/X (sky130_fd_sc_hd__clkbuf_16)
                                                         clknet_1_1__leaf_wb_clk_i (net)
                      0.228965    0.014062   30.514103 ^ i_sram/CLKin (CF_SRAM_1024x32)
                                 -0.100000   30.414104   clock uncertainty
                                  0.000000   30.414104   clock reconvergence pessimism
                                 -0.612950   29.801155   library setup time
                                             29.801155   data required time
---------------------------------------------------------------------------------------------
                                             29.801155   data required time
                                            -11.914841   data arrival time
---------------------------------------------------------------------------------------------
                                             17.886312   slack (MET)


Startpoint: wbs_sel_i[1] (input port clocked by clk)
Endpoint: i_sram (rising edge-triggered flip-flop clocked by clk)
Path Group: clk
Path Type: max

Fanout         Cap        Slew       Delay        Time   Description
---------------------------------------------------------------------------------------------
                                  0.000000    0.000000   clock clk (rise edge)
                                  5.570000    5.570000   clock network delay (propagated)
                                  3.170000    8.740000 v input external delay
     1    0.005105    0.180000    0.000000    8.740000 v wbs_sel_i[1] (in)
                                                         wbs_sel_i[1] (net)
                      0.180193    0.000101    8.740101 v hold87/A (sky130_fd_sc_hd__dlygate4sd3_1)
     1    0.001895    0.097937    1.219212    9.959313 v hold87/X (sky130_fd_sc_hd__dlygate4sd3_1)
                                                         net185 (net)
                      0.097937    0.000055    9.959369 v hold85/A (sky130_fd_sc_hd__dlygate4sd3_1)
     1    0.010196    0.177358    1.290889   11.250257 v hold85/X (sky130_fd_sc_hd__dlygate4sd3_1)
                                                         net183 (net)
                      0.177358    0.000379   11.250637 v input46/A (sky130_fd_sc_hd__buf_12)
     1    0.025510    0.051628    0.295267   11.545904 v input46/X (sky130_fd_sc_hd__buf_12)
                                                         net46 (net)
                      0.051897    0.002455   11.548359 v hold86/A (sky130_fd_sc_hd__buf_12)
     8    0.200737    0.188620    0.335270   11.883629 v hold86/X (sky130_fd_sc_hd__buf_12)
                                                         net184 (net)
                      0.195740    0.030338   11.913966 v i_sram/BEN[12] (CF_SRAM_1024x32)
                                             11.913966   data arrival time

                                 25.000000   25.000000   clock clk (rise edge)
                                  4.650000   29.650000   clock source latency
     1    0.053413    0.610000    0.000000   29.650000 ^ wb_clk_i (in)
                                                         wb_clk_i (net)
                      0.627638    0.008379   29.658379 ^ clkbuf_0_wb_clk_i/A (sky130_fd_sc_hd__clkbuf_16)
     2    0.064406    0.132392    0.485183   30.143562 ^ clkbuf_0_wb_clk_i/X (sky130_fd_sc_hd__clkbuf_16)
                                                         clknet_0_wb_clk_i (net)
                      0.132435    0.001815   30.145376 ^ clkbuf_1_1__f_wb_clk_i/A (sky130_fd_sc_hd__clkbuf_16)
     1    0.135215    0.227499    0.354664   30.500040 ^ clkbuf_1_1__f_wb_clk_i/X (sky130_fd_sc_hd__clkbuf_16)
                                                         clknet_1_1__leaf_wb_clk_i (net)
                      0.228965    0.014062   30.514103 ^ i_sram/CLKin (CF_SRAM_1024x32)
                                 -0.100000   30.414104   clock uncertainty
                                  0.000000   30.414104   clock reconvergence pessimism
                                 -0.612781   29.801323   library setup time
                                             29.801323   data required time
---------------------------------------------------------------------------------------------
                                             29.801323   data required time
                                            -11.913966   data arrival time
---------------------------------------------------------------------------------------------
                                             17.887356   slack (MET)


Startpoint: wbs_sel_i[1] (input port clocked by clk)
Endpoint: i_sram (rising edge-triggered flip-flop clocked by clk)
Path Group: clk
Path Type: max

Fanout         Cap        Slew       Delay        Time   Description
---------------------------------------------------------------------------------------------
                                  0.000000    0.000000   clock clk (rise edge)
                                  5.570000    5.570000   clock network delay (propagated)
                                  3.170000    8.740000 v input external delay
     1    0.005105    0.180000    0.000000    8.740000 v wbs_sel_i[1] (in)
                                                         wbs_sel_i[1] (net)
                      0.180193    0.000101    8.740101 v hold87/A (sky130_fd_sc_hd__dlygate4sd3_1)
     1    0.001895    0.097937    1.219212    9.959313 v hold87/X (sky130_fd_sc_hd__dlygate4sd3_1)
                                                         net185 (net)
                      0.097937    0.000055    9.959369 v hold85/A (sky130_fd_sc_hd__dlygate4sd3_1)
     1    0.010196    0.177358    1.290889   11.250257 v hold85/X (sky130_fd_sc_hd__dlygate4sd3_1)
                                                         net183 (net)
                      0.177358    0.000379   11.250637 v input46/A (sky130_fd_sc_hd__buf_12)
     1    0.025510    0.051628    0.295267   11.545904 v input46/X (sky130_fd_sc_hd__buf_12)
                                                         net46 (net)
                      0.051897    0.002455   11.548359 v hold86/A (sky130_fd_sc_hd__buf_12)
     8    0.200737    0.188620    0.335270   11.883629 v hold86/X (sky130_fd_sc_hd__buf_12)
                                                         net184 (net)
                      0.195156    0.029151   11.912780 v i_sram/BEN[13] (CF_SRAM_1024x32)
                                             11.912780   data arrival time

                                 25.000000   25.000000   clock clk (rise edge)
                                  4.650000   29.650000   clock source latency
     1    0.053413    0.610000    0.000000   29.650000 ^ wb_clk_i (in)
                                                         wb_clk_i (net)
                      0.627638    0.008379   29.658379 ^ clkbuf_0_wb_clk_i/A (sky130_fd_sc_hd__clkbuf_16)
     2    0.064406    0.132392    0.485183   30.143562 ^ clkbuf_0_wb_clk_i/X (sky130_fd_sc_hd__clkbuf_16)
                                                         clknet_0_wb_clk_i (net)
                      0.132435    0.001815   30.145376 ^ clkbuf_1_1__f_wb_clk_i/A (sky130_fd_sc_hd__clkbuf_16)
     1    0.135215    0.227499    0.354664   30.500040 ^ clkbuf_1_1__f_wb_clk_i/X (sky130_fd_sc_hd__clkbuf_16)
                                                         clknet_1_1__leaf_wb_clk_i (net)
                      0.228965    0.014062   30.514103 ^ i_sram/CLKin (CF_SRAM_1024x32)
                                 -0.100000   30.414104   clock uncertainty
                                  0.000000   30.414104   clock reconvergence pessimism
                                 -0.612559   29.801546   library setup time
                                             29.801546   data required time
---------------------------------------------------------------------------------------------
                                             29.801546   data required time
                                            -11.912780   data arrival time
---------------------------------------------------------------------------------------------
                                             17.888767   slack (MET)


Startpoint: wbs_sel_i[1] (input port clocked by clk)
Endpoint: i_sram (rising edge-triggered flip-flop clocked by clk)
Path Group: clk
Path Type: max

Fanout         Cap        Slew       Delay        Time   Description
---------------------------------------------------------------------------------------------
                                  0.000000    0.000000   clock clk (rise edge)
                                  5.570000    5.570000   clock network delay (propagated)
                                  3.170000    8.740000 v input external delay
     1    0.005105    0.180000    0.000000    8.740000 v wbs_sel_i[1] (in)
                                                         wbs_sel_i[1] (net)
                      0.180193    0.000101    8.740101 v hold87/A (sky130_fd_sc_hd__dlygate4sd3_1)
     1    0.001895    0.097937    1.219212    9.959313 v hold87/X (sky130_fd_sc_hd__dlygate4sd3_1)
                                                         net185 (net)
                      0.097937    0.000055    9.959369 v hold85/A (sky130_fd_sc_hd__dlygate4sd3_1)
     1    0.010196    0.177358    1.290889   11.250257 v hold85/X (sky130_fd_sc_hd__dlygate4sd3_1)
                                                         net183 (net)
                      0.177358    0.000379   11.250637 v input46/A (sky130_fd_sc_hd__buf_12)
     1    0.025510    0.051628    0.295267   11.545904 v input46/X (sky130_fd_sc_hd__buf_12)
                                                         net46 (net)
                      0.051897    0.002455   11.548359 v hold86/A (sky130_fd_sc_hd__buf_12)
     8    0.200737    0.188620    0.335270   11.883629 v hold86/X (sky130_fd_sc_hd__buf_12)
                                                         net184 (net)
                      0.193654    0.025840   11.909469 v i_sram/BEN[14] (CF_SRAM_1024x32)
                                             11.909469   data arrival time

                                 25.000000   25.000000   clock clk (rise edge)
                                  4.650000   29.650000   clock source latency
     1    0.053413    0.610000    0.000000   29.650000 ^ wb_clk_i (in)
                                                         wb_clk_i (net)
                      0.627638    0.008379   29.658379 ^ clkbuf_0_wb_clk_i/A (sky130_fd_sc_hd__clkbuf_16)
     2    0.064406    0.132392    0.485183   30.143562 ^ clkbuf_0_wb_clk_i/X (sky130_fd_sc_hd__clkbuf_16)
                                                         clknet_0_wb_clk_i (net)
                      0.132435    0.001815   30.145376 ^ clkbuf_1_1__f_wb_clk_i/A (sky130_fd_sc_hd__clkbuf_16)
     1    0.135215    0.227499    0.354664   30.500040 ^ clkbuf_1_1__f_wb_clk_i/X (sky130_fd_sc_hd__clkbuf_16)
                                                         clknet_1_1__leaf_wb_clk_i (net)
                      0.228965    0.014062   30.514103 ^ i_sram/CLKin (CF_SRAM_1024x32)
                                 -0.100000   30.414104   clock uncertainty
                                  0.000000   30.414104   clock reconvergence pessimism
                                 -0.611990   29.802114   library setup time
                                             29.802114   data required time
---------------------------------------------------------------------------------------------
                                             29.802114   data required time
                                            -11.909469   data arrival time
---------------------------------------------------------------------------------------------
                                             17.892647   slack (MET)


Startpoint: wbs_sel_i[1] (input port clocked by clk)
Endpoint: i_sram (rising edge-triggered flip-flop clocked by clk)
Path Group: clk
Path Type: max

Fanout         Cap        Slew       Delay        Time   Description
---------------------------------------------------------------------------------------------
                                  0.000000    0.000000   clock clk (rise edge)
                                  5.570000    5.570000   clock network delay (propagated)
                                  3.170000    8.740000 v input external delay
     1    0.005105    0.180000    0.000000    8.740000 v wbs_sel_i[1] (in)
                                                         wbs_sel_i[1] (net)
                      0.180193    0.000101    8.740101 v hold87/A (sky130_fd_sc_hd__dlygate4sd3_1)
     1    0.001895    0.097937    1.219212    9.959313 v hold87/X (sky130_fd_sc_hd__dlygate4sd3_1)
                                                         net185 (net)
                      0.097937    0.000055    9.959369 v hold85/A (sky130_fd_sc_hd__dlygate4sd3_1)
     1    0.010196    0.177358    1.290889   11.250257 v hold85/X (sky130_fd_sc_hd__dlygate4sd3_1)
                                                         net183 (net)
                      0.177358    0.000379   11.250637 v input46/A (sky130_fd_sc_hd__buf_12)
     1    0.025510    0.051628    0.295267   11.545904 v input46/X (sky130_fd_sc_hd__buf_12)
                                                         net46 (net)
                      0.051897    0.002455   11.548359 v hold86/A (sky130_fd_sc_hd__buf_12)
     8    0.200737    0.188620    0.335270   11.883629 v hold86/X (sky130_fd_sc_hd__buf_12)
                                                         net184 (net)
                      0.192666    0.023380   11.907009 v i_sram/BEN[15] (CF_SRAM_1024x32)
                                             11.907009   data arrival time

                                 25.000000   25.000000   clock clk (rise edge)
                                  4.650000   29.650000   clock source latency
     1    0.053413    0.610000    0.000000   29.650000 ^ wb_clk_i (in)
                                                         wb_clk_i (net)
                      0.627638    0.008379   29.658379 ^ clkbuf_0_wb_clk_i/A (sky130_fd_sc_hd__clkbuf_16)
     2    0.064406    0.132392    0.485183   30.143562 ^ clkbuf_0_wb_clk_i/X (sky130_fd_sc_hd__clkbuf_16)
                                                         clknet_0_wb_clk_i (net)
                      0.132435    0.001815   30.145376 ^ clkbuf_1_1__f_wb_clk_i/A (sky130_fd_sc_hd__clkbuf_16)
     1    0.135215    0.227499    0.354664   30.500040 ^ clkbuf_1_1__f_wb_clk_i/X (sky130_fd_sc_hd__clkbuf_16)
                                                         clknet_1_1__leaf_wb_clk_i (net)
                      0.228965    0.014062   30.514103 ^ i_sram/CLKin (CF_SRAM_1024x32)
                                 -0.100000   30.414104   clock uncertainty
                                  0.000000   30.414104   clock reconvergence pessimism
                                 -0.611616   29.802486   library setup time
                                             29.802486   data required time
---------------------------------------------------------------------------------------------
                                             29.802486   data required time
                                            -11.907009   data arrival time
---------------------------------------------------------------------------------------------
                                             17.895477   slack (MET)


Startpoint: wbs_we_i (input port clocked by clk)
Endpoint: i_sram (rising edge-triggered flip-flop clocked by clk)
Path Group: clk
Path Type: max

Fanout         Cap        Slew       Delay        Time   Description
---------------------------------------------------------------------------------------------
                                  0.000000    0.000000   clock clk (rise edge)
                                  5.570000    5.570000   clock network delay (propagated)
                                  3.740000    9.310000 ^ input external delay
     1    0.003801    0.140000    0.000000    9.310000 ^ wbs_we_i (in)
                                                         wbs_we_i (net)
                      0.140122    0.000064    9.310064 ^ input50/A (sky130_fd_sc_hd__buf_2)
     5    0.054878    0.426206    0.506163    9.816227 ^ input50/X (sky130_fd_sc_hd__buf_2)
                                                         net50 (net)
                      0.426236    0.003171    9.819398 ^ fanout85/A (sky130_fd_sc_hd__buf_4)
    15    0.074962    0.333855    0.580495   10.399893 ^ fanout85/X (sky130_fd_sc_hd__buf_4)
                                                         net85 (net)
                      0.333926    0.005095   10.404987 ^ _10_/A (sky130_fd_sc_hd__clkinv_4)
     1    0.080955    0.299809    0.387520   10.792507 v _10_/Y (sky130_fd_sc_hd__clkinv_4)
                                                         i_ram_wb_controller.R_WB (net)
                      0.300686    0.014078   10.806585 v i_sram/R_WB (CF_SRAM_1024x32)
                                             10.806585   data arrival time

                                 25.000000   25.000000   clock clk (rise edge)
                                  4.650000   29.650000   clock source latency
     1    0.053413    0.610000    0.000000   29.650000 ^ wb_clk_i (in)
                                                         wb_clk_i (net)
                      0.627638    0.008379   29.658379 ^ clkbuf_0_wb_clk_i/A (sky130_fd_sc_hd__clkbuf_16)
     2    0.064406    0.132392    0.485183   30.143562 ^ clkbuf_0_wb_clk_i/X (sky130_fd_sc_hd__clkbuf_16)
                                                         clknet_0_wb_clk_i (net)
                      0.132435    0.001815   30.145376 ^ clkbuf_1_1__f_wb_clk_i/A (sky130_fd_sc_hd__clkbuf_16)
     1    0.135215    0.227499    0.354664   30.500040 ^ clkbuf_1_1__f_wb_clk_i/X (sky130_fd_sc_hd__clkbuf_16)
                                                         clknet_1_1__leaf_wb_clk_i (net)
                      0.228965    0.014062   30.514103 ^ i_sram/CLKin (CF_SRAM_1024x32)
                                 -0.100000   30.414104   clock uncertainty
                                  0.000000   30.414104   clock reconvergence pessimism
                                 -0.460333   29.953772   library setup time
                                             29.953772   data required time
---------------------------------------------------------------------------------------------
                                             29.953772   data required time
                                            -10.806585   data arrival time
---------------------------------------------------------------------------------------------
                                             19.147188   slack (MET)


Startpoint: _45_ (rising edge-triggered flip-flop clocked by clk)
Endpoint: wbs_ack_o (output port clocked by clk)
Path Group: clk
Path Type: max

Fanout         Cap        Slew       Delay        Time   Description
---------------------------------------------------------------------------------------------
                                  0.000000    0.000000   clock clk (rise edge)
                                  5.570000    5.570000   clock source latency
     1    0.053413    0.610000    0.000000    5.570000 ^ wb_clk_i (in)
                                                         wb_clk_i (net)
                      0.627638    0.009260    5.579260 ^ clkbuf_0_wb_clk_i/A (sky130_fd_sc_hd__clkbuf_16)
     2    0.064406    0.132392    0.536255    6.115515 ^ clkbuf_0_wb_clk_i/X (sky130_fd_sc_hd__clkbuf_16)
                                                         clknet_0_wb_clk_i (net)
                      0.133176    0.008781    6.124296 ^ clkbuf_1_0__f_wb_clk_i/A (sky130_fd_sc_hd__clkbuf_16)
     2    0.054188    0.112746    0.309359    6.433656 ^ clkbuf_1_0__f_wb_clk_i/X (sky130_fd_sc_hd__clkbuf_16)
                                                         clknet_1_0__leaf_wb_clk_i (net)
                      0.112765    0.001478    6.435133 ^ _45_/CLK (sky130_fd_sc_hd__dfrtp_1)
     1    0.016565    0.189490    0.920496    7.355629 v _45_/Q (sky130_fd_sc_hd__dfrtp_1)
                                                         net51 (net)
                      0.189493    0.001188    7.356818 v output51/A (sky130_fd_sc_hd__buf_12)
     1    0.190751    0.173232    0.419048    7.775866 v output51/X (sky130_fd_sc_hd__buf_12)
                                                         wbs_ack_o (net)
                      0.173326    0.003856    7.779721 v wbs_ack_o (out)
                                              7.779721   data arrival time

                                 50.000000   50.000000   clock clk (rise edge)
                                  4.650000   54.650002   clock network delay (propagated)
                                 -0.100000   54.550003   clock uncertainty
                                  0.000000   54.550003   clock reconvergence pessimism
                                 -8.410000   46.139996   output external delay
                                             46.139996   data required time
---------------------------------------------------------------------------------------------
                                             46.139996   data required time
                                             -7.779721   data arrival time
---------------------------------------------------------------------------------------------
                                             38.360275   slack (MET)


Startpoint: wbs_cyc_i (input port clocked by clk)
Endpoint: i_sram (rising edge-triggered flip-flop clocked by clk)
Path Group: clk
Path Type: max

Fanout         Cap        Slew       Delay        Time   Description
---------------------------------------------------------------------------------------------
                                  0.000000    0.000000   clock clk (rise edge)
                                  5.570000    5.570000   clock network delay (propagated)
                                  4.740000   10.310000 ^ input external delay
     1    0.002991    0.170000    0.000000   10.310000 ^ wbs_cyc_i (in)
                                                         wbs_cyc_i (net)
                      0.170076    0.000040   10.310040 ^ input12/A (sky130_fd_sc_hd__buf_2)
     5    0.056875    0.441380    0.531123   10.841163 ^ input12/X (sky130_fd_sc_hd__buf_2)
                                                         net12 (net)
                      0.441423    0.003865   10.845028 ^ fanout89/A (sky130_fd_sc_hd__clkbuf_4)
    15    0.063005    0.305511    0.613915   11.458943 ^ fanout89/X (sky130_fd_sc_hd__clkbuf_4)
                                                         net89 (net)
                      0.305583    0.004902   11.463845 ^ _12_/A (sky130_fd_sc_hd__and2_4)
     2    0.091425    0.421420    0.691423   12.155269 ^ _12_/X (sky130_fd_sc_hd__and2_4)
                                                         i_ram_wb_controller.EN (net)
                      0.422530    0.018519   12.173787 ^ i_sram/EN (CF_SRAM_1024x32)
                                             12.173787   data arrival time

                                 50.000000   50.000000   clock clk (rise edge)
                                  4.650000   54.650002   clock source latency
     1    0.053413    0.610000    0.000000   54.650002 ^ wb_clk_i (in)
                                                         wb_clk_i (net)
                      0.627638    0.008377   54.658379 ^ clkbuf_0_wb_clk_i/A (sky130_fd_sc_hd__clkbuf_16)
     2    0.064406    0.132392    0.485183   55.143562 ^ clkbuf_0_wb_clk_i/X (sky130_fd_sc_hd__clkbuf_16)
                                                         clknet_0_wb_clk_i (net)
                      0.132435    0.001815   55.145374 ^ clkbuf_1_1__f_wb_clk_i/A (sky130_fd_sc_hd__clkbuf_16)
     1    0.135215    0.227499    0.354664   55.500038 ^ clkbuf_1_1__f_wb_clk_i/X (sky130_fd_sc_hd__clkbuf_16)
                                                         clknet_1_1__leaf_wb_clk_i (net)
                      0.228965    0.014062   55.514103 ^ i_sram/CLKin (CF_SRAM_1024x32)
                                 -0.100000   55.414104   clock uncertainty
                                  0.000000   55.414104   clock reconvergence pessimism
                                 -1.284390   54.129711   library setup time
                                             54.129711   data required time
---------------------------------------------------------------------------------------------
                                             54.129711   data required time
                                            -12.173787   data arrival time
---------------------------------------------------------------------------------------------
                                             41.955925   slack (MET)


Startpoint: wbs_cyc_i (input port clocked by clk)
Endpoint: _45_ (rising edge-triggered flip-flop clocked by clk)
Path Group: clk
Path Type: max

Fanout         Cap        Slew       Delay        Time   Description
---------------------------------------------------------------------------------------------
                                  0.000000    0.000000   clock clk (rise edge)
                                  5.570000    5.570000   clock network delay (propagated)
                                  4.740000   10.310000 ^ input external delay
     1    0.002991    0.170000    0.000000   10.310000 ^ wbs_cyc_i (in)
                                                         wbs_cyc_i (net)
                      0.170076    0.000040   10.310040 ^ input12/A (sky130_fd_sc_hd__buf_2)
     5    0.056875    0.441380    0.531123   10.841163 ^ input12/X (sky130_fd_sc_hd__buf_2)
                                                         net12 (net)
                      0.441423    0.003865   10.845028 ^ fanout89/A (sky130_fd_sc_hd__clkbuf_4)
    15    0.063005    0.305511    0.613915   11.458943 ^ fanout89/X (sky130_fd_sc_hd__clkbuf_4)
                                                         net89 (net)
                      0.305583    0.004902   11.463845 ^ _12_/A (sky130_fd_sc_hd__and2_4)
     2    0.091425    0.421420    0.691423   12.155269 ^ _12_/X (sky130_fd_sc_hd__and2_4)
                                                         i_ram_wb_controller.EN (net)
                      0.421424    0.001278   12.156547 ^ _45_/D (sky130_fd_sc_hd__dfrtp_1)
                                             12.156547   data arrival time

                                 50.000000   50.000000   clock clk (rise edge)
                                  4.650000   54.650002   clock source latency
     1    0.053413    0.610000    0.000000   54.650002 ^ wb_clk_i (in)
                                                         wb_clk_i (net)
                      0.627638    0.008377   54.658379 ^ clkbuf_0_wb_clk_i/A (sky130_fd_sc_hd__clkbuf_16)
     2    0.064406    0.132392    0.485183   55.143562 ^ clkbuf_0_wb_clk_i/X (sky130_fd_sc_hd__clkbuf_16)
                                                         clknet_0_wb_clk_i (net)
                      0.133176    0.007944   55.151505 ^ clkbuf_1_0__f_wb_clk_i/A (sky130_fd_sc_hd__clkbuf_16)
     2    0.054188    0.112746    0.279897   55.431400 ^ clkbuf_1_0__f_wb_clk_i/X (sky130_fd_sc_hd__clkbuf_16)
                                                         clknet_1_0__leaf_wb_clk_i (net)
                      0.112765    0.001336   55.432735 ^ _45_/CLK (sky130_fd_sc_hd__dfrtp_1)
                                 -0.100000   55.332741   clock uncertainty
                                  0.000000   55.332741   clock reconvergence pessimism
                                 -0.213995   55.118744   library setup time
                                             55.118744   data required time
---------------------------------------------------------------------------------------------
                                             55.118744   data required time
                                            -12.156547   data arrival time
---------------------------------------------------------------------------------------------
                                             42.962200   slack (MET)



