
===========================================================================
report_checks -path_delay min (Hold)
============================================================================
======================= nom_ss_100C_1v60 Corner ===================================

Startpoint: wbs_we_i (input port clocked by clk)
Endpoint: i_sram (rising edge-triggered flip-flop clocked by clk)
Path Group: clk
Path Type: min

Fanout         Cap        Slew       Delay        Time   Description
---------------------------------------------------------------------------------------------
                                  0.000000    0.000000   clock clk (rise edge)
                                  4.650000    4.650000   clock network delay (propagated)
                                  1.650000    6.300000 v input external delay
     1    0.003673    0.090000    0.000000    6.300000 v wbs_we_i (in)
                                                         wbs_we_i (net)
                      0.090117    0.000056    6.300056 v input50/A (sky130_fd_sc_hd__buf_2)
     5    0.054301    0.245867    0.393796    6.693851 v input50/X (sky130_fd_sc_hd__buf_2)
                                                         net50 (net)
                      0.245902    0.002833    6.696684 v fanout85/A (sky130_fd_sc_hd__buf_4)
    15    0.072262    0.179857    0.426978    7.123662 v fanout85/X (sky130_fd_sc_hd__buf_4)
                                                         net85 (net)
                      0.179995    0.004409    7.128071 v _10_/A (sky130_fd_sc_hd__clkinv_4)
     1    0.080955    0.251724    0.256290    7.384361 ^ _10_/Y (sky130_fd_sc_hd__clkinv_4)
                                                         i_ram_wb_controller.R_WB (net)
                      0.252804    0.012728    7.397089 ^ i_sram/R_WB (CF_SRAM_1024x32)
                                              7.397089   data arrival time

                                  0.000000    0.000000   clock clk (rise edge)
                                  5.570000    5.570000   clock source latency
     1    0.053413    0.610000    0.000000    5.570000 ^ wb_clk_i (in)
                                                         wb_clk_i (net)
                      0.627638    0.009260    5.579260 ^ clkbuf_0_wb_clk_i/A (sky130_fd_sc_hd__clkbuf_16)
     2    0.064406    0.132392    0.536255    6.115515 ^ clkbuf_0_wb_clk_i/X (sky130_fd_sc_hd__clkbuf_16)
                                                         clknet_0_wb_clk_i (net)
                      0.132435    0.002008    6.117524 ^ clkbuf_1_1__f_wb_clk_i/A (sky130_fd_sc_hd__clkbuf_16)
     1    0.135215    0.227499    0.391997    6.509521 ^ clkbuf_1_1__f_wb_clk_i/X (sky130_fd_sc_hd__clkbuf_16)
                                                         clknet_1_1__leaf_wb_clk_i (net)
                      0.228965    0.015544    6.525064 ^ i_sram/CLKin (CF_SRAM_1024x32)
                                  0.100000    6.625064   clock uncertainty
                                  0.000000    6.625064   clock reconvergence pessimism
                                  0.311521    6.936586   library hold time
                                              6.936586   data required time
---------------------------------------------------------------------------------------------
                                              6.936586   data required time
                                             -7.397089   data arrival time
---------------------------------------------------------------------------------------------
                                              0.460503   slack (MET)


Startpoint: wbs_cyc_i (input port clocked by clk)
Endpoint: i_sram (rising edge-triggered flip-flop clocked by clk)
Path Group: clk
Path Type: min

Fanout         Cap        Slew       Delay        Time   Description
---------------------------------------------------------------------------------------------
                                  0.000000    0.000000   clock clk (rise edge)
                                  4.650000    4.650000   clock network delay (propagated)
                                  1.690000    6.340000 v input external delay
     1    0.002863    0.090000    0.000000    6.340000 v wbs_cyc_i (in)
                                                         wbs_cyc_i (net)
                      0.090072    0.000034    6.340034 v input12/A (sky130_fd_sc_hd__buf_2)
     5    0.056503    0.254836    0.399452    6.739487 v input12/X (sky130_fd_sc_hd__buf_2)
                                                         net12 (net)
                      0.254889    0.003469    6.742955 v fanout89/A (sky130_fd_sc_hd__clkbuf_4)
    15    0.062177    0.227928    0.454903    7.197858 v fanout89/X (sky130_fd_sc_hd__clkbuf_4)
                                                         net89 (net)
                      0.228031    0.004379    7.202238 v _12_/A (sky130_fd_sc_hd__and2_4)
     2    0.091410    0.214432    0.456203    7.658440 v _12_/X (sky130_fd_sc_hd__and2_4)
                                                         i_ram_wb_controller.EN (net)
                      0.216688    0.016661    7.675102 v i_sram/EN (CF_SRAM_1024x32)
                                              7.675102   data arrival time

                                  0.000000    0.000000   clock clk (rise edge)
                                  5.570000    5.570000   clock source latency
     1    0.053413    0.610000    0.000000    5.570000 ^ wb_clk_i (in)
                                                         wb_clk_i (net)
                      0.627638    0.009260    5.579260 ^ clkbuf_0_wb_clk_i/A (sky130_fd_sc_hd__clkbuf_16)
     2    0.064406    0.132392    0.536255    6.115515 ^ clkbuf_0_wb_clk_i/X (sky130_fd_sc_hd__clkbuf_16)
                                                         clknet_0_wb_clk_i (net)
                      0.132435    0.002008    6.117524 ^ clkbuf_1_1__f_wb_clk_i/A (sky130_fd_sc_hd__clkbuf_16)
     1    0.135215    0.227499    0.391997    6.509521 ^ clkbuf_1_1__f_wb_clk_i/X (sky130_fd_sc_hd__clkbuf_16)
                                                         clknet_1_1__leaf_wb_clk_i (net)
                      0.228965    0.015544    6.525064 ^ i_sram/CLKin (CF_SRAM_1024x32)
                                  0.100000    6.625064   clock uncertainty
                                  0.000000    6.625064   clock reconvergence pessimism
                                  0.371734    6.996799   library hold time
                                              6.996799   data required time
---------------------------------------------------------------------------------------------
                                              6.996799   data required time
                                             -7.675102   data arrival time
---------------------------------------------------------------------------------------------
                                              0.678303   slack (MET)


Startpoint: wbs_cyc_i (input port clocked by clk)
Endpoint: _45_ (rising edge-triggered flip-flop clocked by clk)
Path Group: clk
Path Type: min

Fanout         Cap        Slew       Delay        Time   Description
---------------------------------------------------------------------------------------------
                                  0.000000    0.000000   clock clk (rise edge)
                                  4.650000    4.650000   clock network delay (propagated)
                                  1.690000    6.340000 v input external delay
     1    0.002863    0.090000    0.000000    6.340000 v wbs_cyc_i (in)
                                                         wbs_cyc_i (net)
                      0.090072    0.000034    6.340034 v input12/A (sky130_fd_sc_hd__buf_2)
     5    0.056503    0.254836    0.399452    6.739487 v input12/X (sky130_fd_sc_hd__buf_2)
                                                         net12 (net)
                      0.254889    0.003469    6.742955 v fanout89/A (sky130_fd_sc_hd__clkbuf_4)
    15    0.062177    0.227928    0.454903    7.197858 v fanout89/X (sky130_fd_sc_hd__clkbuf_4)
                                                         net89 (net)
                      0.228031    0.004379    7.202238 v _12_/A (sky130_fd_sc_hd__and2_4)
     2    0.091410    0.214432    0.456203    7.658440 v _12_/X (sky130_fd_sc_hd__and2_4)
                                                         i_ram_wb_controller.EN (net)
                      0.214441    0.001156    7.659596 v _45_/D (sky130_fd_sc_hd__dfrtp_1)
                                              7.659596   data arrival time

                                  0.000000    0.000000   clock clk (rise edge)
                                  5.570000    5.570000   clock source latency
     1    0.053413    0.610000    0.000000    5.570000 ^ wb_clk_i (in)
                                                         wb_clk_i (net)
                      0.627638    0.009260    5.579260 ^ clkbuf_0_wb_clk_i/A (sky130_fd_sc_hd__clkbuf_16)
     2    0.064406    0.132392    0.536255    6.115515 ^ clkbuf_0_wb_clk_i/X (sky130_fd_sc_hd__clkbuf_16)
                                                         clknet_0_wb_clk_i (net)
                      0.133176    0.008781    6.124296 ^ clkbuf_1_0__f_wb_clk_i/A (sky130_fd_sc_hd__clkbuf_16)
     2    0.054188    0.112746    0.309359    6.433656 ^ clkbuf_1_0__f_wb_clk_i/X (sky130_fd_sc_hd__clkbuf_16)
                                                         clknet_1_0__leaf_wb_clk_i (net)
                      0.112765    0.001478    6.435133 ^ _45_/CLK (sky130_fd_sc_hd__dfrtp_1)
                                  0.100000    6.535133   clock uncertainty
                                  0.000000    6.535133   clock reconvergence pessimism
                                 -0.140462    6.394671   library hold time
                                              6.394671   data required time
---------------------------------------------------------------------------------------------
                                              6.394671   data required time
                                             -7.659596   data arrival time
---------------------------------------------------------------------------------------------
                                              1.264924   slack (MET)


Startpoint: wbs_sel_i[1] (input port clocked by clk)
Endpoint: i_sram (rising edge-triggered flip-flop clocked by clk)
Path Group: clk
Path Type: min

Fanout         Cap        Slew       Delay        Time   Description
---------------------------------------------------------------------------------------------
                                  0.000000    0.000000   clock clk (rise edge)
                                  4.650000    4.650000   clock network delay (propagated)
                                  1.190000    5.840000 ^ input external delay
     1    0.005223    0.090000    0.000000    5.840000 ^ wbs_sel_i[1] (in)
                                                         wbs_sel_i[1] (net)
                      0.090198    0.000094    5.840095 ^ hold87/A (sky130_fd_sc_hd__dlygate4sd3_1)
     1    0.002013    0.082913    0.985256    6.825351 ^ hold87/X (sky130_fd_sc_hd__dlygate4sd3_1)
                                                         net185 (net)
                      0.082913    0.000053    6.825404 ^ hold85/A (sky130_fd_sc_hd__dlygate4sd3_1)
     1    0.011000    0.203432    1.092382    7.917786 ^ hold85/X (sky130_fd_sc_hd__dlygate4sd3_1)
                                                         net183 (net)
                      0.203432    0.000371    7.918157 ^ input46/A (sky130_fd_sc_hd__buf_12)
     1    0.026314    0.071778    0.229814    8.147971 ^ input46/X (sky130_fd_sc_hd__buf_12)
                                                         net46 (net)
                      0.071892    0.002319    8.150290 ^ hold86/A (sky130_fd_sc_hd__buf_12)
     8    0.200737    0.362011    0.360036    8.510326 ^ hold86/X (sky130_fd_sc_hd__buf_12)
                                                         net184 (net)
                      0.364083    0.021442    8.531769 ^ i_sram/BEN[15] (CF_SRAM_1024x32)
                                              8.531769   data arrival time

                                  0.000000    0.000000   clock clk (rise edge)
                                  5.570000    5.570000   clock source latency
     1    0.053413    0.610000    0.000000    5.570000 ^ wb_clk_i (in)
                                                         wb_clk_i (net)
                      0.627638    0.009260    5.579260 ^ clkbuf_0_wb_clk_i/A (sky130_fd_sc_hd__clkbuf_16)
     2    0.064406    0.132392    0.536255    6.115515 ^ clkbuf_0_wb_clk_i/X (sky130_fd_sc_hd__clkbuf_16)
                                                         clknet_0_wb_clk_i (net)
                      0.132435    0.002008    6.117524 ^ clkbuf_1_1__f_wb_clk_i/A (sky130_fd_sc_hd__clkbuf_16)
     1    0.135215    0.227499    0.391997    6.509521 ^ clkbuf_1_1__f_wb_clk_i/X (sky130_fd_sc_hd__clkbuf_16)
                                                         clknet_1_1__leaf_wb_clk_i (net)
                      0.228965    0.015544    6.525064 ^ i_sram/CLKin (CF_SRAM_1024x32)
                                  0.100000    6.625064   clock uncertainty
                                  0.000000    6.625064   clock reconvergence pessimism
                                  0.542373    7.167437   library hold time
                                              7.167437   data required time
---------------------------------------------------------------------------------------------
                                              7.167437   data required time
                                             -8.531769   data arrival time
---------------------------------------------------------------------------------------------
                                              1.364331   slack (MET)


Startpoint: wbs_sel_i[1] (input port clocked by clk)
Endpoint: i_sram (rising edge-triggered flip-flop clocked by clk)
Path Group: clk
Path Type: min

Fanout         Cap        Slew       Delay        Time   Description
---------------------------------------------------------------------------------------------
                                  0.000000    0.000000   clock clk (rise edge)
                                  4.650000    4.650000   clock network delay (propagated)
                                  1.190000    5.840000 ^ input external delay
     1    0.005223    0.090000    0.000000    5.840000 ^ wbs_sel_i[1] (in)
                                                         wbs_sel_i[1] (net)
                      0.090198    0.000094    5.840095 ^ hold87/A (sky130_fd_sc_hd__dlygate4sd3_1)
     1    0.002013    0.082913    0.985256    6.825351 ^ hold87/X (sky130_fd_sc_hd__dlygate4sd3_1)
                                                         net185 (net)
                      0.082913    0.000053    6.825404 ^ hold85/A (sky130_fd_sc_hd__dlygate4sd3_1)
     1    0.011000    0.203432    1.092382    7.917786 ^ hold85/X (sky130_fd_sc_hd__dlygate4sd3_1)
                                                         net183 (net)
                      0.203432    0.000371    7.918157 ^ input46/A (sky130_fd_sc_hd__buf_12)
     1    0.026314    0.071778    0.229814    8.147971 ^ input46/X (sky130_fd_sc_hd__buf_12)
                                                         net46 (net)
                      0.071892    0.002319    8.150290 ^ hold86/A (sky130_fd_sc_hd__buf_12)
     8    0.200737    0.362011    0.360036    8.510326 ^ hold86/X (sky130_fd_sc_hd__buf_12)
                                                         net184 (net)
                      0.364581    0.023744    8.534070 ^ i_sram/BEN[14] (CF_SRAM_1024x32)
                                              8.534070   data arrival time

                                  0.000000    0.000000   clock clk (rise edge)
                                  5.570000    5.570000   clock source latency
     1    0.053413    0.610000    0.000000    5.570000 ^ wb_clk_i (in)
                                                         wb_clk_i (net)
                      0.627638    0.009260    5.579260 ^ clkbuf_0_wb_clk_i/A (sky130_fd_sc_hd__clkbuf_16)
     2    0.064406    0.132392    0.536255    6.115515 ^ clkbuf_0_wb_clk_i/X (sky130_fd_sc_hd__clkbuf_16)
                                                         clknet_0_wb_clk_i (net)
                      0.132435    0.002008    6.117524 ^ clkbuf_1_1__f_wb_clk_i/A (sky130_fd_sc_hd__clkbuf_16)
     1    0.135215    0.227499    0.391997    6.509521 ^ clkbuf_1_1__f_wb_clk_i/X (sky130_fd_sc_hd__clkbuf_16)
                                                         clknet_1_1__leaf_wb_clk_i (net)
                      0.228965    0.015544    6.525064 ^ i_sram/CLKin (CF_SRAM_1024x32)
                                  0.100000    6.625064   clock uncertainty
                                  0.000000    6.625064   clock reconvergence pessimism
                                  0.542298    7.167362   library hold time
                                              7.167362   data required time
---------------------------------------------------------------------------------------------
                                              7.167362   data required time
                                             -8.534070   data arrival time
---------------------------------------------------------------------------------------------
                                              1.366708   slack (MET)


Startpoint: wbs_sel_i[1] (input port clocked by clk)
Endpoint: i_sram (rising edge-triggered flip-flop clocked by clk)
Path Group: clk
Path Type: min

Fanout         Cap        Slew       Delay        Time   Description
---------------------------------------------------------------------------------------------
                                  0.000000    0.000000   clock clk (rise edge)
                                  4.650000    4.650000   clock network delay (propagated)
                                  1.190000    5.840000 ^ input external delay
     1    0.005223    0.090000    0.000000    5.840000 ^ wbs_sel_i[1] (in)
                                                         wbs_sel_i[1] (net)
                      0.090198    0.000094    5.840095 ^ hold87/A (sky130_fd_sc_hd__dlygate4sd3_1)
     1    0.002013    0.082913    0.985256    6.825351 ^ hold87/X (sky130_fd_sc_hd__dlygate4sd3_1)
                                                         net185 (net)
                      0.082913    0.000053    6.825404 ^ hold85/A (sky130_fd_sc_hd__dlygate4sd3_1)
     1    0.011000    0.203432    1.092382    7.917786 ^ hold85/X (sky130_fd_sc_hd__dlygate4sd3_1)
                                                         net183 (net)
                      0.203432    0.000371    7.918157 ^ input46/A (sky130_fd_sc_hd__buf_12)
     1    0.026314    0.071778    0.229814    8.147971 ^ input46/X (sky130_fd_sc_hd__buf_12)
                                                         net46 (net)
                      0.071892    0.002319    8.150290 ^ hold86/A (sky130_fd_sc_hd__buf_12)
     8    0.200737    0.362011    0.360036    8.510326 ^ hold86/X (sky130_fd_sc_hd__buf_12)
                                                         net184 (net)
                      0.365348    0.026863    8.537189 ^ i_sram/BEN[13] (CF_SRAM_1024x32)
                                              8.537189   data arrival time

                                  0.000000    0.000000   clock clk (rise edge)
                                  5.570000    5.570000   clock source latency
     1    0.053413    0.610000    0.000000    5.570000 ^ wb_clk_i (in)
                                                         wb_clk_i (net)
                      0.627638    0.009260    5.579260 ^ clkbuf_0_wb_clk_i/A (sky130_fd_sc_hd__clkbuf_16)
     2    0.064406    0.132392    0.536255    6.115515 ^ clkbuf_0_wb_clk_i/X (sky130_fd_sc_hd__clkbuf_16)
                                                         clknet_0_wb_clk_i (net)
                      0.132435    0.002008    6.117524 ^ clkbuf_1_1__f_wb_clk_i/A (sky130_fd_sc_hd__clkbuf_16)
     1    0.135215    0.227499    0.391997    6.509521 ^ clkbuf_1_1__f_wb_clk_i/X (sky130_fd_sc_hd__clkbuf_16)
                                                         clknet_1_1__leaf_wb_clk_i (net)
                      0.228965    0.015544    6.525064 ^ i_sram/CLKin (CF_SRAM_1024x32)
                                  0.100000    6.625064   clock uncertainty
                                  0.000000    6.625064   clock reconvergence pessimism
                                  0.542183    7.167247   library hold time
                                              7.167247   data required time
---------------------------------------------------------------------------------------------
                                              7.167247   data required time
                                             -8.537189   data arrival time
---------------------------------------------------------------------------------------------
                                              1.369941   slack (MET)


Startpoint: wbs_sel_i[1] (input port clocked by clk)
Endpoint: i_sram (rising edge-triggered flip-flop clocked by clk)
Path Group: clk
Path Type: min

Fanout         Cap        Slew       Delay        Time   Description
---------------------------------------------------------------------------------------------
                                  0.000000    0.000000   clock clk (rise edge)
                                  4.650000    4.650000   clock network delay (propagated)
                                  1.190000    5.840000 ^ input external delay
     1    0.005223    0.090000    0.000000    5.840000 ^ wbs_sel_i[1] (in)
                                                         wbs_sel_i[1] (net)
                      0.090198    0.000094    5.840095 ^ hold87/A (sky130_fd_sc_hd__dlygate4sd3_1)
     1    0.002013    0.082913    0.985256    6.825351 ^ hold87/X (sky130_fd_sc_hd__dlygate4sd3_1)
                                                         net185 (net)
                      0.082913    0.000053    6.825404 ^ hold85/A (sky130_fd_sc_hd__dlygate4sd3_1)
     1    0.011000    0.203432    1.092382    7.917786 ^ hold85/X (sky130_fd_sc_hd__dlygate4sd3_1)
                                                         net183 (net)
                      0.203432    0.000371    7.918157 ^ input46/A (sky130_fd_sc_hd__buf_12)
     1    0.026314    0.071778    0.229814    8.147971 ^ input46/X (sky130_fd_sc_hd__buf_12)
                                                         net46 (net)
                      0.071892    0.002319    8.150290 ^ hold86/A (sky130_fd_sc_hd__buf_12)
     8    0.200737    0.362011    0.360036    8.510326 ^ hold86/X (sky130_fd_sc_hd__buf_12)
                                                         net184 (net)
                      0.365650    0.027987    8.538313 ^ i_sram/BEN[12] (CF_SRAM_1024x32)
                                              8.538313   data arrival time

                                  0.000000    0.000000   clock clk (rise edge)
                                  5.570000    5.570000   clock source latency
     1    0.053413    0.610000    0.000000    5.570000 ^ wb_clk_i (in)
                                                         wb_clk_i (net)
                      0.627638    0.009260    5.579260 ^ clkbuf_0_wb_clk_i/A (sky130_fd_sc_hd__clkbuf_16)
     2    0.064406    0.132392    0.536255    6.115515 ^ clkbuf_0_wb_clk_i/X (sky130_fd_sc_hd__clkbuf_16)
                                                         clknet_0_wb_clk_i (net)
                      0.132435    0.002008    6.117524 ^ clkbuf_1_1__f_wb_clk_i/A (sky130_fd_sc_hd__clkbuf_16)
     1    0.135215    0.227499    0.391997    6.509521 ^ clkbuf_1_1__f_wb_clk_i/X (sky130_fd_sc_hd__clkbuf_16)
                                                         clknet_1_1__leaf_wb_clk_i (net)
                      0.228965    0.015544    6.525064 ^ i_sram/CLKin (CF_SRAM_1024x32)
                                  0.100000    6.625064   clock uncertainty
                                  0.000000    6.625064   clock reconvergence pessimism
                                  0.542138    7.167202   library hold time
                                              7.167202   data required time
---------------------------------------------------------------------------------------------
                                              7.167202   data required time
                                             -8.538313   data arrival time
---------------------------------------------------------------------------------------------
                                              1.371110   slack (MET)


Startpoint: wbs_sel_i[1] (input port clocked by clk)
Endpoint: i_sram (rising edge-triggered flip-flop clocked by clk)
Path Group: clk
Path Type: min

Fanout         Cap        Slew       Delay        Time   Description
---------------------------------------------------------------------------------------------
                                  0.000000    0.000000   clock clk (rise edge)
                                  4.650000    4.650000   clock network delay (propagated)
                                  1.190000    5.840000 ^ input external delay
     1    0.005223    0.090000    0.000000    5.840000 ^ wbs_sel_i[1] (in)
                                                         wbs_sel_i[1] (net)
                      0.090198    0.000094    5.840095 ^ hold87/A (sky130_fd_sc_hd__dlygate4sd3_1)
     1    0.002013    0.082913    0.985256    6.825351 ^ hold87/X (sky130_fd_sc_hd__dlygate4sd3_1)
                                                         net185 (net)
                      0.082913    0.000053    6.825404 ^ hold85/A (sky130_fd_sc_hd__dlygate4sd3_1)
     1    0.011000    0.203432    1.092382    7.917786 ^ hold85/X (sky130_fd_sc_hd__dlygate4sd3_1)
                                                         net183 (net)
                      0.203432    0.000371    7.918157 ^ input46/A (sky130_fd_sc_hd__buf_12)
     1    0.026314    0.071778    0.229814    8.147971 ^ input46/X (sky130_fd_sc_hd__buf_12)
                                                         net46 (net)
                      0.071892    0.002319    8.150290 ^ hold86/A (sky130_fd_sc_hd__buf_12)
     8    0.200737    0.362011    0.360036    8.510326 ^ hold86/X (sky130_fd_sc_hd__buf_12)
                                                         net184 (net)
                      0.365882    0.028817    8.539143 ^ i_sram/BEN[11] (CF_SRAM_1024x32)
                                              8.539143   data arrival time

                                  0.000000    0.000000   clock clk (rise edge)
                                  5.570000    5.570000   clock source latency
     1    0.053413    0.610000    0.000000    5.570000 ^ wb_clk_i (in)
                                                         wb_clk_i (net)
                      0.627638    0.009260    5.579260 ^ clkbuf_0_wb_clk_i/A (sky130_fd_sc_hd__clkbuf_16)
     2    0.064406    0.132392    0.536255    6.115515 ^ clkbuf_0_wb_clk_i/X (sky130_fd_sc_hd__clkbuf_16)
                                                         clknet_0_wb_clk_i (net)
                      0.132435    0.002008    6.117524 ^ clkbuf_1_1__f_wb_clk_i/A (sky130_fd_sc_hd__clkbuf_16)
     1    0.135215    0.227499    0.391997    6.509521 ^ clkbuf_1_1__f_wb_clk_i/X (sky130_fd_sc_hd__clkbuf_16)
                                                         clknet_1_1__leaf_wb_clk_i (net)
                      0.228965    0.015544    6.525064 ^ i_sram/CLKin (CF_SRAM_1024x32)
                                  0.100000    6.625064   clock uncertainty
                                  0.000000    6.625064   clock reconvergence pessimism
                                  0.542103    7.167168   library hold time
                                              7.167168   data required time
---------------------------------------------------------------------------------------------
                                              7.167168   data required time
                                             -8.539143   data arrival time
---------------------------------------------------------------------------------------------
                                              1.371975   slack (MET)


Startpoint: wbs_sel_i[1] (input port clocked by clk)
Endpoint: i_sram (rising edge-triggered flip-flop clocked by clk)
Path Group: clk
Path Type: min

Fanout         Cap        Slew       Delay        Time   Description
---------------------------------------------------------------------------------------------
                                  0.000000    0.000000   clock clk (rise edge)
                                  4.650000    4.650000   clock network delay (propagated)
                                  1.190000    5.840000 ^ input external delay
     1    0.005223    0.090000    0.000000    5.840000 ^ wbs_sel_i[1] (in)
                                                         wbs_sel_i[1] (net)
                      0.090198    0.000094    5.840095 ^ hold87/A (sky130_fd_sc_hd__dlygate4sd3_1)
     1    0.002013    0.082913    0.985256    6.825351 ^ hold87/X (sky130_fd_sc_hd__dlygate4sd3_1)
                                                         net185 (net)
                      0.082913    0.000053    6.825404 ^ hold85/A (sky130_fd_sc_hd__dlygate4sd3_1)
     1    0.011000    0.203432    1.092382    7.917786 ^ hold85/X (sky130_fd_sc_hd__dlygate4sd3_1)
                                                         net183 (net)
                      0.203432    0.000371    7.918157 ^ input46/A (sky130_fd_sc_hd__buf_12)
     1    0.026314    0.071778    0.229814    8.147971 ^ input46/X (sky130_fd_sc_hd__buf_12)
                                                         net46 (net)
                      0.071892    0.002319    8.150290 ^ hold86/A (sky130_fd_sc_hd__buf_12)
     8    0.200737    0.362011    0.360036    8.510326 ^ hold86/X (sky130_fd_sc_hd__buf_12)
                                                         net184 (net)
                      0.366215    0.029967    8.540293 ^ i_sram/BEN[10] (CF_SRAM_1024x32)
                                              8.540293   data arrival time

                                  0.000000    0.000000   clock clk (rise edge)
                                  5.570000    5.570000   clock source latency
     1    0.053413    0.610000    0.000000    5.570000 ^ wb_clk_i (in)
                                                         wb_clk_i (net)
                      0.627638    0.009260    5.579260 ^ clkbuf_0_wb_clk_i/A (sky130_fd_sc_hd__clkbuf_16)
     2    0.064406    0.132392    0.536255    6.115515 ^ clkbuf_0_wb_clk_i/X (sky130_fd_sc_hd__clkbuf_16)
                                                         clknet_0_wb_clk_i (net)
                      0.132435    0.002008    6.117524 ^ clkbuf_1_1__f_wb_clk_i/A (sky130_fd_sc_hd__clkbuf_16)
     1    0.135215    0.227499    0.391997    6.509521 ^ clkbuf_1_1__f_wb_clk_i/X (sky130_fd_sc_hd__clkbuf_16)
                                                         clknet_1_1__leaf_wb_clk_i (net)
                      0.228965    0.015544    6.525064 ^ i_sram/CLKin (CF_SRAM_1024x32)
                                  0.100000    6.625064   clock uncertainty
                                  0.000000    6.625064   clock reconvergence pessimism
                                  0.542053    7.167117   library hold time
                                              7.167117   data required time
---------------------------------------------------------------------------------------------
                                              7.167117   data required time
                                             -8.540293   data arrival time
---------------------------------------------------------------------------------------------
                                              1.373176   slack (MET)


Startpoint: wbs_sel_i[1] (input port clocked by clk)
Endpoint: i_sram (rising edge-triggered flip-flop clocked by clk)
Path Group: clk
Path Type: min

Fanout         Cap        Slew       Delay        Time   Description
---------------------------------------------------------------------------------------------
                                  0.000000    0.000000   clock clk (rise edge)
                                  4.650000    4.650000   clock network delay (propagated)
                                  1.190000    5.840000 ^ input external delay
     1    0.005223    0.090000    0.000000    5.840000 ^ wbs_sel_i[1] (in)
                                                         wbs_sel_i[1] (net)
                      0.090198    0.000094    5.840095 ^ hold87/A (sky130_fd_sc_hd__dlygate4sd3_1)
     1    0.002013    0.082913    0.985256    6.825351 ^ hold87/X (sky130_fd_sc_hd__dlygate4sd3_1)
                                                         net185 (net)
                      0.082913    0.000053    6.825404 ^ hold85/A (sky130_fd_sc_hd__dlygate4sd3_1)
     1    0.011000    0.203432    1.092382    7.917786 ^ hold85/X (sky130_fd_sc_hd__dlygate4sd3_1)
                                                         net183 (net)
                      0.203432    0.000371    7.918157 ^ input46/A (sky130_fd_sc_hd__buf_12)
     1    0.026314    0.071778    0.229814    8.147971 ^ input46/X (sky130_fd_sc_hd__buf_12)
                                                         net46 (net)
                      0.071892    0.002319    8.150290 ^ hold86/A (sky130_fd_sc_hd__buf_12)
     8    0.200737    0.362011    0.360036    8.510326 ^ hold86/X (sky130_fd_sc_hd__buf_12)
                                                         net184 (net)
                      0.366327    0.030344    8.540669 ^ i_sram/BEN[9] (CF_SRAM_1024x32)
                                              8.540669   data arrival time

                                  0.000000    0.000000   clock clk (rise edge)
                                  5.570000    5.570000   clock source latency
     1    0.053413    0.610000    0.000000    5.570000 ^ wb_clk_i (in)
                                                         wb_clk_i (net)
                      0.627638    0.009260    5.579260 ^ clkbuf_0_wb_clk_i/A (sky130_fd_sc_hd__clkbuf_16)
     2    0.064406    0.132392    0.536255    6.115515 ^ clkbuf_0_wb_clk_i/X (sky130_fd_sc_hd__clkbuf_16)
                                                         clknet_0_wb_clk_i (net)
                      0.132435    0.002008    6.117524 ^ clkbuf_1_1__f_wb_clk_i/A (sky130_fd_sc_hd__clkbuf_16)
     1    0.135215    0.227499    0.391997    6.509521 ^ clkbuf_1_1__f_wb_clk_i/X (sky130_fd_sc_hd__clkbuf_16)
                                                         clknet_1_1__leaf_wb_clk_i (net)
                      0.228965    0.015544    6.525064 ^ i_sram/CLKin (CF_SRAM_1024x32)
                                  0.100000    6.625064   clock uncertainty
                                  0.000000    6.625064   clock reconvergence pessimism
                                  0.542036    7.167101   library hold time
                                              7.167101   data required time
---------------------------------------------------------------------------------------------
                                              7.167101   data required time
                                             -8.540669   data arrival time
---------------------------------------------------------------------------------------------
                                              1.373569   slack (MET)


Startpoint: wbs_sel_i[1] (input port clocked by clk)
Endpoint: i_sram (rising edge-triggered flip-flop clocked by clk)
Path Group: clk
Path Type: min

Fanout         Cap        Slew       Delay        Time   Description
---------------------------------------------------------------------------------------------
                                  0.000000    0.000000   clock clk (rise edge)
                                  4.650000    4.650000   clock network delay (propagated)
                                  1.190000    5.840000 ^ input external delay
     1    0.005223    0.090000    0.000000    5.840000 ^ wbs_sel_i[1] (in)
                                                         wbs_sel_i[1] (net)
                      0.090198    0.000094    5.840095 ^ hold87/A (sky130_fd_sc_hd__dlygate4sd3_1)
     1    0.002013    0.082913    0.985256    6.825351 ^ hold87/X (sky130_fd_sc_hd__dlygate4sd3_1)
                                                         net185 (net)
                      0.082913    0.000053    6.825404 ^ hold85/A (sky130_fd_sc_hd__dlygate4sd3_1)
     1    0.011000    0.203432    1.092382    7.917786 ^ hold85/X (sky130_fd_sc_hd__dlygate4sd3_1)
                                                         net183 (net)
                      0.203432    0.000371    7.918157 ^ input46/A (sky130_fd_sc_hd__buf_12)
     1    0.026314    0.071778    0.229814    8.147971 ^ input46/X (sky130_fd_sc_hd__buf_12)
                                                         net46 (net)
                      0.071892    0.002319    8.150290 ^ hold86/A (sky130_fd_sc_hd__buf_12)
     8    0.200737    0.362011    0.360036    8.510326 ^ hold86/X (sky130_fd_sc_hd__buf_12)
                                                         net184 (net)
                      0.366389    0.030551    8.540876 ^ i_sram/BEN[8] (CF_SRAM_1024x32)
                                              8.540876   data arrival time

                                  0.000000    0.000000   clock clk (rise edge)
                                  5.570000    5.570000   clock source latency
     1    0.053413    0.610000    0.000000    5.570000 ^ wb_clk_i (in)
                                                         wb_clk_i (net)
                      0.627638    0.009260    5.579260 ^ clkbuf_0_wb_clk_i/A (sky130_fd_sc_hd__clkbuf_16)
     2    0.064406    0.132392    0.536255    6.115515 ^ clkbuf_0_wb_clk_i/X (sky130_fd_sc_hd__clkbuf_16)
                                                         clknet_0_wb_clk_i (net)
                      0.132435    0.002008    6.117524 ^ clkbuf_1_1__f_wb_clk_i/A (sky130_fd_sc_hd__clkbuf_16)
     1    0.135215    0.227499    0.391997    6.509521 ^ clkbuf_1_1__f_wb_clk_i/X (sky130_fd_sc_hd__clkbuf_16)
                                                         clknet_1_1__leaf_wb_clk_i (net)
                      0.228965    0.015544    6.525064 ^ i_sram/CLKin (CF_SRAM_1024x32)
                                  0.100000    6.625064   clock uncertainty
                                  0.000000    6.625064   clock reconvergence pessimism
                                  0.542027    7.167091   library hold time
                                              7.167091   data required time
---------------------------------------------------------------------------------------------
                                              7.167091   data required time
                                             -8.540876   data arrival time
---------------------------------------------------------------------------------------------
                                              1.373786   slack (MET)


Startpoint: wbs_sel_i[0] (input port clocked by clk)
Endpoint: i_sram (rising edge-triggered flip-flop clocked by clk)
Path Group: clk
Path Type: min

Fanout         Cap        Slew       Delay        Time   Description
---------------------------------------------------------------------------------------------
                                  0.000000    0.000000   clock clk (rise edge)
                                  4.650000    4.650000   clock network delay (propagated)
                                  1.190000    5.840000 ^ input external delay
     1    0.003913    0.090000    0.000000    5.840000 ^ wbs_sel_i[0] (in)
                                                         wbs_sel_i[0] (net)
                      0.090129    0.000061    5.840062 ^ hold90/A (sky130_fd_sc_hd__dlygate4sd3_1)
     1    0.002649    0.089929    0.994478    6.834539 ^ hold90/X (sky130_fd_sc_hd__dlygate4sd3_1)
                                                         net188 (net)
                      0.089929    0.000069    6.834608 ^ hold88/A (sky130_fd_sc_hd__dlygate4sd3_1)
     1    0.010666    0.198739    1.091228    7.925836 ^ hold88/X (sky130_fd_sc_hd__dlygate4sd3_1)
                                                         net186 (net)
                      0.198739    0.000334    7.926170 ^ input45/A (sky130_fd_sc_hd__buf_12)
     1    0.028443    0.074914    0.230640    8.156811 ^ input45/X (sky130_fd_sc_hd__buf_12)
                                                         net45 (net)
                      0.075022    0.002346    8.159156 ^ hold89/A (sky130_fd_sc_hd__buf_12)
     8    0.208972    0.376882    0.359133    8.518290 ^ hold89/X (sky130_fd_sc_hd__buf_12)
                                                         net187 (net)
                      0.383659    0.038669    8.556958 ^ i_sram/BEN[7] (CF_SRAM_1024x32)
                                              8.556958   data arrival time

                                  0.000000    0.000000   clock clk (rise edge)
                                  5.570000    5.570000   clock source latency
     1    0.053413    0.610000    0.000000    5.570000 ^ wb_clk_i (in)
                                                         wb_clk_i (net)
                      0.627638    0.009260    5.579260 ^ clkbuf_0_wb_clk_i/A (sky130_fd_sc_hd__clkbuf_16)
     2    0.064406    0.132392    0.536255    6.115515 ^ clkbuf_0_wb_clk_i/X (sky130_fd_sc_hd__clkbuf_16)
                                                         clknet_0_wb_clk_i (net)
                      0.132435    0.002008    6.117524 ^ clkbuf_1_1__f_wb_clk_i/A (sky130_fd_sc_hd__clkbuf_16)
     1    0.135215    0.227499    0.391997    6.509521 ^ clkbuf_1_1__f_wb_clk_i/X (sky130_fd_sc_hd__clkbuf_16)
                                                         clknet_1_1__leaf_wb_clk_i (net)
                      0.228965    0.015544    6.525064 ^ i_sram/CLKin (CF_SRAM_1024x32)
                                  0.100000    6.625064   clock uncertainty
                                  0.000000    6.625064   clock reconvergence pessimism
                                  0.539439    7.164503   library hold time
                                              7.164503   data required time
---------------------------------------------------------------------------------------------
                                              7.164503   data required time
                                             -8.556958   data arrival time
---------------------------------------------------------------------------------------------
                                              1.392455   slack (MET)


Startpoint: wbs_sel_i[0] (input port clocked by clk)
Endpoint: i_sram (rising edge-triggered flip-flop clocked by clk)
Path Group: clk
Path Type: min

Fanout         Cap        Slew       Delay        Time   Description
---------------------------------------------------------------------------------------------
                                  0.000000    0.000000   clock clk (rise edge)
                                  4.650000    4.650000   clock network delay (propagated)
                                  1.190000    5.840000 ^ input external delay
     1    0.003913    0.090000    0.000000    5.840000 ^ wbs_sel_i[0] (in)
                                                         wbs_sel_i[0] (net)
                      0.090129    0.000061    5.840062 ^ hold90/A (sky130_fd_sc_hd__dlygate4sd3_1)
     1    0.002649    0.089929    0.994478    6.834539 ^ hold90/X (sky130_fd_sc_hd__dlygate4sd3_1)
                                                         net188 (net)
                      0.089929    0.000069    6.834608 ^ hold88/A (sky130_fd_sc_hd__dlygate4sd3_1)
     1    0.010666    0.198739    1.091228    7.925836 ^ hold88/X (sky130_fd_sc_hd__dlygate4sd3_1)
                                                         net186 (net)
                      0.198739    0.000334    7.926170 ^ input45/A (sky130_fd_sc_hd__buf_12)
     1    0.028443    0.074914    0.230640    8.156811 ^ input45/X (sky130_fd_sc_hd__buf_12)
                                                         net45 (net)
                      0.075022    0.002346    8.159156 ^ hold89/A (sky130_fd_sc_hd__buf_12)
     8    0.208972    0.376882    0.359133    8.518290 ^ hold89/X (sky130_fd_sc_hd__buf_12)
                                                         net187 (net)
                      0.384402    0.040592    8.558881 ^ i_sram/BEN[6] (CF_SRAM_1024x32)
                                              8.558881   data arrival time

                                  0.000000    0.000000   clock clk (rise edge)
                                  5.570000    5.570000   clock source latency
     1    0.053413    0.610000    0.000000    5.570000 ^ wb_clk_i (in)
                                                         wb_clk_i (net)
                      0.627638    0.009260    5.579260 ^ clkbuf_0_wb_clk_i/A (sky130_fd_sc_hd__clkbuf_16)
     2    0.064406    0.132392    0.536255    6.115515 ^ clkbuf_0_wb_clk_i/X (sky130_fd_sc_hd__clkbuf_16)
                                                         clknet_0_wb_clk_i (net)
                      0.132435    0.002008    6.117524 ^ clkbuf_1_1__f_wb_clk_i/A (sky130_fd_sc_hd__clkbuf_16)
     1    0.135215    0.227499    0.391997    6.509521 ^ clkbuf_1_1__f_wb_clk_i/X (sky130_fd_sc_hd__clkbuf_16)
                                                         clknet_1_1__leaf_wb_clk_i (net)
                      0.228965    0.015544    6.525064 ^ i_sram/CLKin (CF_SRAM_1024x32)
                                  0.100000    6.625064   clock uncertainty
                                  0.000000    6.625064   clock reconvergence pessimism
                                  0.539327    7.164392   library hold time
                                              7.164392   data required time
---------------------------------------------------------------------------------------------
                                              7.164392   data required time
                                             -8.558881   data arrival time
---------------------------------------------------------------------------------------------
                                              1.394489   slack (MET)


Startpoint: wbs_sel_i[0] (input port clocked by clk)
Endpoint: i_sram (rising edge-triggered flip-flop clocked by clk)
Path Group: clk
Path Type: min

Fanout         Cap        Slew       Delay        Time   Description
---------------------------------------------------------------------------------------------
                                  0.000000    0.000000   clock clk (rise edge)
                                  4.650000    4.650000   clock network delay (propagated)
                                  1.190000    5.840000 ^ input external delay
     1    0.003913    0.090000    0.000000    5.840000 ^ wbs_sel_i[0] (in)
                                                         wbs_sel_i[0] (net)
                      0.090129    0.000061    5.840062 ^ hold90/A (sky130_fd_sc_hd__dlygate4sd3_1)
     1    0.002649    0.089929    0.994478    6.834539 ^ hold90/X (sky130_fd_sc_hd__dlygate4sd3_1)
                                                         net188 (net)
                      0.089929    0.000069    6.834608 ^ hold88/A (sky130_fd_sc_hd__dlygate4sd3_1)
     1    0.010666    0.198739    1.091228    7.925836 ^ hold88/X (sky130_fd_sc_hd__dlygate4sd3_1)
                                                         net186 (net)
                      0.198739    0.000334    7.926170 ^ input45/A (sky130_fd_sc_hd__buf_12)
     1    0.028443    0.074914    0.230640    8.156811 ^ input45/X (sky130_fd_sc_hd__buf_12)
                                                         net45 (net)
                      0.075022    0.002346    8.159156 ^ hold89/A (sky130_fd_sc_hd__buf_12)
     8    0.208972    0.376882    0.359133    8.518290 ^ hold89/X (sky130_fd_sc_hd__buf_12)
                                                         net187 (net)
                      0.385473    0.043201    8.561490 ^ i_sram/BEN[5] (CF_SRAM_1024x32)
                                              8.561490   data arrival time

                                  0.000000    0.000000   clock clk (rise edge)
                                  5.570000    5.570000   clock source latency
     1    0.053413    0.610000    0.000000    5.570000 ^ wb_clk_i (in)
                                                         wb_clk_i (net)
                      0.627638    0.009260    5.579260 ^ clkbuf_0_wb_clk_i/A (sky130_fd_sc_hd__clkbuf_16)
     2    0.064406    0.132392    0.536255    6.115515 ^ clkbuf_0_wb_clk_i/X (sky130_fd_sc_hd__clkbuf_16)
                                                         clknet_0_wb_clk_i (net)
                      0.132435    0.002008    6.117524 ^ clkbuf_1_1__f_wb_clk_i/A (sky130_fd_sc_hd__clkbuf_16)
     1    0.135215    0.227499    0.391997    6.509521 ^ clkbuf_1_1__f_wb_clk_i/X (sky130_fd_sc_hd__clkbuf_16)
                                                         clknet_1_1__leaf_wb_clk_i (net)
                      0.228965    0.015544    6.525064 ^ i_sram/CLKin (CF_SRAM_1024x32)
                                  0.100000    6.625064   clock uncertainty
                                  0.000000    6.625064   clock reconvergence pessimism
                                  0.539167    7.164231   library hold time
                                              7.164231   data required time
---------------------------------------------------------------------------------------------
                                              7.164231   data required time
                                             -8.561490   data arrival time
---------------------------------------------------------------------------------------------
                                              1.397259   slack (MET)


Startpoint: wbs_sel_i[0] (input port clocked by clk)
Endpoint: i_sram (rising edge-triggered flip-flop clocked by clk)
Path Group: clk
Path Type: min

Fanout         Cap        Slew       Delay        Time   Description
---------------------------------------------------------------------------------------------
                                  0.000000    0.000000   clock clk (rise edge)
                                  4.650000    4.650000   clock network delay (propagated)
                                  1.190000    5.840000 ^ input external delay
     1    0.003913    0.090000    0.000000    5.840000 ^ wbs_sel_i[0] (in)
                                                         wbs_sel_i[0] (net)
                      0.090129    0.000061    5.840062 ^ hold90/A (sky130_fd_sc_hd__dlygate4sd3_1)
     1    0.002649    0.089929    0.994478    6.834539 ^ hold90/X (sky130_fd_sc_hd__dlygate4sd3_1)
                                                         net188 (net)
                      0.089929    0.000069    6.834608 ^ hold88/A (sky130_fd_sc_hd__dlygate4sd3_1)
     1    0.010666    0.198739    1.091228    7.925836 ^ hold88/X (sky130_fd_sc_hd__dlygate4sd3_1)
                                                         net186 (net)
                      0.198739    0.000334    7.926170 ^ input45/A (sky130_fd_sc_hd__buf_12)
     1    0.028443    0.074914    0.230640    8.156811 ^ input45/X (sky130_fd_sc_hd__buf_12)
                                                         net45 (net)
                      0.075022    0.002346    8.159156 ^ hold89/A (sky130_fd_sc_hd__buf_12)
     8    0.208972    0.376882    0.359133    8.518290 ^ hold89/X (sky130_fd_sc_hd__buf_12)
                                                         net187 (net)
                      0.386177    0.044828    8.563118 ^ i_sram/BEN[4] (CF_SRAM_1024x32)
                                              8.563118   data arrival time

                                  0.000000    0.000000   clock clk (rise edge)
                                  5.570000    5.570000   clock source latency
     1    0.053413    0.610000    0.000000    5.570000 ^ wb_clk_i (in)
                                                         wb_clk_i (net)
                      0.627638    0.009260    5.579260 ^ clkbuf_0_wb_clk_i/A (sky130_fd_sc_hd__clkbuf_16)
     2    0.064406    0.132392    0.536255    6.115515 ^ clkbuf_0_wb_clk_i/X (sky130_fd_sc_hd__clkbuf_16)
                                                         clknet_0_wb_clk_i (net)
                      0.132435    0.002008    6.117524 ^ clkbuf_1_1__f_wb_clk_i/A (sky130_fd_sc_hd__clkbuf_16)
     1    0.135215    0.227499    0.391997    6.509521 ^ clkbuf_1_1__f_wb_clk_i/X (sky130_fd_sc_hd__clkbuf_16)
                                                         clknet_1_1__leaf_wb_clk_i (net)
                      0.228965    0.015544    6.525064 ^ i_sram/CLKin (CF_SRAM_1024x32)
                                  0.100000    6.625064   clock uncertainty
                                  0.000000    6.625064   clock reconvergence pessimism
                                  0.539061    7.164125   library hold time
                                              7.164125   data required time
---------------------------------------------------------------------------------------------
                                              7.164125   data required time
                                             -8.563118   data arrival time
---------------------------------------------------------------------------------------------
                                              1.398992   slack (MET)


Startpoint: wbs_sel_i[0] (input port clocked by clk)
Endpoint: i_sram (rising edge-triggered flip-flop clocked by clk)
Path Group: clk
Path Type: min

Fanout         Cap        Slew       Delay        Time   Description
---------------------------------------------------------------------------------------------
                                  0.000000    0.000000   clock clk (rise edge)
                                  4.650000    4.650000   clock network delay (propagated)
                                  1.190000    5.840000 ^ input external delay
     1    0.003913    0.090000    0.000000    5.840000 ^ wbs_sel_i[0] (in)
                                                         wbs_sel_i[0] (net)
                      0.090129    0.000061    5.840062 ^ hold90/A (sky130_fd_sc_hd__dlygate4sd3_1)
     1    0.002649    0.089929    0.994478    6.834539 ^ hold90/X (sky130_fd_sc_hd__dlygate4sd3_1)
                                                         net188 (net)
                      0.089929    0.000069    6.834608 ^ hold88/A (sky130_fd_sc_hd__dlygate4sd3_1)
     1    0.010666    0.198739    1.091228    7.925836 ^ hold88/X (sky130_fd_sc_hd__dlygate4sd3_1)
                                                         net186 (net)
                      0.198739    0.000334    7.926170 ^ input45/A (sky130_fd_sc_hd__buf_12)
     1    0.028443    0.074914    0.230640    8.156811 ^ input45/X (sky130_fd_sc_hd__buf_12)
                                                         net45 (net)
                      0.075022    0.002346    8.159156 ^ hold89/A (sky130_fd_sc_hd__buf_12)
     8    0.208972    0.376882    0.359133    8.518290 ^ hold89/X (sky130_fd_sc_hd__buf_12)
                                                         net187 (net)
                      0.386501    0.045556    8.563846 ^ i_sram/BEN[3] (CF_SRAM_1024x32)
                                              8.563846   data arrival time

                                  0.000000    0.000000   clock clk (rise edge)
                                  5.570000    5.570000   clock source latency
     1    0.053413    0.610000    0.000000    5.570000 ^ wb_clk_i (in)
                                                         wb_clk_i (net)
                      0.627638    0.009260    5.579260 ^ clkbuf_0_wb_clk_i/A (sky130_fd_sc_hd__clkbuf_16)
     2    0.064406    0.132392    0.536255    6.115515 ^ clkbuf_0_wb_clk_i/X (sky130_fd_sc_hd__clkbuf_16)
                                                         clknet_0_wb_clk_i (net)
                      0.132435    0.002008    6.117524 ^ clkbuf_1_1__f_wb_clk_i/A (sky130_fd_sc_hd__clkbuf_16)
     1    0.135215    0.227499    0.391997    6.509521 ^ clkbuf_1_1__f_wb_clk_i/X (sky130_fd_sc_hd__clkbuf_16)
                                                         clknet_1_1__leaf_wb_clk_i (net)
                      0.228965    0.015544    6.525064 ^ i_sram/CLKin (CF_SRAM_1024x32)
                                  0.100000    6.625064   clock uncertainty
                                  0.000000    6.625064   clock reconvergence pessimism
                                  0.539013    7.164077   library hold time
                                              7.164077   data required time
---------------------------------------------------------------------------------------------
                                              7.164077   data required time
                                             -8.563846   data arrival time
---------------------------------------------------------------------------------------------
                                              1.399769   slack (MET)


Startpoint: wbs_sel_i[0] (input port clocked by clk)
Endpoint: i_sram (rising edge-triggered flip-flop clocked by clk)
Path Group: clk
Path Type: min

Fanout         Cap        Slew       Delay        Time   Description
---------------------------------------------------------------------------------------------
                                  0.000000    0.000000   clock clk (rise edge)
                                  4.650000    4.650000   clock network delay (propagated)
                                  1.190000    5.840000 ^ input external delay
     1    0.003913    0.090000    0.000000    5.840000 ^ wbs_sel_i[0] (in)
                                                         wbs_sel_i[0] (net)
                      0.090129    0.000061    5.840062 ^ hold90/A (sky130_fd_sc_hd__dlygate4sd3_1)
     1    0.002649    0.089929    0.994478    6.834539 ^ hold90/X (sky130_fd_sc_hd__dlygate4sd3_1)
                                                         net188 (net)
                      0.089929    0.000069    6.834608 ^ hold88/A (sky130_fd_sc_hd__dlygate4sd3_1)
     1    0.010666    0.198739    1.091228    7.925836 ^ hold88/X (sky130_fd_sc_hd__dlygate4sd3_1)
                                                         net186 (net)
                      0.198739    0.000334    7.926170 ^ input45/A (sky130_fd_sc_hd__buf_12)
     1    0.028443    0.074914    0.230640    8.156811 ^ input45/X (sky130_fd_sc_hd__buf_12)
                                                         net45 (net)
                      0.075022    0.002346    8.159156 ^ hold89/A (sky130_fd_sc_hd__buf_12)
     8    0.208972    0.376882    0.359133    8.518290 ^ hold89/X (sky130_fd_sc_hd__buf_12)
                                                         net187 (net)
                      0.386759    0.046128    8.564418 ^ i_sram/BEN[2] (CF_SRAM_1024x32)
                                              8.564418   data arrival time

                                  0.000000    0.000000   clock clk (rise edge)
                                  5.570000    5.570000   clock source latency
     1    0.053413    0.610000    0.000000    5.570000 ^ wb_clk_i (in)
                                                         wb_clk_i (net)
                      0.627638    0.009260    5.579260 ^ clkbuf_0_wb_clk_i/A (sky130_fd_sc_hd__clkbuf_16)
     2    0.064406    0.132392    0.536255    6.115515 ^ clkbuf_0_wb_clk_i/X (sky130_fd_sc_hd__clkbuf_16)
                                                         clknet_0_wb_clk_i (net)
                      0.132435    0.002008    6.117524 ^ clkbuf_1_1__f_wb_clk_i/A (sky130_fd_sc_hd__clkbuf_16)
     1    0.135215    0.227499    0.391997    6.509521 ^ clkbuf_1_1__f_wb_clk_i/X (sky130_fd_sc_hd__clkbuf_16)
                                                         clknet_1_1__leaf_wb_clk_i (net)
                      0.228965    0.015544    6.525064 ^ i_sram/CLKin (CF_SRAM_1024x32)
                                  0.100000    6.625064   clock uncertainty
                                  0.000000    6.625064   clock reconvergence pessimism
                                  0.538974    7.164039   library hold time
                                              7.164039   data required time
---------------------------------------------------------------------------------------------
                                              7.164039   data required time
                                             -8.564418   data arrival time
---------------------------------------------------------------------------------------------
                                              1.400379   slack (MET)


Startpoint: wbs_sel_i[0] (input port clocked by clk)
Endpoint: i_sram (rising edge-triggered flip-flop clocked by clk)
Path Group: clk
Path Type: min

Fanout         Cap        Slew       Delay        Time   Description
---------------------------------------------------------------------------------------------
                                  0.000000    0.000000   clock clk (rise edge)
                                  4.650000    4.650000   clock network delay (propagated)
                                  1.190000    5.840000 ^ input external delay
     1    0.003913    0.090000    0.000000    5.840000 ^ wbs_sel_i[0] (in)
                                                         wbs_sel_i[0] (net)
                      0.090129    0.000061    5.840062 ^ hold90/A (sky130_fd_sc_hd__dlygate4sd3_1)
     1    0.002649    0.089929    0.994478    6.834539 ^ hold90/X (sky130_fd_sc_hd__dlygate4sd3_1)
                                                         net188 (net)
                      0.089929    0.000069    6.834608 ^ hold88/A (sky130_fd_sc_hd__dlygate4sd3_1)
     1    0.010666    0.198739    1.091228    7.925836 ^ hold88/X (sky130_fd_sc_hd__dlygate4sd3_1)
                                                         net186 (net)
                      0.198739    0.000334    7.926170 ^ input45/A (sky130_fd_sc_hd__buf_12)
     1    0.028443    0.074914    0.230640    8.156811 ^ input45/X (sky130_fd_sc_hd__buf_12)
                                                         net45 (net)
                      0.075022    0.002346    8.159156 ^ hold89/A (sky130_fd_sc_hd__buf_12)
     8    0.208972    0.376882    0.359133    8.518290 ^ hold89/X (sky130_fd_sc_hd__buf_12)
                                                         net187 (net)
                      0.387003    0.046664    8.564954 ^ i_sram/BEN[1] (CF_SRAM_1024x32)
                                              8.564954   data arrival time

                                  0.000000    0.000000   clock clk (rise edge)
                                  5.570000    5.570000   clock source latency
     1    0.053413    0.610000    0.000000    5.570000 ^ wb_clk_i (in)
                                                         wb_clk_i (net)
                      0.627638    0.009260    5.579260 ^ clkbuf_0_wb_clk_i/A (sky130_fd_sc_hd__clkbuf_16)
     2    0.064406    0.132392    0.536255    6.115515 ^ clkbuf_0_wb_clk_i/X (sky130_fd_sc_hd__clkbuf_16)
                                                         clknet_0_wb_clk_i (net)
                      0.132435    0.002008    6.117524 ^ clkbuf_1_1__f_wb_clk_i/A (sky130_fd_sc_hd__clkbuf_16)
     1    0.135215    0.227499    0.391997    6.509521 ^ clkbuf_1_1__f_wb_clk_i/X (sky130_fd_sc_hd__clkbuf_16)
                                                         clknet_1_1__leaf_wb_clk_i (net)
                      0.228965    0.015544    6.525064 ^ i_sram/CLKin (CF_SRAM_1024x32)
                                  0.100000    6.625064   clock uncertainty
                                  0.000000    6.625064   clock reconvergence pessimism
                                  0.538937    7.164001   library hold time
                                              7.164001   data required time
---------------------------------------------------------------------------------------------
                                              7.164001   data required time
                                             -8.564954   data arrival time
---------------------------------------------------------------------------------------------
                                              1.400952   slack (MET)


Startpoint: wbs_sel_i[0] (input port clocked by clk)
Endpoint: i_sram (rising edge-triggered flip-flop clocked by clk)
Path Group: clk
Path Type: min

Fanout         Cap        Slew       Delay        Time   Description
---------------------------------------------------------------------------------------------
                                  0.000000    0.000000   clock clk (rise edge)
                                  4.650000    4.650000   clock network delay (propagated)
                                  1.190000    5.840000 ^ input external delay
     1    0.003913    0.090000    0.000000    5.840000 ^ wbs_sel_i[0] (in)
                                                         wbs_sel_i[0] (net)
                      0.090129    0.000061    5.840062 ^ hold90/A (sky130_fd_sc_hd__dlygate4sd3_1)
     1    0.002649    0.089929    0.994478    6.834539 ^ hold90/X (sky130_fd_sc_hd__dlygate4sd3_1)
                                                         net188 (net)
                      0.089929    0.000069    6.834608 ^ hold88/A (sky130_fd_sc_hd__dlygate4sd3_1)
     1    0.010666    0.198739    1.091228    7.925836 ^ hold88/X (sky130_fd_sc_hd__dlygate4sd3_1)
                                                         net186 (net)
                      0.198739    0.000334    7.926170 ^ input45/A (sky130_fd_sc_hd__buf_12)
     1    0.028443    0.074914    0.230640    8.156811 ^ input45/X (sky130_fd_sc_hd__buf_12)
                                                         net45 (net)
                      0.075022    0.002346    8.159156 ^ hold89/A (sky130_fd_sc_hd__buf_12)
     8    0.208972    0.376882    0.359133    8.518290 ^ hold89/X (sky130_fd_sc_hd__buf_12)
                                                         net187 (net)
                      0.387183    0.047052    8.565342 ^ i_sram/BEN[0] (CF_SRAM_1024x32)
                                              8.565342   data arrival time

                                  0.000000    0.000000   clock clk (rise edge)
                                  5.570000    5.570000   clock source latency
     1    0.053413    0.610000    0.000000    5.570000 ^ wb_clk_i (in)
                                                         wb_clk_i (net)
                      0.627638    0.009260    5.579260 ^ clkbuf_0_wb_clk_i/A (sky130_fd_sc_hd__clkbuf_16)
     2    0.064406    0.132392    0.536255    6.115515 ^ clkbuf_0_wb_clk_i/X (sky130_fd_sc_hd__clkbuf_16)
                                                         clknet_0_wb_clk_i (net)
                      0.132435    0.002008    6.117524 ^ clkbuf_1_1__f_wb_clk_i/A (sky130_fd_sc_hd__clkbuf_16)
     1    0.135215    0.227499    0.391997    6.509521 ^ clkbuf_1_1__f_wb_clk_i/X (sky130_fd_sc_hd__clkbuf_16)
                                                         clknet_1_1__leaf_wb_clk_i (net)
                      0.228965    0.015544    6.525064 ^ i_sram/CLKin (CF_SRAM_1024x32)
                                  0.100000    6.625064   clock uncertainty
                                  0.000000    6.625064   clock reconvergence pessimism
                                  0.538911    7.163975   library hold time
                                              7.163975   data required time
---------------------------------------------------------------------------------------------
                                              7.163975   data required time
                                             -8.565342   data arrival time
---------------------------------------------------------------------------------------------
                                              1.401367   slack (MET)


Startpoint: wbs_sel_i[2] (input port clocked by clk)
Endpoint: i_sram (rising edge-triggered flip-flop clocked by clk)
Path Group: clk
Path Type: min

Fanout         Cap        Slew       Delay        Time   Description
---------------------------------------------------------------------------------------------
                                  0.000000    0.000000   clock clk (rise edge)
                                  4.650000    4.650000   clock network delay (propagated)
                                  1.190000    5.840000 ^ input external delay
     1    0.005655    0.090000    0.000000    5.840000 ^ wbs_sel_i[2] (in)
                                                         wbs_sel_i[2] (net)
                      0.090239    0.000114    5.840114 ^ hold93/A (sky130_fd_sc_hd__dlygate4sd3_1)
     1    0.004016    0.107437    1.014389    6.854503 ^ hold93/X (sky130_fd_sc_hd__dlygate4sd3_1)
                                                         net191 (net)
                      0.107437    0.000143    6.854645 ^ hold91/A (sky130_fd_sc_hd__dlygate4sd3_1)
     1    0.012433    0.221990    1.117875    7.972521 ^ hold91/X (sky130_fd_sc_hd__dlygate4sd3_1)
                                                         net189 (net)
                      0.221990    0.000462    7.972982 ^ input47/A (sky130_fd_sc_hd__buf_12)
     1    0.064843    0.132773    0.282297    8.255280 ^ input47/X (sky130_fd_sc_hd__buf_12)
                                                         net47 (net)
                      0.134613    0.011699    8.266978 ^ hold92/A (sky130_fd_sc_hd__buf_12)
     8    0.189818    0.344671    0.373246    8.640224 ^ hold92/X (sky130_fd_sc_hd__buf_12)
                                                         net190 (net)
                      0.347633    0.024797    8.665022 ^ i_sram/BEN[16] (CF_SRAM_1024x32)
                                              8.665022   data arrival time

                                  0.000000    0.000000   clock clk (rise edge)
                                  5.570000    5.570000   clock source latency
     1    0.053413    0.610000    0.000000    5.570000 ^ wb_clk_i (in)
                                                         wb_clk_i (net)
                      0.627638    0.009260    5.579260 ^ clkbuf_0_wb_clk_i/A (sky130_fd_sc_hd__clkbuf_16)
     2    0.064406    0.132392    0.536255    6.115515 ^ clkbuf_0_wb_clk_i/X (sky130_fd_sc_hd__clkbuf_16)
                                                         clknet_0_wb_clk_i (net)
                      0.132435    0.002008    6.117524 ^ clkbuf_1_1__f_wb_clk_i/A (sky130_fd_sc_hd__clkbuf_16)
     1    0.135215    0.227499    0.391997    6.509521 ^ clkbuf_1_1__f_wb_clk_i/X (sky130_fd_sc_hd__clkbuf_16)
                                                         clknet_1_1__leaf_wb_clk_i (net)
                      0.228965    0.015544    6.525064 ^ i_sram/CLKin (CF_SRAM_1024x32)
                                  0.100000    6.625064   clock uncertainty
                                  0.000000    6.625064   clock reconvergence pessimism
                                  0.544838    7.169902   library hold time
                                              7.169902   data required time
---------------------------------------------------------------------------------------------
                                              7.169902   data required time
                                             -8.665022   data arrival time
---------------------------------------------------------------------------------------------
                                              1.495120   slack (MET)


Startpoint: wbs_sel_i[2] (input port clocked by clk)
Endpoint: i_sram (rising edge-triggered flip-flop clocked by clk)
Path Group: clk
Path Type: min

Fanout         Cap        Slew       Delay        Time   Description
---------------------------------------------------------------------------------------------
                                  0.000000    0.000000   clock clk (rise edge)
                                  4.650000    4.650000   clock network delay (propagated)
                                  1.190000    5.840000 ^ input external delay
     1    0.005655    0.090000    0.000000    5.840000 ^ wbs_sel_i[2] (in)
                                                         wbs_sel_i[2] (net)
                      0.090239    0.000114    5.840114 ^ hold93/A (sky130_fd_sc_hd__dlygate4sd3_1)
     1    0.004016    0.107437    1.014389    6.854503 ^ hold93/X (sky130_fd_sc_hd__dlygate4sd3_1)
                                                         net191 (net)
                      0.107437    0.000143    6.854645 ^ hold91/A (sky130_fd_sc_hd__dlygate4sd3_1)
     1    0.012433    0.221990    1.117875    7.972521 ^ hold91/X (sky130_fd_sc_hd__dlygate4sd3_1)
                                                         net189 (net)
                      0.221990    0.000462    7.972982 ^ input47/A (sky130_fd_sc_hd__buf_12)
     1    0.064843    0.132773    0.282297    8.255280 ^ input47/X (sky130_fd_sc_hd__buf_12)
                                                         net47 (net)
                      0.134613    0.011699    8.266978 ^ hold92/A (sky130_fd_sc_hd__buf_12)
     8    0.189818    0.344671    0.373246    8.640224 ^ hold92/X (sky130_fd_sc_hd__buf_12)
                                                         net190 (net)
                      0.348211    0.026969    8.667193 ^ i_sram/BEN[17] (CF_SRAM_1024x32)
                                              8.667193   data arrival time

                                  0.000000    0.000000   clock clk (rise edge)
                                  5.570000    5.570000   clock source latency
     1    0.053413    0.610000    0.000000    5.570000 ^ wb_clk_i (in)
                                                         wb_clk_i (net)
                      0.627638    0.009260    5.579260 ^ clkbuf_0_wb_clk_i/A (sky130_fd_sc_hd__clkbuf_16)
     2    0.064406    0.132392    0.536255    6.115515 ^ clkbuf_0_wb_clk_i/X (sky130_fd_sc_hd__clkbuf_16)
                                                         clknet_0_wb_clk_i (net)
                      0.132435    0.002008    6.117524 ^ clkbuf_1_1__f_wb_clk_i/A (sky130_fd_sc_hd__clkbuf_16)
     1    0.135215    0.227499    0.391997    6.509521 ^ clkbuf_1_1__f_wb_clk_i/X (sky130_fd_sc_hd__clkbuf_16)
                                                         clknet_1_1__leaf_wb_clk_i (net)
                      0.228965    0.015544    6.525064 ^ i_sram/CLKin (CF_SRAM_1024x32)
                                  0.100000    6.625064   clock uncertainty
                                  0.000000    6.625064   clock reconvergence pessimism
                                  0.544752    7.169816   library hold time
                                              7.169816   data required time
---------------------------------------------------------------------------------------------
                                              7.169816   data required time
                                             -8.667193   data arrival time
---------------------------------------------------------------------------------------------
                                              1.497377   slack (MET)


Startpoint: wbs_sel_i[2] (input port clocked by clk)
Endpoint: i_sram (rising edge-triggered flip-flop clocked by clk)
Path Group: clk
Path Type: min

Fanout         Cap        Slew       Delay        Time   Description
---------------------------------------------------------------------------------------------
                                  0.000000    0.000000   clock clk (rise edge)
                                  4.650000    4.650000   clock network delay (propagated)
                                  1.190000    5.840000 ^ input external delay
     1    0.005655    0.090000    0.000000    5.840000 ^ wbs_sel_i[2] (in)
                                                         wbs_sel_i[2] (net)
                      0.090239    0.000114    5.840114 ^ hold93/A (sky130_fd_sc_hd__dlygate4sd3_1)
     1    0.004016    0.107437    1.014389    6.854503 ^ hold93/X (sky130_fd_sc_hd__dlygate4sd3_1)
                                                         net191 (net)
                      0.107437    0.000143    6.854645 ^ hold91/A (sky130_fd_sc_hd__dlygate4sd3_1)
     1    0.012433    0.221990    1.117875    7.972521 ^ hold91/X (sky130_fd_sc_hd__dlygate4sd3_1)
                                                         net189 (net)
                      0.221990    0.000462    7.972982 ^ input47/A (sky130_fd_sc_hd__buf_12)
     1    0.064843    0.132773    0.282297    8.255280 ^ input47/X (sky130_fd_sc_hd__buf_12)
                                                         net47 (net)
                      0.134613    0.011699    8.266978 ^ hold92/A (sky130_fd_sc_hd__buf_12)
     8    0.189818    0.344671    0.373246    8.640224 ^ hold92/X (sky130_fd_sc_hd__buf_12)
                                                         net190 (net)
                      0.348520    0.028055    8.668280 ^ i_sram/BEN[18] (CF_SRAM_1024x32)
                                              8.668280   data arrival time

                                  0.000000    0.000000   clock clk (rise edge)
                                  5.570000    5.570000   clock source latency
     1    0.053413    0.610000    0.000000    5.570000 ^ wb_clk_i (in)
                                                         wb_clk_i (net)
                      0.627638    0.009260    5.579260 ^ clkbuf_0_wb_clk_i/A (sky130_fd_sc_hd__clkbuf_16)
     2    0.064406    0.132392    0.536255    6.115515 ^ clkbuf_0_wb_clk_i/X (sky130_fd_sc_hd__clkbuf_16)
                                                         clknet_0_wb_clk_i (net)
                      0.132435    0.002008    6.117524 ^ clkbuf_1_1__f_wb_clk_i/A (sky130_fd_sc_hd__clkbuf_16)
     1    0.135215    0.227499    0.391997    6.509521 ^ clkbuf_1_1__f_wb_clk_i/X (sky130_fd_sc_hd__clkbuf_16)
                                                         clknet_1_1__leaf_wb_clk_i (net)
                      0.228965    0.015544    6.525064 ^ i_sram/CLKin (CF_SRAM_1024x32)
                                  0.100000    6.625064   clock uncertainty
                                  0.000000    6.625064   clock reconvergence pessimism
                                  0.544705    7.169769   library hold time
                                              7.169769   data required time
---------------------------------------------------------------------------------------------
                                              7.169769   data required time
                                             -8.668280   data arrival time
---------------------------------------------------------------------------------------------
                                              1.498510   slack (MET)


Startpoint: wbs_sel_i[2] (input port clocked by clk)
Endpoint: i_sram (rising edge-triggered flip-flop clocked by clk)
Path Group: clk
Path Type: min

Fanout         Cap        Slew       Delay        Time   Description
---------------------------------------------------------------------------------------------
                                  0.000000    0.000000   clock clk (rise edge)
                                  4.650000    4.650000   clock network delay (propagated)
                                  1.190000    5.840000 ^ input external delay
     1    0.005655    0.090000    0.000000    5.840000 ^ wbs_sel_i[2] (in)
                                                         wbs_sel_i[2] (net)
                      0.090239    0.000114    5.840114 ^ hold93/A (sky130_fd_sc_hd__dlygate4sd3_1)
     1    0.004016    0.107437    1.014389    6.854503 ^ hold93/X (sky130_fd_sc_hd__dlygate4sd3_1)
                                                         net191 (net)
                      0.107437    0.000143    6.854645 ^ hold91/A (sky130_fd_sc_hd__dlygate4sd3_1)
     1    0.012433    0.221990    1.117875    7.972521 ^ hold91/X (sky130_fd_sc_hd__dlygate4sd3_1)
                                                         net189 (net)
                      0.221990    0.000462    7.972982 ^ input47/A (sky130_fd_sc_hd__buf_12)
     1    0.064843    0.132773    0.282297    8.255280 ^ input47/X (sky130_fd_sc_hd__buf_12)
                                                         net47 (net)
                      0.134613    0.011699    8.266978 ^ hold92/A (sky130_fd_sc_hd__buf_12)
     8    0.189818    0.344671    0.373246    8.640224 ^ hold92/X (sky130_fd_sc_hd__buf_12)
                                                         net190 (net)
                      0.348823    0.029079    8.669304 ^ i_sram/BEN[19] (CF_SRAM_1024x32)
                                              8.669304   data arrival time

                                  0.000000    0.000000   clock clk (rise edge)
                                  5.570000    5.570000   clock source latency
     1    0.053413    0.610000    0.000000    5.570000 ^ wb_clk_i (in)
                                                         wb_clk_i (net)
                      0.627638    0.009260    5.579260 ^ clkbuf_0_wb_clk_i/A (sky130_fd_sc_hd__clkbuf_16)
     2    0.064406    0.132392    0.536255    6.115515 ^ clkbuf_0_wb_clk_i/X (sky130_fd_sc_hd__clkbuf_16)
                                                         clknet_0_wb_clk_i (net)
                      0.132435    0.002008    6.117524 ^ clkbuf_1_1__f_wb_clk_i/A (sky130_fd_sc_hd__clkbuf_16)
     1    0.135215    0.227499    0.391997    6.509521 ^ clkbuf_1_1__f_wb_clk_i/X (sky130_fd_sc_hd__clkbuf_16)
                                                         clknet_1_1__leaf_wb_clk_i (net)
                      0.228965    0.015544    6.525064 ^ i_sram/CLKin (CF_SRAM_1024x32)
                                  0.100000    6.625064   clock uncertainty
                                  0.000000    6.625064   clock reconvergence pessimism
                                  0.544660    7.169724   library hold time
                                              7.169724   data required time
---------------------------------------------------------------------------------------------
                                              7.169724   data required time
                                             -8.669304   data arrival time
---------------------------------------------------------------------------------------------
                                              1.499580   slack (MET)


Startpoint: wbs_sel_i[2] (input port clocked by clk)
Endpoint: i_sram (rising edge-triggered flip-flop clocked by clk)
Path Group: clk
Path Type: min

Fanout         Cap        Slew       Delay        Time   Description
---------------------------------------------------------------------------------------------
                                  0.000000    0.000000   clock clk (rise edge)
                                  4.650000    4.650000   clock network delay (propagated)
                                  1.190000    5.840000 ^ input external delay
     1    0.005655    0.090000    0.000000    5.840000 ^ wbs_sel_i[2] (in)
                                                         wbs_sel_i[2] (net)
                      0.090239    0.000114    5.840114 ^ hold93/A (sky130_fd_sc_hd__dlygate4sd3_1)
     1    0.004016    0.107437    1.014389    6.854503 ^ hold93/X (sky130_fd_sc_hd__dlygate4sd3_1)
                                                         net191 (net)
                      0.107437    0.000143    6.854645 ^ hold91/A (sky130_fd_sc_hd__dlygate4sd3_1)
     1    0.012433    0.221990    1.117875    7.972521 ^ hold91/X (sky130_fd_sc_hd__dlygate4sd3_1)
                                                         net189 (net)
                      0.221990    0.000462    7.972982 ^ input47/A (sky130_fd_sc_hd__buf_12)
     1    0.064843    0.132773    0.282297    8.255280 ^ input47/X (sky130_fd_sc_hd__buf_12)
                                                         net47 (net)
                      0.134613    0.011699    8.266978 ^ hold92/A (sky130_fd_sc_hd__buf_12)
     8    0.189818    0.344671    0.373246    8.640224 ^ hold92/X (sky130_fd_sc_hd__buf_12)
                                                         net190 (net)
                      0.349040    0.029786    8.670011 ^ i_sram/BEN[20] (CF_SRAM_1024x32)
                                              8.670011   data arrival time

                                  0.000000    0.000000   clock clk (rise edge)
                                  5.570000    5.570000   clock source latency
     1    0.053413    0.610000    0.000000    5.570000 ^ wb_clk_i (in)
                                                         wb_clk_i (net)
                      0.627638    0.009260    5.579260 ^ clkbuf_0_wb_clk_i/A (sky130_fd_sc_hd__clkbuf_16)
     2    0.064406    0.132392    0.536255    6.115515 ^ clkbuf_0_wb_clk_i/X (sky130_fd_sc_hd__clkbuf_16)
                                                         clknet_0_wb_clk_i (net)
                      0.132435    0.002008    6.117524 ^ clkbuf_1_1__f_wb_clk_i/A (sky130_fd_sc_hd__clkbuf_16)
     1    0.135215    0.227499    0.391997    6.509521 ^ clkbuf_1_1__f_wb_clk_i/X (sky130_fd_sc_hd__clkbuf_16)
                                                         clknet_1_1__leaf_wb_clk_i (net)
                      0.228965    0.015544    6.525064 ^ i_sram/CLKin (CF_SRAM_1024x32)
                                  0.100000    6.625064   clock uncertainty
                                  0.000000    6.625064   clock reconvergence pessimism
                                  0.544627    7.169692   library hold time
                                              7.169692   data required time
---------------------------------------------------------------------------------------------
                                              7.169692   data required time
                                             -8.670011   data arrival time
---------------------------------------------------------------------------------------------
                                              1.500319   slack (MET)


Startpoint: wbs_sel_i[2] (input port clocked by clk)
Endpoint: i_sram (rising edge-triggered flip-flop clocked by clk)
Path Group: clk
Path Type: min

Fanout         Cap        Slew       Delay        Time   Description
---------------------------------------------------------------------------------------------
                                  0.000000    0.000000   clock clk (rise edge)
                                  4.650000    4.650000   clock network delay (propagated)
                                  1.190000    5.840000 ^ input external delay
     1    0.005655    0.090000    0.000000    5.840000 ^ wbs_sel_i[2] (in)
                                                         wbs_sel_i[2] (net)
                      0.090239    0.000114    5.840114 ^ hold93/A (sky130_fd_sc_hd__dlygate4sd3_1)
     1    0.004016    0.107437    1.014389    6.854503 ^ hold93/X (sky130_fd_sc_hd__dlygate4sd3_1)
                                                         net191 (net)
                      0.107437    0.000143    6.854645 ^ hold91/A (sky130_fd_sc_hd__dlygate4sd3_1)
     1    0.012433    0.221990    1.117875    7.972521 ^ hold91/X (sky130_fd_sc_hd__dlygate4sd3_1)
                                                         net189 (net)
                      0.221990    0.000462    7.972982 ^ input47/A (sky130_fd_sc_hd__buf_12)
     1    0.064843    0.132773    0.282297    8.255280 ^ input47/X (sky130_fd_sc_hd__buf_12)
                                                         net47 (net)
                      0.134613    0.011699    8.266978 ^ hold92/A (sky130_fd_sc_hd__buf_12)
     8    0.189818    0.344671    0.373246    8.640224 ^ hold92/X (sky130_fd_sc_hd__buf_12)
                                                         net190 (net)
                      0.349218    0.030356    8.670581 ^ i_sram/BEN[21] (CF_SRAM_1024x32)
                                              8.670581   data arrival time

                                  0.000000    0.000000   clock clk (rise edge)
                                  5.570000    5.570000   clock source latency
     1    0.053413    0.610000    0.000000    5.570000 ^ wb_clk_i (in)
                                                         wb_clk_i (net)
                      0.627638    0.009260    5.579260 ^ clkbuf_0_wb_clk_i/A (sky130_fd_sc_hd__clkbuf_16)
     2    0.064406    0.132392    0.536255    6.115515 ^ clkbuf_0_wb_clk_i/X (sky130_fd_sc_hd__clkbuf_16)
                                                         clknet_0_wb_clk_i (net)
                      0.132435    0.002008    6.117524 ^ clkbuf_1_1__f_wb_clk_i/A (sky130_fd_sc_hd__clkbuf_16)
     1    0.135215    0.227499    0.391997    6.509521 ^ clkbuf_1_1__f_wb_clk_i/X (sky130_fd_sc_hd__clkbuf_16)
                                                         clknet_1_1__leaf_wb_clk_i (net)
                      0.228965    0.015544    6.525064 ^ i_sram/CLKin (CF_SRAM_1024x32)
                                  0.100000    6.625064   clock uncertainty
                                  0.000000    6.625064   clock reconvergence pessimism
                                  0.544601    7.169665   library hold time
                                              7.169665   data required time
---------------------------------------------------------------------------------------------
                                              7.169665   data required time
                                             -8.670581   data arrival time
---------------------------------------------------------------------------------------------
                                              1.500916   slack (MET)


Startpoint: wbs_sel_i[2] (input port clocked by clk)
Endpoint: i_sram (rising edge-triggered flip-flop clocked by clk)
Path Group: clk
Path Type: min

Fanout         Cap        Slew       Delay        Time   Description
---------------------------------------------------------------------------------------------
                                  0.000000    0.000000   clock clk (rise edge)
                                  4.650000    4.650000   clock network delay (propagated)
                                  1.190000    5.840000 ^ input external delay
     1    0.005655    0.090000    0.000000    5.840000 ^ wbs_sel_i[2] (in)
                                                         wbs_sel_i[2] (net)
                      0.090239    0.000114    5.840114 ^ hold93/A (sky130_fd_sc_hd__dlygate4sd3_1)
     1    0.004016    0.107437    1.014389    6.854503 ^ hold93/X (sky130_fd_sc_hd__dlygate4sd3_1)
                                                         net191 (net)
                      0.107437    0.000143    6.854645 ^ hold91/A (sky130_fd_sc_hd__dlygate4sd3_1)
     1    0.012433    0.221990    1.117875    7.972521 ^ hold91/X (sky130_fd_sc_hd__dlygate4sd3_1)
                                                         net189 (net)
                      0.221990    0.000462    7.972982 ^ input47/A (sky130_fd_sc_hd__buf_12)
     1    0.064843    0.132773    0.282297    8.255280 ^ input47/X (sky130_fd_sc_hd__buf_12)
                                                         net47 (net)
                      0.134613    0.011699    8.266978 ^ hold92/A (sky130_fd_sc_hd__buf_12)
     8    0.189818    0.344671    0.373246    8.640224 ^ hold92/X (sky130_fd_sc_hd__buf_12)
                                                         net190 (net)
                      0.349385    0.030880    8.671105 ^ i_sram/BEN[22] (CF_SRAM_1024x32)
                                              8.671105   data arrival time

                                  0.000000    0.000000   clock clk (rise edge)
                                  5.570000    5.570000   clock source latency
     1    0.053413    0.610000    0.000000    5.570000 ^ wb_clk_i (in)
                                                         wb_clk_i (net)
                      0.627638    0.009260    5.579260 ^ clkbuf_0_wb_clk_i/A (sky130_fd_sc_hd__clkbuf_16)
     2    0.064406    0.132392    0.536255    6.115515 ^ clkbuf_0_wb_clk_i/X (sky130_fd_sc_hd__clkbuf_16)
                                                         clknet_0_wb_clk_i (net)
                      0.132435    0.002008    6.117524 ^ clkbuf_1_1__f_wb_clk_i/A (sky130_fd_sc_hd__clkbuf_16)
     1    0.135215    0.227499    0.391997    6.509521 ^ clkbuf_1_1__f_wb_clk_i/X (sky130_fd_sc_hd__clkbuf_16)
                                                         clknet_1_1__leaf_wb_clk_i (net)
                      0.228965    0.015544    6.525064 ^ i_sram/CLKin (CF_SRAM_1024x32)
                                  0.100000    6.625064   clock uncertainty
                                  0.000000    6.625064   clock reconvergence pessimism
                                  0.544576    7.169640   library hold time
                                              7.169640   data required time
---------------------------------------------------------------------------------------------
                                              7.169640   data required time
                                             -8.671105   data arrival time
---------------------------------------------------------------------------------------------
                                              1.501465   slack (MET)


Startpoint: wbs_sel_i[2] (input port clocked by clk)
Endpoint: i_sram (rising edge-triggered flip-flop clocked by clk)
Path Group: clk
Path Type: min

Fanout         Cap        Slew       Delay        Time   Description
---------------------------------------------------------------------------------------------
                                  0.000000    0.000000   clock clk (rise edge)
                                  4.650000    4.650000   clock network delay (propagated)
                                  1.190000    5.840000 ^ input external delay
     1    0.005655    0.090000    0.000000    5.840000 ^ wbs_sel_i[2] (in)
                                                         wbs_sel_i[2] (net)
                      0.090239    0.000114    5.840114 ^ hold93/A (sky130_fd_sc_hd__dlygate4sd3_1)
     1    0.004016    0.107437    1.014389    6.854503 ^ hold93/X (sky130_fd_sc_hd__dlygate4sd3_1)
                                                         net191 (net)
                      0.107437    0.000143    6.854645 ^ hold91/A (sky130_fd_sc_hd__dlygate4sd3_1)
     1    0.012433    0.221990    1.117875    7.972521 ^ hold91/X (sky130_fd_sc_hd__dlygate4sd3_1)
                                                         net189 (net)
                      0.221990    0.000462    7.972982 ^ input47/A (sky130_fd_sc_hd__buf_12)
     1    0.064843    0.132773    0.282297    8.255280 ^ input47/X (sky130_fd_sc_hd__buf_12)
                                                         net47 (net)
                      0.134613    0.011699    8.266978 ^ hold92/A (sky130_fd_sc_hd__buf_12)
     8    0.189818    0.344671    0.373246    8.640224 ^ hold92/X (sky130_fd_sc_hd__buf_12)
                                                         net190 (net)
                      0.349513    0.031275    8.671499 ^ i_sram/BEN[23] (CF_SRAM_1024x32)
                                              8.671499   data arrival time

                                  0.000000    0.000000   clock clk (rise edge)
                                  5.570000    5.570000   clock source latency
     1    0.053413    0.610000    0.000000    5.570000 ^ wb_clk_i (in)
                                                         wb_clk_i (net)
                      0.627638    0.009260    5.579260 ^ clkbuf_0_wb_clk_i/A (sky130_fd_sc_hd__clkbuf_16)
     2    0.064406    0.132392    0.536255    6.115515 ^ clkbuf_0_wb_clk_i/X (sky130_fd_sc_hd__clkbuf_16)
                                                         clknet_0_wb_clk_i (net)
                      0.132435    0.002008    6.117524 ^ clkbuf_1_1__f_wb_clk_i/A (sky130_fd_sc_hd__clkbuf_16)
     1    0.135215    0.227499    0.391997    6.509521 ^ clkbuf_1_1__f_wb_clk_i/X (sky130_fd_sc_hd__clkbuf_16)
                                                         clknet_1_1__leaf_wb_clk_i (net)
                      0.228965    0.015544    6.525064 ^ i_sram/CLKin (CF_SRAM_1024x32)
                                  0.100000    6.625064   clock uncertainty
                                  0.000000    6.625064   clock reconvergence pessimism
                                  0.544556    7.169621   library hold time
                                              7.169621   data required time
---------------------------------------------------------------------------------------------
                                              7.169621   data required time
                                             -8.671499   data arrival time
---------------------------------------------------------------------------------------------
                                              1.501879   slack (MET)


Startpoint: wbs_sel_i[3] (input port clocked by clk)
Endpoint: i_sram (rising edge-triggered flip-flop clocked by clk)
Path Group: clk
Path Type: min

Fanout         Cap        Slew       Delay        Time   Description
---------------------------------------------------------------------------------------------
                                  0.000000    0.000000   clock clk (rise edge)
                                  4.650000    4.650000   clock network delay (propagated)
                                  1.190000    5.840000 ^ input external delay
     1    0.007512    0.090000    0.000000    5.840000 ^ wbs_sel_i[3] (in)
                                                         wbs_sel_i[3] (net)
                      0.090390    0.000185    5.840185 ^ hold96/A (sky130_fd_sc_hd__dlygate4sd3_1)
     1    0.005000    0.121759    1.026879    6.867064 ^ hold96/X (sky130_fd_sc_hd__dlygate4sd3_1)
                                                         net194 (net)
                      0.121759    0.000174    6.867238 ^ hold94/A (sky130_fd_sc_hd__dlygate4sd3_1)
     1    0.012038    0.218082    1.118721    7.985959 ^ hold94/X (sky130_fd_sc_hd__dlygate4sd3_1)
                                                         net192 (net)
                      0.218082    0.000461    7.986420 ^ input48/A (sky130_fd_sc_hd__buf_12)
     1    0.074696    0.148606    0.295305    8.281725 ^ input48/X (sky130_fd_sc_hd__buf_12)
                                                         net48 (net)
                      0.148899    0.004086    8.285810 ^ hold95/A (sky130_fd_sc_hd__buf_12)
     8    0.194341    0.353322    0.377139    8.662950 ^ hold95/X (sky130_fd_sc_hd__buf_12)
                                                         net193 (net)
                      0.358328    0.032388    8.695338 ^ i_sram/BEN[24] (CF_SRAM_1024x32)
                                              8.695338   data arrival time

                                  0.000000    0.000000   clock clk (rise edge)
                                  5.570000    5.570000   clock source latency
     1    0.053413    0.610000    0.000000    5.570000 ^ wb_clk_i (in)
                                                         wb_clk_i (net)
                      0.627638    0.009260    5.579260 ^ clkbuf_0_wb_clk_i/A (sky130_fd_sc_hd__clkbuf_16)
     2    0.064406    0.132392    0.536255    6.115515 ^ clkbuf_0_wb_clk_i/X (sky130_fd_sc_hd__clkbuf_16)
                                                         clknet_0_wb_clk_i (net)
                      0.132435    0.002008    6.117524 ^ clkbuf_1_1__f_wb_clk_i/A (sky130_fd_sc_hd__clkbuf_16)
     1    0.135215    0.227499    0.391997    6.509521 ^ clkbuf_1_1__f_wb_clk_i/X (sky130_fd_sc_hd__clkbuf_16)
                                                         clknet_1_1__leaf_wb_clk_i (net)
                      0.228965    0.015544    6.525064 ^ i_sram/CLKin (CF_SRAM_1024x32)
                                  0.100000    6.625064   clock uncertainty
                                  0.000000    6.625064   clock reconvergence pessimism
                                  0.543235    7.168300   library hold time
                                              7.168300   data required time
---------------------------------------------------------------------------------------------
                                              7.168300   data required time
                                             -8.695338   data arrival time
---------------------------------------------------------------------------------------------
                                              1.527039   slack (MET)


Startpoint: wbs_sel_i[3] (input port clocked by clk)
Endpoint: i_sram (rising edge-triggered flip-flop clocked by clk)
Path Group: clk
Path Type: min

Fanout         Cap        Slew       Delay        Time   Description
---------------------------------------------------------------------------------------------
                                  0.000000    0.000000   clock clk (rise edge)
                                  4.650000    4.650000   clock network delay (propagated)
                                  1.190000    5.840000 ^ input external delay
     1    0.007512    0.090000    0.000000    5.840000 ^ wbs_sel_i[3] (in)
                                                         wbs_sel_i[3] (net)
                      0.090390    0.000185    5.840185 ^ hold96/A (sky130_fd_sc_hd__dlygate4sd3_1)
     1    0.005000    0.121759    1.026879    6.867064 ^ hold96/X (sky130_fd_sc_hd__dlygate4sd3_1)
                                                         net194 (net)
                      0.121759    0.000174    6.867238 ^ hold94/A (sky130_fd_sc_hd__dlygate4sd3_1)
     1    0.012038    0.218082    1.118721    7.985959 ^ hold94/X (sky130_fd_sc_hd__dlygate4sd3_1)
                                                         net192 (net)
                      0.218082    0.000461    7.986420 ^ input48/A (sky130_fd_sc_hd__buf_12)
     1    0.074696    0.148606    0.295305    8.281725 ^ input48/X (sky130_fd_sc_hd__buf_12)
                                                         net48 (net)
                      0.148899    0.004086    8.285810 ^ hold95/A (sky130_fd_sc_hd__buf_12)
     8    0.194341    0.353322    0.377139    8.662950 ^ hold95/X (sky130_fd_sc_hd__buf_12)
                                                         net193 (net)
                      0.359256    0.035062    8.698011 ^ i_sram/BEN[25] (CF_SRAM_1024x32)
                                              8.698011   data arrival time

                                  0.000000    0.000000   clock clk (rise edge)
                                  5.570000    5.570000   clock source latency
     1    0.053413    0.610000    0.000000    5.570000 ^ wb_clk_i (in)
                                                         wb_clk_i (net)
                      0.627638    0.009260    5.579260 ^ clkbuf_0_wb_clk_i/A (sky130_fd_sc_hd__clkbuf_16)
     2    0.064406    0.132392    0.536255    6.115515 ^ clkbuf_0_wb_clk_i/X (sky130_fd_sc_hd__clkbuf_16)
                                                         clknet_0_wb_clk_i (net)
                      0.132435    0.002008    6.117524 ^ clkbuf_1_1__f_wb_clk_i/A (sky130_fd_sc_hd__clkbuf_16)
     1    0.135215    0.227499    0.391997    6.509521 ^ clkbuf_1_1__f_wb_clk_i/X (sky130_fd_sc_hd__clkbuf_16)
                                                         clknet_1_1__leaf_wb_clk_i (net)
                      0.228965    0.015544    6.525064 ^ i_sram/CLKin (CF_SRAM_1024x32)
                                  0.100000    6.625064   clock uncertainty
                                  0.000000    6.625064   clock reconvergence pessimism
                                  0.543096    7.168160   library hold time
                                              7.168160   data required time
---------------------------------------------------------------------------------------------
                                              7.168160   data required time
                                             -8.698011   data arrival time
---------------------------------------------------------------------------------------------
                                              1.529851   slack (MET)


Startpoint: wbs_sel_i[3] (input port clocked by clk)
Endpoint: i_sram (rising edge-triggered flip-flop clocked by clk)
Path Group: clk
Path Type: min

Fanout         Cap        Slew       Delay        Time   Description
---------------------------------------------------------------------------------------------
                                  0.000000    0.000000   clock clk (rise edge)
                                  4.650000    4.650000   clock network delay (propagated)
                                  1.190000    5.840000 ^ input external delay
     1    0.007512    0.090000    0.000000    5.840000 ^ wbs_sel_i[3] (in)
                                                         wbs_sel_i[3] (net)
                      0.090390    0.000185    5.840185 ^ hold96/A (sky130_fd_sc_hd__dlygate4sd3_1)
     1    0.005000    0.121759    1.026879    6.867064 ^ hold96/X (sky130_fd_sc_hd__dlygate4sd3_1)
                                                         net194 (net)
                      0.121759    0.000174    6.867238 ^ hold94/A (sky130_fd_sc_hd__dlygate4sd3_1)
     1    0.012038    0.218082    1.118721    7.985959 ^ hold94/X (sky130_fd_sc_hd__dlygate4sd3_1)
                                                         net192 (net)
                      0.218082    0.000461    7.986420 ^ input48/A (sky130_fd_sc_hd__buf_12)
     1    0.074696    0.148606    0.295305    8.281725 ^ input48/X (sky130_fd_sc_hd__buf_12)
                                                         net48 (net)
                      0.148899    0.004086    8.285810 ^ hold95/A (sky130_fd_sc_hd__buf_12)
     8    0.194341    0.353322    0.377139    8.662950 ^ hold95/X (sky130_fd_sc_hd__buf_12)
                                                         net193 (net)
                      0.359927    0.036863    8.699813 ^ i_sram/BEN[26] (CF_SRAM_1024x32)
                                              8.699813   data arrival time

                                  0.000000    0.000000   clock clk (rise edge)
                                  5.570000    5.570000   clock source latency
     1    0.053413    0.610000    0.000000    5.570000 ^ wb_clk_i (in)
                                                         wb_clk_i (net)
                      0.627638    0.009260    5.579260 ^ clkbuf_0_wb_clk_i/A (sky130_fd_sc_hd__clkbuf_16)
     2    0.064406    0.132392    0.536255    6.115515 ^ clkbuf_0_wb_clk_i/X (sky130_fd_sc_hd__clkbuf_16)
                                                         clknet_0_wb_clk_i (net)
                      0.132435    0.002008    6.117524 ^ clkbuf_1_1__f_wb_clk_i/A (sky130_fd_sc_hd__clkbuf_16)
     1    0.135215    0.227499    0.391997    6.509521 ^ clkbuf_1_1__f_wb_clk_i/X (sky130_fd_sc_hd__clkbuf_16)
                                                         clknet_1_1__leaf_wb_clk_i (net)
                      0.228965    0.015544    6.525064 ^ i_sram/CLKin (CF_SRAM_1024x32)
                                  0.100000    6.625064   clock uncertainty
                                  0.000000    6.625064   clock reconvergence pessimism
                                  0.542996    7.168060   library hold time
                                              7.168060   data required time
---------------------------------------------------------------------------------------------
                                              7.168060   data required time
                                             -8.699813   data arrival time
---------------------------------------------------------------------------------------------
                                              1.531753   slack (MET)


Startpoint: wbs_sel_i[3] (input port clocked by clk)
Endpoint: i_sram (rising edge-triggered flip-flop clocked by clk)
Path Group: clk
Path Type: min

Fanout         Cap        Slew       Delay        Time   Description
---------------------------------------------------------------------------------------------
                                  0.000000    0.000000   clock clk (rise edge)
                                  4.650000    4.650000   clock network delay (propagated)
                                  1.190000    5.840000 ^ input external delay
     1    0.007512    0.090000    0.000000    5.840000 ^ wbs_sel_i[3] (in)
                                                         wbs_sel_i[3] (net)
                      0.090390    0.000185    5.840185 ^ hold96/A (sky130_fd_sc_hd__dlygate4sd3_1)
     1    0.005000    0.121759    1.026879    6.867064 ^ hold96/X (sky130_fd_sc_hd__dlygate4sd3_1)
                                                         net194 (net)
                      0.121759    0.000174    6.867238 ^ hold94/A (sky130_fd_sc_hd__dlygate4sd3_1)
     1    0.012038    0.218082    1.118721    7.985959 ^ hold94/X (sky130_fd_sc_hd__dlygate4sd3_1)
                                                         net192 (net)
                      0.218082    0.000461    7.986420 ^ input48/A (sky130_fd_sc_hd__buf_12)
     1    0.074696    0.148606    0.295305    8.281725 ^ input48/X (sky130_fd_sc_hd__buf_12)
                                                         net48 (net)
                      0.148899    0.004086    8.285810 ^ hold95/A (sky130_fd_sc_hd__buf_12)
     8    0.194341    0.353322    0.377139    8.662950 ^ hold95/X (sky130_fd_sc_hd__buf_12)
                                                         net193 (net)
                      0.360475    0.038267    8.701217 ^ i_sram/BEN[27] (CF_SRAM_1024x32)
                                              8.701217   data arrival time

                                  0.000000    0.000000   clock clk (rise edge)
                                  5.570000    5.570000   clock source latency
     1    0.053413    0.610000    0.000000    5.570000 ^ wb_clk_i (in)
                                                         wb_clk_i (net)
                      0.627638    0.009260    5.579260 ^ clkbuf_0_wb_clk_i/A (sky130_fd_sc_hd__clkbuf_16)
     2    0.064406    0.132392    0.536255    6.115515 ^ clkbuf_0_wb_clk_i/X (sky130_fd_sc_hd__clkbuf_16)
                                                         clknet_0_wb_clk_i (net)
                      0.132435    0.002008    6.117524 ^ clkbuf_1_1__f_wb_clk_i/A (sky130_fd_sc_hd__clkbuf_16)
     1    0.135215    0.227499    0.391997    6.509521 ^ clkbuf_1_1__f_wb_clk_i/X (sky130_fd_sc_hd__clkbuf_16)
                                                         clknet_1_1__leaf_wb_clk_i (net)
                      0.228965    0.015544    6.525064 ^ i_sram/CLKin (CF_SRAM_1024x32)
                                  0.100000    6.625064   clock uncertainty
                                  0.000000    6.625064   clock reconvergence pessimism
                                  0.542913    7.167977   library hold time
                                              7.167977   data required time
---------------------------------------------------------------------------------------------
                                              7.167977   data required time
                                             -8.701217   data arrival time
---------------------------------------------------------------------------------------------
                                              1.533239   slack (MET)


Startpoint: wbs_sel_i[3] (input port clocked by clk)
Endpoint: i_sram (rising edge-triggered flip-flop clocked by clk)
Path Group: clk
Path Type: min

Fanout         Cap        Slew       Delay        Time   Description
---------------------------------------------------------------------------------------------
                                  0.000000    0.000000   clock clk (rise edge)
                                  4.650000    4.650000   clock network delay (propagated)
                                  1.190000    5.840000 ^ input external delay
     1    0.007512    0.090000    0.000000    5.840000 ^ wbs_sel_i[3] (in)
                                                         wbs_sel_i[3] (net)
                      0.090390    0.000185    5.840185 ^ hold96/A (sky130_fd_sc_hd__dlygate4sd3_1)
     1    0.005000    0.121759    1.026879    6.867064 ^ hold96/X (sky130_fd_sc_hd__dlygate4sd3_1)
                                                         net194 (net)
                      0.121759    0.000174    6.867238 ^ hold94/A (sky130_fd_sc_hd__dlygate4sd3_1)
     1    0.012038    0.218082    1.118721    7.985959 ^ hold94/X (sky130_fd_sc_hd__dlygate4sd3_1)
                                                         net192 (net)
                      0.218082    0.000461    7.986420 ^ input48/A (sky130_fd_sc_hd__buf_12)
     1    0.074696    0.148606    0.295305    8.281725 ^ input48/X (sky130_fd_sc_hd__buf_12)
                                                         net48 (net)
                      0.148899    0.004086    8.285810 ^ hold95/A (sky130_fd_sc_hd__buf_12)
     8    0.194341    0.353322    0.377139    8.662950 ^ hold95/X (sky130_fd_sc_hd__buf_12)
                                                         net193 (net)
                      0.361144    0.039912    8.702862 ^ i_sram/BEN[28] (CF_SRAM_1024x32)
                                              8.702862   data arrival time

                                  0.000000    0.000000   clock clk (rise edge)
                                  5.570000    5.570000   clock source latency
     1    0.053413    0.610000    0.000000    5.570000 ^ wb_clk_i (in)
                                                         wb_clk_i (net)
                      0.627638    0.009260    5.579260 ^ clkbuf_0_wb_clk_i/A (sky130_fd_sc_hd__clkbuf_16)
     2    0.064406    0.132392    0.536255    6.115515 ^ clkbuf_0_wb_clk_i/X (sky130_fd_sc_hd__clkbuf_16)
                                                         clknet_0_wb_clk_i (net)
                      0.132435    0.002008    6.117524 ^ clkbuf_1_1__f_wb_clk_i/A (sky130_fd_sc_hd__clkbuf_16)
     1    0.135215    0.227499    0.391997    6.509521 ^ clkbuf_1_1__f_wb_clk_i/X (sky130_fd_sc_hd__clkbuf_16)
                                                         clknet_1_1__leaf_wb_clk_i (net)
                      0.228965    0.015544    6.525064 ^ i_sram/CLKin (CF_SRAM_1024x32)
                                  0.100000    6.625064   clock uncertainty
                                  0.000000    6.625064   clock reconvergence pessimism
                                  0.542813    7.167878   library hold time
                                              7.167878   data required time
---------------------------------------------------------------------------------------------
                                              7.167878   data required time
                                             -8.702862   data arrival time
---------------------------------------------------------------------------------------------
                                              1.534984   slack (MET)


Startpoint: wbs_sel_i[3] (input port clocked by clk)
Endpoint: i_sram (rising edge-triggered flip-flop clocked by clk)
Path Group: clk
Path Type: min

Fanout         Cap        Slew       Delay        Time   Description
---------------------------------------------------------------------------------------------
                                  0.000000    0.000000   clock clk (rise edge)
                                  4.650000    4.650000   clock network delay (propagated)
                                  1.190000    5.840000 ^ input external delay
     1    0.007512    0.090000    0.000000    5.840000 ^ wbs_sel_i[3] (in)
                                                         wbs_sel_i[3] (net)
                      0.090390    0.000185    5.840185 ^ hold96/A (sky130_fd_sc_hd__dlygate4sd3_1)
     1    0.005000    0.121759    1.026879    6.867064 ^ hold96/X (sky130_fd_sc_hd__dlygate4sd3_1)
                                                         net194 (net)
                      0.121759    0.000174    6.867238 ^ hold94/A (sky130_fd_sc_hd__dlygate4sd3_1)
     1    0.012038    0.218082    1.118721    7.985959 ^ hold94/X (sky130_fd_sc_hd__dlygate4sd3_1)
                                                         net192 (net)
                      0.218082    0.000461    7.986420 ^ input48/A (sky130_fd_sc_hd__buf_12)
     1    0.074696    0.148606    0.295305    8.281725 ^ input48/X (sky130_fd_sc_hd__buf_12)
                                                         net48 (net)
                      0.148899    0.004086    8.285810 ^ hold95/A (sky130_fd_sc_hd__buf_12)
     8    0.194341    0.353322    0.377139    8.662950 ^ hold95/X (sky130_fd_sc_hd__buf_12)
                                                         net193 (net)
                      0.361569    0.040919    8.703869 ^ i_sram/BEN[29] (CF_SRAM_1024x32)
                                              8.703869   data arrival time

                                  0.000000    0.000000   clock clk (rise edge)
                                  5.570000    5.570000   clock source latency
     1    0.053413    0.610000    0.000000    5.570000 ^ wb_clk_i (in)
                                                         wb_clk_i (net)
                      0.627638    0.009260    5.579260 ^ clkbuf_0_wb_clk_i/A (sky130_fd_sc_hd__clkbuf_16)
     2    0.064406    0.132392    0.536255    6.115515 ^ clkbuf_0_wb_clk_i/X (sky130_fd_sc_hd__clkbuf_16)
                                                         clknet_0_wb_clk_i (net)
                      0.132435    0.002008    6.117524 ^ clkbuf_1_1__f_wb_clk_i/A (sky130_fd_sc_hd__clkbuf_16)
     1    0.135215    0.227499    0.391997    6.509521 ^ clkbuf_1_1__f_wb_clk_i/X (sky130_fd_sc_hd__clkbuf_16)
                                                         clknet_1_1__leaf_wb_clk_i (net)
                      0.228965    0.015544    6.525064 ^ i_sram/CLKin (CF_SRAM_1024x32)
                                  0.100000    6.625064   clock uncertainty
                                  0.000000    6.625064   clock reconvergence pessimism
                                  0.542750    7.167814   library hold time
                                              7.167814   data required time
---------------------------------------------------------------------------------------------
                                              7.167814   data required time
                                             -8.703869   data arrival time
---------------------------------------------------------------------------------------------
                                              1.536055   slack (MET)


Startpoint: wbs_sel_i[3] (input port clocked by clk)
Endpoint: i_sram (rising edge-triggered flip-flop clocked by clk)
Path Group: clk
Path Type: min

Fanout         Cap        Slew       Delay        Time   Description
---------------------------------------------------------------------------------------------
                                  0.000000    0.000000   clock clk (rise edge)
                                  4.650000    4.650000   clock network delay (propagated)
                                  1.190000    5.840000 ^ input external delay
     1    0.007512    0.090000    0.000000    5.840000 ^ wbs_sel_i[3] (in)
                                                         wbs_sel_i[3] (net)
                      0.090390    0.000185    5.840185 ^ hold96/A (sky130_fd_sc_hd__dlygate4sd3_1)
     1    0.005000    0.121759    1.026879    6.867064 ^ hold96/X (sky130_fd_sc_hd__dlygate4sd3_1)
                                                         net194 (net)
                      0.121759    0.000174    6.867238 ^ hold94/A (sky130_fd_sc_hd__dlygate4sd3_1)
     1    0.012038    0.218082    1.118721    7.985959 ^ hold94/X (sky130_fd_sc_hd__dlygate4sd3_1)
                                                         net192 (net)
                      0.218082    0.000461    7.986420 ^ input48/A (sky130_fd_sc_hd__buf_12)
     1    0.074696    0.148606    0.295305    8.281725 ^ input48/X (sky130_fd_sc_hd__buf_12)
                                                         net48 (net)
                      0.148899    0.004086    8.285810 ^ hold95/A (sky130_fd_sc_hd__buf_12)
     8    0.194341    0.353322    0.377139    8.662950 ^ hold95/X (sky130_fd_sc_hd__buf_12)
                                                         net193 (net)
                      0.361748    0.041337    8.704287 ^ i_sram/BEN[30] (CF_SRAM_1024x32)
                                              8.704287   data arrival time

                                  0.000000    0.000000   clock clk (rise edge)
                                  5.570000    5.570000   clock source latency
     1    0.053413    0.610000    0.000000    5.570000 ^ wb_clk_i (in)
                                                         wb_clk_i (net)
                      0.627638    0.009260    5.579260 ^ clkbuf_0_wb_clk_i/A (sky130_fd_sc_hd__clkbuf_16)
     2    0.064406    0.132392    0.536255    6.115515 ^ clkbuf_0_wb_clk_i/X (sky130_fd_sc_hd__clkbuf_16)
                                                         clknet_0_wb_clk_i (net)
                      0.132435    0.002008    6.117524 ^ clkbuf_1_1__f_wb_clk_i/A (sky130_fd_sc_hd__clkbuf_16)
     1    0.135215    0.227499    0.391997    6.509521 ^ clkbuf_1_1__f_wb_clk_i/X (sky130_fd_sc_hd__clkbuf_16)
                                                         clknet_1_1__leaf_wb_clk_i (net)
                      0.228965    0.015544    6.525064 ^ i_sram/CLKin (CF_SRAM_1024x32)
                                  0.100000    6.625064   clock uncertainty
                                  0.000000    6.625064   clock reconvergence pessimism
                                  0.542723    7.167787   library hold time
                                              7.167787   data required time
---------------------------------------------------------------------------------------------
                                              7.167787   data required time
                                             -8.704287   data arrival time
---------------------------------------------------------------------------------------------
                                              1.536499   slack (MET)


Startpoint: wbs_sel_i[3] (input port clocked by clk)
Endpoint: i_sram (rising edge-triggered flip-flop clocked by clk)
Path Group: clk
Path Type: min

Fanout         Cap        Slew       Delay        Time   Description
---------------------------------------------------------------------------------------------
                                  0.000000    0.000000   clock clk (rise edge)
                                  4.650000    4.650000   clock network delay (propagated)
                                  1.190000    5.840000 ^ input external delay
     1    0.007512    0.090000    0.000000    5.840000 ^ wbs_sel_i[3] (in)
                                                         wbs_sel_i[3] (net)
                      0.090390    0.000185    5.840185 ^ hold96/A (sky130_fd_sc_hd__dlygate4sd3_1)
     1    0.005000    0.121759    1.026879    6.867064 ^ hold96/X (sky130_fd_sc_hd__dlygate4sd3_1)
                                                         net194 (net)
                      0.121759    0.000174    6.867238 ^ hold94/A (sky130_fd_sc_hd__dlygate4sd3_1)
     1    0.012038    0.218082    1.118721    7.985959 ^ hold94/X (sky130_fd_sc_hd__dlygate4sd3_1)
                                                         net192 (net)
                      0.218082    0.000461    7.986420 ^ input48/A (sky130_fd_sc_hd__buf_12)
     1    0.074696    0.148606    0.295305    8.281725 ^ input48/X (sky130_fd_sc_hd__buf_12)
                                                         net48 (net)
                      0.148899    0.004086    8.285810 ^ hold95/A (sky130_fd_sc_hd__buf_12)
     8    0.194341    0.353322    0.377139    8.662950 ^ hold95/X (sky130_fd_sc_hd__buf_12)
                                                         net193 (net)
                      0.361802    0.041463    8.704412 ^ i_sram/BEN[31] (CF_SRAM_1024x32)
                                              8.704412   data arrival time

                                  0.000000    0.000000   clock clk (rise edge)
                                  5.570000    5.570000   clock source latency
     1    0.053413    0.610000    0.000000    5.570000 ^ wb_clk_i (in)
                                                         wb_clk_i (net)
                      0.627638    0.009260    5.579260 ^ clkbuf_0_wb_clk_i/A (sky130_fd_sc_hd__clkbuf_16)
     2    0.064406    0.132392    0.536255    6.115515 ^ clkbuf_0_wb_clk_i/X (sky130_fd_sc_hd__clkbuf_16)
                                                         clknet_0_wb_clk_i (net)
                      0.132435    0.002008    6.117524 ^ clkbuf_1_1__f_wb_clk_i/A (sky130_fd_sc_hd__clkbuf_16)
     1    0.135215    0.227499    0.391997    6.509521 ^ clkbuf_1_1__f_wb_clk_i/X (sky130_fd_sc_hd__clkbuf_16)
                                                         clknet_1_1__leaf_wb_clk_i (net)
                      0.228965    0.015544    6.525064 ^ i_sram/CLKin (CF_SRAM_1024x32)
                                  0.100000    6.625064   clock uncertainty
                                  0.000000    6.625064   clock reconvergence pessimism
                                  0.542715    7.167778   library hold time
                                              7.167778   data required time
---------------------------------------------------------------------------------------------
                                              7.167778   data required time
                                             -8.704412   data arrival time
---------------------------------------------------------------------------------------------
                                              1.536634   slack (MET)


Startpoint: wbs_dat_i[15] (input port clocked by clk)
Endpoint: i_sram (rising edge-triggered flip-flop clocked by clk)
Path Group: clk
Path Type: min

Fanout         Cap        Slew       Delay        Time   Description
---------------------------------------------------------------------------------------------
                                  0.000000    0.000000   clock clk (rise edge)
                                  4.650000    4.650000   clock network delay (propagated)
                                  1.040000    5.690000 ^ input external delay
     1    0.003328    0.070000    0.000000    5.690000 ^ wbs_dat_i[15] (in)
                                                         wbs_dat_i[15] (net)
                      0.070098    0.000047    5.690047 ^ hold97/A (sky130_fd_sc_hd__dlygate4sd3_1)
     1    0.001955    0.082177    0.976505    6.666552 ^ hold97/X (sky130_fd_sc_hd__dlygate4sd3_1)
                                                         net195 (net)
                      0.082177    0.000052    6.666604 ^ hold1/A (sky130_fd_sc_hd__dlygate4sd3_1)
     1    0.001851    0.080907    0.979898    7.646502 ^ hold1/X (sky130_fd_sc_hd__dlygate4sd3_1)
                                                         net99 (net)
                      0.080907    0.000033    7.646534 ^ input19/A (sky130_fd_sc_hd__buf_2)
     1    0.012060    0.110228    0.217332    7.863866 ^ input19/X (sky130_fd_sc_hd__buf_2)
                                                         net19 (net)
                      0.110229    0.000530    7.864397 ^ hold2/A (sky130_fd_sc_hd__dlygate4sd3_1)
     1    0.032946    0.512424    1.324424    9.188821 ^ hold2/X (sky130_fd_sc_hd__dlygate4sd3_1)
                                                         net100 (net)
                      0.512429    0.002402    9.191222 ^ i_sram/DI[15] (CF_SRAM_1024x32)
                                              9.191222   data arrival time

                                  0.000000    0.000000   clock clk (rise edge)
                                  5.570000    5.570000   clock source latency
     1    0.053413    0.610000    0.000000    5.570000 ^ wb_clk_i (in)
                                                         wb_clk_i (net)
                      0.627638    0.009260    5.579260 ^ clkbuf_0_wb_clk_i/A (sky130_fd_sc_hd__clkbuf_16)
     2    0.064406    0.132392    0.536255    6.115515 ^ clkbuf_0_wb_clk_i/X (sky130_fd_sc_hd__clkbuf_16)
                                                         clknet_0_wb_clk_i (net)
                      0.132435    0.002008    6.117524 ^ clkbuf_1_1__f_wb_clk_i/A (sky130_fd_sc_hd__clkbuf_16)
     1    0.135215    0.227499    0.391997    6.509521 ^ clkbuf_1_1__f_wb_clk_i/X (sky130_fd_sc_hd__clkbuf_16)
                                                         clknet_1_1__leaf_wb_clk_i (net)
                      0.228965    0.015544    6.525064 ^ i_sram/CLKin (CF_SRAM_1024x32)
                                  0.100000    6.625064   clock uncertainty
                                  0.000000    6.625064   clock reconvergence pessimism
                                  0.520748    7.145813   library hold time
                                              7.145813   data required time
---------------------------------------------------------------------------------------------
                                              7.145813   data required time
                                             -9.191222   data arrival time
---------------------------------------------------------------------------------------------
                                              2.045410   slack (MET)


Startpoint: wbs_dat_i[13] (input port clocked by clk)
Endpoint: i_sram (rising edge-triggered flip-flop clocked by clk)
Path Group: clk
Path Type: min

Fanout         Cap        Slew       Delay        Time   Description
---------------------------------------------------------------------------------------------
                                  0.000000    0.000000   clock clk (rise edge)
                                  4.650000    4.650000   clock network delay (propagated)
                                  1.040000    5.690000 ^ input external delay
     1    0.002501    0.070000    0.000000    5.690000 ^ wbs_dat_i[13] (in)
                                                         wbs_dat_i[13] (net)
                      0.070060    0.000028    5.690029 ^ hold99/A (sky130_fd_sc_hd__dlygate4sd3_1)
     1    0.002314    0.086249    0.981723    6.671752 ^ hold99/X (sky130_fd_sc_hd__dlygate4sd3_1)
                                                         net197 (net)
                      0.086249    0.000064    6.671815 ^ hold21/A (sky130_fd_sc_hd__dlygate4sd3_1)
     1    0.002087    0.083821    0.984842    7.656657 ^ hold21/X (sky130_fd_sc_hd__dlygate4sd3_1)
                                                         net119 (net)
                      0.083821    0.000056    7.656713 ^ input17/A (sky130_fd_sc_hd__buf_2)
     1    0.011259    0.104497    0.214326    7.871039 ^ input17/X (sky130_fd_sc_hd__buf_2)
                                                         net17 (net)
                      0.104498    0.000531    7.871570 ^ hold22/A (sky130_fd_sc_hd__dlygate4sd3_1)
     1    0.038943    0.595425    1.381806    9.253376 ^ hold22/X (sky130_fd_sc_hd__dlygate4sd3_1)
                                                         net120 (net)
                      0.595439    0.003539    9.256915 ^ i_sram/DI[13] (CF_SRAM_1024x32)
                                              9.256915   data arrival time

                                  0.000000    0.000000   clock clk (rise edge)
                                  5.570000    5.570000   clock source latency
     1    0.053413    0.610000    0.000000    5.570000 ^ wb_clk_i (in)
                                                         wb_clk_i (net)
                      0.627638    0.009260    5.579260 ^ clkbuf_0_wb_clk_i/A (sky130_fd_sc_hd__clkbuf_16)
     2    0.064406    0.132392    0.536255    6.115515 ^ clkbuf_0_wb_clk_i/X (sky130_fd_sc_hd__clkbuf_16)
                                                         clknet_0_wb_clk_i (net)
                      0.132435    0.002008    6.117524 ^ clkbuf_1_1__f_wb_clk_i/A (sky130_fd_sc_hd__clkbuf_16)
     1    0.135215    0.227499    0.391997    6.509521 ^ clkbuf_1_1__f_wb_clk_i/X (sky130_fd_sc_hd__clkbuf_16)
                                                         clknet_1_1__leaf_wb_clk_i (net)
                      0.228965    0.015544    6.525064 ^ i_sram/CLKin (CF_SRAM_1024x32)
                                  0.100000    6.625064   clock uncertainty
                                  0.000000    6.625064   clock reconvergence pessimism
                                  0.512377    7.137441   library hold time
                                              7.137441   data required time
---------------------------------------------------------------------------------------------
                                              7.137441   data required time
                                             -9.256915   data arrival time
---------------------------------------------------------------------------------------------
                                              2.119474   slack (MET)


Startpoint: wbs_dat_i[14] (input port clocked by clk)
Endpoint: i_sram (rising edge-triggered flip-flop clocked by clk)
Path Group: clk
Path Type: min

Fanout         Cap        Slew       Delay        Time   Description
---------------------------------------------------------------------------------------------
                                  0.000000    0.000000   clock clk (rise edge)
                                  4.650000    4.650000   clock network delay (propagated)
                                  1.040000    5.690000 ^ input external delay
     1    0.002783    0.070000    0.000000    5.690000 ^ wbs_dat_i[14] (in)
                                                         wbs_dat_i[14] (net)
                      0.070072    0.000034    5.690034 ^ hold98/A (sky130_fd_sc_hd__dlygate4sd3_1)
     1    0.003730    0.104843    1.002349    6.692384 ^ hold98/X (sky130_fd_sc_hd__dlygate4sd3_1)
                                                         net196 (net)
                      0.104843    0.000116    6.692500 ^ hold17/A (sky130_fd_sc_hd__dlygate4sd3_1)
     1    0.003521    0.102052    1.012674    7.705174 ^ hold17/X (sky130_fd_sc_hd__dlygate4sd3_1)
                                                         net115 (net)
                      0.102052    0.000113    7.705287 ^ input18/A (sky130_fd_sc_hd__buf_2)
     1    0.011543    0.106553    0.223960    7.929248 ^ input18/X (sky130_fd_sc_hd__buf_2)
                                                         net18 (net)
                      0.106554    0.000544    7.929791 ^ hold18/A (sky130_fd_sc_hd__dlygate4sd3_1)
     1    0.034085    0.528551    1.334968    9.264759 ^ hold18/X (sky130_fd_sc_hd__dlygate4sd3_1)
                                                         net116 (net)
                      0.528551    0.001692    9.266451 ^ i_sram/DI[14] (CF_SRAM_1024x32)
                                              9.266451   data arrival time

                                  0.000000    0.000000   clock clk (rise edge)
                                  5.570000    5.570000   clock source latency
     1    0.053413    0.610000    0.000000    5.570000 ^ wb_clk_i (in)
                                                         wb_clk_i (net)
                      0.627638    0.009260    5.579260 ^ clkbuf_0_wb_clk_i/A (sky130_fd_sc_hd__clkbuf_16)
     2    0.064406    0.132392    0.536255    6.115515 ^ clkbuf_0_wb_clk_i/X (sky130_fd_sc_hd__clkbuf_16)
                                                         clknet_0_wb_clk_i (net)
                      0.132435    0.002008    6.117524 ^ clkbuf_1_1__f_wb_clk_i/A (sky130_fd_sc_hd__clkbuf_16)
     1    0.135215    0.227499    0.391997    6.509521 ^ clkbuf_1_1__f_wb_clk_i/X (sky130_fd_sc_hd__clkbuf_16)
                                                         clknet_1_1__leaf_wb_clk_i (net)
                      0.228965    0.015544    6.525064 ^ i_sram/CLKin (CF_SRAM_1024x32)
                                  0.100000    6.625064   clock uncertainty
                                  0.000000    6.625064   clock reconvergence pessimism
                                  0.519122    7.144187   library hold time
                                              7.144187   data required time
---------------------------------------------------------------------------------------------
                                              7.144187   data required time
                                             -9.266451   data arrival time
---------------------------------------------------------------------------------------------
                                              2.122264   slack (MET)


Startpoint: wbs_dat_i[12] (input port clocked by clk)
Endpoint: i_sram (rising edge-triggered flip-flop clocked by clk)
Path Group: clk
Path Type: min

Fanout         Cap        Slew       Delay        Time   Description
---------------------------------------------------------------------------------------------
                                  0.000000    0.000000   clock clk (rise edge)
                                  4.650000    4.650000   clock network delay (propagated)
                                  1.040000    5.690000 ^ input external delay
     1    0.004657    0.070000    0.000000    5.690000 ^ wbs_dat_i[12] (in)
                                                         wbs_dat_i[12] (net)
                      0.070172    0.000082    5.690082 ^ hold100/A (sky130_fd_sc_hd__dlygate4sd3_1)
     1    0.003610    0.103212    1.000648    6.690730 ^ hold100/X (sky130_fd_sc_hd__dlygate4sd3_1)
                                                         net198 (net)
                      0.103212    0.000104    6.690834 ^ hold27/A (sky130_fd_sc_hd__dlygate4sd3_1)
     1    0.001851    0.080909    0.987783    7.678617 ^ hold27/X (sky130_fd_sc_hd__dlygate4sd3_1)
                                                         net125 (net)
                      0.080909    0.000033    7.678650 ^ input16/A (sky130_fd_sc_hd__buf_2)
     1    0.012172    0.111046    0.217873    7.896523 ^ input16/X (sky130_fd_sc_hd__buf_2)
                                                         net16 (net)
                      0.111048    0.000601    7.897124 ^ hold28/A (sky130_fd_sc_hd__dlygate4sd3_1)
     1    0.040274    0.614842    1.396820    9.293944 ^ hold28/X (sky130_fd_sc_hd__dlygate4sd3_1)
                                                         net126 (net)
                      0.614867    0.004364    9.298308 ^ i_sram/DI[12] (CF_SRAM_1024x32)
                                              9.298308   data arrival time

                                  0.000000    0.000000   clock clk (rise edge)
                                  5.570000    5.570000   clock source latency
     1    0.053413    0.610000    0.000000    5.570000 ^ wb_clk_i (in)
                                                         wb_clk_i (net)
                      0.627638    0.009260    5.579260 ^ clkbuf_0_wb_clk_i/A (sky130_fd_sc_hd__clkbuf_16)
     2    0.064406    0.132392    0.536255    6.115515 ^ clkbuf_0_wb_clk_i/X (sky130_fd_sc_hd__clkbuf_16)
                                                         clknet_0_wb_clk_i (net)
                      0.132435    0.002008    6.117524 ^ clkbuf_1_1__f_wb_clk_i/A (sky130_fd_sc_hd__clkbuf_16)
     1    0.135215    0.227499    0.391997    6.509521 ^ clkbuf_1_1__f_wb_clk_i/X (sky130_fd_sc_hd__clkbuf_16)
                                                         clknet_1_1__leaf_wb_clk_i (net)
                      0.228965    0.015544    6.525064 ^ i_sram/CLKin (CF_SRAM_1024x32)
                                  0.100000    6.625064   clock uncertainty
                                  0.000000    6.625064   clock reconvergence pessimism
                                  0.510418    7.135482   library hold time
                                              7.135482   data required time
---------------------------------------------------------------------------------------------
                                              7.135482   data required time
                                             -9.298308   data arrival time
---------------------------------------------------------------------------------------------
                                              2.162827   slack (MET)


Startpoint: wbs_dat_i[11] (input port clocked by clk)
Endpoint: i_sram (rising edge-triggered flip-flop clocked by clk)
Path Group: clk
Path Type: min

Fanout         Cap        Slew       Delay        Time   Description
---------------------------------------------------------------------------------------------
                                  0.000000    0.000000   clock clk (rise edge)
                                  4.650000    4.650000   clock network delay (propagated)
                                  1.040000    5.690000 ^ input external delay
     1    0.004749    0.070000    0.000000    5.690000 ^ wbs_dat_i[11] (in)
                                                         wbs_dat_i[11] (net)
                      0.070179    0.000085    5.690085 ^ hold101/A (sky130_fd_sc_hd__dlygate4sd3_1)
     1    0.003792    0.105666    1.003302    6.693387 ^ hold101/X (sky130_fd_sc_hd__dlygate4sd3_1)
                                                         net199 (net)
                      0.105666    0.000109    6.693496 ^ hold35/A (sky130_fd_sc_hd__dlygate4sd3_1)
     1    0.002414    0.087354    0.996897    7.690392 ^ hold35/X (sky130_fd_sc_hd__dlygate4sd3_1)
                                                         net133 (net)
                      0.087354    0.000046    7.690439 ^ input15/A (sky130_fd_sc_hd__buf_2)
     1    0.013281    0.119015    0.226698    7.917137 ^ input15/X (sky130_fd_sc_hd__buf_2)
                                                         net15 (net)
                      0.119017    0.000623    7.917759 ^ hold36/A (sky130_fd_sc_hd__dlygate4sd3_1)
     1    0.046166    0.700450    1.456972    9.374731 ^ hold36/X (sky130_fd_sc_hd__dlygate4sd3_1)
                                                         net134 (net)
                      0.700482    0.005151    9.379882 ^ i_sram/DI[11] (CF_SRAM_1024x32)
                                              9.379882   data arrival time

                                  0.000000    0.000000   clock clk (rise edge)
                                  5.570000    5.570000   clock source latency
     1    0.053413    0.610000    0.000000    5.570000 ^ wb_clk_i (in)
                                                         wb_clk_i (net)
                      0.627638    0.009260    5.579260 ^ clkbuf_0_wb_clk_i/A (sky130_fd_sc_hd__clkbuf_16)
     2    0.064406    0.132392    0.536255    6.115515 ^ clkbuf_0_wb_clk_i/X (sky130_fd_sc_hd__clkbuf_16)
                                                         clknet_0_wb_clk_i (net)
                      0.132435    0.002008    6.117524 ^ clkbuf_1_1__f_wb_clk_i/A (sky130_fd_sc_hd__clkbuf_16)
     1    0.135215    0.227499    0.391997    6.509521 ^ clkbuf_1_1__f_wb_clk_i/X (sky130_fd_sc_hd__clkbuf_16)
                                                         clknet_1_1__leaf_wb_clk_i (net)
                      0.228965    0.015544    6.525064 ^ i_sram/CLKin (CF_SRAM_1024x32)
                                  0.100000    6.625064   clock uncertainty
                                  0.000000    6.625064   clock reconvergence pessimism
                                  0.501783    7.126848   library hold time
                                              7.126848   data required time
---------------------------------------------------------------------------------------------
                                              7.126848   data required time
                                             -9.379882   data arrival time
---------------------------------------------------------------------------------------------
                                              2.253034   slack (MET)


Startpoint: wbs_adr_i[11] (input port clocked by clk)
Endpoint: i_sram (rising edge-triggered flip-flop clocked by clk)
Path Group: clk
Path Type: min

Fanout         Cap        Slew       Delay        Time   Description
---------------------------------------------------------------------------------------------
                                  0.000000    0.000000   clock clk (rise edge)
                                  4.650000    4.650000   clock network delay (propagated)
                                  0.790000    5.440000 ^ input external delay
     1    0.003262    0.070000    0.000000    5.440000 ^ wbs_adr_i[11] (in)
                                                         wbs_adr_i[11] (net)
                      0.070090    0.000043    5.440043 ^ hold129/A (sky130_fd_sc_hd__dlygate4sd3_1)
     1    0.001731    0.079394    0.973230    6.413273 ^ hold129/X (sky130_fd_sc_hd__dlygate4sd3_1)
                                                         net227 (net)
                      0.079394    0.000031    6.413304 ^ hold41/A (sky130_fd_sc_hd__dlygate4sd3_1)
     1    0.002949    0.093425    0.994819    7.408123 ^ hold41/X (sky130_fd_sc_hd__dlygate4sd3_1)
                                                         net139 (net)
                      0.093425    0.000079    7.408202 ^ input3/A (sky130_fd_sc_hd__buf_4)
     1    0.044953    0.209498    0.306445    7.714647 ^ input3/X (sky130_fd_sc_hd__buf_4)
                                                         net3 (net)
                      0.209523    0.002254    7.716901 ^ hold42/A (sky130_fd_sc_hd__dlygate4sd3_1)
     1    0.044272    0.672935    1.472571    9.189471 ^ hold42/X (sky130_fd_sc_hd__dlygate4sd3_1)
                                                         net140 (net)
                      0.672959    0.004500    9.193972 ^ i_sram/AD[9] (CF_SRAM_1024x32)
                                              9.193972   data arrival time

                                  0.000000    0.000000   clock clk (rise edge)
                                  5.570000    5.570000   clock source latency
     1    0.053413    0.610000    0.000000    5.570000 ^ wb_clk_i (in)
                                                         wb_clk_i (net)
                      0.627638    0.009260    5.579260 ^ clkbuf_0_wb_clk_i/A (sky130_fd_sc_hd__clkbuf_16)
     2    0.064406    0.132392    0.536255    6.115515 ^ clkbuf_0_wb_clk_i/X (sky130_fd_sc_hd__clkbuf_16)
                                                         clknet_0_wb_clk_i (net)
                      0.132435    0.002008    6.117524 ^ clkbuf_1_1__f_wb_clk_i/A (sky130_fd_sc_hd__clkbuf_16)
     1    0.135215    0.227499    0.391997    6.509521 ^ clkbuf_1_1__f_wb_clk_i/X (sky130_fd_sc_hd__clkbuf_16)
                                                         clknet_1_1__leaf_wb_clk_i (net)
                      0.228965    0.015544    6.525064 ^ i_sram/CLKin (CF_SRAM_1024x32)
                                  0.100000    6.625064   clock uncertainty
                                  0.000000    6.625064   clock reconvergence pessimism
                                  0.311744    6.936809   library hold time
                                              6.936809   data required time
---------------------------------------------------------------------------------------------
                                              6.936809   data required time
                                             -9.193972   data arrival time
---------------------------------------------------------------------------------------------
                                              2.257164   slack (MET)


Startpoint: wbs_dat_i[28] (input port clocked by clk)
Endpoint: i_sram (rising edge-triggered flip-flop clocked by clk)
Path Group: clk
Path Type: min

Fanout         Cap        Slew       Delay        Time   Description
---------------------------------------------------------------------------------------------
                                  0.000000    0.000000   clock clk (rise edge)
                                  4.650000    4.650000   clock network delay (propagated)
                                  1.040000    5.690000 ^ input external delay
     1    0.002260    0.070000    0.000000    5.690000 ^ wbs_dat_i[28] (in)
                                                         wbs_dat_i[28] (net)
                      0.070051    0.000024    5.690024 ^ hold123/A (sky130_fd_sc_hd__dlygate4sd3_1)
     1    0.003154    0.095874    0.993946    6.683971 ^ hold123/X (sky130_fd_sc_hd__dlygate4sd3_1)
                                                         net221 (net)
                      0.095874    0.000097    6.684068 ^ hold11/A (sky130_fd_sc_hd__dlygate4sd3_1)
     1    0.003257    0.097218    1.005478    7.689545 ^ hold11/X (sky130_fd_sc_hd__dlygate4sd3_1)
                                                         net109 (net)
                      0.097218    0.000091    7.689636 ^ input33/A (sky130_fd_sc_hd__buf_4)
     1    0.030360    0.149313    0.264975    7.954610 ^ input33/X (sky130_fd_sc_hd__buf_4)
                                                         net33 (net)
                      0.149632    0.004490    7.959100 ^ hold12/A (sky130_fd_sc_hd__dlygate4sd3_1)
     1    0.043149    0.656820    1.438402    9.397503 ^ hold12/X (sky130_fd_sc_hd__dlygate4sd3_1)
                                                         net110 (net)
                      0.656880    0.006269    9.403771 ^ i_sram/DI[28] (CF_SRAM_1024x32)
                                              9.403771   data arrival time

                                  0.000000    0.000000   clock clk (rise edge)
                                  5.570000    5.570000   clock source latency
     1    0.053413    0.610000    0.000000    5.570000 ^ wb_clk_i (in)
                                                         wb_clk_i (net)
                      0.627638    0.009260    5.579260 ^ clkbuf_0_wb_clk_i/A (sky130_fd_sc_hd__clkbuf_16)
     2    0.064406    0.132392    0.536255    6.115515 ^ clkbuf_0_wb_clk_i/X (sky130_fd_sc_hd__clkbuf_16)
                                                         clknet_0_wb_clk_i (net)
                      0.132435    0.002008    6.117524 ^ clkbuf_1_1__f_wb_clk_i/A (sky130_fd_sc_hd__clkbuf_16)
     1    0.135215    0.227499    0.391997    6.509521 ^ clkbuf_1_1__f_wb_clk_i/X (sky130_fd_sc_hd__clkbuf_16)
                                                         clknet_1_1__leaf_wb_clk_i (net)
                      0.228965    0.015544    6.525064 ^ i_sram/CLKin (CF_SRAM_1024x32)
                                  0.100000    6.625064   clock uncertainty
                                  0.000000    6.625064   clock reconvergence pessimism
                                  0.506181    7.131245   library hold time
                                              7.131245   data required time
---------------------------------------------------------------------------------------------
                                              7.131245   data required time
                                             -9.403771   data arrival time
---------------------------------------------------------------------------------------------
                                              2.272527   slack (MET)


Startpoint: wbs_dat_i[8] (input port clocked by clk)
Endpoint: i_sram (rising edge-triggered flip-flop clocked by clk)
Path Group: clk
Path Type: min

Fanout         Cap        Slew       Delay        Time   Description
---------------------------------------------------------------------------------------------
                                  0.000000    0.000000   clock clk (rise edge)
                                  4.650000    4.650000   clock network delay (propagated)
                                  1.040000    5.690000 ^ input external delay
     1    0.003486    0.070000    0.000000    5.690000 ^ wbs_dat_i[8] (in)
                                                         wbs_dat_i[8] (net)
                      0.070107    0.000051    5.690051 ^ hold104/A (sky130_fd_sc_hd__dlygate4sd3_1)
     1    0.001729    0.079380    0.973220    6.663271 ^ hold104/X (sky130_fd_sc_hd__dlygate4sd3_1)
                                                         net202 (net)
                      0.079380    0.000031    6.663302 ^ hold23/A (sky130_fd_sc_hd__dlygate4sd3_1)
     1    0.002409    0.087297    0.986968    7.650270 ^ hold23/X (sky130_fd_sc_hd__dlygate4sd3_1)
                                                         net121 (net)
                      0.087297    0.000044    7.650314 ^ input43/A (sky130_fd_sc_hd__clkbuf_4)
     1    0.017698    0.110841    0.264772    7.915087 ^ input43/X (sky130_fd_sc_hd__clkbuf_4)
                                                         net43 (net)
                      0.110850    0.001031    7.916118 ^ hold24/A (sky130_fd_sc_hd__dlygate4sd3_1)
     1    0.048444    0.733785    1.475125    9.391243 ^ hold24/X (sky130_fd_sc_hd__dlygate4sd3_1)
                                                         net122 (net)
                      0.733846    0.006697    9.397940 ^ i_sram/DI[8] (CF_SRAM_1024x32)
                                              9.397940   data arrival time

                                  0.000000    0.000000   clock clk (rise edge)
                                  5.570000    5.570000   clock source latency
     1    0.053413    0.610000    0.000000    5.570000 ^ wb_clk_i (in)
                                                         wb_clk_i (net)
                      0.627638    0.009260    5.579260 ^ clkbuf_0_wb_clk_i/A (sky130_fd_sc_hd__clkbuf_16)
     2    0.064406    0.132392    0.536255    6.115515 ^ clkbuf_0_wb_clk_i/X (sky130_fd_sc_hd__clkbuf_16)
                                                         clknet_0_wb_clk_i (net)
                      0.132435    0.002008    6.117524 ^ clkbuf_1_1__f_wb_clk_i/A (sky130_fd_sc_hd__clkbuf_16)
     1    0.135215    0.227499    0.391997    6.509521 ^ clkbuf_1_1__f_wb_clk_i/X (sky130_fd_sc_hd__clkbuf_16)
                                                         clknet_1_1__leaf_wb_clk_i (net)
                      0.228965    0.015544    6.525064 ^ i_sram/CLKin (CF_SRAM_1024x32)
                                  0.100000    6.625064   clock uncertainty
                                  0.000000    6.625064   clock reconvergence pessimism
                                  0.498419    7.123483   library hold time
                                              7.123483   data required time
---------------------------------------------------------------------------------------------
                                              7.123483   data required time
                                             -9.397940   data arrival time
---------------------------------------------------------------------------------------------
                                              2.274457   slack (MET)


Startpoint: wbs_adr_i[9] (input port clocked by clk)
Endpoint: i_sram (rising edge-triggered flip-flop clocked by clk)
Path Group: clk
Path Type: min

Fanout         Cap        Slew       Delay        Time   Description
---------------------------------------------------------------------------------------------
                                  0.000000    0.000000   clock clk (rise edge)
                                  4.650000    4.650000   clock network delay (propagated)
                                  0.790000    5.440000 ^ input external delay
     1    0.003630    0.070000    0.000000    5.440000 ^ wbs_adr_i[9] (in)
                                                         wbs_adr_i[9] (net)
                      0.070112    0.000053    5.440053 ^ hold131/A (sky130_fd_sc_hd__dlygate4sd3_1)
     1    0.001838    0.080731    0.974808    6.414861 ^ hold131/X (sky130_fd_sc_hd__dlygate4sd3_1)
                                                         net229 (net)
                      0.080731    0.000048    6.414909 ^ hold61/A (sky130_fd_sc_hd__dlygate4sd3_1)
     1    0.002939    0.093310    0.995177    7.410086 ^ hold61/X (sky130_fd_sc_hd__dlygate4sd3_1)
                                                         net159 (net)
                      0.093310    0.000080    7.410166 ^ input11/A (sky130_fd_sc_hd__buf_4)
     1    0.046557    0.215621    0.308641    7.718807 ^ input11/X (sky130_fd_sc_hd__buf_4)
                                                         net11 (net)
                      0.216046    0.007416    7.726223 ^ hold62/A (sky130_fd_sc_hd__dlygate4sd3_1)
     1    0.044865    0.681671    1.480311    9.206534 ^ hold62/X (sky130_fd_sc_hd__dlygate4sd3_1)
                                                         net160 (net)
                      0.681706    0.005169    9.211703 ^ i_sram/AD[7] (CF_SRAM_1024x32)
                                              9.211703   data arrival time

                                  0.000000    0.000000   clock clk (rise edge)
                                  5.570000    5.570000   clock source latency
     1    0.053413    0.610000    0.000000    5.570000 ^ wb_clk_i (in)
                                                         wb_clk_i (net)
                      0.627638    0.009260    5.579260 ^ clkbuf_0_wb_clk_i/A (sky130_fd_sc_hd__clkbuf_16)
     2    0.064406    0.132392    0.536255    6.115515 ^ clkbuf_0_wb_clk_i/X (sky130_fd_sc_hd__clkbuf_16)
                                                         clknet_0_wb_clk_i (net)
                      0.132435    0.002008    6.117524 ^ clkbuf_1_1__f_wb_clk_i/A (sky130_fd_sc_hd__clkbuf_16)
     1    0.135215    0.227499    0.391997    6.509521 ^ clkbuf_1_1__f_wb_clk_i/X (sky130_fd_sc_hd__clkbuf_16)
                                                         clknet_1_1__leaf_wb_clk_i (net)
                      0.228965    0.015544    6.525064 ^ i_sram/CLKin (CF_SRAM_1024x32)
                                  0.100000    6.625064   clock uncertainty
                                  0.000000    6.625064   clock reconvergence pessimism
                                  0.311753    6.936817   library hold time
                                              6.936817   data required time
---------------------------------------------------------------------------------------------
                                              6.936817   data required time
                                             -9.211703   data arrival time
---------------------------------------------------------------------------------------------
                                              2.274887   slack (MET)


Startpoint: wbs_dat_i[9] (input port clocked by clk)
Endpoint: i_sram (rising edge-triggered flip-flop clocked by clk)
Path Group: clk
Path Type: min

Fanout         Cap        Slew       Delay        Time   Description
---------------------------------------------------------------------------------------------
                                  0.000000    0.000000   clock clk (rise edge)
                                  4.650000    4.650000   clock network delay (propagated)
                                  1.040000    5.690000 ^ input external delay
     1    0.003740    0.070000    0.000000    5.690000 ^ wbs_dat_i[9] (in)
                                                         wbs_dat_i[9] (net)
                      0.070115    0.000055    5.690055 ^ hold103/A (sky130_fd_sc_hd__dlygate4sd3_1)
     1    0.002299    0.086086    0.981520    6.671575 ^ hold103/X (sky130_fd_sc_hd__dlygate4sd3_1)
                                                         net201 (net)
                      0.086086    0.000063    6.671638 ^ hold13/A (sky130_fd_sc_hd__dlygate4sd3_1)
     1    0.002904    0.092894    0.996677    7.668314 ^ hold13/X (sky130_fd_sc_hd__dlygate4sd3_1)
                                                         net111 (net)
                      0.092894    0.000082    7.668396 ^ input44/A (sky130_fd_sc_hd__clkbuf_4)
     1    0.016061    0.103834    0.261184    7.929580 ^ input44/X (sky130_fd_sc_hd__clkbuf_4)
                                                         net44 (net)
                      0.103843    0.001021    7.930601 ^ hold14/A (sky130_fd_sc_hd__dlygate4sd3_1)
     1    0.047584    0.720948    1.465415    9.396016 ^ hold14/X (sky130_fd_sc_hd__dlygate4sd3_1)
                                                         net112 (net)
                      0.720970    0.004580    9.400596 ^ i_sram/DI[9] (CF_SRAM_1024x32)
                                              9.400596   data arrival time

                                  0.000000    0.000000   clock clk (rise edge)
                                  5.570000    5.570000   clock source latency
     1    0.053413    0.610000    0.000000    5.570000 ^ wb_clk_i (in)
                                                         wb_clk_i (net)
                      0.627638    0.009260    5.579260 ^ clkbuf_0_wb_clk_i/A (sky130_fd_sc_hd__clkbuf_16)
     2    0.064406    0.132392    0.536255    6.115515 ^ clkbuf_0_wb_clk_i/X (sky130_fd_sc_hd__clkbuf_16)
                                                         clknet_0_wb_clk_i (net)
                      0.132435    0.002008    6.117524 ^ clkbuf_1_1__f_wb_clk_i/A (sky130_fd_sc_hd__clkbuf_16)
     1    0.135215    0.227499    0.391997    6.509521 ^ clkbuf_1_1__f_wb_clk_i/X (sky130_fd_sc_hd__clkbuf_16)
                                                         clknet_1_1__leaf_wb_clk_i (net)
                      0.228965    0.015544    6.525064 ^ i_sram/CLKin (CF_SRAM_1024x32)
                                  0.100000    6.625064   clock uncertainty
                                  0.000000    6.625064   clock reconvergence pessimism
                                  0.499717    7.124782   library hold time
                                              7.124782   data required time
---------------------------------------------------------------------------------------------
                                              7.124782   data required time
                                             -9.400596   data arrival time
---------------------------------------------------------------------------------------------
                                              2.275815   slack (MET)


Startpoint: wbs_dat_i[10] (input port clocked by clk)
Endpoint: i_sram (rising edge-triggered flip-flop clocked by clk)
Path Group: clk
Path Type: min

Fanout         Cap        Slew       Delay        Time   Description
---------------------------------------------------------------------------------------------
                                  0.000000    0.000000   clock clk (rise edge)
                                  4.650000    4.650000   clock network delay (propagated)
                                  1.040000    5.690000 ^ input external delay
     1    0.003903    0.070000    0.000000    5.690000 ^ wbs_dat_i[10] (in)
                                                         wbs_dat_i[10] (net)
                      0.070116    0.000055    5.690055 ^ hold102/A (sky130_fd_sc_hd__dlygate4sd3_1)
     1    0.001920    0.081736    0.975993    6.666049 ^ hold102/X (sky130_fd_sc_hd__dlygate4sd3_1)
                                                         net200 (net)
                      0.081736    0.000052    6.666100 ^ hold5/A (sky130_fd_sc_hd__dlygate4sd3_1)
     1    0.002883    0.092639    0.994732    7.660832 ^ hold5/X (sky130_fd_sc_hd__dlygate4sd3_1)
                                                         net103 (net)
                      0.092639    0.000081    7.660913 ^ input14/A (sky130_fd_sc_hd__clkbuf_4)
     1    0.015021    0.099329    0.257445    7.918358 ^ input14/X (sky130_fd_sc_hd__clkbuf_4)
                                                         net14 (net)
                      0.099332    0.000642    7.919000 ^ hold6/A (sky130_fd_sc_hd__dlygate4sd3_1)
     1    0.049560    0.749838    1.482239    9.401239 ^ hold6/X (sky130_fd_sc_hd__dlygate4sd3_1)
                                                         net104 (net)
                      0.749882    0.006038    9.407277 ^ i_sram/DI[10] (CF_SRAM_1024x32)
                                              9.407277   data arrival time

                                  0.000000    0.000000   clock clk (rise edge)
                                  5.570000    5.570000   clock source latency
     1    0.053413    0.610000    0.000000    5.570000 ^ wb_clk_i (in)
                                                         wb_clk_i (net)
                      0.627638    0.009260    5.579260 ^ clkbuf_0_wb_clk_i/A (sky130_fd_sc_hd__clkbuf_16)
     2    0.064406    0.132392    0.536255    6.115515 ^ clkbuf_0_wb_clk_i/X (sky130_fd_sc_hd__clkbuf_16)
                                                         clknet_0_wb_clk_i (net)
                      0.132435    0.002008    6.117524 ^ clkbuf_1_1__f_wb_clk_i/A (sky130_fd_sc_hd__clkbuf_16)
     1    0.135215    0.227499    0.391997    6.509521 ^ clkbuf_1_1__f_wb_clk_i/X (sky130_fd_sc_hd__clkbuf_16)
                                                         clknet_1_1__leaf_wb_clk_i (net)
                      0.228965    0.015544    6.525064 ^ i_sram/CLKin (CF_SRAM_1024x32)
                                  0.100000    6.625064   clock uncertainty
                                  0.000000    6.625064   clock reconvergence pessimism
                                  0.496801    7.121866   library hold time
                                              7.121866   data required time
---------------------------------------------------------------------------------------------
                                              7.121866   data required time
                                             -9.407277   data arrival time
---------------------------------------------------------------------------------------------
                                              2.285412   slack (MET)


Startpoint: wbs_adr_i[7] (input port clocked by clk)
Endpoint: i_sram (rising edge-triggered flip-flop clocked by clk)
Path Group: clk
Path Type: min

Fanout         Cap        Slew       Delay        Time   Description
---------------------------------------------------------------------------------------------
                                  0.000000    0.000000   clock clk (rise edge)
                                  4.650000    4.650000   clock network delay (propagated)
                                  0.790000    5.440000 ^ input external delay
     1    0.002982    0.070000    0.000000    5.440000 ^ wbs_adr_i[7] (in)
                                                         wbs_adr_i[7] (net)
                      0.070081    0.000039    5.440039 ^ hold133/A (sky130_fd_sc_hd__dlygate4sd3_1)
     1    0.002019    0.082966    0.977428    6.417467 ^ hold133/X (sky130_fd_sc_hd__dlygate4sd3_1)
                                                         net231 (net)
                      0.082966    0.000054    6.417521 ^ hold69/A (sky130_fd_sc_hd__dlygate4sd3_1)
     1    0.002945    0.093383    0.996105    7.413626 ^ hold69/X (sky130_fd_sc_hd__dlygate4sd3_1)
                                                         net167 (net)
                      0.093383    0.000080    7.413705 ^ input9/A (sky130_fd_sc_hd__buf_4)
     1    0.055112    0.251634    0.335477    7.749182 ^ input9/X (sky130_fd_sc_hd__buf_4)
                                                         net9 (net)
                      0.251764    0.002670    7.751852 ^ hold70/A (sky130_fd_sc_hd__dlygate4sd3_1)
     1    0.042304    0.644442    1.466898    9.218750 ^ hold70/X (sky130_fd_sc_hd__dlygate4sd3_1)
                                                         net168 (net)
                      0.644471    0.004706    9.223456 ^ i_sram/AD[5] (CF_SRAM_1024x32)
                                              9.223456   data arrival time

                                  0.000000    0.000000   clock clk (rise edge)
                                  5.570000    5.570000   clock source latency
     1    0.053413    0.610000    0.000000    5.570000 ^ wb_clk_i (in)
                                                         wb_clk_i (net)
                      0.627638    0.009260    5.579260 ^ clkbuf_0_wb_clk_i/A (sky130_fd_sc_hd__clkbuf_16)
     2    0.064406    0.132392    0.536255    6.115515 ^ clkbuf_0_wb_clk_i/X (sky130_fd_sc_hd__clkbuf_16)
                                                         clknet_0_wb_clk_i (net)
                      0.132435    0.002008    6.117524 ^ clkbuf_1_1__f_wb_clk_i/A (sky130_fd_sc_hd__clkbuf_16)
     1    0.135215    0.227499    0.391997    6.509521 ^ clkbuf_1_1__f_wb_clk_i/X (sky130_fd_sc_hd__clkbuf_16)
                                                         clknet_1_1__leaf_wb_clk_i (net)
                      0.228965    0.015544    6.525064 ^ i_sram/CLKin (CF_SRAM_1024x32)
                                  0.100000    6.625064   clock uncertainty
                                  0.000000    6.625064   clock reconvergence pessimism
                                  0.311716    6.936780   library hold time
                                              6.936780   data required time
---------------------------------------------------------------------------------------------
                                              6.936780   data required time
                                             -9.223456   data arrival time
---------------------------------------------------------------------------------------------
                                              2.286676   slack (MET)


Startpoint: wbs_dat_i[17] (input port clocked by clk)
Endpoint: i_sram (rising edge-triggered flip-flop clocked by clk)
Path Group: clk
Path Type: min

Fanout         Cap        Slew       Delay        Time   Description
---------------------------------------------------------------------------------------------
                                  0.000000    0.000000   clock clk (rise edge)
                                  4.650000    4.650000   clock network delay (propagated)
                                  1.040000    5.690000 ^ input external delay
     1    0.003922    0.070000    0.000000    5.690000 ^ wbs_dat_i[17] (in)
                                                         wbs_dat_i[17] (net)
                      0.070127    0.000060    5.690061 ^ hold110/A (sky130_fd_sc_hd__dlygate4sd3_1)
     1    0.002753    0.091089    0.988144    6.678205 ^ hold110/X (sky130_fd_sc_hd__dlygate4sd3_1)
                                                         net208 (net)
                      0.091089    0.000078    6.678283 ^ hold43/A (sky130_fd_sc_hd__dlygate4sd3_1)
     1    0.002408    0.087286    0.991339    7.669621 ^ hold43/X (sky130_fd_sc_hd__dlygate4sd3_1)
                                                         net141 (net)
                      0.087286    0.000044    7.669665 ^ input21/A (sky130_fd_sc_hd__clkbuf_4)
     1    0.037013    0.191192    0.326136    7.995801 ^ input21/X (sky130_fd_sc_hd__clkbuf_4)
                                                         net21 (net)
                      0.191511    0.005004    8.000806 ^ hold44/A (sky130_fd_sc_hd__dlygate4sd3_1)
     1    0.040587    0.619549    1.429526    9.430331 ^ hold44/X (sky130_fd_sc_hd__dlygate4sd3_1)
                                                         net142 (net)
                      0.619588    0.005126    9.435457 ^ i_sram/DI[17] (CF_SRAM_1024x32)
                                              9.435457   data arrival time

                                  0.000000    0.000000   clock clk (rise edge)
                                  5.570000    5.570000   clock source latency
     1    0.053413    0.610000    0.000000    5.570000 ^ wb_clk_i (in)
                                                         wb_clk_i (net)
                      0.627638    0.009260    5.579260 ^ clkbuf_0_wb_clk_i/A (sky130_fd_sc_hd__clkbuf_16)
     2    0.064406    0.132392    0.536255    6.115515 ^ clkbuf_0_wb_clk_i/X (sky130_fd_sc_hd__clkbuf_16)
                                                         clknet_0_wb_clk_i (net)
                      0.132435    0.002008    6.117524 ^ clkbuf_1_1__f_wb_clk_i/A (sky130_fd_sc_hd__clkbuf_16)
     1    0.135215    0.227499    0.391997    6.509521 ^ clkbuf_1_1__f_wb_clk_i/X (sky130_fd_sc_hd__clkbuf_16)
                                                         clknet_1_1__leaf_wb_clk_i (net)
                      0.228965    0.015544    6.525064 ^ i_sram/CLKin (CF_SRAM_1024x32)
                                  0.100000    6.625064   clock uncertainty
                                  0.000000    6.625064   clock reconvergence pessimism
                                  0.509941    7.135005   library hold time
                                              7.135005   data required time
---------------------------------------------------------------------------------------------
                                              7.135005   data required time
                                             -9.435457   data arrival time
---------------------------------------------------------------------------------------------
                                              2.300452   slack (MET)


Startpoint: wbs_dat_i[18] (input port clocked by clk)
Endpoint: i_sram (rising edge-triggered flip-flop clocked by clk)
Path Group: clk
Path Type: min

Fanout         Cap        Slew       Delay        Time   Description
---------------------------------------------------------------------------------------------
                                  0.000000    0.000000   clock clk (rise edge)
                                  4.650000    4.650000   clock network delay (propagated)
                                  1.040000    5.690000 ^ input external delay
     1    0.003670    0.070000    0.000000    5.690000 ^ wbs_dat_i[18] (in)
                                                         wbs_dat_i[18] (net)
                      0.070099    0.000047    5.690047 ^ hold107/A (sky130_fd_sc_hd__dlygate4sd3_1)
     1    0.002736    0.090884    0.987874    6.677921 ^ hold107/X (sky130_fd_sc_hd__dlygate4sd3_1)
                                                         net205 (net)
                      0.090884    0.000079    6.678000 ^ hold39/A (sky130_fd_sc_hd__dlygate4sd3_1)
     1    0.002433    0.087558    0.991629    7.669630 ^ hold39/X (sky130_fd_sc_hd__dlygate4sd3_1)
                                                         net137 (net)
                      0.087558    0.000044    7.669674 ^ input22/A (sky130_fd_sc_hd__clkbuf_4)
     1    0.037370    0.192751    0.327280    7.996954 ^ input22/X (sky130_fd_sc_hd__clkbuf_4)
                                                         net22 (net)
                      0.193068    0.005038    8.001992 ^ hold40/A (sky130_fd_sc_hd__dlygate4sd3_1)
     1    0.040824    0.622996    1.432367    9.434360 ^ hold40/X (sky130_fd_sc_hd__dlygate4sd3_1)
                                                         net138 (net)
                      0.623037    0.005246    9.439605 ^ i_sram/DI[18] (CF_SRAM_1024x32)
                                              9.439605   data arrival time

                                  0.000000    0.000000   clock clk (rise edge)
                                  5.570000    5.570000   clock source latency
     1    0.053413    0.610000    0.000000    5.570000 ^ wb_clk_i (in)
                                                         wb_clk_i (net)
                      0.627638    0.009260    5.579260 ^ clkbuf_0_wb_clk_i/A (sky130_fd_sc_hd__clkbuf_16)
     2    0.064406    0.132392    0.536255    6.115515 ^ clkbuf_0_wb_clk_i/X (sky130_fd_sc_hd__clkbuf_16)
                                                         clknet_0_wb_clk_i (net)
                      0.132435    0.002008    6.117524 ^ clkbuf_1_1__f_wb_clk_i/A (sky130_fd_sc_hd__clkbuf_16)
     1    0.135215    0.227499    0.391997    6.509521 ^ clkbuf_1_1__f_wb_clk_i/X (sky130_fd_sc_hd__clkbuf_16)
                                                         clknet_1_1__leaf_wb_clk_i (net)
                      0.228965    0.015544    6.525064 ^ i_sram/CLKin (CF_SRAM_1024x32)
                                  0.100000    6.625064   clock uncertainty
                                  0.000000    6.625064   clock reconvergence pessimism
                                  0.509594    7.134658   library hold time
                                              7.134658   data required time
---------------------------------------------------------------------------------------------
                                              7.134658   data required time
                                             -9.439605   data arrival time
---------------------------------------------------------------------------------------------
                                              2.304947   slack (MET)


Startpoint: wbs_dat_i[29] (input port clocked by clk)
Endpoint: i_sram (rising edge-triggered flip-flop clocked by clk)
Path Group: clk
Path Type: min

Fanout         Cap        Slew       Delay        Time   Description
---------------------------------------------------------------------------------------------
                                  0.000000    0.000000   clock clk (rise edge)
                                  4.650000    4.650000   clock network delay (propagated)
                                  1.040000    5.690000 ^ input external delay
     1    0.003170    0.070000    0.000000    5.690000 ^ wbs_dat_i[29] (in)
                                                         wbs_dat_i[29] (net)
                      0.070088    0.000042    5.690042 ^ hold126/A (sky130_fd_sc_hd__dlygate4sd3_1)
     1    0.002334    0.086456    0.982023    6.672065 ^ hold126/X (sky130_fd_sc_hd__dlygate4sd3_1)
                                                         net224 (net)
                      0.086456    0.000064    6.672129 ^ hold19/A (sky130_fd_sc_hd__dlygate4sd3_1)
     1    0.003718    0.104717    1.008655    7.680784 ^ hold19/X (sky130_fd_sc_hd__dlygate4sd3_1)
                                                         net117 (net)
                      0.104717    0.000105    7.680889 ^ input34/A (sky130_fd_sc_hd__buf_4)
     1    0.037763    0.180139    0.288382    7.969271 ^ input34/X (sky130_fd_sc_hd__buf_4)
                                                         net34 (net)
                      0.180499    0.006204    7.975475 ^ hold20/A (sky130_fd_sc_hd__dlygate4sd3_1)
     1    0.044285    0.673536    1.460127    9.435602 ^ hold20/X (sky130_fd_sc_hd__dlygate4sd3_1)
                                                         net118 (net)
                      0.673617    0.007201    9.442803 ^ i_sram/DI[29] (CF_SRAM_1024x32)
                                              9.442803   data arrival time

                                  0.000000    0.000000   clock clk (rise edge)
                                  5.570000    5.570000   clock source latency
     1    0.053413    0.610000    0.000000    5.570000 ^ wb_clk_i (in)
                                                         wb_clk_i (net)
                      0.627638    0.009260    5.579260 ^ clkbuf_0_wb_clk_i/A (sky130_fd_sc_hd__clkbuf_16)
     2    0.064406    0.132392    0.536255    6.115515 ^ clkbuf_0_wb_clk_i/X (sky130_fd_sc_hd__clkbuf_16)
                                                         clknet_0_wb_clk_i (net)
                      0.132435    0.002008    6.117524 ^ clkbuf_1_1__f_wb_clk_i/A (sky130_fd_sc_hd__clkbuf_16)
     1    0.135215    0.227499    0.391997    6.509521 ^ clkbuf_1_1__f_wb_clk_i/X (sky130_fd_sc_hd__clkbuf_16)
                                                         clknet_1_1__leaf_wb_clk_i (net)
                      0.228965    0.015544    6.525064 ^ i_sram/CLKin (CF_SRAM_1024x32)
                                  0.100000    6.625064   clock uncertainty
                                  0.000000    6.625064   clock reconvergence pessimism
                                  0.504493    7.129557   library hold time
                                              7.129557   data required time
---------------------------------------------------------------------------------------------
                                              7.129557   data required time
                                             -9.442803   data arrival time
---------------------------------------------------------------------------------------------
                                              2.313246   slack (MET)


Startpoint: wbs_dat_i[26] (input port clocked by clk)
Endpoint: i_sram (rising edge-triggered flip-flop clocked by clk)
Path Group: clk
Path Type: min

Fanout         Cap        Slew       Delay        Time   Description
---------------------------------------------------------------------------------------------
                                  0.000000    0.000000   clock clk (rise edge)
                                  4.650000    4.650000   clock network delay (propagated)
                                  1.040000    5.690000 ^ input external delay
     1    0.003184    0.070000    0.000000    5.690000 ^ wbs_dat_i[26] (in)
                                                         wbs_dat_i[26] (net)
                      0.070090    0.000043    5.690043 ^ hold124/A (sky130_fd_sc_hd__dlygate4sd3_1)
     1    0.002162    0.084677    0.979517    6.669559 ^ hold124/X (sky130_fd_sc_hd__dlygate4sd3_1)
                                                         net222 (net)
                      0.084677    0.000057    6.669617 ^ hold75/A (sky130_fd_sc_hd__dlygate4sd3_1)
     1    0.003186    0.096316    1.000251    7.669868 ^ hold75/X (sky130_fd_sc_hd__dlygate4sd3_1)
                                                         net173 (net)
                      0.096316    0.000091    7.669959 ^ input31/A (sky130_fd_sc_hd__clkbuf_4)
     1    0.032063    0.169697    0.314715    7.984674 ^ input31/X (sky130_fd_sc_hd__clkbuf_4)
                                                         net31 (net)
                      0.170009    0.004633    7.989307 ^ hold76/A (sky130_fd_sc_hd__dlygate4sd3_1)
     1    0.043429    0.660996    1.448332    9.437639 ^ hold76/X (sky130_fd_sc_hd__dlygate4sd3_1)
                                                         net174 (net)
                      0.661059    0.006453    9.444092 ^ i_sram/DI[26] (CF_SRAM_1024x32)
                                              9.444092   data arrival time

                                  0.000000    0.000000   clock clk (rise edge)
                                  5.570000    5.570000   clock source latency
     1    0.053413    0.610000    0.000000    5.570000 ^ wb_clk_i (in)
                                                         wb_clk_i (net)
                      0.627638    0.009260    5.579260 ^ clkbuf_0_wb_clk_i/A (sky130_fd_sc_hd__clkbuf_16)
     2    0.064406    0.132392    0.536255    6.115515 ^ clkbuf_0_wb_clk_i/X (sky130_fd_sc_hd__clkbuf_16)
                                                         clknet_0_wb_clk_i (net)
                      0.132435    0.002008    6.117524 ^ clkbuf_1_1__f_wb_clk_i/A (sky130_fd_sc_hd__clkbuf_16)
     1    0.135215    0.227499    0.391997    6.509521 ^ clkbuf_1_1__f_wb_clk_i/X (sky130_fd_sc_hd__clkbuf_16)
                                                         clknet_1_1__leaf_wb_clk_i (net)
                      0.228965    0.015544    6.525064 ^ i_sram/CLKin (CF_SRAM_1024x32)
                                  0.100000    6.625064   clock uncertainty
                                  0.000000    6.625064   clock reconvergence pessimism
                                  0.505759    7.130823   library hold time
                                              7.130823   data required time
---------------------------------------------------------------------------------------------
                                              7.130823   data required time
                                             -9.444092   data arrival time
---------------------------------------------------------------------------------------------
                                              2.313269   slack (MET)


Startpoint: wbs_adr_i[8] (input port clocked by clk)
Endpoint: i_sram (rising edge-triggered flip-flop clocked by clk)
Path Group: clk
Path Type: min

Fanout         Cap        Slew       Delay        Time   Description
---------------------------------------------------------------------------------------------
                                  0.000000    0.000000   clock clk (rise edge)
                                  4.650000    4.650000   clock network delay (propagated)
                                  0.790000    5.440000 ^ input external delay
     1    0.003093    0.070000    0.000000    5.440000 ^ wbs_adr_i[8] (in)
                                                         wbs_adr_i[8] (net)
                      0.070087    0.000041    5.440042 ^ hold132/A (sky130_fd_sc_hd__dlygate4sd3_1)
     1    0.002872    0.092476    0.989863    6.429905 ^ hold132/X (sky130_fd_sc_hd__dlygate4sd3_1)
                                                         net230 (net)
                      0.092476    0.000079    6.429984 ^ hold67/A (sky130_fd_sc_hd__dlygate4sd3_1)
     1    0.003127    0.095583    1.002310    7.432294 ^ hold67/X (sky130_fd_sc_hd__dlygate4sd3_1)
                                                         net165 (net)
                      0.095583    0.000085    7.432380 ^ input10/A (sky130_fd_sc_hd__buf_4)
     1    0.052959    0.242610    0.330590    7.762970 ^ input10/X (sky130_fd_sc_hd__buf_4)
                                                         net10 (net)
                      0.242732    0.002319    7.765289 ^ hold68/A (sky130_fd_sc_hd__dlygate4sd3_1)
     1    0.044125    0.670918    1.481741    9.247030 ^ hold68/X (sky130_fd_sc_hd__dlygate4sd3_1)
                                                         net166 (net)
                      0.670949    0.004975    9.252005 ^ i_sram/AD[6] (CF_SRAM_1024x32)
                                              9.252005   data arrival time

                                  0.000000    0.000000   clock clk (rise edge)
                                  5.570000    5.570000   clock source latency
     1    0.053413    0.610000    0.000000    5.570000 ^ wb_clk_i (in)
                                                         wb_clk_i (net)
                      0.627638    0.009260    5.579260 ^ clkbuf_0_wb_clk_i/A (sky130_fd_sc_hd__clkbuf_16)
     2    0.064406    0.132392    0.536255    6.115515 ^ clkbuf_0_wb_clk_i/X (sky130_fd_sc_hd__clkbuf_16)
                                                         clknet_0_wb_clk_i (net)
                      0.132435    0.002008    6.117524 ^ clkbuf_1_1__f_wb_clk_i/A (sky130_fd_sc_hd__clkbuf_16)
     1    0.135215    0.227499    0.391997    6.509521 ^ clkbuf_1_1__f_wb_clk_i/X (sky130_fd_sc_hd__clkbuf_16)
                                                         clknet_1_1__leaf_wb_clk_i (net)
                      0.228965    0.015544    6.525064 ^ i_sram/CLKin (CF_SRAM_1024x32)
                                  0.100000    6.625064   clock uncertainty
                                  0.000000    6.625064   clock reconvergence pessimism
                                  0.311742    6.936806   library hold time
                                              6.936806   data required time
---------------------------------------------------------------------------------------------
                                              6.936806   data required time
                                             -9.252005   data arrival time
---------------------------------------------------------------------------------------------
                                              2.315198   slack (MET)


Startpoint: wbs_adr_i[10] (input port clocked by clk)
Endpoint: i_sram (rising edge-triggered flip-flop clocked by clk)
Path Group: clk
Path Type: min

Fanout         Cap        Slew       Delay        Time   Description
---------------------------------------------------------------------------------------------
                                  0.000000    0.000000   clock clk (rise edge)
                                  4.650000    4.650000   clock network delay (propagated)
                                  0.790000    5.440000 ^ input external delay
     1    0.004734    0.070000    0.000000    5.440000 ^ wbs_adr_i[10] (in)
                                                         wbs_adr_i[10] (net)
                      0.070226    0.000107    5.440108 ^ hold130/A (sky130_fd_sc_hd__dlygate4sd3_1)
     1    0.003929    0.107547    1.005303    6.445411 ^ hold130/X (sky130_fd_sc_hd__dlygate4sd3_1)
                                                         net228 (net)
                      0.107547    0.000133    6.445543 ^ hold53/A (sky130_fd_sc_hd__dlygate4sd3_1)
     1    0.002989    0.093909    1.005952    7.451496 ^ hold53/X (sky130_fd_sc_hd__dlygate4sd3_1)
                                                         net151 (net)
                      0.093909    0.000082    7.451577 ^ input2/A (sky130_fd_sc_hd__buf_4)
     1    0.045488    0.211210    0.306409    7.757987 ^ input2/X (sky130_fd_sc_hd__buf_4)
                                                         net2 (net)
                      0.211496    0.006036    7.764022 ^ hold54/A (sky130_fd_sc_hd__dlygate4sd3_1)
     1    0.045856    0.696079    1.488173    9.252195 ^ hold54/X (sky130_fd_sc_hd__dlygate4sd3_1)
                                                         net152 (net)
                      0.696111    0.005095    9.257290 ^ i_sram/AD[8] (CF_SRAM_1024x32)
                                              9.257290   data arrival time

                                  0.000000    0.000000   clock clk (rise edge)
                                  5.570000    5.570000   clock source latency
     1    0.053413    0.610000    0.000000    5.570000 ^ wb_clk_i (in)
                                                         wb_clk_i (net)
                      0.627638    0.009260    5.579260 ^ clkbuf_0_wb_clk_i/A (sky130_fd_sc_hd__clkbuf_16)
     2    0.064406    0.132392    0.536255    6.115515 ^ clkbuf_0_wb_clk_i/X (sky130_fd_sc_hd__clkbuf_16)
                                                         clknet_0_wb_clk_i (net)
                      0.132435    0.002008    6.117524 ^ clkbuf_1_1__f_wb_clk_i/A (sky130_fd_sc_hd__clkbuf_16)
     1    0.135215    0.227499    0.391997    6.509521 ^ clkbuf_1_1__f_wb_clk_i/X (sky130_fd_sc_hd__clkbuf_16)
                                                         clknet_1_1__leaf_wb_clk_i (net)
                      0.228965    0.015544    6.525064 ^ i_sram/CLKin (CF_SRAM_1024x32)
                                  0.100000    6.625064   clock uncertainty
                                  0.000000    6.625064   clock reconvergence pessimism
                                  0.311767    6.936832   library hold time
                                              6.936832   data required time
---------------------------------------------------------------------------------------------
                                              6.936832   data required time
                                             -9.257290   data arrival time
---------------------------------------------------------------------------------------------
                                              2.320459   slack (MET)


Startpoint: wbs_dat_i[19] (input port clocked by clk)
Endpoint: i_sram (rising edge-triggered flip-flop clocked by clk)
Path Group: clk
Path Type: min

Fanout         Cap        Slew       Delay        Time   Description
---------------------------------------------------------------------------------------------
                                  0.000000    0.000000   clock clk (rise edge)
                                  4.650000    4.650000   clock network delay (propagated)
                                  1.040000    5.690000 ^ input external delay
     1    0.003147    0.070000    0.000000    5.690000 ^ wbs_dat_i[19] (in)
                                                         wbs_dat_i[19] (net)
                      0.070086    0.000041    5.690041 ^ hold111/A (sky130_fd_sc_hd__dlygate4sd3_1)
     1    0.002256    0.085634    0.980875    6.670917 ^ hold111/X (sky130_fd_sc_hd__dlygate4sd3_1)
                                                         net209 (net)
                      0.085634    0.000061    6.670978 ^ hold45/A (sky130_fd_sc_hd__dlygate4sd3_1)
     1    0.002583    0.089200    0.991841    7.662819 ^ hold45/X (sky130_fd_sc_hd__dlygate4sd3_1)
                                                         net143 (net)
                      0.089200    0.000068    7.662888 ^ input23/A (sky130_fd_sc_hd__clkbuf_4)
     1    0.036549    0.189185    0.325705    7.988592 ^ input23/X (sky130_fd_sc_hd__clkbuf_4)
                                                         net23 (net)
                      0.189469    0.004629    7.993221 ^ hold46/A (sky130_fd_sc_hd__dlygate4sd3_1)
     1    0.043177    0.657275    1.453446    9.446668 ^ hold46/X (sky130_fd_sc_hd__dlygate4sd3_1)
                                                         net144 (net)
                      0.657319    0.005578    9.452246 ^ i_sram/DI[19] (CF_SRAM_1024x32)
                                              9.452246   data arrival time

                                  0.000000    0.000000   clock clk (rise edge)
                                  5.570000    5.570000   clock source latency
     1    0.053413    0.610000    0.000000    5.570000 ^ wb_clk_i (in)
                                                         wb_clk_i (net)
                      0.627638    0.009260    5.579260 ^ clkbuf_0_wb_clk_i/A (sky130_fd_sc_hd__clkbuf_16)
     2    0.064406    0.132392    0.536255    6.115515 ^ clkbuf_0_wb_clk_i/X (sky130_fd_sc_hd__clkbuf_16)
                                                         clknet_0_wb_clk_i (net)
                      0.132435    0.002008    6.117524 ^ clkbuf_1_1__f_wb_clk_i/A (sky130_fd_sc_hd__clkbuf_16)
     1    0.135215    0.227499    0.391997    6.509521 ^ clkbuf_1_1__f_wb_clk_i/X (sky130_fd_sc_hd__clkbuf_16)
                                                         clknet_1_1__leaf_wb_clk_i (net)
                      0.228965    0.015544    6.525064 ^ i_sram/CLKin (CF_SRAM_1024x32)
                                  0.100000    6.625064   clock uncertainty
                                  0.000000    6.625064   clock reconvergence pessimism
                                  0.506136    7.131201   library hold time
                                              7.131201   data required time
---------------------------------------------------------------------------------------------
                                              7.131201   data required time
                                             -9.452246   data arrival time
---------------------------------------------------------------------------------------------
                                              2.321045   slack (MET)


Startpoint: wbs_dat_i[6] (input port clocked by clk)
Endpoint: i_sram (rising edge-triggered flip-flop clocked by clk)
Path Group: clk
Path Type: min

Fanout         Cap        Slew       Delay        Time   Description
---------------------------------------------------------------------------------------------
                                  0.000000    0.000000   clock clk (rise edge)
                                  4.650000    4.650000   clock network delay (propagated)
                                  1.040000    5.690000 ^ input external delay
     1    0.003490    0.070000    0.000000    5.690000 ^ wbs_dat_i[6] (in)
                                                         wbs_dat_i[6] (net)
                      0.070105    0.000050    5.690050 ^ hold106/A (sky130_fd_sc_hd__dlygate4sd3_1)
     1    0.002066    0.083542    0.978117    6.668167 ^ hold106/X (sky130_fd_sc_hd__dlygate4sd3_1)
                                                         net204 (net)
                      0.083542    0.000055    6.668221 ^ hold33/A (sky130_fd_sc_hd__dlygate4sd3_1)
     1    0.003450    0.101085    1.003662    7.671884 ^ hold33/X (sky130_fd_sc_hd__dlygate4sd3_1)
                                                         net131 (net)
                      0.101085    0.000099    7.671983 ^ input41/A (sky130_fd_sc_hd__clkbuf_4)
     1    0.016953    0.107639    0.268083    7.940067 ^ input41/X (sky130_fd_sc_hd__clkbuf_4)
                                                         net41 (net)
                      0.107648    0.001048    7.941114 ^ hold34/A (sky130_fd_sc_hd__dlygate4sd3_1)
     1    0.052074    0.786688    1.508540    9.449655 ^ hold34/X (sky130_fd_sc_hd__dlygate4sd3_1)
                                                         net132 (net)
                      0.786770    0.007896    9.457551 ^ i_sram/DI[6] (CF_SRAM_1024x32)
                                              9.457551   data arrival time

                                  0.000000    0.000000   clock clk (rise edge)
                                  5.570000    5.570000   clock source latency
     1    0.053413    0.610000    0.000000    5.570000 ^ wb_clk_i (in)
                                                         wb_clk_i (net)
                      0.627638    0.009260    5.579260 ^ clkbuf_0_wb_clk_i/A (sky130_fd_sc_hd__clkbuf_16)
     2    0.064406    0.132392    0.536255    6.115515 ^ clkbuf_0_wb_clk_i/X (sky130_fd_sc_hd__clkbuf_16)
                                                         clknet_0_wb_clk_i (net)
                      0.132435    0.002008    6.117524 ^ clkbuf_1_1__f_wb_clk_i/A (sky130_fd_sc_hd__clkbuf_16)
     1    0.135215    0.227499    0.391997    6.509521 ^ clkbuf_1_1__f_wb_clk_i/X (sky130_fd_sc_hd__clkbuf_16)
                                                         clknet_1_1__leaf_wb_clk_i (net)
                      0.228965    0.015544    6.525064 ^ i_sram/CLKin (CF_SRAM_1024x32)
                                  0.100000    6.625064   clock uncertainty
                                  0.000000    6.625064   clock reconvergence pessimism
                                  0.493081    7.118145   library hold time
                                              7.118145   data required time
---------------------------------------------------------------------------------------------
                                              7.118145   data required time
                                             -9.457551   data arrival time
---------------------------------------------------------------------------------------------
                                              2.339405   slack (MET)


Startpoint: wbs_dat_i[24] (input port clocked by clk)
Endpoint: i_sram (rising edge-triggered flip-flop clocked by clk)
Path Group: clk
Path Type: min

Fanout         Cap        Slew       Delay        Time   Description
---------------------------------------------------------------------------------------------
                                  0.000000    0.000000   clock clk (rise edge)
                                  4.650000    4.650000   clock network delay (propagated)
                                  1.040000    5.690000 ^ input external delay
     1    0.002755    0.070000    0.000000    5.690000 ^ wbs_dat_i[24] (in)
                                                         wbs_dat_i[24] (net)
                      0.070069    0.000033    5.690033 ^ hold117/A (sky130_fd_sc_hd__dlygate4sd3_1)
     1    0.001922    0.081770    0.976018    6.666051 ^ hold117/X (sky130_fd_sc_hd__dlygate4sd3_1)
                                                         net215 (net)
                      0.081770    0.000036    6.666087 ^ hold63/A (sky130_fd_sc_hd__dlygate4sd3_1)
     1    0.002773    0.091357    0.993152    7.659239 ^ hold63/X (sky130_fd_sc_hd__dlygate4sd3_1)
                                                         net161 (net)
                      0.091357    0.000075    7.659313 ^ input29/A (sky130_fd_sc_hd__clkbuf_4)
     1    0.030603    0.163384    0.308602    7.967916 ^ input29/X (sky130_fd_sc_hd__clkbuf_4)
                                                         net29 (net)
                      0.163653    0.004051    7.971966 ^ hold64/A (sky130_fd_sc_hd__dlygate4sd3_1)
     1    0.047951    0.726816    1.489365    9.461331 ^ hold64/X (sky130_fd_sc_hd__dlygate4sd3_1)
                                                         net162 (net)
                      0.726889    0.007177    9.468509 ^ i_sram/DI[24] (CF_SRAM_1024x32)
                                              9.468509   data arrival time

                                  0.000000    0.000000   clock clk (rise edge)
                                  5.570000    5.570000   clock source latency
     1    0.053413    0.610000    0.000000    5.570000 ^ wb_clk_i (in)
                                                         wb_clk_i (net)
                      0.627638    0.009260    5.579260 ^ clkbuf_0_wb_clk_i/A (sky130_fd_sc_hd__clkbuf_16)
     2    0.064406    0.132392    0.536255    6.115515 ^ clkbuf_0_wb_clk_i/X (sky130_fd_sc_hd__clkbuf_16)
                                                         clknet_0_wb_clk_i (net)
                      0.132435    0.002008    6.117524 ^ clkbuf_1_1__f_wb_clk_i/A (sky130_fd_sc_hd__clkbuf_16)
     1    0.135215    0.227499    0.391997    6.509521 ^ clkbuf_1_1__f_wb_clk_i/X (sky130_fd_sc_hd__clkbuf_16)
                                                         clknet_1_1__leaf_wb_clk_i (net)
                      0.228965    0.015544    6.525064 ^ i_sram/CLKin (CF_SRAM_1024x32)
                                  0.100000    6.625064   clock uncertainty
                                  0.000000    6.625064   clock reconvergence pessimism
                                  0.499120    7.124185   library hold time
                                              7.124185   data required time
---------------------------------------------------------------------------------------------
                                              7.124185   data required time
                                             -9.468509   data arrival time
---------------------------------------------------------------------------------------------
                                              2.344324   slack (MET)


Startpoint: _45_ (rising edge-triggered flip-flop clocked by clk)
Endpoint: wbs_ack_o (output port clocked by clk)
Path Group: clk
Path Type: min

Fanout         Cap        Slew       Delay        Time   Description
---------------------------------------------------------------------------------------------
                                  0.000000    0.000000   clock clk (rise edge)
                                  4.650000    4.650000   clock source latency
     1    0.053413    0.610000    0.000000    4.650000 ^ wb_clk_i (in)
                                                         wb_clk_i (net)
                      0.627638    0.008378    4.658378 ^ clkbuf_0_wb_clk_i/A (sky130_fd_sc_hd__clkbuf_16)
     2    0.064406    0.132392    0.485183    5.143561 ^ clkbuf_0_wb_clk_i/X (sky130_fd_sc_hd__clkbuf_16)
                                                         clknet_0_wb_clk_i (net)
                      0.133176    0.007945    5.151506 ^ clkbuf_1_0__f_wb_clk_i/A (sky130_fd_sc_hd__clkbuf_16)
     2    0.054188    0.112746    0.279896    5.431402 ^ clkbuf_1_0__f_wb_clk_i/X (sky130_fd_sc_hd__clkbuf_16)
                                                         clknet_1_0__leaf_wb_clk_i (net)
                      0.112765    0.001337    5.432739 ^ _45_/CLK (sky130_fd_sc_hd__dfrtp_1)
     1    0.017369    0.256207    0.769000    6.201739 ^ _45_/Q (sky130_fd_sc_hd__dfrtp_1)
                                                         net51 (net)
                      0.256208    0.001137    6.202876 ^ output51/A (sky130_fd_sc_hd__buf_12)
     1    0.190751    0.342460    0.441683    6.644559 ^ output51/X (sky130_fd_sc_hd__buf_12)
                                                         wbs_ack_o (net)
                      0.342498    0.003494    6.648053 ^ wbs_ack_o (out)
                                              6.648053   data arrival time

                                  0.000000    0.000000   clock clk (rise edge)
                                  5.570000    5.570000   clock network delay (propagated)
                                  0.100000    5.670000   clock uncertainty
                                  0.000000    5.670000   clock reconvergence pessimism
                                 -1.370000    4.300000   output external delay
                                              4.300000   data required time
---------------------------------------------------------------------------------------------
                                              4.300000   data required time
                                             -6.648053   data arrival time
---------------------------------------------------------------------------------------------
                                              2.348053   slack (MET)


Startpoint: wbs_adr_i[6] (input port clocked by clk)
Endpoint: i_sram (rising edge-triggered flip-flop clocked by clk)
Path Group: clk
Path Type: min

Fanout         Cap        Slew       Delay        Time   Description
---------------------------------------------------------------------------------------------
                                  0.000000    0.000000   clock clk (rise edge)
                                  4.650000    4.650000   clock network delay (propagated)
                                  0.790000    5.440000 ^ input external delay
     1    0.003968    0.070000    0.000000    5.440000 ^ wbs_adr_i[6] (in)
                                                         wbs_adr_i[6] (net)
                      0.070123    0.000058    5.440058 ^ hold135/A (sky130_fd_sc_hd__dlygate4sd3_1)
     1    0.002159    0.084644    0.979482    6.419540 ^ hold135/X (sky130_fd_sc_hd__dlygate4sd3_1)
                                                         net233 (net)
                      0.084644    0.000058    6.419599 ^ hold77/A (sky130_fd_sc_hd__dlygate4sd3_1)
     1    0.003505    0.101827    1.004871    7.424469 ^ hold77/X (sky130_fd_sc_hd__dlygate4sd3_1)
                                                         net175 (net)
                      0.101827    0.000102    7.424572 ^ input8/A (sky130_fd_sc_hd__buf_4)
     1    0.058050    0.263870    0.347494    7.772066 ^ input8/X (sky130_fd_sc_hd__buf_4)
                                                         net8 (net)
                      0.264009    0.002930    7.774996 ^ hold78/A (sky130_fd_sc_hd__dlygate4sd3_1)
     1    0.046032    0.698635    1.506638    9.281634 ^ hold78/X (sky130_fd_sc_hd__dlygate4sd3_1)
                                                         net176 (net)
                      0.698667    0.005130    9.286764 ^ i_sram/AD[4] (CF_SRAM_1024x32)
                                              9.286764   data arrival time

                                  0.000000    0.000000   clock clk (rise edge)
                                  5.570000    5.570000   clock source latency
     1    0.053413    0.610000    0.000000    5.570000 ^ wb_clk_i (in)
                                                         wb_clk_i (net)
                      0.627638    0.009260    5.579260 ^ clkbuf_0_wb_clk_i/A (sky130_fd_sc_hd__clkbuf_16)
     2    0.064406    0.132392    0.536255    6.115515 ^ clkbuf_0_wb_clk_i/X (sky130_fd_sc_hd__clkbuf_16)
                                                         clknet_0_wb_clk_i (net)
                      0.132435    0.002008    6.117524 ^ clkbuf_1_1__f_wb_clk_i/A (sky130_fd_sc_hd__clkbuf_16)
     1    0.135215    0.227499    0.391997    6.509521 ^ clkbuf_1_1__f_wb_clk_i/X (sky130_fd_sc_hd__clkbuf_16)
                                                         clknet_1_1__leaf_wb_clk_i (net)
                      0.228965    0.015544    6.525064 ^ i_sram/CLKin (CF_SRAM_1024x32)
                                  0.100000    6.625064   clock uncertainty
                                  0.000000    6.625064   clock reconvergence pessimism
                                  0.311770    6.936834   library hold time
                                              6.936834   data required time
---------------------------------------------------------------------------------------------
                                              6.936834   data required time
                                             -9.286764   data arrival time
---------------------------------------------------------------------------------------------
                                              2.349931   slack (MET)


Startpoint: wbs_dat_i[20] (input port clocked by clk)
Endpoint: i_sram (rising edge-triggered flip-flop clocked by clk)
Path Group: clk
Path Type: min

Fanout         Cap        Slew       Delay        Time   Description
---------------------------------------------------------------------------------------------
                                  0.000000    0.000000   clock clk (rise edge)
                                  4.650000    4.650000   clock network delay (propagated)
                                  1.040000    5.690000 ^ input external delay
     1    0.003421    0.070000    0.000000    5.690000 ^ wbs_dat_i[20] (in)
                                                         wbs_dat_i[20] (net)
                      0.070090    0.000043    5.690043 ^ hold109/A (sky130_fd_sc_hd__dlygate4sd3_1)
     1    0.002685    0.090308    0.987137    6.677180 ^ hold109/X (sky130_fd_sc_hd__dlygate4sd3_1)
                                                         net207 (net)
                      0.090308    0.000076    6.677256 ^ hold51/A (sky130_fd_sc_hd__dlygate4sd3_1)
     1    0.002407    0.087280    0.991038    7.668294 ^ hold51/X (sky130_fd_sc_hd__dlygate4sd3_1)
                                                         net149 (net)
                      0.087280    0.000044    7.668339 ^ input25/A (sky130_fd_sc_hd__clkbuf_4)
     1    0.037924    0.195156    0.328858    7.997197 ^ input25/X (sky130_fd_sc_hd__clkbuf_4)
                                                         net25 (net)
                      0.195478    0.005110    8.002307 ^ hold52/A (sky130_fd_sc_hd__dlygate4sd3_1)
     1    0.044807    0.681005    1.471334    9.473640 ^ hold52/X (sky130_fd_sc_hd__dlygate4sd3_1)
                                                         net150 (net)
                      0.681056    0.005981    9.479622 ^ i_sram/DI[20] (CF_SRAM_1024x32)
                                              9.479622   data arrival time

                                  0.000000    0.000000   clock clk (rise edge)
                                  5.570000    5.570000   clock source latency
     1    0.053413    0.610000    0.000000    5.570000 ^ wb_clk_i (in)
                                                         wb_clk_i (net)
                      0.627638    0.009260    5.579260 ^ clkbuf_0_wb_clk_i/A (sky130_fd_sc_hd__clkbuf_16)
     2    0.064406    0.132392    0.536255    6.115515 ^ clkbuf_0_wb_clk_i/X (sky130_fd_sc_hd__clkbuf_16)
                                                         clknet_0_wb_clk_i (net)
                      0.132435    0.002008    6.117524 ^ clkbuf_1_1__f_wb_clk_i/A (sky130_fd_sc_hd__clkbuf_16)
     1    0.135215    0.227499    0.391997    6.509521 ^ clkbuf_1_1__f_wb_clk_i/X (sky130_fd_sc_hd__clkbuf_16)
                                                         clknet_1_1__leaf_wb_clk_i (net)
                      0.228965    0.015544    6.525064 ^ i_sram/CLKin (CF_SRAM_1024x32)
                                  0.100000    6.625064   clock uncertainty
                                  0.000000    6.625064   clock reconvergence pessimism
                                  0.503743    7.128807   library hold time
                                              7.128807   data required time
---------------------------------------------------------------------------------------------
                                              7.128807   data required time
                                             -9.479622   data arrival time
---------------------------------------------------------------------------------------------
                                              2.350815   slack (MET)


Startpoint: wbs_dat_i[31] (input port clocked by clk)
Endpoint: i_sram (rising edge-triggered flip-flop clocked by clk)
Path Group: clk
Path Type: min

Fanout         Cap        Slew       Delay        Time   Description
---------------------------------------------------------------------------------------------
                                  0.000000    0.000000   clock clk (rise edge)
                                  4.650000    4.650000   clock network delay (propagated)
                                  1.040000    5.690000 ^ input external delay
     1    0.002810    0.070000    0.000000    5.690000 ^ wbs_dat_i[31] (in)
                                                         wbs_dat_i[31] (net)
                      0.070071    0.000034    5.690034 ^ hold128/A (sky130_fd_sc_hd__dlygate4sd3_1)
     1    0.002299    0.086088    0.981501    6.671535 ^ hold128/X (sky130_fd_sc_hd__dlygate4sd3_1)
                                                         net226 (net)
                      0.086088    0.000046    6.671581 ^ hold29/A (sky130_fd_sc_hd__dlygate4sd3_1)
     1    0.003681    0.104212    1.007976    7.679557 ^ hold29/X (sky130_fd_sc_hd__dlygate4sd3_1)
                                                         net127 (net)
                      0.104212    0.000109    7.679666 ^ input37/A (sky130_fd_sc_hd__buf_4)
     1    0.040187    0.190223    0.294690    7.974356 ^ input37/X (sky130_fd_sc_hd__buf_4)
                                                         net37 (net)
                      0.190646    0.006927    7.981283 ^ hold30/A (sky130_fd_sc_hd__dlygate4sd3_1)
     1    0.046788    0.709954    1.487921    9.469203 ^ hold30/X (sky130_fd_sc_hd__dlygate4sd3_1)
                                                         net128 (net)
                      0.710058    0.008237    9.477441 ^ i_sram/DI[31] (CF_SRAM_1024x32)
                                              9.477441   data arrival time

                                  0.000000    0.000000   clock clk (rise edge)
                                  5.570000    5.570000   clock source latency
     1    0.053413    0.610000    0.000000    5.570000 ^ wb_clk_i (in)
                                                         wb_clk_i (net)
                      0.627638    0.009260    5.579260 ^ clkbuf_0_wb_clk_i/A (sky130_fd_sc_hd__clkbuf_16)
     2    0.064406    0.132392    0.536255    6.115515 ^ clkbuf_0_wb_clk_i/X (sky130_fd_sc_hd__clkbuf_16)
                                                         clknet_0_wb_clk_i (net)
                      0.132435    0.002008    6.117524 ^ clkbuf_1_1__f_wb_clk_i/A (sky130_fd_sc_hd__clkbuf_16)
     1    0.135215    0.227499    0.391997    6.509521 ^ clkbuf_1_1__f_wb_clk_i/X (sky130_fd_sc_hd__clkbuf_16)
                                                         clknet_1_1__leaf_wb_clk_i (net)
                      0.228965    0.015544    6.525064 ^ i_sram/CLKin (CF_SRAM_1024x32)
                                  0.100000    6.625064   clock uncertainty
                                  0.000000    6.625064   clock reconvergence pessimism
                                  0.500818    7.125882   library hold time
                                              7.125882   data required time
---------------------------------------------------------------------------------------------
                                              7.125882   data required time
                                             -9.477441   data arrival time
---------------------------------------------------------------------------------------------
                                              2.351559   slack (MET)


Startpoint: wbs_dat_i[27] (input port clocked by clk)
Endpoint: i_sram (rising edge-triggered flip-flop clocked by clk)
Path Group: clk
Path Type: min

Fanout         Cap        Slew       Delay        Time   Description
---------------------------------------------------------------------------------------------
                                  0.000000    0.000000   clock clk (rise edge)
                                  4.650000    4.650000   clock network delay (propagated)
                                  1.040000    5.690000 ^ input external delay
     1    0.003787    0.070000    0.000000    5.690000 ^ wbs_dat_i[27] (in)
                                                         wbs_dat_i[27] (net)
                      0.070123    0.000059    5.690059 ^ hold121/A (sky130_fd_sc_hd__dlygate4sd3_1)
     1    0.002738    0.090919    0.987926    6.677985 ^ hold121/X (sky130_fd_sc_hd__dlygate4sd3_1)
                                                         net219 (net)
                      0.090919    0.000078    6.678063 ^ hold7/A (sky130_fd_sc_hd__dlygate4sd3_1)
     1    0.003749    0.105115    1.010768    7.688831 ^ hold7/X (sky130_fd_sc_hd__dlygate4sd3_1)
                                                         net105 (net)
                      0.105115    0.000113    7.688944 ^ input32/A (sky130_fd_sc_hd__buf_4)
     1    0.034071    0.164698    0.278698    7.967642 ^ input32/X (sky130_fd_sc_hd__buf_4)
                                                         net32 (net)
                      0.165059    0.005118    7.972760 ^ hold8/A (sky130_fd_sc_hd__dlygate4sd3_1)
     1    0.048669    0.737328    1.496487    9.469247 ^ hold8/X (sky130_fd_sc_hd__dlygate4sd3_1)
                                                         net106 (net)
                      0.737416    0.007835    9.477081 ^ i_sram/DI[27] (CF_SRAM_1024x32)
                                              9.477081   data arrival time

                                  0.000000    0.000000   clock clk (rise edge)
                                  5.570000    5.570000   clock source latency
     1    0.053413    0.610000    0.000000    5.570000 ^ wb_clk_i (in)
                                                         wb_clk_i (net)
                      0.627638    0.009260    5.579260 ^ clkbuf_0_wb_clk_i/A (sky130_fd_sc_hd__clkbuf_16)
     2    0.064406    0.132392    0.536255    6.115515 ^ clkbuf_0_wb_clk_i/X (sky130_fd_sc_hd__clkbuf_16)
                                                         clknet_0_wb_clk_i (net)
                      0.132435    0.002008    6.117524 ^ clkbuf_1_1__f_wb_clk_i/A (sky130_fd_sc_hd__clkbuf_16)
     1    0.135215    0.227499    0.391997    6.509521 ^ clkbuf_1_1__f_wb_clk_i/X (sky130_fd_sc_hd__clkbuf_16)
                                                         clknet_1_1__leaf_wb_clk_i (net)
                      0.228965    0.015544    6.525064 ^ i_sram/CLKin (CF_SRAM_1024x32)
                                  0.100000    6.625064   clock uncertainty
                                  0.000000    6.625064   clock reconvergence pessimism
                                  0.498059    7.123123   library hold time
                                              7.123123   data required time
---------------------------------------------------------------------------------------------
                                              7.123123   data required time
                                             -9.477081   data arrival time
---------------------------------------------------------------------------------------------
                                              2.353959   slack (MET)


Startpoint: wbs_adr_i[5] (input port clocked by clk)
Endpoint: i_sram (rising edge-triggered flip-flop clocked by clk)
Path Group: clk
Path Type: min

Fanout         Cap        Slew       Delay        Time   Description
---------------------------------------------------------------------------------------------
                                  0.000000    0.000000   clock clk (rise edge)
                                  4.650000    4.650000   clock network delay (propagated)
                                  0.790000    5.440000 ^ input external delay
     1    0.006702    0.070000    0.000000    5.440000 ^ wbs_adr_i[5] (in)
                                                         wbs_adr_i[5] (net)
                      0.070379    0.000180    5.440180 ^ hold134/A (sky130_fd_sc_hd__dlygate4sd3_1)
     1    0.003417    0.100603    0.997912    6.438092 ^ hold134/X (sky130_fd_sc_hd__dlygate4sd3_1)
                                                         net232 (net)
                      0.100603    0.000100    6.438192 ^ hold71/A (sky130_fd_sc_hd__dlygate4sd3_1)
     1    0.006168    0.136962    1.044019    7.482211 ^ hold71/X (sky130_fd_sc_hd__dlygate4sd3_1)
                                                         net169 (net)
                      0.136962    0.000218    7.482428 ^ input7/A (sky130_fd_sc_hd__buf_4)
     1    0.049830    0.229079    0.337825    7.820253 ^ input7/X (sky130_fd_sc_hd__buf_4)
                                                         net7 (net)
                      0.229499    0.006643    7.826896 ^ hold72/A (sky130_fd_sc_hd__dlygate4sd3_1)
     1    0.042582    0.648485    1.462883    9.289779 ^ hold72/X (sky130_fd_sc_hd__dlygate4sd3_1)
                                                         net170 (net)
                      0.648511    0.004516    9.294295 ^ i_sram/AD[3] (CF_SRAM_1024x32)
                                              9.294295   data arrival time

                                  0.000000    0.000000   clock clk (rise edge)
                                  5.570000    5.570000   clock source latency
     1    0.053413    0.610000    0.000000    5.570000 ^ wb_clk_i (in)
                                                         wb_clk_i (net)
                      0.627638    0.009260    5.579260 ^ clkbuf_0_wb_clk_i/A (sky130_fd_sc_hd__clkbuf_16)
     2    0.064406    0.132392    0.536255    6.115515 ^ clkbuf_0_wb_clk_i/X (sky130_fd_sc_hd__clkbuf_16)
                                                         clknet_0_wb_clk_i (net)
                      0.132435    0.002008    6.117524 ^ clkbuf_1_1__f_wb_clk_i/A (sky130_fd_sc_hd__clkbuf_16)
     1    0.135215    0.227499    0.391997    6.509521 ^ clkbuf_1_1__f_wb_clk_i/X (sky130_fd_sc_hd__clkbuf_16)
                                                         clknet_1_1__leaf_wb_clk_i (net)
                      0.228965    0.015544    6.525064 ^ i_sram/CLKin (CF_SRAM_1024x32)
                                  0.100000    6.625064   clock uncertainty
                                  0.000000    6.625064   clock reconvergence pessimism
                                  0.311720    6.936784   library hold time
                                              6.936784   data required time
---------------------------------------------------------------------------------------------
                                              6.936784   data required time
                                             -9.294295   data arrival time
---------------------------------------------------------------------------------------------
                                              2.357512   slack (MET)


Startpoint: wbs_dat_i[23] (input port clocked by clk)
Endpoint: i_sram (rising edge-triggered flip-flop clocked by clk)
Path Group: clk
Path Type: min

Fanout         Cap        Slew       Delay        Time   Description
---------------------------------------------------------------------------------------------
                                  0.000000    0.000000   clock clk (rise edge)
                                  4.650000    4.650000   clock network delay (propagated)
                                  1.040000    5.690000 ^ input external delay
     1    0.003193    0.070000    0.000000    5.690000 ^ wbs_dat_i[23] (in)
                                                         wbs_dat_i[23] (net)
                      0.070089    0.000043    5.690043 ^ hold116/A (sky130_fd_sc_hd__dlygate4sd3_1)
     1    0.002578    0.089105    0.985581    6.675624 ^ hold116/X (sky130_fd_sc_hd__dlygate4sd3_1)
                                                         net214 (net)
                      0.089105    0.000072    6.675696 ^ hold59/A (sky130_fd_sc_hd__dlygate4sd3_1)
     1    0.002366    0.086832    0.989978    7.665675 ^ hold59/X (sky130_fd_sc_hd__dlygate4sd3_1)
                                                         net157 (net)
                      0.086832    0.000044    7.665718 ^ input28/A (sky130_fd_sc_hd__clkbuf_4)
     1    0.034499    0.180261    0.317915    7.983634 ^ input28/X (sky130_fd_sc_hd__clkbuf_4)
                                                         net28 (net)
                      0.180599    0.005050    7.988684 ^ hold60/A (sky130_fd_sc_hd__dlygate4sd3_1)
     1    0.047120    0.714704    1.487791    9.476475 ^ hold60/X (sky130_fd_sc_hd__dlygate4sd3_1)
                                                         net158 (net)
                      0.714770    0.006831    9.483306 ^ i_sram/DI[23] (CF_SRAM_1024x32)
                                              9.483306   data arrival time

                                  0.000000    0.000000   clock clk (rise edge)
                                  5.570000    5.570000   clock source latency
     1    0.053413    0.610000    0.000000    5.570000 ^ wb_clk_i (in)
                                                         wb_clk_i (net)
                      0.627638    0.009260    5.579260 ^ clkbuf_0_wb_clk_i/A (sky130_fd_sc_hd__clkbuf_16)
     2    0.064406    0.132392    0.536255    6.115515 ^ clkbuf_0_wb_clk_i/X (sky130_fd_sc_hd__clkbuf_16)
                                                         clknet_0_wb_clk_i (net)
                      0.132435    0.002008    6.117524 ^ clkbuf_1_1__f_wb_clk_i/A (sky130_fd_sc_hd__clkbuf_16)
     1    0.135215    0.227499    0.391997    6.509521 ^ clkbuf_1_1__f_wb_clk_i/X (sky130_fd_sc_hd__clkbuf_16)
                                                         clknet_1_1__leaf_wb_clk_i (net)
                      0.228965    0.015544    6.525064 ^ i_sram/CLKin (CF_SRAM_1024x32)
                                  0.100000    6.625064   clock uncertainty
                                  0.000000    6.625064   clock reconvergence pessimism
                                  0.500342    7.125407   library hold time
                                              7.125407   data required time
---------------------------------------------------------------------------------------------
                                              7.125407   data required time
                                             -9.483306   data arrival time
---------------------------------------------------------------------------------------------
                                              2.357899   slack (MET)


Startpoint: wbs_adr_i[3] (input port clocked by clk)
Endpoint: i_sram (rising edge-triggered flip-flop clocked by clk)
Path Group: clk
Path Type: min

Fanout         Cap        Slew       Delay        Time   Description
---------------------------------------------------------------------------------------------
                                  0.000000    0.000000   clock clk (rise edge)
                                  4.650000    4.650000   clock network delay (propagated)
                                  0.790000    5.440000 ^ input external delay
     1    0.004647    0.070000    0.000000    5.440000 ^ wbs_adr_i[3] (in)
                                                         wbs_adr_i[3] (net)
                      0.070166    0.000079    5.440079 ^ hold137/A (sky130_fd_sc_hd__dlygate4sd3_1)
     1    0.002955    0.093464    0.991105    6.431184 ^ hold137/X (sky130_fd_sc_hd__dlygate4sd3_1)
                                                         net235 (net)
                      0.093464    0.000082    6.431266 ^ hold83/A (sky130_fd_sc_hd__dlygate4sd3_1)
     1    0.003551    0.102453    1.008851    7.440117 ^ hold83/X (sky130_fd_sc_hd__dlygate4sd3_1)
                                                         net181 (net)
                      0.102453    0.000105    7.440221 ^ input5/A (sky130_fd_sc_hd__buf_4)
     1    0.058590    0.266808    0.346083    7.786304 ^ input5/X (sky130_fd_sc_hd__buf_4)
                                                         net5 (net)
                      0.267298    0.008898    7.795202 ^ hold84/A (sky130_fd_sc_hd__dlygate4sd3_1)
     1    0.045687    0.693639    1.504243    9.299445 ^ hold84/X (sky130_fd_sc_hd__dlygate4sd3_1)
                                                         net182 (net)
                      0.693672    0.005167    9.304611 ^ i_sram/AD[1] (CF_SRAM_1024x32)
                                              9.304611   data arrival time

                                  0.000000    0.000000   clock clk (rise edge)
                                  5.570000    5.570000   clock source latency
     1    0.053413    0.610000    0.000000    5.570000 ^ wb_clk_i (in)
                                                         wb_clk_i (net)
                      0.627638    0.009260    5.579260 ^ clkbuf_0_wb_clk_i/A (sky130_fd_sc_hd__clkbuf_16)
     2    0.064406    0.132392    0.536255    6.115515 ^ clkbuf_0_wb_clk_i/X (sky130_fd_sc_hd__clkbuf_16)
                                                         clknet_0_wb_clk_i (net)
                      0.132435    0.002008    6.117524 ^ clkbuf_1_1__f_wb_clk_i/A (sky130_fd_sc_hd__clkbuf_16)
     1    0.135215    0.227499    0.391997    6.509521 ^ clkbuf_1_1__f_wb_clk_i/X (sky130_fd_sc_hd__clkbuf_16)
                                                         clknet_1_1__leaf_wb_clk_i (net)
                      0.228965    0.015544    6.525064 ^ i_sram/CLKin (CF_SRAM_1024x32)
                                  0.100000    6.625064   clock uncertainty
                                  0.000000    6.625064   clock reconvergence pessimism
                                  0.311765    6.936829   library hold time
                                              6.936829   data required time
---------------------------------------------------------------------------------------------
                                              6.936829   data required time
                                             -9.304611   data arrival time
---------------------------------------------------------------------------------------------
                                              2.367783   slack (MET)


Startpoint: wbs_dat_i[30] (input port clocked by clk)
Endpoint: i_sram (rising edge-triggered flip-flop clocked by clk)
Path Group: clk
Path Type: min

Fanout         Cap        Slew       Delay        Time   Description
---------------------------------------------------------------------------------------------
                                  0.000000    0.000000   clock clk (rise edge)
                                  4.650000    4.650000   clock network delay (propagated)
                                  1.040000    5.690000 ^ input external delay
     1    0.003113    0.070000    0.000000    5.690000 ^ wbs_dat_i[30] (in)
                                                         wbs_dat_i[30] (net)
                      0.070090    0.000043    5.690043 ^ hold127/A (sky130_fd_sc_hd__dlygate4sd3_1)
     1    0.003502    0.101750    0.999034    6.689076 ^ hold127/X (sky130_fd_sc_hd__dlygate4sd3_1)
                                                         net225 (net)
                      0.101750    0.000103    6.689179 ^ hold25/A (sky130_fd_sc_hd__dlygate4sd3_1)
     1    0.002645    0.089903    0.998789    7.687968 ^ hold25/X (sky130_fd_sc_hd__dlygate4sd3_1)
                                                         net123 (net)
                      0.089903    0.000048    7.688016 ^ input36/A (sky130_fd_sc_hd__buf_4)
     1    0.037954    0.180907    0.282443    7.970459 ^ input36/X (sky130_fd_sc_hd__buf_4)
                                                         net36 (net)
                      0.181266    0.006207    7.976666 ^ hold26/A (sky130_fd_sc_hd__dlygate4sd3_1)
     1    0.049248    0.745792    1.507943    9.484609 ^ hold26/X (sky130_fd_sc_hd__dlygate4sd3_1)
                                                         net124 (net)
                      0.745896    0.008431    9.493040 ^ i_sram/DI[30] (CF_SRAM_1024x32)
                                              9.493040   data arrival time

                                  0.000000    0.000000   clock clk (rise edge)
                                  5.570000    5.570000   clock source latency
     1    0.053413    0.610000    0.000000    5.570000 ^ wb_clk_i (in)
                                                         wb_clk_i (net)
                      0.627638    0.009260    5.579260 ^ clkbuf_0_wb_clk_i/A (sky130_fd_sc_hd__clkbuf_16)
     2    0.064406    0.132392    0.536255    6.115515 ^ clkbuf_0_wb_clk_i/X (sky130_fd_sc_hd__clkbuf_16)
                                                         clknet_0_wb_clk_i (net)
                      0.132435    0.002008    6.117524 ^ clkbuf_1_1__f_wb_clk_i/A (sky130_fd_sc_hd__clkbuf_16)
     1    0.135215    0.227499    0.391997    6.509521 ^ clkbuf_1_1__f_wb_clk_i/X (sky130_fd_sc_hd__clkbuf_16)
                                                         clknet_1_1__leaf_wb_clk_i (net)
                      0.228965    0.015544    6.525064 ^ i_sram/CLKin (CF_SRAM_1024x32)
                                  0.100000    6.625064   clock uncertainty
                                  0.000000    6.625064   clock reconvergence pessimism
                                  0.497203    7.122268   library hold time
                                              7.122268   data required time
---------------------------------------------------------------------------------------------
                                              7.122268   data required time
                                             -9.493040   data arrival time
---------------------------------------------------------------------------------------------
                                              2.370773   slack (MET)


Startpoint: wbs_adr_i[4] (input port clocked by clk)
Endpoint: i_sram (rising edge-triggered flip-flop clocked by clk)
Path Group: clk
Path Type: min

Fanout         Cap        Slew       Delay        Time   Description
---------------------------------------------------------------------------------------------
                                  0.000000    0.000000   clock clk (rise edge)
                                  4.650000    4.650000   clock network delay (propagated)
                                  0.790000    5.440000 ^ input external delay
     1    0.003010    0.070000    0.000000    5.440000 ^ wbs_adr_i[4] (in)
                                                         wbs_adr_i[4] (net)
                      0.070081    0.000039    5.440039 ^ hold136/A (sky130_fd_sc_hd__dlygate4sd3_1)
     1    0.002869    0.092440    0.989818    6.429857 ^ hold136/X (sky130_fd_sc_hd__dlygate4sd3_1)
                                                         net234 (net)
                      0.092440    0.000078    6.429935 ^ hold79/A (sky130_fd_sc_hd__dlygate4sd3_1)
     1    0.004784    0.119026    1.025192    7.455126 ^ hold79/X (sky130_fd_sc_hd__dlygate4sd3_1)
                                                         net177 (net)
                      0.119026    0.000155    7.455282 ^ input6/A (sky130_fd_sc_hd__buf_4)
     2    0.058360    0.264487    0.353339    7.808620 ^ input6/X (sky130_fd_sc_hd__buf_4)
                                                         net6 (net)
                      0.264970    0.008800    7.817420 ^ hold80/A (sky130_fd_sc_hd__dlygate4sd3_1)
     1    0.044171    0.671606    1.488844    9.306265 ^ hold80/X (sky130_fd_sc_hd__dlygate4sd3_1)
                                                         net178 (net)
                      0.671638    0.005018    9.311283 ^ i_sram/AD[2] (CF_SRAM_1024x32)
                                              9.311283   data arrival time

                                  0.000000    0.000000   clock clk (rise edge)
                                  5.570000    5.570000   clock source latency
     1    0.053413    0.610000    0.000000    5.570000 ^ wb_clk_i (in)
                                                         wb_clk_i (net)
                      0.627638    0.009260    5.579260 ^ clkbuf_0_wb_clk_i/A (sky130_fd_sc_hd__clkbuf_16)
     2    0.064406    0.132392    0.536255    6.115515 ^ clkbuf_0_wb_clk_i/X (sky130_fd_sc_hd__clkbuf_16)
                                                         clknet_0_wb_clk_i (net)
                      0.132435    0.002008    6.117524 ^ clkbuf_1_1__f_wb_clk_i/A (sky130_fd_sc_hd__clkbuf_16)
     1    0.135215    0.227499    0.391997    6.509521 ^ clkbuf_1_1__f_wb_clk_i/X (sky130_fd_sc_hd__clkbuf_16)
                                                         clknet_1_1__leaf_wb_clk_i (net)
                      0.228965    0.015544    6.525064 ^ i_sram/CLKin (CF_SRAM_1024x32)
                                  0.100000    6.625064   clock uncertainty
                                  0.000000    6.625064   clock reconvergence pessimism
                                  0.311743    6.936807   library hold time
                                              6.936807   data required time
---------------------------------------------------------------------------------------------
                                              6.936807   data required time
                                             -9.311283   data arrival time
---------------------------------------------------------------------------------------------
                                              2.374475   slack (MET)


Startpoint: wbs_adr_i[2] (input port clocked by clk)
Endpoint: i_sram (rising edge-triggered flip-flop clocked by clk)
Path Group: clk
Path Type: min

Fanout         Cap        Slew       Delay        Time   Description
---------------------------------------------------------------------------------------------
                                  0.000000    0.000000   clock clk (rise edge)
                                  4.650000    4.650000   clock network delay (propagated)
                                  0.790000    5.440000 ^ input external delay
     1    0.007160    0.070000    0.000000    5.440000 ^ wbs_adr_i[2] (in)
                                                         wbs_adr_i[2] (net)
                      0.070299    0.000142    5.440142 ^ hold138/A (sky130_fd_sc_hd__dlygate4sd3_1)
     1    0.003582    0.102831    1.000270    6.440413 ^ hold138/X (sky130_fd_sc_hd__dlygate4sd3_1)
                                                         net236 (net)
                      0.102831    0.000118    6.440530 ^ hold81/A (sky130_fd_sc_hd__dlygate4sd3_1)
     1    0.003423    0.099331    1.010493    7.451023 ^ hold81/X (sky130_fd_sc_hd__dlygate4sd3_1)
                                                         net179 (net)
                      0.100717    0.000102    7.451125 ^ input4/A (sky130_fd_sc_hd__buf_4)
     3    0.064189    0.290294    0.359627    7.810752 ^ input4/X (sky130_fd_sc_hd__buf_4)
                                                         net4 (net)
                      0.291121    0.012042    7.822794 ^ hold82/A (sky130_fd_sc_hd__dlygate4sd3_1)
     1    0.044364    0.674277    1.499140    9.321934 ^ hold82/X (sky130_fd_sc_hd__dlygate4sd3_1)
                                                         net180 (net)
                      0.674302    0.004613    9.326547 ^ i_sram/AD[0] (CF_SRAM_1024x32)
                                              9.326547   data arrival time

                                  0.000000    0.000000   clock clk (rise edge)
                                  5.570000    5.570000   clock source latency
     1    0.053413    0.610000    0.000000    5.570000 ^ wb_clk_i (in)
                                                         wb_clk_i (net)
                      0.627638    0.009260    5.579260 ^ clkbuf_0_wb_clk_i/A (sky130_fd_sc_hd__clkbuf_16)
     2    0.064406    0.132392    0.536255    6.115515 ^ clkbuf_0_wb_clk_i/X (sky130_fd_sc_hd__clkbuf_16)
                                                         clknet_0_wb_clk_i (net)
                      0.132435    0.002008    6.117524 ^ clkbuf_1_1__f_wb_clk_i/A (sky130_fd_sc_hd__clkbuf_16)
     1    0.135215    0.227499    0.391997    6.509521 ^ clkbuf_1_1__f_wb_clk_i/X (sky130_fd_sc_hd__clkbuf_16)
                                                         clknet_1_1__leaf_wb_clk_i (net)
                      0.228965    0.015544    6.525064 ^ i_sram/CLKin (CF_SRAM_1024x32)
                                  0.100000    6.625064   clock uncertainty
                                  0.000000    6.625064   clock reconvergence pessimism
                                  0.311746    6.936810   library hold time
                                              6.936810   data required time
---------------------------------------------------------------------------------------------
                                              6.936810   data required time
                                             -9.326547   data arrival time
---------------------------------------------------------------------------------------------
                                              2.389737   slack (MET)


Startpoint: wbs_dat_i[16] (input port clocked by clk)
Endpoint: i_sram (rising edge-triggered flip-flop clocked by clk)
Path Group: clk
Path Type: min

Fanout         Cap        Slew       Delay        Time   Description
---------------------------------------------------------------------------------------------
                                  0.000000    0.000000   clock clk (rise edge)
                                  4.650000    4.650000   clock network delay (propagated)
                                  1.040000    5.690000 ^ input external delay
     1    0.002663    0.070000    0.000000    5.690000 ^ wbs_dat_i[16] (in)
                                                         wbs_dat_i[16] (net)
                      0.070066    0.000031    5.690031 ^ hold113/A (sky130_fd_sc_hd__dlygate4sd3_1)
     1    0.003766    0.105312    1.002865    6.692896 ^ hold113/X (sky130_fd_sc_hd__dlygate4sd3_1)
                                                         net211 (net)
                      0.105312    0.000122    6.693018 ^ hold49/A (sky130_fd_sc_hd__dlygate4sd3_1)
     1    0.004038    0.107762    1.020375    7.713394 ^ hold49/X (sky130_fd_sc_hd__dlygate4sd3_1)
                                                         net147 (net)
                      0.107762    0.000120    7.713513 ^ input20/A (sky130_fd_sc_hd__clkbuf_4)
     1    0.040257    0.205312    0.344906    8.058420 ^ input20/X (sky130_fd_sc_hd__clkbuf_4)
                                                         net20 (net)
                      0.205645    0.005405    8.063825 ^ hold50/A (sky130_fd_sc_hd__dlygate4sd3_1)
     1    0.042536    0.647888    1.453592    9.517416 ^ hold50/X (sky130_fd_sc_hd__dlygate4sd3_1)
                                                         net148 (net)
                      0.647923    0.005023    9.522439 ^ i_sram/DI[16] (CF_SRAM_1024x32)
                                              9.522439   data arrival time

                                  0.000000    0.000000   clock clk (rise edge)
                                  5.570000    5.570000   clock source latency
     1    0.053413    0.610000    0.000000    5.570000 ^ wb_clk_i (in)
                                                         wb_clk_i (net)
                      0.627638    0.009260    5.579260 ^ clkbuf_0_wb_clk_i/A (sky130_fd_sc_hd__clkbuf_16)
     2    0.064406    0.132392    0.536255    6.115515 ^ clkbuf_0_wb_clk_i/X (sky130_fd_sc_hd__clkbuf_16)
                                                         clknet_0_wb_clk_i (net)
                      0.132435    0.002008    6.117524 ^ clkbuf_1_1__f_wb_clk_i/A (sky130_fd_sc_hd__clkbuf_16)
     1    0.135215    0.227499    0.391997    6.509521 ^ clkbuf_1_1__f_wb_clk_i/X (sky130_fd_sc_hd__clkbuf_16)
                                                         clknet_1_1__leaf_wb_clk_i (net)
                      0.228965    0.015544    6.525064 ^ i_sram/CLKin (CF_SRAM_1024x32)
                                  0.100000    6.625064   clock uncertainty
                                  0.000000    6.625064   clock reconvergence pessimism
                                  0.507084    7.132148   library hold time
                                              7.132148   data required time
---------------------------------------------------------------------------------------------
                                              7.132148   data required time
                                             -9.522439   data arrival time
---------------------------------------------------------------------------------------------
                                              2.390291   slack (MET)


Startpoint: wbs_dat_i[22] (input port clocked by clk)
Endpoint: i_sram (rising edge-triggered flip-flop clocked by clk)
Path Group: clk
Path Type: min

Fanout         Cap        Slew       Delay        Time   Description
---------------------------------------------------------------------------------------------
                                  0.000000    0.000000   clock clk (rise edge)
                                  4.650000    4.650000   clock network delay (propagated)
                                  1.040000    5.690000 ^ input external delay
     1    0.003680    0.070000    0.000000    5.690000 ^ wbs_dat_i[22] (in)
                                                         wbs_dat_i[22] (net)
                      0.070109    0.000052    5.690052 ^ hold112/A (sky130_fd_sc_hd__dlygate4sd3_1)
     1    0.002725    0.090767    0.987723    6.677775 ^ hold112/X (sky130_fd_sc_hd__dlygate4sd3_1)
                                                         net210 (net)
                      0.090767    0.000059    6.677835 ^ hold57/A (sky130_fd_sc_hd__dlygate4sd3_1)
     1    0.003563    0.102614    1.008018    7.685852 ^ hold57/X (sky130_fd_sc_hd__dlygate4sd3_1)
                                                         net155 (net)
                      0.102614    0.000101    7.685954 ^ input27/A (sky130_fd_sc_hd__clkbuf_4)
     1    0.036561    0.189214    0.331160    8.017114 ^ input27/X (sky130_fd_sc_hd__clkbuf_4)
                                                         net27 (net)
                      0.189578    0.005411    8.022524 ^ hold58/A (sky130_fd_sc_hd__dlygate4sd3_1)
     1    0.047137    0.714941    1.491364    9.513887 ^ hold58/X (sky130_fd_sc_hd__dlygate4sd3_1)
                                                         net156 (net)
                      0.715004    0.006699    9.520586 ^ i_sram/DI[22] (CF_SRAM_1024x32)
                                              9.520586   data arrival time

                                  0.000000    0.000000   clock clk (rise edge)
                                  5.570000    5.570000   clock source latency
     1    0.053413    0.610000    0.000000    5.570000 ^ wb_clk_i (in)
                                                         wb_clk_i (net)
                      0.627638    0.009260    5.579260 ^ clkbuf_0_wb_clk_i/A (sky130_fd_sc_hd__clkbuf_16)
     2    0.064406    0.132392    0.536255    6.115515 ^ clkbuf_0_wb_clk_i/X (sky130_fd_sc_hd__clkbuf_16)
                                                         clknet_0_wb_clk_i (net)
                      0.132435    0.002008    6.117524 ^ clkbuf_1_1__f_wb_clk_i/A (sky130_fd_sc_hd__clkbuf_16)
     1    0.135215    0.227499    0.391997    6.509521 ^ clkbuf_1_1__f_wb_clk_i/X (sky130_fd_sc_hd__clkbuf_16)
                                                         clknet_1_1__leaf_wb_clk_i (net)
                      0.228965    0.015544    6.525064 ^ i_sram/CLKin (CF_SRAM_1024x32)
                                  0.100000    6.625064   clock uncertainty
                                  0.000000    6.625064   clock reconvergence pessimism
                                  0.500319    7.125383   library hold time
                                              7.125383   data required time
---------------------------------------------------------------------------------------------
                                              7.125383   data required time
                                             -9.520586   data arrival time
---------------------------------------------------------------------------------------------
                                              2.395203   slack (MET)


Startpoint: wbs_dat_i[21] (input port clocked by clk)
Endpoint: i_sram (rising edge-triggered flip-flop clocked by clk)
Path Group: clk
Path Type: min

Fanout         Cap        Slew       Delay        Time   Description
---------------------------------------------------------------------------------------------
                                  0.000000    0.000000   clock clk (rise edge)
                                  4.650000    4.650000   clock network delay (propagated)
                                  1.040000    5.690000 ^ input external delay
     1    0.002955    0.070000    0.000000    5.690000 ^ wbs_dat_i[21] (in)
                                                         wbs_dat_i[21] (net)
                      0.070079    0.000037    5.690038 ^ hold114/A (sky130_fd_sc_hd__dlygate4sd3_1)
     1    0.003370    0.099977    0.997096    6.687134 ^ hold114/X (sky130_fd_sc_hd__dlygate4sd3_1)
                                                         net212 (net)
                      0.099977    0.000106    6.687240 ^ hold55/A (sky130_fd_sc_hd__dlygate4sd3_1)
     1    0.004057    0.108027    1.018650    7.705890 ^ hold55/X (sky130_fd_sc_hd__dlygate4sd3_1)
                                                         net153 (net)
                      0.108027    0.000121    7.706010 ^ input26/A (sky130_fd_sc_hd__clkbuf_4)
     1    0.035378    0.184087    0.330350    8.036360 ^ input26/X (sky130_fd_sc_hd__clkbuf_4)
                                                         net26 (net)
                      0.184387    0.004688    8.041048 ^ hold56/A (sky130_fd_sc_hd__dlygate4sd3_1)
     1    0.045720    0.694302    1.475923    9.516972 ^ hold56/X (sky130_fd_sc_hd__dlygate4sd3_1)
                                                         net154 (net)
                      0.694358    0.006262    9.523233 ^ i_sram/DI[21] (CF_SRAM_1024x32)
                                              9.523233   data arrival time

                                  0.000000    0.000000   clock clk (rise edge)
                                  5.570000    5.570000   clock source latency
     1    0.053413    0.610000    0.000000    5.570000 ^ wb_clk_i (in)
                                                         wb_clk_i (net)
                      0.627638    0.009260    5.579260 ^ clkbuf_0_wb_clk_i/A (sky130_fd_sc_hd__clkbuf_16)
     2    0.064406    0.132392    0.536255    6.115515 ^ clkbuf_0_wb_clk_i/X (sky130_fd_sc_hd__clkbuf_16)
                                                         clknet_0_wb_clk_i (net)
                      0.132435    0.002008    6.117524 ^ clkbuf_1_1__f_wb_clk_i/A (sky130_fd_sc_hd__clkbuf_16)
     1    0.135215    0.227499    0.391997    6.509521 ^ clkbuf_1_1__f_wb_clk_i/X (sky130_fd_sc_hd__clkbuf_16)
                                                         clknet_1_1__leaf_wb_clk_i (net)
                      0.228965    0.015544    6.525064 ^ i_sram/CLKin (CF_SRAM_1024x32)
                                  0.100000    6.625064   clock uncertainty
                                  0.000000    6.625064   clock reconvergence pessimism
                                  0.502401    7.127465   library hold time
                                              7.127465   data required time
---------------------------------------------------------------------------------------------
                                              7.127465   data required time
                                             -9.523233   data arrival time
---------------------------------------------------------------------------------------------
                                              2.395768   slack (MET)


Startpoint: wbs_dat_i[4] (input port clocked by clk)
Endpoint: i_sram (rising edge-triggered flip-flop clocked by clk)
Path Group: clk
Path Type: min

Fanout         Cap        Slew       Delay        Time   Description
---------------------------------------------------------------------------------------------
                                  0.000000    0.000000   clock clk (rise edge)
                                  4.650000    4.650000   clock network delay (propagated)
                                  1.040000    5.690000 ^ input external delay
     1    0.003814    0.070000    0.000000    5.690000 ^ wbs_dat_i[4] (in)
                                                         wbs_dat_i[4] (net)
                      0.070118    0.000056    5.690056 ^ hold115/A (sky130_fd_sc_hd__dlygate4sd3_1)
     1    0.001766    0.079828    0.973752    6.663808 ^ hold115/X (sky130_fd_sc_hd__dlygate4sd3_1)
                                                         net213 (net)
                      0.079828    0.000032    6.663840 ^ hold47/A (sky130_fd_sc_hd__dlygate4sd3_1)
     1    0.003416    0.100621    1.001768    7.665609 ^ hold47/X (sky130_fd_sc_hd__dlygate4sd3_1)
                                                         net145 (net)
                      0.100621    0.000099    7.665708 ^ input39/A (sky130_fd_sc_hd__clkbuf_4)
     2    0.017678    0.110883    0.270282    7.935990 ^ input39/X (sky130_fd_sc_hd__clkbuf_4)
                                                         net39 (net)
                      0.110905    0.001486    7.937476 ^ hold48/A (sky130_fd_sc_hd__dlygate4sd3_1)
     1    0.057436    0.864780    1.561046    9.498522 ^ hold48/X (sky130_fd_sc_hd__dlygate4sd3_1)
                                                         net146 (net)
                      0.864904    0.009864    9.508387 ^ i_sram/DI[4] (CF_SRAM_1024x32)
                                              9.508387   data arrival time

                                  0.000000    0.000000   clock clk (rise edge)
                                  5.570000    5.570000   clock source latency
     1    0.053413    0.610000    0.000000    5.570000 ^ wb_clk_i (in)
                                                         wb_clk_i (net)
                      0.627638    0.009260    5.579260 ^ clkbuf_0_wb_clk_i/A (sky130_fd_sc_hd__clkbuf_16)
     2    0.064406    0.132392    0.536255    6.115515 ^ clkbuf_0_wb_clk_i/X (sky130_fd_sc_hd__clkbuf_16)
                                                         clknet_0_wb_clk_i (net)
                      0.132435    0.002008    6.117524 ^ clkbuf_1_1__f_wb_clk_i/A (sky130_fd_sc_hd__clkbuf_16)
     1    0.135215    0.227499    0.391997    6.509521 ^ clkbuf_1_1__f_wb_clk_i/X (sky130_fd_sc_hd__clkbuf_16)
                                                         clknet_1_1__leaf_wb_clk_i (net)
                      0.228965    0.015544    6.525064 ^ i_sram/CLKin (CF_SRAM_1024x32)
                                  0.100000    6.625064   clock uncertainty
                                  0.000000    6.625064   clock reconvergence pessimism
                                  0.485202    7.110266   library hold time
                                              7.110266   data required time
---------------------------------------------------------------------------------------------
                                              7.110266   data required time
                                             -9.508387   data arrival time
---------------------------------------------------------------------------------------------
                                              2.398120   slack (MET)


Startpoint: wbs_dat_i[7] (input port clocked by clk)
Endpoint: i_sram (rising edge-triggered flip-flop clocked by clk)
Path Group: clk
Path Type: min

Fanout         Cap        Slew       Delay        Time   Description
---------------------------------------------------------------------------------------------
                                  0.000000    0.000000   clock clk (rise edge)
                                  4.650000    4.650000   clock network delay (propagated)
                                  1.040000    5.690000 ^ input external delay
     1    0.003126    0.070000    0.000000    5.690000 ^ wbs_dat_i[7] (in)
                                                         wbs_dat_i[7] (net)
                      0.070086    0.000041    5.690041 ^ hold105/A (sky130_fd_sc_hd__dlygate4sd3_1)
     1    0.001854    0.080927    0.975027    6.665068 ^ hold105/X (sky130_fd_sc_hd__dlygate4sd3_1)
                                                         net203 (net)
                      0.080927    0.000049    6.665118 ^ hold31/A (sky130_fd_sc_hd__dlygate4sd3_1)
     1    0.002844    0.092178    0.993858    7.658976 ^ hold31/X (sky130_fd_sc_hd__dlygate4sd3_1)
                                                         net129 (net)
                      0.092178    0.000080    7.659056 ^ input42/A (sky130_fd_sc_hd__clkbuf_4)
     1    0.017238    0.108870    0.265206    7.924262 ^ input42/X (sky130_fd_sc_hd__clkbuf_4)
                                                         net42 (net)
                      0.108879    0.001031    7.925292 ^ hold32/A (sky130_fd_sc_hd__dlygate4sd3_1)
     1    0.060281    0.906076    1.588214    9.513507 ^ hold32/X (sky130_fd_sc_hd__dlygate4sd3_1)
                                                         net130 (net)
                      0.906192    0.009850    9.523356 ^ i_sram/DI[7] (CF_SRAM_1024x32)
                                              9.523356   data arrival time

                                  0.000000    0.000000   clock clk (rise edge)
                                  5.570000    5.570000   clock source latency
     1    0.053413    0.610000    0.000000    5.570000 ^ wb_clk_i (in)
                                                         wb_clk_i (net)
                      0.627638    0.009260    5.579260 ^ clkbuf_0_wb_clk_i/A (sky130_fd_sc_hd__clkbuf_16)
     2    0.064406    0.132392    0.536255    6.115515 ^ clkbuf_0_wb_clk_i/X (sky130_fd_sc_hd__clkbuf_16)
                                                         clknet_0_wb_clk_i (net)
                      0.132435    0.002008    6.117524 ^ clkbuf_1_1__f_wb_clk_i/A (sky130_fd_sc_hd__clkbuf_16)
     1    0.135215    0.227499    0.391997    6.509521 ^ clkbuf_1_1__f_wb_clk_i/X (sky130_fd_sc_hd__clkbuf_16)
                                                         clknet_1_1__leaf_wb_clk_i (net)
                      0.228965    0.015544    6.525064 ^ i_sram/CLKin (CF_SRAM_1024x32)
                                  0.100000    6.625064   clock uncertainty
                                  0.000000    6.625064   clock reconvergence pessimism
                                  0.481038    7.106102   library hold time
                                              7.106102   data required time
---------------------------------------------------------------------------------------------
                                              7.106102   data required time
                                             -9.523356   data arrival time
---------------------------------------------------------------------------------------------
                                              2.417254   slack (MET)


Startpoint: wbs_dat_i[25] (input port clocked by clk)
Endpoint: i_sram (rising edge-triggered flip-flop clocked by clk)
Path Group: clk
Path Type: min

Fanout         Cap        Slew       Delay        Time   Description
---------------------------------------------------------------------------------------------
                                  0.000000    0.000000   clock clk (rise edge)
                                  4.650000    4.650000   clock network delay (propagated)
                                  1.040000    5.690000 ^ input external delay
     1    0.005512    0.070000    0.000000    5.690000 ^ wbs_dat_i[25] (in)
                                                         wbs_dat_i[25] (net)
                      0.070188    0.000089    5.690089 ^ hold120/A (sky130_fd_sc_hd__dlygate4sd3_1)
     1    0.004172    0.109625    1.008821    6.698911 ^ hold120/X (sky130_fd_sc_hd__dlygate4sd3_1)
                                                         net218 (net)
                      0.109625    0.000144    6.699055 ^ hold73/A (sky130_fd_sc_hd__dlygate4sd3_1)
     1    0.006146    0.136659    1.047146    7.746201 ^ hold73/X (sky130_fd_sc_hd__dlygate4sd3_1)
                                                         net171 (net)
                      0.136659    0.000220    7.746421 ^ input30/A (sky130_fd_sc_hd__clkbuf_4)
     1    0.033531    0.176767    0.336721    8.083142 ^ input30/X (sky130_fd_sc_hd__clkbuf_4)
                                                         net30 (net)
                      0.177090    0.004881    8.088023 ^ hold74/A (sky130_fd_sc_hd__dlygate4sd3_1)
     1    0.048947    0.741312    1.503938    9.591961 ^ hold74/X (sky130_fd_sc_hd__dlygate4sd3_1)
                                                         net172 (net)
                      0.741389    0.007438    9.599400 ^ i_sram/DI[25] (CF_SRAM_1024x32)
                                              9.599400   data arrival time

                                  0.000000    0.000000   clock clk (rise edge)
                                  5.570000    5.570000   clock source latency
     1    0.053413    0.610000    0.000000    5.570000 ^ wb_clk_i (in)
                                                         wb_clk_i (net)
                      0.627638    0.009260    5.579260 ^ clkbuf_0_wb_clk_i/A (sky130_fd_sc_hd__clkbuf_16)
     2    0.064406    0.132392    0.536255    6.115515 ^ clkbuf_0_wb_clk_i/X (sky130_fd_sc_hd__clkbuf_16)
                                                         clknet_0_wb_clk_i (net)
                      0.132435    0.002008    6.117524 ^ clkbuf_1_1__f_wb_clk_i/A (sky130_fd_sc_hd__clkbuf_16)
     1    0.135215    0.227499    0.391997    6.509521 ^ clkbuf_1_1__f_wb_clk_i/X (sky130_fd_sc_hd__clkbuf_16)
                                                         clknet_1_1__leaf_wb_clk_i (net)
                      0.228965    0.015544    6.525064 ^ i_sram/CLKin (CF_SRAM_1024x32)
                                  0.100000    6.625064   clock uncertainty
                                  0.000000    6.625064   clock reconvergence pessimism
                                  0.497658    7.122722   library hold time
                                              7.122722   data required time
---------------------------------------------------------------------------------------------
                                              7.122722   data required time
                                             -9.599400   data arrival time
---------------------------------------------------------------------------------------------
                                              2.476678   slack (MET)


Startpoint: wbs_dat_i[1] (input port clocked by clk)
Endpoint: i_sram (rising edge-triggered flip-flop clocked by clk)
Path Group: clk
Path Type: min

Fanout         Cap        Slew       Delay        Time   Description
---------------------------------------------------------------------------------------------
                                  0.000000    0.000000   clock clk (rise edge)
                                  4.650000    4.650000   clock network delay (propagated)
                                  1.040000    5.690000 ^ input external delay
     1    0.003929    0.070000    0.000000    5.690000 ^ wbs_dat_i[1] (in)
                                                         wbs_dat_i[1] (net)
                      0.070123    0.000059    5.690059 ^ hold122/A (sky130_fd_sc_hd__dlygate4sd3_1)
     1    0.002058    0.083444    0.978015    6.668073 ^ hold122/X (sky130_fd_sc_hd__dlygate4sd3_1)
                                                         net220 (net)
                      0.083444    0.000040    6.668113 ^ hold9/A (sky130_fd_sc_hd__dlygate4sd3_1)
     1    0.003384    0.098812    1.002658    7.670771 ^ hold9/X (sky130_fd_sc_hd__dlygate4sd3_1)
                                                         net107 (net)
                      0.100187    0.000096    7.670867 ^ input24/A (sky130_fd_sc_hd__buf_4)
     1    0.015005    0.088496    0.220458    7.891325 ^ input24/X (sky130_fd_sc_hd__buf_4)
                                                         net24 (net)
                      0.088515    0.001221    7.892546 ^ hold10/A (sky130_fd_sc_hd__dlygate4sd3_1)
     1    0.070875    1.060634    1.681007    9.573554 ^ hold10/X (sky130_fd_sc_hd__dlygate4sd3_1)
                                                         net108 (net)
                      1.060868    0.014505    9.588058 ^ i_sram/DI[1] (CF_SRAM_1024x32)
                                              9.588058   data arrival time

                                  0.000000    0.000000   clock clk (rise edge)
                                  5.570000    5.570000   clock source latency
     1    0.053413    0.610000    0.000000    5.570000 ^ wb_clk_i (in)
                                                         wb_clk_i (net)
                      0.627638    0.009260    5.579260 ^ clkbuf_0_wb_clk_i/A (sky130_fd_sc_hd__clkbuf_16)
     2    0.064406    0.132392    0.536255    6.115515 ^ clkbuf_0_wb_clk_i/X (sky130_fd_sc_hd__clkbuf_16)
                                                         clknet_0_wb_clk_i (net)
                      0.132435    0.002008    6.117524 ^ clkbuf_1_1__f_wb_clk_i/A (sky130_fd_sc_hd__clkbuf_16)
     1    0.135215    0.227499    0.391997    6.509521 ^ clkbuf_1_1__f_wb_clk_i/X (sky130_fd_sc_hd__clkbuf_16)
                                                         clknet_1_1__leaf_wb_clk_i (net)
                      0.228965    0.015544    6.525064 ^ i_sram/CLKin (CF_SRAM_1024x32)
                                  0.100000    6.625064   clock uncertainty
                                  0.000000    6.625064   clock reconvergence pessimism
                                  0.469763    7.094828   library hold time
                                              7.094828   data required time
---------------------------------------------------------------------------------------------
                                              7.094828   data required time
                                             -9.588058   data arrival time
---------------------------------------------------------------------------------------------
                                              2.493231   slack (MET)


Startpoint: wbs_dat_i[2] (input port clocked by clk)
Endpoint: i_sram (rising edge-triggered flip-flop clocked by clk)
Path Group: clk
Path Type: min

Fanout         Cap        Slew       Delay        Time   Description
---------------------------------------------------------------------------------------------
                                  0.000000    0.000000   clock clk (rise edge)
                                  4.650000    4.650000   clock network delay (propagated)
                                  1.040000    5.690000 ^ input external delay
     1    0.004140    0.070000    0.000000    5.690000 ^ wbs_dat_i[2] (in)
                                                         wbs_dat_i[2] (net)
                      0.070140    0.000067    5.690067 ^ hold118/A (sky130_fd_sc_hd__dlygate4sd3_1)
     1    0.004458    0.113660    1.012796    6.702863 ^ hold118/X (sky130_fd_sc_hd__dlygate4sd3_1)
                                                         net216 (net)
                      0.113660    0.000153    6.703016 ^ hold3/A (sky130_fd_sc_hd__dlygate4sd3_1)
     1    0.005134    0.123474    1.037132    7.740148 ^ hold3/X (sky130_fd_sc_hd__dlygate4sd3_1)
                                                         net101 (net)
                      0.123474    0.000179    7.740328 ^ input35/A (sky130_fd_sc_hd__buf_4)
     2    0.023364    0.122697    0.257445    7.997772 ^ input35/X (sky130_fd_sc_hd__buf_4)
                                                         net35 (net)
                      0.122741    0.002096    7.999868 ^ hold4/A (sky130_fd_sc_hd__dlygate4sd3_1)
     1    0.069830    1.045202    1.684609    9.684478 ^ hold4/X (sky130_fd_sc_hd__dlygate4sd3_1)
                                                         net102 (net)
                      1.045411    0.013748    9.698226 ^ i_sram/DI[2] (CF_SRAM_1024x32)
                                              9.698226   data arrival time

                                  0.000000    0.000000   clock clk (rise edge)
                                  5.570000    5.570000   clock source latency
     1    0.053413    0.610000    0.000000    5.570000 ^ wb_clk_i (in)
                                                         wb_clk_i (net)
                      0.627638    0.009260    5.579260 ^ clkbuf_0_wb_clk_i/A (sky130_fd_sc_hd__clkbuf_16)
     2    0.064406    0.132392    0.536255    6.115515 ^ clkbuf_0_wb_clk_i/X (sky130_fd_sc_hd__clkbuf_16)
                                                         clknet_0_wb_clk_i (net)
                      0.132435    0.002008    6.117524 ^ clkbuf_1_1__f_wb_clk_i/A (sky130_fd_sc_hd__clkbuf_16)
     1    0.135215    0.227499    0.391997    6.509521 ^ clkbuf_1_1__f_wb_clk_i/X (sky130_fd_sc_hd__clkbuf_16)
                                                         clknet_1_1__leaf_wb_clk_i (net)
                      0.228965    0.015544    6.525064 ^ i_sram/CLKin (CF_SRAM_1024x32)
                                  0.100000    6.625064   clock uncertainty
                                  0.000000    6.625064   clock reconvergence pessimism
                                  0.470224    7.095288   library hold time
                                              7.095288   data required time
---------------------------------------------------------------------------------------------
                                              7.095288   data required time
                                             -9.698226   data arrival time
---------------------------------------------------------------------------------------------
                                              2.602937   slack (MET)


Startpoint: wbs_dat_i[0] (input port clocked by clk)
Endpoint: i_sram (rising edge-triggered flip-flop clocked by clk)
Path Group: clk
Path Type: min

Fanout         Cap        Slew       Delay        Time   Description
---------------------------------------------------------------------------------------------
                                  0.000000    0.000000   clock clk (rise edge)
                                  4.650000    4.650000   clock network delay (propagated)
                                  1.040000    5.690000 ^ input external delay
     1    0.002698    0.070000    0.000000    5.690000 ^ wbs_dat_i[0] (in)
                                                         wbs_dat_i[0] (net)
                      0.070067    0.000032    5.690032 ^ hold125/A (sky130_fd_sc_hd__dlygate4sd3_1)
     1    0.002785    0.091452    0.988579    6.678612 ^ hold125/X (sky130_fd_sc_hd__dlygate4sd3_1)
                                                         net223 (net)
                      0.091452    0.000081    6.678692 ^ hold15/A (sky130_fd_sc_hd__dlygate4sd3_1)
     1    0.004357    0.112377    1.019814    7.698506 ^ hold15/X (sky130_fd_sc_hd__dlygate4sd3_1)
                                                         net113 (net)
                      0.112377    0.000131    7.698637 ^ input13/A (sky130_fd_sc_hd__buf_4)
     1    0.021495    0.114878    0.246821    7.945459 ^ input13/X (sky130_fd_sc_hd__buf_4)
                                                         net13 (net)
                      0.114900    0.001512    7.946970 ^ hold16/A (sky130_fd_sc_hd__dlygate4sd3_1)
     1    0.075711    1.130947    1.737671    9.684642 ^ hold16/X (sky130_fd_sc_hd__dlygate4sd3_1)
                                                         net114 (net)
                      1.131243    0.016714    9.701356 ^ i_sram/DI[0] (CF_SRAM_1024x32)
                                              9.701356   data arrival time

                                  0.000000    0.000000   clock clk (rise edge)
                                  5.570000    5.570000   clock source latency
     1    0.053413    0.610000    0.000000    5.570000 ^ wb_clk_i (in)
                                                         wb_clk_i (net)
                      0.627638    0.009260    5.579260 ^ clkbuf_0_wb_clk_i/A (sky130_fd_sc_hd__clkbuf_16)
     2    0.064406    0.132392    0.536255    6.115515 ^ clkbuf_0_wb_clk_i/X (sky130_fd_sc_hd__clkbuf_16)
                                                         clknet_0_wb_clk_i (net)
                      0.132435    0.002008    6.117524 ^ clkbuf_1_1__f_wb_clk_i/A (sky130_fd_sc_hd__clkbuf_16)
     1    0.135215    0.227499    0.391997    6.509521 ^ clkbuf_1_1__f_wb_clk_i/X (sky130_fd_sc_hd__clkbuf_16)
                                                         clknet_1_1__leaf_wb_clk_i (net)
                      0.228965    0.015544    6.525064 ^ i_sram/CLKin (CF_SRAM_1024x32)
                                  0.100000    6.625064   clock uncertainty
                                  0.000000    6.625064   clock reconvergence pessimism
                                  0.467666    7.092731   library hold time
                                              7.092731   data required time
---------------------------------------------------------------------------------------------
                                              7.092731   data required time
                                             -9.701356   data arrival time
---------------------------------------------------------------------------------------------
                                              2.608625   slack (MET)


Startpoint: wbs_dat_i[3] (input port clocked by clk)
Endpoint: i_sram (rising edge-triggered flip-flop clocked by clk)
Path Group: clk
Path Type: min

Fanout         Cap        Slew       Delay        Time   Description
---------------------------------------------------------------------------------------------
                                  0.000000    0.000000   clock clk (rise edge)
                                  4.650000    4.650000   clock network delay (propagated)
                                  1.040000    5.690000 ^ input external delay
     1    0.005589    0.070000    0.000000    5.690000 ^ wbs_dat_i[3] (in)
                                                         wbs_dat_i[3] (net)
                      0.070271    0.000128    5.690128 ^ hold119/A (sky130_fd_sc_hd__dlygate4sd3_1)
     1    0.004913    0.120621    1.018028    6.708157 ^ hold119/X (sky130_fd_sc_hd__dlygate4sd3_1)
                                                         net217 (net)
                      0.120621    0.000178    6.708335 ^ hold65/A (sky130_fd_sc_hd__dlygate4sd3_1)
     1    0.003240    0.097004    1.014510    7.722845 ^ hold65/X (sky130_fd_sc_hd__dlygate4sd3_1)
                                                         net163 (net)
                      0.097004    0.000069    7.722914 ^ input38/A (sky130_fd_sc_hd__clkbuf_4)
     2    0.022680    0.132561    0.287161    8.010076 ^ input38/X (sky130_fd_sc_hd__clkbuf_4)
                                                         net38 (net)
                      0.132579    0.001500    8.011576 ^ hold66/A (sky130_fd_sc_hd__dlygate4sd3_1)
     1    0.068941    1.032222    1.679933    9.691508 ^ hold66/X (sky130_fd_sc_hd__dlygate4sd3_1)
                                                         net164 (net)
                      1.032415    0.013182    9.704691 ^ i_sram/DI[3] (CF_SRAM_1024x32)
                                              9.704691   data arrival time

                                  0.000000    0.000000   clock clk (rise edge)
                                  5.570000    5.570000   clock source latency
     1    0.053413    0.610000    0.000000    5.570000 ^ wb_clk_i (in)
                                                         wb_clk_i (net)
                      0.627638    0.009260    5.579260 ^ clkbuf_0_wb_clk_i/A (sky130_fd_sc_hd__clkbuf_16)
     2    0.064406    0.132392    0.536255    6.115515 ^ clkbuf_0_wb_clk_i/X (sky130_fd_sc_hd__clkbuf_16)
                                                         clknet_0_wb_clk_i (net)
                      0.132435    0.002008    6.117524 ^ clkbuf_1_1__f_wb_clk_i/A (sky130_fd_sc_hd__clkbuf_16)
     1    0.135215    0.227499    0.391997    6.509521 ^ clkbuf_1_1__f_wb_clk_i/X (sky130_fd_sc_hd__clkbuf_16)
                                                         clknet_1_1__leaf_wb_clk_i (net)
                      0.228965    0.015544    6.525064 ^ i_sram/CLKin (CF_SRAM_1024x32)
                                  0.100000    6.625064   clock uncertainty
                                  0.000000    6.625064   clock reconvergence pessimism
                                  0.470611    7.095676   library hold time
                                              7.095676   data required time
---------------------------------------------------------------------------------------------
                                              7.095676   data required time
                                             -9.704691   data arrival time
---------------------------------------------------------------------------------------------
                                              2.609015   slack (MET)


Startpoint: wbs_dat_i[5] (input port clocked by clk)
Endpoint: i_sram (rising edge-triggered flip-flop clocked by clk)
Path Group: clk
Path Type: min

Fanout         Cap        Slew       Delay        Time   Description
---------------------------------------------------------------------------------------------
                                  0.000000    0.000000   clock clk (rise edge)
                                  4.650000    4.650000   clock network delay (propagated)
                                  1.040000    5.690000 ^ input external delay
     1    0.003564    0.070000    0.000000    5.690000 ^ wbs_dat_i[5] (in)
                                                         wbs_dat_i[5] (net)
                      0.070105    0.000050    5.690051 ^ hold108/A (sky130_fd_sc_hd__dlygate4sd3_1)
     1    0.004721    0.118190    1.015790    6.705840 ^ hold108/X (sky130_fd_sc_hd__dlygate4sd3_1)
                                                         net206 (net)
                      0.118190    0.000115    6.705955 ^ hold37/A (sky130_fd_sc_hd__dlygate4sd3_1)
     1    0.006693    0.143934    1.056583    7.762538 ^ hold37/X (sky130_fd_sc_hd__dlygate4sd3_1)
                                                         net135 (net)
                      0.143934    0.000250    7.762788 ^ input40/A (sky130_fd_sc_hd__clkbuf_4)
     1    0.017000    0.107767    0.287219    8.050007 ^ input40/X (sky130_fd_sc_hd__clkbuf_4)
                                                         net40 (net)
                      0.107775    0.000974    8.050982 ^ hold38/A (sky130_fd_sc_hd__dlygate4sd3_1)
     1    0.066846    1.001742    1.650513    9.701494 ^ hold38/X (sky130_fd_sc_hd__dlygate4sd3_1)
                                                         net136 (net)
                      1.001908    0.012123    9.713617 ^ i_sram/DI[5] (CF_SRAM_1024x32)
                                              9.713617   data arrival time

                                  0.000000    0.000000   clock clk (rise edge)
                                  5.570000    5.570000   clock source latency
     1    0.053413    0.610000    0.000000    5.570000 ^ wb_clk_i (in)
                                                         wb_clk_i (net)
                      0.627638    0.009260    5.579260 ^ clkbuf_0_wb_clk_i/A (sky130_fd_sc_hd__clkbuf_16)
     2    0.064406    0.132392    0.536255    6.115515 ^ clkbuf_0_wb_clk_i/X (sky130_fd_sc_hd__clkbuf_16)
                                                         clknet_0_wb_clk_i (net)
                      0.132435    0.002008    6.117524 ^ clkbuf_1_1__f_wb_clk_i/A (sky130_fd_sc_hd__clkbuf_16)
     1    0.135215    0.227499    0.391997    6.509521 ^ clkbuf_1_1__f_wb_clk_i/X (sky130_fd_sc_hd__clkbuf_16)
                                                         clknet_1_1__leaf_wb_clk_i (net)
                      0.228965    0.015544    6.525064 ^ i_sram/CLKin (CF_SRAM_1024x32)
                                  0.100000    6.625064   clock uncertainty
                                  0.000000    6.625064   clock reconvergence pessimism
                                  0.471521    7.096585   library hold time
                                              7.096585   data required time
---------------------------------------------------------------------------------------------
                                              7.096585   data required time
                                             -9.713617   data arrival time
---------------------------------------------------------------------------------------------
                                              2.617032   slack (MET)


Startpoint: wbs_cyc_i (input port clocked by clk)
Endpoint: wbs_dat_o[31] (output port clocked by clk)
Path Group: clk
Path Type: min

Fanout         Cap        Slew       Delay        Time   Description
---------------------------------------------------------------------------------------------
                                  0.000000    0.000000   clock clk (rise edge)
                                  4.650000    4.650000   clock network delay (propagated)
                                  1.690000    6.340000 v input external delay
     1    0.002863    0.090000    0.000000    6.340000 v wbs_cyc_i (in)
                                                         wbs_cyc_i (net)
                      0.090072    0.000034    6.340034 v input12/A (sky130_fd_sc_hd__buf_2)
     5    0.056503    0.254836    0.399452    6.739487 v input12/X (sky130_fd_sc_hd__buf_2)
                                                         net12 (net)
                      0.255430    0.009009    6.748495 v _38_/B (sky130_fd_sc_hd__and4b_1)
     1    0.011268    0.141039    0.497517    7.246012 v _38_/X (sky130_fd_sc_hd__and4b_1)
                                                         net76 (net)
                      0.141039    0.000436    7.246448 v output76/A (sky130_fd_sc_hd__buf_12)
     1    0.190928    0.173371    0.356464    7.602912 v output76/X (sky130_fd_sc_hd__buf_12)
                                                         wbs_dat_o[31] (net)
                      0.173487    0.003872    7.606784 v wbs_dat_o[31] (out)
                                              7.606784   data arrival time

                                  0.000000    0.000000   clock clk (rise edge)
                                  5.570000    5.570000   clock network delay (propagated)
                                  0.100000    5.670000   clock uncertainty
                                  0.000000    5.670000   clock reconvergence pessimism
                                 -1.130000    4.540000   output external delay
                                              4.540000   data required time
---------------------------------------------------------------------------------------------
                                              4.540000   data required time
                                             -7.606784   data arrival time
---------------------------------------------------------------------------------------------
                                              3.066784   slack (MET)


Startpoint: wbs_cyc_i (input port clocked by clk)
Endpoint: wbs_dat_o[29] (output port clocked by clk)
Path Group: clk
Path Type: min

Fanout         Cap        Slew       Delay        Time   Description
---------------------------------------------------------------------------------------------
                                  0.000000    0.000000   clock clk (rise edge)
                                  4.650000    4.650000   clock network delay (propagated)
                                  1.690000    6.340000 v input external delay
     1    0.002863    0.090000    0.000000    6.340000 v wbs_cyc_i (in)
                                                         wbs_cyc_i (net)
                      0.090072    0.000034    6.340034 v input12/A (sky130_fd_sc_hd__buf_2)
     5    0.056503    0.254836    0.399452    6.739487 v input12/X (sky130_fd_sc_hd__buf_2)
                                                         net12 (net)
                      0.255414    0.008875    6.748362 v _36_/B (sky130_fd_sc_hd__and4b_1)
     1    0.012018    0.147739    0.503630    7.251991 v _36_/X (sky130_fd_sc_hd__and4b_1)
                                                         net73 (net)
                      0.147740    0.000480    7.252471 v output73/A (sky130_fd_sc_hd__buf_12)
     1    0.192591    0.175994    0.359242    7.611712 v output73/X (sky130_fd_sc_hd__buf_12)
                                                         wbs_dat_o[29] (net)
                      0.176225    0.005374    7.617087 v wbs_dat_o[29] (out)
                                              7.617087   data arrival time

                                  0.000000    0.000000   clock clk (rise edge)
                                  5.570000    5.570000   clock network delay (propagated)
                                  0.100000    5.670000   clock uncertainty
                                  0.000000    5.670000   clock reconvergence pessimism
                                 -1.130000    4.540000   output external delay
                                              4.540000   data required time
---------------------------------------------------------------------------------------------
                                              4.540000   data required time
                                             -7.617087   data arrival time
---------------------------------------------------------------------------------------------
                                              3.077087   slack (MET)


Startpoint: wbs_cyc_i (input port clocked by clk)
Endpoint: wbs_dat_o[30] (output port clocked by clk)
Path Group: clk
Path Type: min

Fanout         Cap        Slew       Delay        Time   Description
---------------------------------------------------------------------------------------------
                                  0.000000    0.000000   clock clk (rise edge)
                                  4.650000    4.650000   clock network delay (propagated)
                                  1.690000    6.340000 v input external delay
     1    0.002863    0.090000    0.000000    6.340000 v wbs_cyc_i (in)
                                                         wbs_cyc_i (net)
                      0.090072    0.000034    6.340034 v input12/A (sky130_fd_sc_hd__buf_2)
     5    0.056503    0.254836    0.399452    6.739487 v input12/X (sky130_fd_sc_hd__buf_2)
                                                         net12 (net)
                      0.255419    0.008916    6.748403 v _37_/B (sky130_fd_sc_hd__and4b_1)
     1    0.012376    0.148644    0.506596    7.254998 v _37_/X (sky130_fd_sc_hd__and4b_1)
                                                         net75 (net)
                      0.148644    0.000532    7.255530 v output75/A (sky130_fd_sc_hd__buf_12)
     1    0.191187    0.173606    0.360032    7.615562 v output75/X (sky130_fd_sc_hd__buf_12)
                                                         wbs_dat_o[30] (net)
                      0.173732    0.004013    7.619575 v wbs_dat_o[30] (out)
                                              7.619575   data arrival time

                                  0.000000    0.000000   clock clk (rise edge)
                                  5.570000    5.570000   clock network delay (propagated)
                                  0.100000    5.670000   clock uncertainty
                                  0.000000    5.670000   clock reconvergence pessimism
                                 -1.130000    4.540000   output external delay
                                              4.540000   data required time
---------------------------------------------------------------------------------------------
                                              4.540000   data required time
                                             -7.619575   data arrival time
---------------------------------------------------------------------------------------------
                                              3.079574   slack (MET)


Startpoint: wbs_cyc_i (input port clocked by clk)
Endpoint: wbs_dat_o[28] (output port clocked by clk)
Path Group: clk
Path Type: min

Fanout         Cap        Slew       Delay        Time   Description
---------------------------------------------------------------------------------------------
                                  0.000000    0.000000   clock clk (rise edge)
                                  4.650000    4.650000   clock network delay (propagated)
                                  1.690000    6.340000 v input external delay
     1    0.002863    0.090000    0.000000    6.340000 v wbs_cyc_i (in)
                                                         wbs_cyc_i (net)
                      0.090072    0.000034    6.340034 v input12/A (sky130_fd_sc_hd__buf_2)
     5    0.056503    0.254836    0.399452    6.739487 v input12/X (sky130_fd_sc_hd__buf_2)
                                                         net12 (net)
                      0.255410    0.008840    6.748326 v _35_/B (sky130_fd_sc_hd__and4b_1)
     1    0.013695    0.156055    0.516336    7.264662 v _35_/X (sky130_fd_sc_hd__and4b_1)
                                                         net72 (net)
                      0.156055    0.000612    7.265275 v output72/A (sky130_fd_sc_hd__buf_12)
     1    0.193085    0.176471    0.363202    7.628477 v output72/X (sky130_fd_sc_hd__buf_12)
                                                         wbs_dat_o[28] (net)
                      0.176726    0.005633    7.634109 v wbs_dat_o[28] (out)
                                              7.634109   data arrival time

                                  0.000000    0.000000   clock clk (rise edge)
                                  5.570000    5.570000   clock network delay (propagated)
                                  0.100000    5.670000   clock uncertainty
                                  0.000000    5.670000   clock reconvergence pessimism
                                 -1.130000    4.540000   output external delay
                                              4.540000   data required time
---------------------------------------------------------------------------------------------
                                              4.540000   data required time
                                             -7.634109   data arrival time
---------------------------------------------------------------------------------------------
                                              3.094110   slack (MET)


Startpoint: wbs_cyc_i (input port clocked by clk)
Endpoint: wbs_dat_o[22] (output port clocked by clk)
Path Group: clk
Path Type: min

Fanout         Cap        Slew       Delay        Time   Description
---------------------------------------------------------------------------------------------
                                  0.000000    0.000000   clock clk (rise edge)
                                  4.650000    4.650000   clock network delay (propagated)
                                  1.690000    6.340000 v input external delay
     1    0.002863    0.090000    0.000000    6.340000 v wbs_cyc_i (in)
                                                         wbs_cyc_i (net)
                      0.090072    0.000034    6.340034 v input12/A (sky130_fd_sc_hd__buf_2)
     5    0.056503    0.254836    0.399452    6.739487 v input12/X (sky130_fd_sc_hd__buf_2)
                                                         net12 (net)
                      0.254889    0.003469    6.742955 v fanout89/A (sky130_fd_sc_hd__clkbuf_4)
    15    0.062177    0.227928    0.454903    7.197858 v fanout89/X (sky130_fd_sc_hd__clkbuf_4)
                                                         net89 (net)
                      0.228269    0.007448    7.205307 v _29_/B (sky130_fd_sc_hd__and4b_1)
     1    0.011832    0.146125    0.488861    7.694167 v _29_/X (sky130_fd_sc_hd__and4b_1)
                                                         net66 (net)
                      0.146125    0.000470    7.694637 v output66/A (sky130_fd_sc_hd__buf_12)
     1    0.192573    0.175954    0.358529    8.053166 v output66/X (sky130_fd_sc_hd__buf_12)
                                                         wbs_dat_o[22] (net)
                      0.176180    0.005314    8.058480 v wbs_dat_o[22] (out)
                                              8.058480   data arrival time

                                  0.000000    0.000000   clock clk (rise edge)
                                  5.570000    5.570000   clock network delay (propagated)
                                  0.100000    5.670000   clock uncertainty
                                  0.000000    5.670000   clock reconvergence pessimism
                                 -1.130000    4.540000   output external delay
                                              4.540000   data required time
---------------------------------------------------------------------------------------------
                                              4.540000   data required time
                                             -8.058480   data arrival time
---------------------------------------------------------------------------------------------
                                              3.518480   slack (MET)


Startpoint: wbs_cyc_i (input port clocked by clk)
Endpoint: wbs_dat_o[20] (output port clocked by clk)
Path Group: clk
Path Type: min

Fanout         Cap        Slew       Delay        Time   Description
---------------------------------------------------------------------------------------------
                                  0.000000    0.000000   clock clk (rise edge)
                                  4.650000    4.650000   clock network delay (propagated)
                                  1.690000    6.340000 v input external delay
     1    0.002863    0.090000    0.000000    6.340000 v wbs_cyc_i (in)
                                                         wbs_cyc_i (net)
                      0.090072    0.000034    6.340034 v input12/A (sky130_fd_sc_hd__buf_2)
     5    0.056503    0.254836    0.399452    6.739487 v input12/X (sky130_fd_sc_hd__buf_2)
                                                         net12 (net)
                      0.254889    0.003469    6.742955 v fanout89/A (sky130_fd_sc_hd__clkbuf_4)
    15    0.062177    0.227928    0.454903    7.197858 v fanout89/X (sky130_fd_sc_hd__clkbuf_4)
                                                         net89 (net)
                      0.228223    0.006982    7.204840 v _27_/B (sky130_fd_sc_hd__and4b_1)
     1    0.012385    0.148646    0.493406    7.698246 v _27_/X (sky130_fd_sc_hd__and4b_1)
                                                         net64 (net)
                      0.148646    0.000511    7.698757 v output64/A (sky130_fd_sc_hd__buf_12)
     1    0.191204    0.173591    0.360150    8.058907 v output64/X (sky130_fd_sc_hd__buf_12)
                                                         wbs_dat_o[20] (net)
                      0.173708    0.003880    8.062786 v wbs_dat_o[20] (out)
                                              8.062786   data arrival time

                                  0.000000    0.000000   clock clk (rise edge)
                                  5.570000    5.570000   clock network delay (propagated)
                                  0.100000    5.670000   clock uncertainty
                                  0.000000    5.670000   clock reconvergence pessimism
                                 -1.130000    4.540000   output external delay
                                              4.540000   data required time
---------------------------------------------------------------------------------------------
                                              4.540000   data required time
                                             -8.062786   data arrival time
---------------------------------------------------------------------------------------------
                                              3.522786   slack (MET)


Startpoint: wbs_cyc_i (input port clocked by clk)
Endpoint: wbs_dat_o[23] (output port clocked by clk)
Path Group: clk
Path Type: min

Fanout         Cap        Slew       Delay        Time   Description
---------------------------------------------------------------------------------------------
                                  0.000000    0.000000   clock clk (rise edge)
                                  4.650000    4.650000   clock network delay (propagated)
                                  1.690000    6.340000 v input external delay
     1    0.002863    0.090000    0.000000    6.340000 v wbs_cyc_i (in)
                                                         wbs_cyc_i (net)
                      0.090072    0.000034    6.340034 v input12/A (sky130_fd_sc_hd__buf_2)
     5    0.056503    0.254836    0.399452    6.739487 v input12/X (sky130_fd_sc_hd__buf_2)
                                                         net12 (net)
                      0.254889    0.003469    6.742955 v fanout89/A (sky130_fd_sc_hd__clkbuf_4)
    15    0.062177    0.227928    0.454903    7.197858 v fanout89/X (sky130_fd_sc_hd__clkbuf_4)
                                                         net89 (net)
                      0.228281    0.007566    7.205424 v _30_/B (sky130_fd_sc_hd__and4b_1)
     1    0.012362    0.148612    0.493229    7.698654 v _30_/X (sky130_fd_sc_hd__and4b_1)
                                                         net67 (net)
                      0.148612    0.000519    7.699172 v output67/A (sky130_fd_sc_hd__buf_12)
     1    0.191035    0.173437    0.360136    8.059308 v output67/X (sky130_fd_sc_hd__buf_12)
                                                         wbs_dat_o[23] (net)
                      0.173546    0.003753    8.063062 v wbs_dat_o[23] (out)
                                              8.063062   data arrival time

                                  0.000000    0.000000   clock clk (rise edge)
                                  5.570000    5.570000   clock network delay (propagated)
                                  0.100000    5.670000   clock uncertainty
                                  0.000000    5.670000   clock reconvergence pessimism
                                 -1.130000    4.540000   output external delay
                                              4.540000   data required time
---------------------------------------------------------------------------------------------
                                              4.540000   data required time
                                             -8.063062   data arrival time
---------------------------------------------------------------------------------------------
                                              3.523062   slack (MET)


Startpoint: wbs_cyc_i (input port clocked by clk)
Endpoint: wbs_dat_o[26] (output port clocked by clk)
Path Group: clk
Path Type: min

Fanout         Cap        Slew       Delay        Time   Description
---------------------------------------------------------------------------------------------
                                  0.000000    0.000000   clock clk (rise edge)
                                  4.650000    4.650000   clock network delay (propagated)
                                  1.690000    6.340000 v input external delay
     1    0.002863    0.090000    0.000000    6.340000 v wbs_cyc_i (in)
                                                         wbs_cyc_i (net)
                      0.090072    0.000034    6.340034 v input12/A (sky130_fd_sc_hd__buf_2)
     5    0.056503    0.254836    0.399452    6.739487 v input12/X (sky130_fd_sc_hd__buf_2)
                                                         net12 (net)
                      0.254889    0.003469    6.742955 v fanout89/A (sky130_fd_sc_hd__clkbuf_4)
    15    0.062177    0.227928    0.454903    7.197858 v fanout89/X (sky130_fd_sc_hd__clkbuf_4)
                                                         net89 (net)
                      0.228319    0.007925    7.205783 v _33_/B (sky130_fd_sc_hd__and4b_1)
     1    0.012295    0.148508    0.492664    7.698447 v _33_/X (sky130_fd_sc_hd__and4b_1)
                                                         net70 (net)
                      0.148509    0.000560    7.699008 v output70/A (sky130_fd_sc_hd__buf_12)
     1    0.191974    0.175442    0.359410    8.058418 v output70/X (sky130_fd_sc_hd__buf_12)
                                                         wbs_dat_o[26] (net)
                      0.175654    0.005146    8.063564 v wbs_dat_o[26] (out)
                                              8.063564   data arrival time

                                  0.000000    0.000000   clock clk (rise edge)
                                  5.570000    5.570000   clock network delay (propagated)
                                  0.100000    5.670000   clock uncertainty
                                  0.000000    5.670000   clock reconvergence pessimism
                                 -1.130000    4.540000   output external delay
                                              4.540000   data required time
---------------------------------------------------------------------------------------------
                                              4.540000   data required time
                                             -8.063564   data arrival time
---------------------------------------------------------------------------------------------
                                              3.523564   slack (MET)


Startpoint: wbs_cyc_i (input port clocked by clk)
Endpoint: wbs_dat_o[27] (output port clocked by clk)
Path Group: clk
Path Type: min

Fanout         Cap        Slew       Delay        Time   Description
---------------------------------------------------------------------------------------------
                                  0.000000    0.000000   clock clk (rise edge)
                                  4.650000    4.650000   clock network delay (propagated)
                                  1.690000    6.340000 v input external delay
     1    0.002863    0.090000    0.000000    6.340000 v wbs_cyc_i (in)
                                                         wbs_cyc_i (net)
                      0.090072    0.000034    6.340034 v input12/A (sky130_fd_sc_hd__buf_2)
     5    0.056503    0.254836    0.399452    6.739487 v input12/X (sky130_fd_sc_hd__buf_2)
                                                         net12 (net)
                      0.254889    0.003469    6.742955 v fanout89/A (sky130_fd_sc_hd__clkbuf_4)
    15    0.062177    0.227928    0.454903    7.197858 v fanout89/X (sky130_fd_sc_hd__clkbuf_4)
                                                         net89 (net)
                      0.228320    0.007931    7.205790 v _34_/B (sky130_fd_sc_hd__and4b_1)
     1    0.012359    0.148617    0.493206    7.698996 v _34_/X (sky130_fd_sc_hd__and4b_1)
                                                         net71 (net)
                      0.148617    0.000515    7.699511 v output71/A (sky130_fd_sc_hd__buf_12)
     1    0.192278    0.175629    0.359733    8.059243 v output71/X (sky130_fd_sc_hd__buf_12)
                                                         wbs_dat_o[27] (net)
                      0.175830    0.005029    8.064272 v wbs_dat_o[27] (out)
                                              8.064272   data arrival time

                                  0.000000    0.000000   clock clk (rise edge)
                                  5.570000    5.570000   clock network delay (propagated)
                                  0.100000    5.670000   clock uncertainty
                                  0.000000    5.670000   clock reconvergence pessimism
                                 -1.130000    4.540000   output external delay
                                              4.540000   data required time
---------------------------------------------------------------------------------------------
                                              4.540000   data required time
                                             -8.064272   data arrival time
---------------------------------------------------------------------------------------------
                                              3.524272   slack (MET)


Startpoint: wbs_cyc_i (input port clocked by clk)
Endpoint: wbs_dat_o[25] (output port clocked by clk)
Path Group: clk
Path Type: min

Fanout         Cap        Slew       Delay        Time   Description
---------------------------------------------------------------------------------------------
                                  0.000000    0.000000   clock clk (rise edge)
                                  4.650000    4.650000   clock network delay (propagated)
                                  1.690000    6.340000 v input external delay
     1    0.002863    0.090000    0.000000    6.340000 v wbs_cyc_i (in)
                                                         wbs_cyc_i (net)
                      0.090072    0.000034    6.340034 v input12/A (sky130_fd_sc_hd__buf_2)
     5    0.056503    0.254836    0.399452    6.739487 v input12/X (sky130_fd_sc_hd__buf_2)
                                                         net12 (net)
                      0.254889    0.003469    6.742955 v fanout89/A (sky130_fd_sc_hd__clkbuf_4)
    15    0.062177    0.227928    0.454903    7.197858 v fanout89/X (sky130_fd_sc_hd__clkbuf_4)
                                                         net89 (net)
                      0.228313    0.007871    7.205730 v _32_/B (sky130_fd_sc_hd__and4b_1)
     1    0.013003    0.150684    0.498494    7.704224 v _32_/X (sky130_fd_sc_hd__and4b_1)
                                                         net69 (net)
                      0.150684    0.000567    7.704791 v output69/A (sky130_fd_sc_hd__buf_12)
     1    0.191733    0.174088    0.361044    8.065834 v output69/X (sky130_fd_sc_hd__buf_12)
                                                         wbs_dat_o[25] (net)
                      0.174236    0.004333    8.070167 v wbs_dat_o[25] (out)
                                              8.070167   data arrival time

                                  0.000000    0.000000   clock clk (rise edge)
                                  5.570000    5.570000   clock network delay (propagated)
                                  0.100000    5.670000   clock uncertainty
                                  0.000000    5.670000   clock reconvergence pessimism
                                 -1.130000    4.540000   output external delay
                                              4.540000   data required time
---------------------------------------------------------------------------------------------
                                              4.540000   data required time
                                             -8.070167   data arrival time
---------------------------------------------------------------------------------------------
                                              3.530167   slack (MET)


Startpoint: wbs_cyc_i (input port clocked by clk)
Endpoint: wbs_dat_o[18] (output port clocked by clk)
Path Group: clk
Path Type: min

Fanout         Cap        Slew       Delay        Time   Description
---------------------------------------------------------------------------------------------
                                  0.000000    0.000000   clock clk (rise edge)
                                  4.650000    4.650000   clock network delay (propagated)
                                  1.690000    6.340000 v input external delay
     1    0.002863    0.090000    0.000000    6.340000 v wbs_cyc_i (in)
                                                         wbs_cyc_i (net)
                      0.090072    0.000034    6.340034 v input12/A (sky130_fd_sc_hd__buf_2)
     5    0.056503    0.254836    0.399452    6.739487 v input12/X (sky130_fd_sc_hd__buf_2)
                                                         net12 (net)
                      0.254889    0.003469    6.742955 v fanout89/A (sky130_fd_sc_hd__clkbuf_4)
    15    0.062177    0.227928    0.454903    7.197858 v fanout89/X (sky130_fd_sc_hd__clkbuf_4)
                                                         net89 (net)
                      0.228163    0.006301    7.204160 v _25_/B (sky130_fd_sc_hd__and4b_1)
     1    0.013192    0.152009    0.499823    7.703982 v _25_/X (sky130_fd_sc_hd__and4b_1)
                                                         net61 (net)
                      0.152009    0.000637    7.704619 v output61/A (sky130_fd_sc_hd__buf_12)
     1    0.191178    0.173577    0.361695    8.066314 v output61/X (sky130_fd_sc_hd__buf_12)
                                                         wbs_dat_o[18] (net)
                      0.173694    0.003880    8.070193 v wbs_dat_o[18] (out)
                                              8.070193   data arrival time

                                  0.000000    0.000000   clock clk (rise edge)
                                  5.570000    5.570000   clock network delay (propagated)
                                  0.100000    5.670000   clock uncertainty
                                  0.000000    5.670000   clock reconvergence pessimism
                                 -1.130000    4.540000   output external delay
                                              4.540000   data required time
---------------------------------------------------------------------------------------------
                                              4.540000   data required time
                                             -8.070193   data arrival time
---------------------------------------------------------------------------------------------
                                              3.530194   slack (MET)


Startpoint: wbs_cyc_i (input port clocked by clk)
Endpoint: wbs_dat_o[16] (output port clocked by clk)
Path Group: clk
Path Type: min

Fanout         Cap        Slew       Delay        Time   Description
---------------------------------------------------------------------------------------------
                                  0.000000    0.000000   clock clk (rise edge)
                                  4.650000    4.650000   clock network delay (propagated)
                                  1.690000    6.340000 v input external delay
     1    0.002863    0.090000    0.000000    6.340000 v wbs_cyc_i (in)
                                                         wbs_cyc_i (net)
                      0.090072    0.000034    6.340034 v input12/A (sky130_fd_sc_hd__buf_2)
     5    0.056503    0.254836    0.399452    6.739487 v input12/X (sky130_fd_sc_hd__buf_2)
                                                         net12 (net)
                      0.254889    0.003469    6.742955 v fanout89/A (sky130_fd_sc_hd__clkbuf_4)
    15    0.062177    0.227928    0.454903    7.197858 v fanout89/X (sky130_fd_sc_hd__clkbuf_4)
                                                         net89 (net)
                      0.228101    0.005502    7.203361 v _23_/B (sky130_fd_sc_hd__and4b_1)
     1    0.013405    0.153671    0.501190    7.704551 v _23_/X (sky130_fd_sc_hd__and4b_1)
                                                         net59 (net)
                      0.153671    0.000562    7.705113 v output59/A (sky130_fd_sc_hd__buf_12)
     1    0.191333    0.173698    0.362554    8.067668 v output59/X (sky130_fd_sc_hd__buf_12)
                                                         wbs_dat_o[16] (net)
                      0.173815    0.003884    8.071551 v wbs_dat_o[16] (out)
                                              8.071551   data arrival time

                                  0.000000    0.000000   clock clk (rise edge)
                                  5.570000    5.570000   clock network delay (propagated)
                                  0.100000    5.670000   clock uncertainty
                                  0.000000    5.670000   clock reconvergence pessimism
                                 -1.130000    4.540000   output external delay
                                              4.540000   data required time
---------------------------------------------------------------------------------------------
                                              4.540000   data required time
                                             -8.071551   data arrival time
---------------------------------------------------------------------------------------------
                                              3.531552   slack (MET)


Startpoint: wbs_cyc_i (input port clocked by clk)
Endpoint: wbs_dat_o[19] (output port clocked by clk)
Path Group: clk
Path Type: min

Fanout         Cap        Slew       Delay        Time   Description
---------------------------------------------------------------------------------------------
                                  0.000000    0.000000   clock clk (rise edge)
                                  4.650000    4.650000   clock network delay (propagated)
                                  1.690000    6.340000 v input external delay
     1    0.002863    0.090000    0.000000    6.340000 v wbs_cyc_i (in)
                                                         wbs_cyc_i (net)
                      0.090072    0.000034    6.340034 v input12/A (sky130_fd_sc_hd__buf_2)
     5    0.056503    0.254836    0.399452    6.739487 v input12/X (sky130_fd_sc_hd__buf_2)
                                                         net12 (net)
                      0.254889    0.003469    6.742955 v fanout89/A (sky130_fd_sc_hd__clkbuf_4)
    15    0.062177    0.227928    0.454903    7.197858 v fanout89/X (sky130_fd_sc_hd__clkbuf_4)
                                                         net89 (net)
                      0.228207    0.006799    7.204658 v _26_/B (sky130_fd_sc_hd__and4b_1)
     1    0.013710    0.156079    0.503182    7.707839 v _26_/X (sky130_fd_sc_hd__and4b_1)
                                                         net62 (net)
                      0.156079    0.000586    7.708425 v output62/A (sky130_fd_sc_hd__buf_12)
     1    0.191459    0.173833    0.363605    8.072030 v output62/X (sky130_fd_sc_hd__buf_12)
                                                         wbs_dat_o[19] (net)
                      0.173961    0.004059    8.076089 v wbs_dat_o[19] (out)
                                              8.076089   data arrival time

                                  0.000000    0.000000   clock clk (rise edge)
                                  5.570000    5.570000   clock network delay (propagated)
                                  0.100000    5.670000   clock uncertainty
                                  0.000000    5.670000   clock reconvergence pessimism
                                 -1.130000    4.540000   output external delay
                                              4.540000   data required time
---------------------------------------------------------------------------------------------
                                              4.540000   data required time
                                             -8.076089   data arrival time
---------------------------------------------------------------------------------------------
                                              3.536089   slack (MET)


Startpoint: wbs_cyc_i (input port clocked by clk)
Endpoint: wbs_dat_o[21] (output port clocked by clk)
Path Group: clk
Path Type: min

Fanout         Cap        Slew       Delay        Time   Description
---------------------------------------------------------------------------------------------
                                  0.000000    0.000000   clock clk (rise edge)
                                  4.650000    4.650000   clock network delay (propagated)
                                  1.690000    6.340000 v input external delay
     1    0.002863    0.090000    0.000000    6.340000 v wbs_cyc_i (in)
                                                         wbs_cyc_i (net)
                      0.090072    0.000034    6.340034 v input12/A (sky130_fd_sc_hd__buf_2)
     5    0.056503    0.254836    0.399452    6.739487 v input12/X (sky130_fd_sc_hd__buf_2)
                                                         net12 (net)
                      0.254889    0.003469    6.742955 v fanout89/A (sky130_fd_sc_hd__clkbuf_4)
    15    0.062177    0.227928    0.454903    7.197858 v fanout89/X (sky130_fd_sc_hd__clkbuf_4)
                                                         net89 (net)
                      0.228257    0.007325    7.205184 v _28_/B (sky130_fd_sc_hd__and4b_1)
     1    0.014625    0.163349    0.509009    7.714192 v _28_/X (sky130_fd_sc_hd__and4b_1)
                                                         net65 (net)
                      0.163349    0.000669    7.714861 v output65/A (sky130_fd_sc_hd__buf_12)
     1    0.192952    0.176250    0.366786    8.081647 v output65/X (sky130_fd_sc_hd__buf_12)
                                                         wbs_dat_o[21] (net)
                      0.176470    0.005254    8.086901 v wbs_dat_o[21] (out)
                                              8.086901   data arrival time

                                  0.000000    0.000000   clock clk (rise edge)
                                  5.570000    5.570000   clock network delay (propagated)
                                  0.100000    5.670000   clock uncertainty
                                  0.000000    5.670000   clock reconvergence pessimism
                                 -1.130000    4.540000   output external delay
                                              4.540000   data required time
---------------------------------------------------------------------------------------------
                                              4.540000   data required time
                                             -8.086901   data arrival time
---------------------------------------------------------------------------------------------
                                              3.546901   slack (MET)


Startpoint: wbs_cyc_i (input port clocked by clk)
Endpoint: wbs_dat_o[17] (output port clocked by clk)
Path Group: clk
Path Type: min

Fanout         Cap        Slew       Delay        Time   Description
---------------------------------------------------------------------------------------------
                                  0.000000    0.000000   clock clk (rise edge)
                                  4.650000    4.650000   clock network delay (propagated)
                                  1.690000    6.340000 v input external delay
     1    0.002863    0.090000    0.000000    6.340000 v wbs_cyc_i (in)
                                                         wbs_cyc_i (net)
                      0.090072    0.000034    6.340034 v input12/A (sky130_fd_sc_hd__buf_2)
     5    0.056503    0.254836    0.399452    6.739487 v input12/X (sky130_fd_sc_hd__buf_2)
                                                         net12 (net)
                      0.254889    0.003469    6.742955 v fanout89/A (sky130_fd_sc_hd__clkbuf_4)
    15    0.062177    0.227928    0.454903    7.197858 v fanout89/X (sky130_fd_sc_hd__clkbuf_4)
                                                         net89 (net)
                      0.228147    0.006101    7.203960 v _24_/B (sky130_fd_sc_hd__and4b_1)
     1    0.014872    0.165324    0.510511    7.714471 v _24_/X (sky130_fd_sc_hd__and4b_1)
                                                         net60 (net)
                      0.165324    0.000758    7.715229 v output60/A (sky130_fd_sc_hd__buf_12)
     1    0.191618    0.174063    0.367609    8.082838 v output60/X (sky130_fd_sc_hd__buf_12)
                                                         wbs_dat_o[17] (net)
                      0.174225    0.004517    8.087355 v wbs_dat_o[17] (out)
                                              8.087355   data arrival time

                                  0.000000    0.000000   clock clk (rise edge)
                                  5.570000    5.570000   clock network delay (propagated)
                                  0.100000    5.670000   clock uncertainty
                                  0.000000    5.670000   clock reconvergence pessimism
                                 -1.130000    4.540000   output external delay
                                              4.540000   data required time
---------------------------------------------------------------------------------------------
                                              4.540000   data required time
                                             -8.087355   data arrival time
---------------------------------------------------------------------------------------------
                                              3.547355   slack (MET)


Startpoint: wbs_cyc_i (input port clocked by clk)
Endpoint: wbs_dat_o[24] (output port clocked by clk)
Path Group: clk
Path Type: min

Fanout         Cap        Slew       Delay        Time   Description
---------------------------------------------------------------------------------------------
                                  0.000000    0.000000   clock clk (rise edge)
                                  4.650000    4.650000   clock network delay (propagated)
                                  1.690000    6.340000 v input external delay
     1    0.002863    0.090000    0.000000    6.340000 v wbs_cyc_i (in)
                                                         wbs_cyc_i (net)
                      0.090072    0.000034    6.340034 v input12/A (sky130_fd_sc_hd__buf_2)
     5    0.056503    0.254836    0.399452    6.739487 v input12/X (sky130_fd_sc_hd__buf_2)
                                                         net12 (net)
                      0.254889    0.003469    6.742955 v fanout89/A (sky130_fd_sc_hd__clkbuf_4)
    15    0.062177    0.227928    0.454903    7.197858 v fanout89/X (sky130_fd_sc_hd__clkbuf_4)
                                                         net89 (net)
                      0.228288    0.007634    7.205493 v _31_/B (sky130_fd_sc_hd__and4b_1)
     1    0.015167    0.167665    0.512480    7.717973 v _31_/X (sky130_fd_sc_hd__and4b_1)
                                                         net68 (net)
                      0.167665    0.000695    7.718668 v output68/A (sky130_fd_sc_hd__buf_12)
     1    0.193092    0.176400    0.368793    8.087461 v output68/X (sky130_fd_sc_hd__buf_12)
                                                         wbs_dat_o[24] (net)
                      0.176630    0.005357    8.092818 v wbs_dat_o[24] (out)
                                              8.092818   data arrival time

                                  0.000000    0.000000   clock clk (rise edge)
                                  5.570000    5.570000   clock network delay (propagated)
                                  0.100000    5.670000   clock uncertainty
                                  0.000000    5.670000   clock reconvergence pessimism
                                 -1.130000    4.540000   output external delay
                                              4.540000   data required time
---------------------------------------------------------------------------------------------
                                              4.540000   data required time
                                             -8.092818   data arrival time
---------------------------------------------------------------------------------------------
                                              3.552818   slack (MET)


Startpoint: wbs_cyc_i (input port clocked by clk)
Endpoint: wbs_dat_o[1] (output port clocked by clk)
Path Group: clk
Path Type: min

Fanout         Cap        Slew       Delay        Time   Description
---------------------------------------------------------------------------------------------
                                  0.000000    0.000000   clock clk (rise edge)
                                  4.650000    4.650000   clock network delay (propagated)
                                  1.690000    6.340000 v input external delay
     1    0.002863    0.090000    0.000000    6.340000 v wbs_cyc_i (in)
                                                         wbs_cyc_i (net)
                      0.090072    0.000034    6.340034 v input12/A (sky130_fd_sc_hd__buf_2)
     5    0.056503    0.254836    0.399452    6.739487 v input12/X (sky130_fd_sc_hd__buf_2)
                                                         net12 (net)
                      0.254889    0.003469    6.742955 v fanout89/A (sky130_fd_sc_hd__clkbuf_4)
    15    0.062177    0.227928    0.454903    7.197858 v fanout89/X (sky130_fd_sc_hd__clkbuf_4)
                                                         net89 (net)
                      0.227948    0.002291    7.200149 v _40_/B (sky130_fd_sc_hd__and4b_1)
     1    0.017343    0.185127    0.526105    7.726254 v _40_/X (sky130_fd_sc_hd__and4b_1)
                                                         net63 (net)
                      0.185129    0.000952    7.727207 v output63/A (sky130_fd_sc_hd__buf_12)
     1    0.190537    0.175020    0.378646    8.105853 v output63/X (sky130_fd_sc_hd__buf_12)
                                                         wbs_dat_o[1] (net)
                      0.175090    0.003083    8.108936 v wbs_dat_o[1] (out)
                                              8.108936   data arrival time

                                  0.000000    0.000000   clock clk (rise edge)
                                  5.570000    5.570000   clock network delay (propagated)
                                  0.100000    5.670000   clock uncertainty
                                  0.000000    5.670000   clock reconvergence pessimism
                                 -1.130000    4.540000   output external delay
                                              4.540000   data required time
---------------------------------------------------------------------------------------------
                                              4.540000   data required time
                                             -8.108936   data arrival time
---------------------------------------------------------------------------------------------
                                              3.568936   slack (MET)


Startpoint: i_sram (rising edge-triggered flip-flop clocked by clk)
Endpoint: wbs_dat_o[3] (output port clocked by clk)
Path Group: clk
Path Type: min

Fanout         Cap        Slew       Delay        Time   Description
---------------------------------------------------------------------------------------------
                                  0.000000    0.000000   clock clk (rise edge)
                                  4.650000    4.650000   clock source latency
     1    0.053413    0.610000    0.000000    4.650000 ^ wb_clk_i (in)
                                                         wb_clk_i (net)
                      0.627638    0.008378    4.658378 ^ clkbuf_0_wb_clk_i/A (sky130_fd_sc_hd__clkbuf_16)
     2    0.064406    0.132392    0.485183    5.143561 ^ clkbuf_0_wb_clk_i/X (sky130_fd_sc_hd__clkbuf_16)
                                                         clknet_0_wb_clk_i (net)
                      0.132435    0.001817    5.145378 ^ clkbuf_1_1__f_wb_clk_i/A (sky130_fd_sc_hd__clkbuf_16)
     1    0.135215    0.227499    0.354664    5.500042 ^ clkbuf_1_1__f_wb_clk_i/X (sky130_fd_sc_hd__clkbuf_16)
                                                         clknet_1_1__leaf_wb_clk_i (net)
                      0.228965    0.014063    5.514105 ^ i_sram/CLKin (CF_SRAM_1024x32)
     2    0.070255    0.050780    1.864680    7.378785 v i_sram/DO[3] (CF_SRAM_1024x32)
                                                         i_ram_wb_controller.DO[3] (net)
                      0.053450    0.007021    7.385807 v _42_/D (sky130_fd_sc_hd__and4b_1)
     1    0.010310    0.132599    0.442685    7.828491 v _42_/X (sky130_fd_sc_hd__and4b_1)
                                                         net77 (net)
                      0.132599    0.000345    7.828835 v output77/A (sky130_fd_sc_hd__buf_12)
     1    0.191372    0.173646    0.352988    8.181824 v output77/X (sky130_fd_sc_hd__buf_12)
                                                         wbs_dat_o[3] (net)
                      0.173749    0.003660    8.185484 v wbs_dat_o[3] (out)
                                              8.185484   data arrival time

                                  0.000000    0.000000   clock clk (rise edge)
                                  5.570000    5.570000   clock network delay (propagated)
                                  0.100000    5.670000   clock uncertainty
                                  0.000000    5.670000   clock reconvergence pessimism
                                 -1.130000    4.540000   output external delay
                                              4.540000   data required time
---------------------------------------------------------------------------------------------
                                              4.540000   data required time
                                             -8.185484   data arrival time
---------------------------------------------------------------------------------------------
                                              3.645483   slack (MET)


Startpoint: i_sram (rising edge-triggered flip-flop clocked by clk)
Endpoint: wbs_dat_o[2] (output port clocked by clk)
Path Group: clk
Path Type: min

Fanout         Cap        Slew       Delay        Time   Description
---------------------------------------------------------------------------------------------
                                  0.000000    0.000000   clock clk (rise edge)
                                  4.650000    4.650000   clock source latency
     1    0.053413    0.610000    0.000000    4.650000 ^ wb_clk_i (in)
                                                         wb_clk_i (net)
                      0.627638    0.008378    4.658378 ^ clkbuf_0_wb_clk_i/A (sky130_fd_sc_hd__clkbuf_16)
     2    0.064406    0.132392    0.485183    5.143561 ^ clkbuf_0_wb_clk_i/X (sky130_fd_sc_hd__clkbuf_16)
                                                         clknet_0_wb_clk_i (net)
                      0.132435    0.001817    5.145378 ^ clkbuf_1_1__f_wb_clk_i/A (sky130_fd_sc_hd__clkbuf_16)
     1    0.135215    0.227499    0.354664    5.500042 ^ clkbuf_1_1__f_wb_clk_i/X (sky130_fd_sc_hd__clkbuf_16)
                                                         clknet_1_1__leaf_wb_clk_i (net)
                      0.228965    0.014063    5.514105 ^ i_sram/CLKin (CF_SRAM_1024x32)
     2    0.059937    0.043869    1.861364    7.375469 v i_sram/DO[2] (CF_SRAM_1024x32)
                                                         i_ram_wb_controller.DO[2] (net)
                      0.047788    0.007644    7.383113 v _41_/D (sky130_fd_sc_hd__and4b_1)
     1    0.012717    0.149529    0.460194    7.843307 v _41_/X (sky130_fd_sc_hd__and4b_1)
                                                         net74 (net)
                      0.149529    0.000552    7.843858 v output74/A (sky130_fd_sc_hd__buf_12)
     1    0.191155    0.173520    0.360673    8.204532 v output74/X (sky130_fd_sc_hd__buf_12)
                                                         wbs_dat_o[2] (net)
                      0.173626    0.003704    8.208235 v wbs_dat_o[2] (out)
                                              8.208235   data arrival time

                                  0.000000    0.000000   clock clk (rise edge)
                                  5.570000    5.570000   clock network delay (propagated)
                                  0.100000    5.670000   clock uncertainty
                                  0.000000    5.670000   clock reconvergence pessimism
                                 -1.130000    4.540000   output external delay
                                              4.540000   data required time
---------------------------------------------------------------------------------------------
                                              4.540000   data required time
                                             -8.208235   data arrival time
---------------------------------------------------------------------------------------------
                                              3.668235   slack (MET)


Startpoint: i_sram (rising edge-triggered flip-flop clocked by clk)
Endpoint: wbs_dat_o[4] (output port clocked by clk)
Path Group: clk
Path Type: min

Fanout         Cap        Slew       Delay        Time   Description
---------------------------------------------------------------------------------------------
                                  0.000000    0.000000   clock clk (rise edge)
                                  4.650000    4.650000   clock source latency
     1    0.053413    0.610000    0.000000    4.650000 ^ wb_clk_i (in)
                                                         wb_clk_i (net)
                      0.627638    0.008378    4.658378 ^ clkbuf_0_wb_clk_i/A (sky130_fd_sc_hd__clkbuf_16)
     2    0.064406    0.132392    0.485183    5.143561 ^ clkbuf_0_wb_clk_i/X (sky130_fd_sc_hd__clkbuf_16)
                                                         clknet_0_wb_clk_i (net)
                      0.132435    0.001817    5.145378 ^ clkbuf_1_1__f_wb_clk_i/A (sky130_fd_sc_hd__clkbuf_16)
     1    0.135215    0.227499    0.354664    5.500042 ^ clkbuf_1_1__f_wb_clk_i/X (sky130_fd_sc_hd__clkbuf_16)
                                                         clknet_1_1__leaf_wb_clk_i (net)
                      0.228965    0.014063    5.514105 ^ i_sram/CLKin (CF_SRAM_1024x32)
     2    0.069854    0.049073    1.863882    7.377986 v i_sram/DO[4] (CF_SRAM_1024x32)
                                                         i_ram_wb_controller.DO[4] (net)
                      0.059739    0.013530    7.391517 v _43_/D (sky130_fd_sc_hd__and4b_1)
     1    0.011597    0.144024    0.456260    7.847777 v _43_/X (sky130_fd_sc_hd__and4b_1)
                                                         net78 (net)
                      0.144024    0.000445    7.848222 v output78/A (sky130_fd_sc_hd__buf_12)
     1    0.191374    0.173710    0.358110    8.206332 v output78/X (sky130_fd_sc_hd__buf_12)
                                                         wbs_dat_o[4] (net)
                      0.173827    0.003881    8.210214 v wbs_dat_o[4] (out)
                                              8.210214   data arrival time

                                  0.000000    0.000000   clock clk (rise edge)
                                  5.570000    5.570000   clock network delay (propagated)
                                  0.100000    5.670000   clock uncertainty
                                  0.000000    5.670000   clock reconvergence pessimism
                                 -1.130000    4.540000   output external delay
                                              4.540000   data required time
---------------------------------------------------------------------------------------------
                                              4.540000   data required time
                                             -8.210214   data arrival time
---------------------------------------------------------------------------------------------
                                              3.670213   slack (MET)


Startpoint: i_sram (rising edge-triggered flip-flop clocked by clk)
Endpoint: wbs_dat_o[5] (output port clocked by clk)
Path Group: clk
Path Type: min

Fanout         Cap        Slew       Delay        Time   Description
---------------------------------------------------------------------------------------------
                                  0.000000    0.000000   clock clk (rise edge)
                                  4.650000    4.650000   clock source latency
     1    0.053413    0.610000    0.000000    4.650000 ^ wb_clk_i (in)
                                                         wb_clk_i (net)
                      0.627638    0.008378    4.658378 ^ clkbuf_0_wb_clk_i/A (sky130_fd_sc_hd__clkbuf_16)
     2    0.064406    0.132392    0.485183    5.143561 ^ clkbuf_0_wb_clk_i/X (sky130_fd_sc_hd__clkbuf_16)
                                                         clknet_0_wb_clk_i (net)
                      0.132435    0.001817    5.145378 ^ clkbuf_1_1__f_wb_clk_i/A (sky130_fd_sc_hd__clkbuf_16)
     1    0.135215    0.227499    0.354664    5.500042 ^ clkbuf_1_1__f_wb_clk_i/X (sky130_fd_sc_hd__clkbuf_16)
                                                         clknet_1_1__leaf_wb_clk_i (net)
                      0.228965    0.014063    5.514105 ^ i_sram/CLKin (CF_SRAM_1024x32)
     2    0.063458    0.045384    1.862280    7.376385 v i_sram/DO[5] (CF_SRAM_1024x32)
                                                         i_ram_wb_controller.DO[5] (net)
                      0.050260    0.007647    7.384031 v _44_/D (sky130_fd_sc_hd__and4b_1)
     1    0.012769    0.149720    0.461718    7.845749 v _44_/X (sky130_fd_sc_hd__and4b_1)
                                                         net79 (net)
                      0.149720    0.000624    7.846373 v output79/A (sky130_fd_sc_hd__buf_12)
     1    0.191392    0.173774    0.360604    8.206977 v output79/X (sky130_fd_sc_hd__buf_12)
                                                         wbs_dat_o[5] (net)
                      0.173903    0.004071    8.211048 v wbs_dat_o[5] (out)
                                              8.211048   data arrival time

                                  0.000000    0.000000   clock clk (rise edge)
                                  5.570000    5.570000   clock network delay (propagated)
                                  0.100000    5.670000   clock uncertainty
                                  0.000000    5.670000   clock reconvergence pessimism
                                 -1.130000    4.540000   output external delay
                                              4.540000   data required time
---------------------------------------------------------------------------------------------
                                              4.540000   data required time
                                             -8.211048   data arrival time
---------------------------------------------------------------------------------------------
                                              3.671048   slack (MET)


Startpoint: i_sram (rising edge-triggered flip-flop clocked by clk)
Endpoint: wbs_dat_o[6] (output port clocked by clk)
Path Group: clk
Path Type: min

Fanout         Cap        Slew       Delay        Time   Description
---------------------------------------------------------------------------------------------
                                  0.000000    0.000000   clock clk (rise edge)
                                  4.650000    4.650000   clock source latency
     1    0.053413    0.610000    0.000000    4.650000 ^ wb_clk_i (in)
                                                         wb_clk_i (net)
                      0.627638    0.008378    4.658378 ^ clkbuf_0_wb_clk_i/A (sky130_fd_sc_hd__clkbuf_16)
     2    0.064406    0.132392    0.485183    5.143561 ^ clkbuf_0_wb_clk_i/X (sky130_fd_sc_hd__clkbuf_16)
                                                         clknet_0_wb_clk_i (net)
                      0.132435    0.001817    5.145378 ^ clkbuf_1_1__f_wb_clk_i/A (sky130_fd_sc_hd__clkbuf_16)
     1    0.135215    0.227499    0.354664    5.500042 ^ clkbuf_1_1__f_wb_clk_i/X (sky130_fd_sc_hd__clkbuf_16)
                                                         clknet_1_1__leaf_wb_clk_i (net)
                      0.228965    0.014063    5.514105 ^ i_sram/CLKin (CF_SRAM_1024x32)
     2    0.054263    0.042629    1.859973    7.374077 v i_sram/DO[6] (CF_SRAM_1024x32)
                                                         i_ram_wb_controller.DO[6] (net)
                      0.044580    0.008217    7.382294 v _13_/D (sky130_fd_sc_hd__and4b_1)
     1    0.013606    0.155245    0.465231    7.847525 v _13_/X (sky130_fd_sc_hd__and4b_1)
                                                         net80 (net)
                      0.155245    0.000647    7.848171 v output80/A (sky130_fd_sc_hd__buf_12)
     1    0.191345    0.173758    0.363098    8.211269 v output80/X (sky130_fd_sc_hd__buf_12)
                                                         wbs_dat_o[6] (net)
                      0.173892    0.004125    8.215394 v wbs_dat_o[6] (out)
                                              8.215394   data arrival time

                                  0.000000    0.000000   clock clk (rise edge)
                                  5.570000    5.570000   clock network delay (propagated)
                                  0.100000    5.670000   clock uncertainty
                                  0.000000    5.670000   clock reconvergence pessimism
                                 -1.130000    4.540000   output external delay
                                              4.540000   data required time
---------------------------------------------------------------------------------------------
                                              4.540000   data required time
                                             -8.215394   data arrival time
---------------------------------------------------------------------------------------------
                                              3.675394   slack (MET)


Startpoint: i_sram (rising edge-triggered flip-flop clocked by clk)
Endpoint: wbs_dat_o[7] (output port clocked by clk)
Path Group: clk
Path Type: min

Fanout         Cap        Slew       Delay        Time   Description
---------------------------------------------------------------------------------------------
                                  0.000000    0.000000   clock clk (rise edge)
                                  4.650000    4.650000   clock source latency
     1    0.053413    0.610000    0.000000    4.650000 ^ wb_clk_i (in)
                                                         wb_clk_i (net)
                      0.627638    0.008378    4.658378 ^ clkbuf_0_wb_clk_i/A (sky130_fd_sc_hd__clkbuf_16)
     2    0.064406    0.132392    0.485183    5.143561 ^ clkbuf_0_wb_clk_i/X (sky130_fd_sc_hd__clkbuf_16)
                                                         clknet_0_wb_clk_i (net)
                      0.132435    0.001817    5.145378 ^ clkbuf_1_1__f_wb_clk_i/A (sky130_fd_sc_hd__clkbuf_16)
     1    0.135215    0.227499    0.354664    5.500042 ^ clkbuf_1_1__f_wb_clk_i/X (sky130_fd_sc_hd__clkbuf_16)
                                                         clknet_1_1__leaf_wb_clk_i (net)
                      0.228965    0.014063    5.514105 ^ i_sram/CLKin (CF_SRAM_1024x32)
     2    0.074188    0.052416    1.866435    7.380540 v i_sram/DO[7] (CF_SRAM_1024x32)
                                                         i_ram_wb_controller.DO[7] (net)
                      0.054666    0.006813    7.387353 v _14_/D (sky130_fd_sc_hd__and4b_1)
     1    0.017304    0.184797    0.493570    7.880923 v _14_/X (sky130_fd_sc_hd__and4b_1)
                                                         net81 (net)
                      0.184799    0.000947    7.881870 v output81/A (sky130_fd_sc_hd__buf_12)
     1    0.191231    0.173632    0.377073    8.258944 v output81/X (sky130_fd_sc_hd__buf_12)
                                                         wbs_dat_o[7] (net)
                      0.173738    0.003708    8.262651 v wbs_dat_o[7] (out)
                                              8.262651   data arrival time

                                  0.000000    0.000000   clock clk (rise edge)
                                  5.570000    5.570000   clock network delay (propagated)
                                  0.100000    5.670000   clock uncertainty
                                  0.000000    5.670000   clock reconvergence pessimism
                                 -1.130000    4.540000   output external delay
                                              4.540000   data required time
---------------------------------------------------------------------------------------------
                                              4.540000   data required time
                                             -8.262651   data arrival time
---------------------------------------------------------------------------------------------
                                              3.722651   slack (MET)


Startpoint: i_sram (rising edge-triggered flip-flop clocked by clk)
Endpoint: wbs_dat_o[9] (output port clocked by clk)
Path Group: clk
Path Type: min

Fanout         Cap        Slew       Delay        Time   Description
---------------------------------------------------------------------------------------------
                                  0.000000    0.000000   clock clk (rise edge)
                                  4.650000    4.650000   clock source latency
     1    0.053413    0.610000    0.000000    4.650000 ^ wb_clk_i (in)
                                                         wb_clk_i (net)
                      0.627638    0.008378    4.658378 ^ clkbuf_0_wb_clk_i/A (sky130_fd_sc_hd__clkbuf_16)
     2    0.064406    0.132392    0.485183    5.143561 ^ clkbuf_0_wb_clk_i/X (sky130_fd_sc_hd__clkbuf_16)
                                                         clknet_0_wb_clk_i (net)
                      0.132435    0.001817    5.145378 ^ clkbuf_1_1__f_wb_clk_i/A (sky130_fd_sc_hd__clkbuf_16)
     1    0.135215    0.227499    0.354664    5.500042 ^ clkbuf_1_1__f_wb_clk_i/X (sky130_fd_sc_hd__clkbuf_16)
                                                         clknet_1_1__leaf_wb_clk_i (net)
                      0.228965    0.014063    5.514105 ^ i_sram/CLKin (CF_SRAM_1024x32)
     2    0.063911    0.045115    1.862496    7.376600 v i_sram/DO[9] (CF_SRAM_1024x32)
                                                         i_ram_wb_controller.DO[9] (net)
                      0.049952    0.007236    7.383836 v _16_/D (sky130_fd_sc_hd__and4b_1)
     1    0.019132    0.199643    0.503008    7.886844 v _16_/X (sky130_fd_sc_hd__and4b_1)
                                                         net83 (net)
                      0.199651    0.001441    7.888285 v output83/A (sky130_fd_sc_hd__buf_12)
     1    0.192681    0.175945    0.383793    8.272079 v output83/X (sky130_fd_sc_hd__buf_12)
                                                         wbs_dat_o[9] (net)
                      0.176130    0.004829    8.276907 v wbs_dat_o[9] (out)
                                              8.276907   data arrival time

                                  0.000000    0.000000   clock clk (rise edge)
                                  5.570000    5.570000   clock network delay (propagated)
                                  0.100000    5.670000   clock uncertainty
                                  0.000000    5.670000   clock reconvergence pessimism
                                 -1.130000    4.540000   output external delay
                                              4.540000   data required time
---------------------------------------------------------------------------------------------
                                              4.540000   data required time
                                             -8.276907   data arrival time
---------------------------------------------------------------------------------------------
                                              3.736907   slack (MET)


Startpoint: i_sram (rising edge-triggered flip-flop clocked by clk)
Endpoint: wbs_dat_o[0] (output port clocked by clk)
Path Group: clk
Path Type: min

Fanout         Cap        Slew       Delay        Time   Description
---------------------------------------------------------------------------------------------
                                  0.000000    0.000000   clock clk (rise edge)
                                  4.650000    4.650000   clock source latency
     1    0.053413    0.610000    0.000000    4.650000 ^ wb_clk_i (in)
                                                         wb_clk_i (net)
                      0.627638    0.008378    4.658378 ^ clkbuf_0_wb_clk_i/A (sky130_fd_sc_hd__clkbuf_16)
     2    0.064406    0.132392    0.485183    5.143561 ^ clkbuf_0_wb_clk_i/X (sky130_fd_sc_hd__clkbuf_16)
                                                         clknet_0_wb_clk_i (net)
                      0.132435    0.001817    5.145378 ^ clkbuf_1_1__f_wb_clk_i/A (sky130_fd_sc_hd__clkbuf_16)
     1    0.135215    0.227499    0.354664    5.500042 ^ clkbuf_1_1__f_wb_clk_i/X (sky130_fd_sc_hd__clkbuf_16)
                                                         clknet_1_1__leaf_wb_clk_i (net)
                      0.228965    0.014063    5.514105 ^ i_sram/CLKin (CF_SRAM_1024x32)
     4    0.083378    0.060720    1.865766    7.379871 v i_sram/DO[0] (CF_SRAM_1024x32)
                                                         i_ram_wb_controller.DO[0] (net)
                      0.071557    0.019384    7.399255 v _39_/D (sky130_fd_sc_hd__and4b_1)
     1    0.017615    0.187323    0.503170    7.902425 v _39_/X (sky130_fd_sc_hd__and4b_1)
                                                         net52 (net)
                      0.187327    0.001081    7.903506 v output52/A (sky130_fd_sc_hd__buf_12)
     1    0.191328    0.173791    0.377990    8.281496 v output52/X (sky130_fd_sc_hd__buf_12)
                                                         wbs_dat_o[0] (net)
                      0.173922    0.004095    8.285591 v wbs_dat_o[0] (out)
                                              8.285591   data arrival time

                                  0.000000    0.000000   clock clk (rise edge)
                                  5.570000    5.570000   clock network delay (propagated)
                                  0.100000    5.670000   clock uncertainty
                                  0.000000    5.670000   clock reconvergence pessimism
                                 -1.130000    4.540000   output external delay
                                              4.540000   data required time
---------------------------------------------------------------------------------------------
                                              4.540000   data required time
                                             -8.285591   data arrival time
---------------------------------------------------------------------------------------------
                                              3.745591   slack (MET)


Startpoint: i_sram (rising edge-triggered flip-flop clocked by clk)
Endpoint: wbs_dat_o[11] (output port clocked by clk)
Path Group: clk
Path Type: min

Fanout         Cap        Slew       Delay        Time   Description
---------------------------------------------------------------------------------------------
                                  0.000000    0.000000   clock clk (rise edge)
                                  4.650000    4.650000   clock source latency
     1    0.053413    0.610000    0.000000    4.650000 ^ wb_clk_i (in)
                                                         wb_clk_i (net)
                      0.627638    0.008378    4.658378 ^ clkbuf_0_wb_clk_i/A (sky130_fd_sc_hd__clkbuf_16)
     2    0.064406    0.132392    0.485183    5.143561 ^ clkbuf_0_wb_clk_i/X (sky130_fd_sc_hd__clkbuf_16)
                                                         clknet_0_wb_clk_i (net)
                      0.132435    0.001817    5.145378 ^ clkbuf_1_1__f_wb_clk_i/A (sky130_fd_sc_hd__clkbuf_16)
     1    0.135215    0.227499    0.354664    5.500042 ^ clkbuf_1_1__f_wb_clk_i/X (sky130_fd_sc_hd__clkbuf_16)
                                                         clknet_1_1__leaf_wb_clk_i (net)
                      0.228965    0.014063    5.514105 ^ i_sram/CLKin (CF_SRAM_1024x32)
     3    0.054604    0.042743    1.860677    7.374783 v i_sram/DO[11] (CF_SRAM_1024x32)
                                                         i_ram_wb_controller.DO[11] (net)
                      0.043815    0.008192    7.382974 v _18_/D (sky130_fd_sc_hd__and4b_1)
     1    0.020740    0.212686    0.510611    7.893585 v _18_/X (sky130_fd_sc_hd__and4b_1)
                                                         net54 (net)
                      0.212694    0.001495    7.895080 v output54/A (sky130_fd_sc_hd__buf_12)
     1    0.191357    0.173822    0.389885    8.284965 v output54/X (sky130_fd_sc_hd__buf_12)
                                                         wbs_dat_o[11] (net)
                      0.173944    0.003956    8.288921 v wbs_dat_o[11] (out)
                                              8.288921   data arrival time

                                  0.000000    0.000000   clock clk (rise edge)
                                  5.570000    5.570000   clock network delay (propagated)
                                  0.100000    5.670000   clock uncertainty
                                  0.000000    5.670000   clock reconvergence pessimism
                                 -1.130000    4.540000   output external delay
                                              4.540000   data required time
---------------------------------------------------------------------------------------------
                                              4.540000   data required time
                                             -8.288921   data arrival time
---------------------------------------------------------------------------------------------
                                              3.748921   slack (MET)


Startpoint: i_sram (rising edge-triggered flip-flop clocked by clk)
Endpoint: wbs_dat_o[8] (output port clocked by clk)
Path Group: clk
Path Type: min

Fanout         Cap        Slew       Delay        Time   Description
---------------------------------------------------------------------------------------------
                                  0.000000    0.000000   clock clk (rise edge)
                                  4.650000    4.650000   clock source latency
     1    0.053413    0.610000    0.000000    4.650000 ^ wb_clk_i (in)
                                                         wb_clk_i (net)
                      0.627638    0.008378    4.658378 ^ clkbuf_0_wb_clk_i/A (sky130_fd_sc_hd__clkbuf_16)
     2    0.064406    0.132392    0.485183    5.143561 ^ clkbuf_0_wb_clk_i/X (sky130_fd_sc_hd__clkbuf_16)
                                                         clknet_0_wb_clk_i (net)
                      0.132435    0.001817    5.145378 ^ clkbuf_1_1__f_wb_clk_i/A (sky130_fd_sc_hd__clkbuf_16)
     1    0.135215    0.227499    0.354664    5.500042 ^ clkbuf_1_1__f_wb_clk_i/X (sky130_fd_sc_hd__clkbuf_16)
                                                         clknet_1_1__leaf_wb_clk_i (net)
                      0.228965    0.014063    5.514105 ^ i_sram/CLKin (CF_SRAM_1024x32)
     3    0.068266    0.052349    1.863599    7.377704 v i_sram/DO[8] (CF_SRAM_1024x32)
                                                         i_ram_wb_controller.DO[8] (net)
                      0.058052    0.012928    7.390632 v _15_/D (sky130_fd_sc_hd__and4b_1)
     1    0.020282    0.208862    0.514325    7.904958 v _15_/X (sky130_fd_sc_hd__and4b_1)
                                                         net82 (net)
                      0.208864    0.001033    7.905991 v output82/A (sky130_fd_sc_hd__buf_12)
     1    0.191421    0.173842    0.388243    8.294234 v output82/X (sky130_fd_sc_hd__buf_12)
                                                         wbs_dat_o[8] (net)
                      0.173956    0.003838    8.298072 v wbs_dat_o[8] (out)
                                              8.298072   data arrival time

                                  0.000000    0.000000   clock clk (rise edge)
                                  5.570000    5.570000   clock network delay (propagated)
                                  0.100000    5.670000   clock uncertainty
                                  0.000000    5.670000   clock reconvergence pessimism
                                 -1.130000    4.540000   output external delay
                                              4.540000   data required time
---------------------------------------------------------------------------------------------
                                              4.540000   data required time
                                             -8.298072   data arrival time
---------------------------------------------------------------------------------------------
                                              3.758072   slack (MET)


Startpoint: i_sram (rising edge-triggered flip-flop clocked by clk)
Endpoint: wbs_dat_o[12] (output port clocked by clk)
Path Group: clk
Path Type: min

Fanout         Cap        Slew       Delay        Time   Description
---------------------------------------------------------------------------------------------
                                  0.000000    0.000000   clock clk (rise edge)
                                  4.650000    4.650000   clock source latency
     1    0.053413    0.610000    0.000000    4.650000 ^ wb_clk_i (in)
                                                         wb_clk_i (net)
                      0.627638    0.008378    4.658378 ^ clkbuf_0_wb_clk_i/A (sky130_fd_sc_hd__clkbuf_16)
     2    0.064406    0.132392    0.485183    5.143561 ^ clkbuf_0_wb_clk_i/X (sky130_fd_sc_hd__clkbuf_16)
                                                         clknet_0_wb_clk_i (net)
                      0.132435    0.001817    5.145378 ^ clkbuf_1_1__f_wb_clk_i/A (sky130_fd_sc_hd__clkbuf_16)
     1    0.135215    0.227499    0.354664    5.500042 ^ clkbuf_1_1__f_wb_clk_i/X (sky130_fd_sc_hd__clkbuf_16)
                                                         clknet_1_1__leaf_wb_clk_i (net)
                      0.228965    0.014063    5.514105 ^ i_sram/CLKin (CF_SRAM_1024x32)
     3    0.049645    0.039844    1.858513    7.372617 v i_sram/DO[12] (CF_SRAM_1024x32)
                                                         i_ram_wb_controller.DO[12] (net)
                      0.041083    0.007976    7.380594 v _19_/D (sky130_fd_sc_hd__and4b_2)
     1    0.020314    0.147010    0.550683    7.931277 v _19_/X (sky130_fd_sc_hd__and4b_2)
                                                         net55 (net)
                      0.147036    0.001801    7.933078 v output55/A (sky130_fd_sc_hd__buf_12)
     1    0.191482    0.176237    0.361364    8.294443 v output55/X (sky130_fd_sc_hd__buf_12)
                                                         wbs_dat_o[12] (net)
                      0.176345    0.003767    8.298209 v wbs_dat_o[12] (out)
                                              8.298209   data arrival time

                                  0.000000    0.000000   clock clk (rise edge)
                                  5.570000    5.570000   clock network delay (propagated)
                                  0.100000    5.670000   clock uncertainty
                                  0.000000    5.670000   clock reconvergence pessimism
                                 -1.130000    4.540000   output external delay
                                              4.540000   data required time
---------------------------------------------------------------------------------------------
                                              4.540000   data required time
                                             -8.298209   data arrival time
---------------------------------------------------------------------------------------------
                                              3.758209   slack (MET)


Startpoint: i_sram (rising edge-triggered flip-flop clocked by clk)
Endpoint: wbs_dat_o[10] (output port clocked by clk)
Path Group: clk
Path Type: min

Fanout         Cap        Slew       Delay        Time   Description
---------------------------------------------------------------------------------------------
                                  0.000000    0.000000   clock clk (rise edge)
                                  4.650000    4.650000   clock source latency
     1    0.053413    0.610000    0.000000    4.650000 ^ wb_clk_i (in)
                                                         wb_clk_i (net)
                      0.627638    0.008378    4.658378 ^ clkbuf_0_wb_clk_i/A (sky130_fd_sc_hd__clkbuf_16)
     2    0.064406    0.132392    0.485183    5.143561 ^ clkbuf_0_wb_clk_i/X (sky130_fd_sc_hd__clkbuf_16)
                                                         clknet_0_wb_clk_i (net)
                      0.132435    0.001817    5.145378 ^ clkbuf_1_1__f_wb_clk_i/A (sky130_fd_sc_hd__clkbuf_16)
     1    0.135215    0.227499    0.354664    5.500042 ^ clkbuf_1_1__f_wb_clk_i/X (sky130_fd_sc_hd__clkbuf_16)
                                                         clknet_1_1__leaf_wb_clk_i (net)
                      0.228965    0.014063    5.514105 ^ i_sram/CLKin (CF_SRAM_1024x32)
     2    0.071170    0.051071    1.866590    7.380694 v i_sram/DO[10] (CF_SRAM_1024x32)
                                                         i_ram_wb_controller.DO[10] (net)
                      0.051802    0.006934    7.387629 v _17_/D (sky130_fd_sc_hd__and4b_1)
     1    0.023055    0.231594    0.529032    7.916660 v _17_/X (sky130_fd_sc_hd__and4b_1)
                                                         net53 (net)
                      0.231606    0.001790    7.918450 v output53/A (sky130_fd_sc_hd__buf_12)
     1    0.191387    0.173902    0.398641    8.317091 v output53/X (sky130_fd_sc_hd__buf_12)
                                                         wbs_dat_o[10] (net)
                      0.174019    0.003885    8.320976 v wbs_dat_o[10] (out)
                                              8.320976   data arrival time

                                  0.000000    0.000000   clock clk (rise edge)
                                  5.570000    5.570000   clock network delay (propagated)
                                  0.100000    5.670000   clock uncertainty
                                  0.000000    5.670000   clock reconvergence pessimism
                                 -1.130000    4.540000   output external delay
                                              4.540000   data required time
---------------------------------------------------------------------------------------------
                                              4.540000   data required time
                                             -8.320976   data arrival time
---------------------------------------------------------------------------------------------
                                              3.780976   slack (MET)


Startpoint: i_sram (rising edge-triggered flip-flop clocked by clk)
Endpoint: wbs_dat_o[14] (output port clocked by clk)
Path Group: clk
Path Type: min

Fanout         Cap        Slew       Delay        Time   Description
---------------------------------------------------------------------------------------------
                                  0.000000    0.000000   clock clk (rise edge)
                                  4.650000    4.650000   clock source latency
     1    0.053413    0.610000    0.000000    4.650000 ^ wb_clk_i (in)
                                                         wb_clk_i (net)
                      0.627638    0.008378    4.658378 ^ clkbuf_0_wb_clk_i/A (sky130_fd_sc_hd__clkbuf_16)
     2    0.064406    0.132392    0.485183    5.143561 ^ clkbuf_0_wb_clk_i/X (sky130_fd_sc_hd__clkbuf_16)
                                                         clknet_0_wb_clk_i (net)
                      0.132435    0.001817    5.145378 ^ clkbuf_1_1__f_wb_clk_i/A (sky130_fd_sc_hd__clkbuf_16)
     1    0.135215    0.227499    0.354664    5.500042 ^ clkbuf_1_1__f_wb_clk_i/X (sky130_fd_sc_hd__clkbuf_16)
                                                         clknet_1_1__leaf_wb_clk_i (net)
                      0.228965    0.014063    5.514105 ^ i_sram/CLKin (CF_SRAM_1024x32)
     1    0.053096    0.043021    1.860765    7.374869 v i_sram/DO[14] (CF_SRAM_1024x32)
                                                         i_ram_wb_controller.DO[14] (net)
                      0.043235    0.006423    7.381292 v _21_/D (sky130_fd_sc_hd__and4b_2)
     1    0.026320    0.169704    0.573421    7.954713 v _21_/X (sky130_fd_sc_hd__and4b_2)
                                                         net57 (net)
                      0.169747    0.002482    7.957195 v output57/A (sky130_fd_sc_hd__buf_12)
     1    0.191249    0.173659    0.369963    8.327158 v output57/X (sky130_fd_sc_hd__buf_12)
                                                         wbs_dat_o[14] (net)
                      0.173776    0.003881    8.331039 v wbs_dat_o[14] (out)
                                              8.331039   data arrival time

                                  0.000000    0.000000   clock clk (rise edge)
                                  5.570000    5.570000   clock network delay (propagated)
                                  0.100000    5.670000   clock uncertainty
                                  0.000000    5.670000   clock reconvergence pessimism
                                 -1.130000    4.540000   output external delay
                                              4.540000   data required time
---------------------------------------------------------------------------------------------
                                              4.540000   data required time
                                             -8.331039   data arrival time
---------------------------------------------------------------------------------------------
                                              3.791039   slack (MET)


Startpoint: i_sram (rising edge-triggered flip-flop clocked by clk)
Endpoint: wbs_dat_o[13] (output port clocked by clk)
Path Group: clk
Path Type: min

Fanout         Cap        Slew       Delay        Time   Description
---------------------------------------------------------------------------------------------
                                  0.000000    0.000000   clock clk (rise edge)
                                  4.650000    4.650000   clock source latency
     1    0.053413    0.610000    0.000000    4.650000 ^ wb_clk_i (in)
                                                         wb_clk_i (net)
                      0.627638    0.008378    4.658378 ^ clkbuf_0_wb_clk_i/A (sky130_fd_sc_hd__clkbuf_16)
     2    0.064406    0.132392    0.485183    5.143561 ^ clkbuf_0_wb_clk_i/X (sky130_fd_sc_hd__clkbuf_16)
                                                         clknet_0_wb_clk_i (net)
                      0.132435    0.001817    5.145378 ^ clkbuf_1_1__f_wb_clk_i/A (sky130_fd_sc_hd__clkbuf_16)
     1    0.135215    0.227499    0.354664    5.500042 ^ clkbuf_1_1__f_wb_clk_i/X (sky130_fd_sc_hd__clkbuf_16)
                                                         clknet_1_1__leaf_wb_clk_i (net)
                      0.228965    0.014063    5.514105 ^ i_sram/CLKin (CF_SRAM_1024x32)
     2    0.056319    0.042398    1.860371    7.374476 v i_sram/DO[13] (CF_SRAM_1024x32)
                                                         i_ram_wb_controller.DO[13] (net)
                      0.045032    0.007314    7.381790 v _20_/D (sky130_fd_sc_hd__and4b_2)
     1    0.026181    0.169141    0.573824    7.955614 v _20_/X (sky130_fd_sc_hd__and4b_2)
                                                         net56 (net)
                      0.169175    0.002254    7.957869 v output56/A (sky130_fd_sc_hd__buf_12)
     1    0.192333    0.174612    0.369816    8.327684 v output56/X (sky130_fd_sc_hd__buf_12)
                                                         wbs_dat_o[13] (net)
                      0.174774    0.004525    8.332210 v wbs_dat_o[13] (out)
                                              8.332210   data arrival time

                                  0.000000    0.000000   clock clk (rise edge)
                                  5.570000    5.570000   clock network delay (propagated)
                                  0.100000    5.670000   clock uncertainty
                                  0.000000    5.670000   clock reconvergence pessimism
                                 -1.130000    4.540000   output external delay
                                              4.540000   data required time
---------------------------------------------------------------------------------------------
                                              4.540000   data required time
                                             -8.332210   data arrival time
---------------------------------------------------------------------------------------------
                                              3.792210   slack (MET)


Startpoint: i_sram (rising edge-triggered flip-flop clocked by clk)
Endpoint: wbs_dat_o[15] (output port clocked by clk)
Path Group: clk
Path Type: min

Fanout         Cap        Slew       Delay        Time   Description
---------------------------------------------------------------------------------------------
                                  0.000000    0.000000   clock clk (rise edge)
                                  4.650000    4.650000   clock source latency
     1    0.053413    0.610000    0.000000    4.650000 ^ wb_clk_i (in)
                                                         wb_clk_i (net)
                      0.627638    0.008378    4.658378 ^ clkbuf_0_wb_clk_i/A (sky130_fd_sc_hd__clkbuf_16)
     2    0.064406    0.132392    0.485183    5.143561 ^ clkbuf_0_wb_clk_i/X (sky130_fd_sc_hd__clkbuf_16)
                                                         clknet_0_wb_clk_i (net)
                      0.132435    0.001817    5.145378 ^ clkbuf_1_1__f_wb_clk_i/A (sky130_fd_sc_hd__clkbuf_16)
     1    0.135215    0.227499    0.354664    5.500042 ^ clkbuf_1_1__f_wb_clk_i/X (sky130_fd_sc_hd__clkbuf_16)
                                                         clknet_1_1__leaf_wb_clk_i (net)
                      0.228965    0.014063    5.514105 ^ i_sram/CLKin (CF_SRAM_1024x32)
     1    0.045593    0.039174    1.857229    7.371334 v i_sram/DO[15] (CF_SRAM_1024x32)
                                                         i_ram_wb_controller.DO[15] (net)
                      0.039745    0.006867    7.378201 v _22_/D (sky130_fd_sc_hd__and4b_2)
     1    0.030687    0.187104    0.587876    7.966077 v _22_/X (sky130_fd_sc_hd__and4b_2)
                                                         net58 (net)
                      0.187145    0.002598    7.968675 v output58/A (sky130_fd_sc_hd__buf_12)
     1    0.191677    0.174080    0.378007    8.346682 v output58/X (sky130_fd_sc_hd__buf_12)
                                                         wbs_dat_o[15] (net)
                      0.174220    0.004228    8.350909 v wbs_dat_o[15] (out)
                                              8.350909   data arrival time

                                  0.000000    0.000000   clock clk (rise edge)
                                  5.570000    5.570000   clock network delay (propagated)
                                  0.100000    5.670000   clock uncertainty
                                  0.000000    5.670000   clock reconvergence pessimism
                                 -1.130000    4.540000   output external delay
                                              4.540000   data required time
---------------------------------------------------------------------------------------------
                                              4.540000   data required time
                                             -8.350909   data arrival time
---------------------------------------------------------------------------------------------
                                              3.810910   slack (MET)


Startpoint: wb_rst_i (input port clocked by clk)
Endpoint: _45_ (removal check against rising-edge clock clk)
Path Group: asynchronous
Path Type: min

Fanout         Cap        Slew       Delay        Time   Description
---------------------------------------------------------------------------------------------
                                  0.000000    0.000000   clock clk (rise edge)
                                  4.650000    4.650000   clock network delay (propagated)
                                 12.500000   17.150000 v input external delay
     1    0.002365    0.000000    0.000000   17.150000 v wb_rst_i (in)
                                                         wb_rst_i (net)
                      0.000051    0.000025   17.150024 v input1/A (sky130_fd_sc_hd__buf_1)
     1    0.009522    0.119960    0.177245   17.327269 v input1/X (sky130_fd_sc_hd__buf_1)
                                                         net1 (net)
                      0.119960    0.000366   17.327635 v _11_/A (sky130_fd_sc_hd__inv_2)
     1    0.008277    0.077104    0.110568   17.438202 ^ _11_/Y (sky130_fd_sc_hd__inv_2)
                                                         _00_ (net)
                      0.077104    0.000304   17.438507 ^ _45_/RESET_B (sky130_fd_sc_hd__dfrtp_1)
                                             17.438507   data arrival time

                                  0.000000    0.000000   clock clk (rise edge)
                                  5.570000    5.570000   clock source latency
     1    0.053413    0.610000    0.000000    5.570000 ^ wb_clk_i (in)
                                                         wb_clk_i (net)
                      0.627638    0.009260    5.579260 ^ clkbuf_0_wb_clk_i/A (sky130_fd_sc_hd__clkbuf_16)
     2    0.064406    0.132392    0.536255    6.115515 ^ clkbuf_0_wb_clk_i/X (sky130_fd_sc_hd__clkbuf_16)
                                                         clknet_0_wb_clk_i (net)
                      0.133176    0.008781    6.124296 ^ clkbuf_1_0__f_wb_clk_i/A (sky130_fd_sc_hd__clkbuf_16)
     2    0.054188    0.112746    0.309359    6.433656 ^ clkbuf_1_0__f_wb_clk_i/X (sky130_fd_sc_hd__clkbuf_16)
                                                         clknet_1_0__leaf_wb_clk_i (net)
                      0.112765    0.001478    6.435133 ^ _45_/CLK (sky130_fd_sc_hd__dfrtp_1)
                                  0.100000    6.535133   clock uncertainty
                                  0.000000    6.535133   clock reconvergence pessimism
                                  0.672541    7.207675   library removal time
                                              7.207675   data required time
---------------------------------------------------------------------------------------------
                                              7.207675   data required time
                                            -17.438507   data arrival time
---------------------------------------------------------------------------------------------
                                             10.230831   slack (MET)



