
===========================================================================
report_checks -path_delay max (Setup)
============================================================================
======================= nom_tt_025C_1v80 Corner ===================================

Startpoint: wb_rst_i (input port clocked by clk)
Endpoint: _45_ (recovery check against rising-edge clock clk)
Path Group: asynchronous
Path Type: max

Fanout         Cap        Slew       Delay        Time   Description
---------------------------------------------------------------------------------------------
                                  0.000000    0.000000   clock clk (rise edge)
                                  5.570000    5.570000   clock network delay (propagated)
                                 12.500000   18.070000 v input external delay
     1    0.002384    0.000000    0.000000   18.070000 v wb_rst_i (in)
                                                         wb_rst_i (net)
                      0.000052    0.000027   18.070026 v input1/A (sky130_fd_sc_hd__buf_1)
     1    0.009498    0.061746    0.104276   18.174301 v input1/X (sky130_fd_sc_hd__buf_1)
                                                         net1 (net)
                      0.061747    0.000403   18.174706 v _11_/A (sky130_fd_sc_hd__inv_2)
     1    0.008644    0.047580    0.069447   18.244152 ^ _11_/Y (sky130_fd_sc_hd__inv_2)
                                                         _00_ (net)
                      0.047581    0.000353   18.244505 ^ _45_/RESET_B (sky130_fd_sc_hd__dfrtp_1)
                                             18.244505   data arrival time

                                 25.000000   25.000000   clock clk (rise edge)
                                  4.650000   29.650000   clock source latency
     1    0.053413    0.610000    0.000000   29.650000 ^ wb_clk_i (in)
                                                         wb_clk_i (net)
                      0.627638    0.008379   29.658379 ^ clkbuf_0_wb_clk_i/A (sky130_fd_sc_hd__clkbuf_16)
     2    0.064406    0.091968    0.282896   29.941273 ^ clkbuf_0_wb_clk_i/X (sky130_fd_sc_hd__clkbuf_16)
                                                         clknet_0_wb_clk_i (net)
                      0.093210    0.007912   29.949184 ^ clkbuf_1_0__f_wb_clk_i/A (sky130_fd_sc_hd__clkbuf_16)
     2    0.053847    0.072325    0.161041   30.110226 ^ clkbuf_1_0__f_wb_clk_i/X (sky130_fd_sc_hd__clkbuf_16)
                                                         clknet_1_0__leaf_wb_clk_i (net)
                      0.072358    0.001339   30.111567 ^ _45_/CLK (sky130_fd_sc_hd__dfrtp_1)
                                 -0.100000   30.011568   clock uncertainty
                                  0.000000   30.011568   clock reconvergence pessimism
                                  0.238054   30.249620   library recovery time
                                             30.249620   data required time
---------------------------------------------------------------------------------------------
                                             30.249620   data required time
                                            -18.244505   data arrival time
---------------------------------------------------------------------------------------------
                                             12.005116   slack (MET)


Startpoint: wbs_we_i (input port clocked by clk)
Endpoint: wbs_dat_o[10] (output port clocked by clk)
Path Group: clk
Path Type: max

Fanout         Cap        Slew       Delay        Time   Description
---------------------------------------------------------------------------------------------
                                  0.000000    0.000000   clock clk (rise edge)
                                  5.570000    5.570000   clock network delay (propagated)
                                  3.740000    9.310000 v input external delay
     1    0.003695    0.140000    0.000000    9.310000 v wbs_we_i (in)
                                                         wbs_we_i (net)
                      0.140118    0.000062    9.310062 v input50/A (sky130_fd_sc_hd__buf_2)
     5    0.054515    0.131106    0.265731    9.575794 v input50/X (sky130_fd_sc_hd__buf_2)
                                                         net50 (net)
                      0.131267    0.003139    9.578933 v fanout85/A (sky130_fd_sc_hd__buf_4)
    15    0.072954    0.099439    0.253650    9.832583 v fanout85/X (sky130_fd_sc_hd__buf_4)
                                                         net85 (net)
                      0.099449    0.000876    9.833459 v fanout84/A (sky130_fd_sc_hd__clkbuf_2)
    15    0.035718    0.137014    0.226844   10.060303 v fanout84/X (sky130_fd_sc_hd__clkbuf_2)
                                                         net84 (net)
                      0.137021    0.001155   10.061458 v _17_/A_N (sky130_fd_sc_hd__and4b_1)
     1    0.024092    0.244471    0.449226   10.510683 ^ _17_/X (sky130_fd_sc_hd__and4b_1)
                                                         net53 (net)
                      0.244483    0.002097   10.512780 ^ output53/A (sky130_fd_sc_hd__buf_12)
     1    0.191387    0.219579    0.294619   10.807400 ^ output53/X (sky130_fd_sc_hd__buf_12)
                                                         wbs_dat_o[10] (net)
                      0.219757    0.004298   10.811698 ^ wbs_dat_o[10] (out)
                                             10.811698   data arrival time

                                 25.000000   25.000000   clock clk (rise edge)
                                  4.650000   29.650000   clock network delay (propagated)
                                 -0.100000   29.549999   clock uncertainty
                                  0.000000   29.549999   clock reconvergence pessimism
                                 -3.620000   25.929998   output external delay
                                             25.929998   data required time
---------------------------------------------------------------------------------------------
                                             25.929998   data required time
                                            -10.811698   data arrival time
---------------------------------------------------------------------------------------------
                                             15.118299   slack (MET)


Startpoint: wbs_we_i (input port clocked by clk)
Endpoint: wbs_dat_o[15] (output port clocked by clk)
Path Group: clk
Path Type: max

Fanout         Cap        Slew       Delay        Time   Description
---------------------------------------------------------------------------------------------
                                  0.000000    0.000000   clock clk (rise edge)
                                  5.570000    5.570000   clock network delay (propagated)
                                  3.740000    9.310000 ^ input external delay
     1    0.003855    0.140000    0.000000    9.310000 ^ wbs_we_i (in)
                                                         wbs_we_i (net)
                      0.140124    0.000065    9.310065 ^ input50/A (sky130_fd_sc_hd__buf_2)
     5    0.055287    0.269537    0.311497    9.621562 ^ input50/X (sky130_fd_sc_hd__buf_2)
                                                         net50 (net)
                      0.269586    0.003194    9.624756 ^ fanout85/A (sky130_fd_sc_hd__buf_4)
    15    0.076251    0.213019    0.314369    9.939124 ^ fanout85/X (sky130_fd_sc_hd__buf_4)
                                                         net85 (net)
                      0.213024    0.000917    9.940042 ^ fanout84/A (sky130_fd_sc_hd__clkbuf_2)
    15    0.037635    0.206840    0.284158   10.224199 ^ fanout84/X (sky130_fd_sc_hd__clkbuf_2)
                                                         net84 (net)
                      0.206840    0.000465   10.224664 ^ _22_/A_N (sky130_fd_sc_hd__and4b_2)
     1    0.030852    0.106241    0.343060   10.567724 v _22_/X (sky130_fd_sc_hd__and4b_2)
                                                         net58 (net)
                      0.106328    0.002891   10.570615 v output58/A (sky130_fd_sc_hd__buf_12)
     1    0.191677    0.103678    0.231809   10.802424 v output58/X (sky130_fd_sc_hd__buf_12)
                                                         wbs_dat_o[15] (net)
                      0.103929    0.004660   10.807084 v wbs_dat_o[15] (out)
                                             10.807084   data arrival time

                                 25.000000   25.000000   clock clk (rise edge)
                                  4.650000   29.650000   clock network delay (propagated)
                                 -0.100000   29.549999   clock uncertainty
                                  0.000000   29.549999   clock reconvergence pessimism
                                 -3.620000   25.929998   output external delay
                                             25.929998   data required time
---------------------------------------------------------------------------------------------
                                             25.929998   data required time
                                            -10.807084   data arrival time
---------------------------------------------------------------------------------------------
                                             15.122915   slack (MET)


Startpoint: wbs_we_i (input port clocked by clk)
Endpoint: wbs_dat_o[11] (output port clocked by clk)
Path Group: clk
Path Type: max

Fanout         Cap        Slew       Delay        Time   Description
---------------------------------------------------------------------------------------------
                                  0.000000    0.000000   clock clk (rise edge)
                                  5.570000    5.570000   clock network delay (propagated)
                                  3.740000    9.310000 v input external delay
     1    0.003695    0.140000    0.000000    9.310000 v wbs_we_i (in)
                                                         wbs_we_i (net)
                      0.140118    0.000062    9.310062 v input50/A (sky130_fd_sc_hd__buf_2)
     5    0.054515    0.131106    0.265731    9.575794 v input50/X (sky130_fd_sc_hd__buf_2)
                                                         net50 (net)
                      0.131267    0.003139    9.578933 v fanout85/A (sky130_fd_sc_hd__buf_4)
    15    0.072954    0.099439    0.253650    9.832583 v fanout85/X (sky130_fd_sc_hd__buf_4)
                                                         net85 (net)
                      0.099449    0.000876    9.833459 v fanout84/A (sky130_fd_sc_hd__clkbuf_2)
    15    0.035718    0.137014    0.226844   10.060303 v fanout84/X (sky130_fd_sc_hd__clkbuf_2)
                                                         net84 (net)
                      0.137021    0.001164   10.061467 v _18_/A_N (sky130_fd_sc_hd__and4b_1)
     1    0.021777    0.224937    0.432815   10.494282 ^ _18_/X (sky130_fd_sc_hd__and4b_1)
                                                         net54 (net)
                      0.224946    0.001762   10.496044 ^ output54/A (sky130_fd_sc_hd__buf_12)
     1    0.191357    0.219451    0.292210   10.788254 ^ output54/X (sky130_fd_sc_hd__buf_12)
                                                         wbs_dat_o[11] (net)
                      0.219634    0.004376   10.792630 ^ wbs_dat_o[11] (out)
                                             10.792630   data arrival time

                                 25.000000   25.000000   clock clk (rise edge)
                                  4.650000   29.650000   clock network delay (propagated)
                                 -0.100000   29.549999   clock uncertainty
                                  0.000000   29.549999   clock reconvergence pessimism
                                 -3.620000   25.929998   output external delay
                                             25.929998   data required time
---------------------------------------------------------------------------------------------
                                             25.929998   data required time
                                            -10.792630   data arrival time
---------------------------------------------------------------------------------------------
                                             15.137367   slack (MET)


Startpoint: wbs_we_i (input port clocked by clk)
Endpoint: wbs_dat_o[13] (output port clocked by clk)
Path Group: clk
Path Type: max

Fanout         Cap        Slew       Delay        Time   Description
---------------------------------------------------------------------------------------------
                                  0.000000    0.000000   clock clk (rise edge)
                                  5.570000    5.570000   clock network delay (propagated)
                                  3.740000    9.310000 ^ input external delay
     1    0.003855    0.140000    0.000000    9.310000 ^ wbs_we_i (in)
                                                         wbs_we_i (net)
                      0.140124    0.000065    9.310065 ^ input50/A (sky130_fd_sc_hd__buf_2)
     5    0.055287    0.269537    0.311497    9.621562 ^ input50/X (sky130_fd_sc_hd__buf_2)
                                                         net50 (net)
                      0.269586    0.003194    9.624756 ^ fanout85/A (sky130_fd_sc_hd__buf_4)
    15    0.076251    0.213019    0.314369    9.939124 ^ fanout85/X (sky130_fd_sc_hd__buf_4)
                                                         net85 (net)
                      0.213024    0.000917    9.940042 ^ fanout84/A (sky130_fd_sc_hd__clkbuf_2)
    15    0.037635    0.206840    0.284158   10.224199 ^ fanout84/X (sky130_fd_sc_hd__clkbuf_2)
                                                         net84 (net)
                      0.206844    0.001240   10.225439 ^ _20_/A_N (sky130_fd_sc_hd__and4b_2)
     1    0.026346    0.095624    0.332282   10.557721 v _20_/X (sky130_fd_sc_hd__and4b_2)
                                                         net56 (net)
                      0.095696    0.002509   10.560230 v output56/A (sky130_fd_sc_hd__buf_12)
     1    0.192333    0.104061    0.226577   10.786807 v output56/X (sky130_fd_sc_hd__buf_12)
                                                         wbs_dat_o[13] (net)
                      0.104349    0.004987   10.791795 v wbs_dat_o[13] (out)
                                             10.791795   data arrival time

                                 25.000000   25.000000   clock clk (rise edge)
                                  4.650000   29.650000   clock network delay (propagated)
                                 -0.100000   29.549999   clock uncertainty
                                  0.000000   29.549999   clock reconvergence pessimism
                                 -3.620000   25.929998   output external delay
                                             25.929998   data required time
---------------------------------------------------------------------------------------------
                                             25.929998   data required time
                                            -10.791795   data arrival time
---------------------------------------------------------------------------------------------
                                             15.138204   slack (MET)


Startpoint: wbs_we_i (input port clocked by clk)
Endpoint: wbs_dat_o[14] (output port clocked by clk)
Path Group: clk
Path Type: max

Fanout         Cap        Slew       Delay        Time   Description
---------------------------------------------------------------------------------------------
                                  0.000000    0.000000   clock clk (rise edge)
                                  5.570000    5.570000   clock network delay (propagated)
                                  3.740000    9.310000 ^ input external delay
     1    0.003855    0.140000    0.000000    9.310000 ^ wbs_we_i (in)
                                                         wbs_we_i (net)
                      0.140124    0.000065    9.310065 ^ input50/A (sky130_fd_sc_hd__buf_2)
     5    0.055287    0.269537    0.311497    9.621562 ^ input50/X (sky130_fd_sc_hd__buf_2)
                                                         net50 (net)
                      0.269586    0.003194    9.624756 ^ fanout85/A (sky130_fd_sc_hd__buf_4)
    15    0.076251    0.213019    0.314369    9.939124 ^ fanout85/X (sky130_fd_sc_hd__buf_4)
                                                         net85 (net)
                      0.213024    0.000917    9.940042 ^ fanout84/A (sky130_fd_sc_hd__clkbuf_2)
    15    0.037635    0.206840    0.284158   10.224199 ^ fanout84/X (sky130_fd_sc_hd__clkbuf_2)
                                                         net84 (net)
                      0.206840    0.000407   10.224607 ^ _21_/A_N (sky130_fd_sc_hd__and4b_2)
     1    0.026485    0.095685    0.332546   10.557153 v _21_/X (sky130_fd_sc_hd__and4b_2)
                                                         net57 (net)
                      0.095774    0.002762   10.559915 v output57/A (sky130_fd_sc_hd__buf_12)
     1    0.191249    0.103335    0.226754   10.786669 v output57/X (sky130_fd_sc_hd__buf_12)
                                                         wbs_dat_o[14] (net)
                      0.103545    0.004279   10.790948 v wbs_dat_o[14] (out)
                                             10.790948   data arrival time

                                 25.000000   25.000000   clock clk (rise edge)
                                  4.650000   29.650000   clock network delay (propagated)
                                 -0.100000   29.549999   clock uncertainty
                                  0.000000   29.549999   clock reconvergence pessimism
                                 -3.620000   25.929998   output external delay
                                             25.929998   data required time
---------------------------------------------------------------------------------------------
                                             25.929998   data required time
                                            -10.790948   data arrival time
---------------------------------------------------------------------------------------------
                                             15.139051   slack (MET)


Startpoint: wbs_we_i (input port clocked by clk)
Endpoint: wbs_dat_o[8] (output port clocked by clk)
Path Group: clk
Path Type: max

Fanout         Cap        Slew       Delay        Time   Description
---------------------------------------------------------------------------------------------
                                  0.000000    0.000000   clock clk (rise edge)
                                  5.570000    5.570000   clock network delay (propagated)
                                  3.740000    9.310000 v input external delay
     1    0.003695    0.140000    0.000000    9.310000 v wbs_we_i (in)
                                                         wbs_we_i (net)
                      0.140118    0.000062    9.310062 v input50/A (sky130_fd_sc_hd__buf_2)
     5    0.054515    0.131106    0.265731    9.575794 v input50/X (sky130_fd_sc_hd__buf_2)
                                                         net50 (net)
                      0.131267    0.003139    9.578933 v fanout85/A (sky130_fd_sc_hd__buf_4)
    15    0.072954    0.099439    0.253650    9.832583 v fanout85/X (sky130_fd_sc_hd__buf_4)
                                                         net85 (net)
                      0.099449    0.000876    9.833459 v fanout84/A (sky130_fd_sc_hd__clkbuf_2)
    15    0.035718    0.137014    0.226844   10.060303 v fanout84/X (sky130_fd_sc_hd__clkbuf_2)
                                                         net84 (net)
                      0.137023    0.001275   10.061578 v _15_/A_N (sky130_fd_sc_hd__and4b_1)
     1    0.021319    0.220671    0.429766   10.491343 ^ _15_/X (sky130_fd_sc_hd__and4b_1)
                                                         net82 (net)
                      0.220674    0.001218   10.492561 ^ output82/A (sky130_fd_sc_hd__buf_12)
     1    0.191421    0.219510    0.291426   10.783987 ^ output82/X (sky130_fd_sc_hd__buf_12)
                                                         wbs_dat_o[8] (net)
                      0.219686    0.004245   10.788233 ^ wbs_dat_o[8] (out)
                                             10.788233   data arrival time

                                 25.000000   25.000000   clock clk (rise edge)
                                  4.650000   29.650000   clock network delay (propagated)
                                 -0.100000   29.549999   clock uncertainty
                                  0.000000   29.549999   clock reconvergence pessimism
                                 -3.620000   25.929998   output external delay
                                             25.929998   data required time
---------------------------------------------------------------------------------------------
                                             25.929998   data required time
                                            -10.788233   data arrival time
---------------------------------------------------------------------------------------------
                                             15.141766   slack (MET)


Startpoint: wbs_we_i (input port clocked by clk)
Endpoint: wbs_dat_o[9] (output port clocked by clk)
Path Group: clk
Path Type: max

Fanout         Cap        Slew       Delay        Time   Description
---------------------------------------------------------------------------------------------
                                  0.000000    0.000000   clock clk (rise edge)
                                  5.570000    5.570000   clock network delay (propagated)
                                  3.740000    9.310000 v input external delay
     1    0.003695    0.140000    0.000000    9.310000 v wbs_we_i (in)
                                                         wbs_we_i (net)
                      0.140118    0.000062    9.310062 v input50/A (sky130_fd_sc_hd__buf_2)
     5    0.054515    0.131106    0.265731    9.575794 v input50/X (sky130_fd_sc_hd__buf_2)
                                                         net50 (net)
                      0.131267    0.003139    9.578933 v fanout85/A (sky130_fd_sc_hd__buf_4)
    15    0.072954    0.099439    0.253650    9.832583 v fanout85/X (sky130_fd_sc_hd__buf_4)
                                                         net85 (net)
                      0.099449    0.000876    9.833459 v fanout84/A (sky130_fd_sc_hd__clkbuf_2)
    15    0.035718    0.137014    0.226844   10.060303 v fanout84/X (sky130_fd_sc_hd__clkbuf_2)
                                                         net84 (net)
                      0.137022    0.001185   10.061488 v _16_/A_N (sky130_fd_sc_hd__and4b_1)
     1    0.020169    0.210329    0.421111   10.482599 ^ _16_/X (sky130_fd_sc_hd__and4b_1)
                                                         net83 (net)
                      0.210338    0.001704   10.484303 ^ output83/A (sky130_fd_sc_hd__buf_12)
     1    0.192681    0.220907    0.288881   10.773184 ^ output83/X (sky130_fd_sc_hd__buf_12)
                                                         wbs_dat_o[9] (net)
                      0.221077    0.005342   10.778526 ^ wbs_dat_o[9] (out)
                                             10.778526   data arrival time

                                 25.000000   25.000000   clock clk (rise edge)
                                  4.650000   29.650000   clock network delay (propagated)
                                 -0.100000   29.549999   clock uncertainty
                                  0.000000   29.549999   clock reconvergence pessimism
                                 -3.620000   25.929998   output external delay
                                             25.929998   data required time
---------------------------------------------------------------------------------------------
                                             25.929998   data required time
                                            -10.778526   data arrival time
---------------------------------------------------------------------------------------------
                                             15.151472   slack (MET)


Startpoint: wbs_we_i (input port clocked by clk)
Endpoint: wbs_dat_o[12] (output port clocked by clk)
Path Group: clk
Path Type: max

Fanout         Cap        Slew       Delay        Time   Description
---------------------------------------------------------------------------------------------
                                  0.000000    0.000000   clock clk (rise edge)
                                  5.570000    5.570000   clock network delay (propagated)
                                  3.740000    9.310000 ^ input external delay
     1    0.003855    0.140000    0.000000    9.310000 ^ wbs_we_i (in)
                                                         wbs_we_i (net)
                      0.140124    0.000065    9.310065 ^ input50/A (sky130_fd_sc_hd__buf_2)
     5    0.055287    0.269537    0.311497    9.621562 ^ input50/X (sky130_fd_sc_hd__buf_2)
                                                         net50 (net)
                      0.269586    0.003194    9.624756 ^ fanout85/A (sky130_fd_sc_hd__buf_4)
    15    0.076251    0.213019    0.314369    9.939124 ^ fanout85/X (sky130_fd_sc_hd__buf_4)
                                                         net85 (net)
                      0.213024    0.000917    9.940042 ^ fanout84/A (sky130_fd_sc_hd__clkbuf_2)
    15    0.037635    0.206840    0.284158   10.224199 ^ fanout84/X (sky130_fd_sc_hd__clkbuf_2)
                                                         net84 (net)
                      0.206841    0.000965   10.225165 ^ _19_/A_N (sky130_fd_sc_hd__and4b_2)
     1    0.020479    0.082014    0.318422   10.543587 v _19_/X (sky130_fd_sc_hd__and4b_2)
                                                         net55 (net)
                      0.082067    0.002011   10.545598 v output55/A (sky130_fd_sc_hd__buf_12)
     1    0.191482    0.105005    0.222331   10.767928 v output55/X (sky130_fd_sc_hd__buf_12)
                                                         wbs_dat_o[12] (net)
                      0.105198    0.004154   10.772082 v wbs_dat_o[12] (out)
                                             10.772082   data arrival time

                                 25.000000   25.000000   clock clk (rise edge)
                                  4.650000   29.650000   clock network delay (propagated)
                                 -0.100000   29.549999   clock uncertainty
                                  0.000000   29.549999   clock reconvergence pessimism
                                 -3.620000   25.929998   output external delay
                                             25.929998   data required time
---------------------------------------------------------------------------------------------
                                             25.929998   data required time
                                            -10.772082   data arrival time
---------------------------------------------------------------------------------------------
                                             15.157916   slack (MET)


Startpoint: wbs_we_i (input port clocked by clk)
Endpoint: wbs_dat_o[0] (output port clocked by clk)
Path Group: clk
Path Type: max

Fanout         Cap        Slew       Delay        Time   Description
---------------------------------------------------------------------------------------------
                                  0.000000    0.000000   clock clk (rise edge)
                                  5.570000    5.570000   clock network delay (propagated)
                                  3.740000    9.310000 v input external delay
     1    0.003695    0.140000    0.000000    9.310000 v wbs_we_i (in)
                                                         wbs_we_i (net)
                      0.140118    0.000062    9.310062 v input50/A (sky130_fd_sc_hd__buf_2)
     5    0.054515    0.131106    0.265731    9.575794 v input50/X (sky130_fd_sc_hd__buf_2)
                                                         net50 (net)
                      0.131267    0.003139    9.578933 v fanout85/A (sky130_fd_sc_hd__buf_4)
    15    0.072954    0.099439    0.253650    9.832583 v fanout85/X (sky130_fd_sc_hd__buf_4)
                                                         net85 (net)
                      0.099449    0.000876    9.833459 v fanout84/A (sky130_fd_sc_hd__clkbuf_2)
    15    0.035718    0.137014    0.226844   10.060303 v fanout84/X (sky130_fd_sc_hd__clkbuf_2)
                                                         net84 (net)
                      0.137033    0.001699   10.062002 v _39_/A_N (sky130_fd_sc_hd__and4b_1)
     1    0.018652    0.196498    0.410295   10.472297 ^ _39_/X (sky130_fd_sc_hd__and4b_1)
                                                         net52 (net)
                      0.196502    0.001283   10.473579 ^ output52/A (sky130_fd_sc_hd__buf_12)
     1    0.191328    0.219375    0.284761   10.758340 ^ output52/X (sky130_fd_sc_hd__buf_12)
                                                         wbs_dat_o[0] (net)
                      0.219567    0.004531   10.762871 ^ wbs_dat_o[0] (out)
                                             10.762871   data arrival time

                                 25.000000   25.000000   clock clk (rise edge)
                                  4.650000   29.650000   clock network delay (propagated)
                                 -0.100000   29.549999   clock uncertainty
                                  0.000000   29.549999   clock reconvergence pessimism
                                 -3.620000   25.929998   output external delay
                                             25.929998   data required time
---------------------------------------------------------------------------------------------
                                             25.929998   data required time
                                            -10.762871   data arrival time
---------------------------------------------------------------------------------------------
                                             15.167129   slack (MET)


Startpoint: wbs_we_i (input port clocked by clk)
Endpoint: wbs_dat_o[7] (output port clocked by clk)
Path Group: clk
Path Type: max

Fanout         Cap        Slew       Delay        Time   Description
---------------------------------------------------------------------------------------------
                                  0.000000    0.000000   clock clk (rise edge)
                                  5.570000    5.570000   clock network delay (propagated)
                                  3.740000    9.310000 v input external delay
     1    0.003695    0.140000    0.000000    9.310000 v wbs_we_i (in)
                                                         wbs_we_i (net)
                      0.140118    0.000062    9.310062 v input50/A (sky130_fd_sc_hd__buf_2)
     5    0.054515    0.131106    0.265731    9.575794 v input50/X (sky130_fd_sc_hd__buf_2)
                                                         net50 (net)
                      0.131267    0.003139    9.578933 v fanout85/A (sky130_fd_sc_hd__buf_4)
    15    0.072954    0.099439    0.253650    9.832583 v fanout85/X (sky130_fd_sc_hd__buf_4)
                                                         net85 (net)
                      0.099449    0.000876    9.833459 v fanout84/A (sky130_fd_sc_hd__clkbuf_2)
    15    0.035718    0.137014    0.226844   10.060303 v fanout84/X (sky130_fd_sc_hd__clkbuf_2)
                                                         net84 (net)
                      0.137025    0.001365   10.061668 v _14_/A_N (sky130_fd_sc_hd__and4b_1)
     1    0.018341    0.193656    0.408108   10.469776 ^ _14_/X (sky130_fd_sc_hd__and4b_1)
                                                         net81 (net)
                      0.193659    0.001124   10.470901 ^ output81/A (sky130_fd_sc_hd__buf_12)
     1    0.191231    0.219271    0.284254   10.755155 ^ output81/X (sky130_fd_sc_hd__buf_12)
                                                         wbs_dat_o[7] (net)
                      0.219439    0.004102   10.759256 ^ wbs_dat_o[7] (out)
                                             10.759256   data arrival time

                                 25.000000   25.000000   clock clk (rise edge)
                                  4.650000   29.650000   clock network delay (propagated)
                                 -0.100000   29.549999   clock uncertainty
                                  0.000000   29.549999   clock reconvergence pessimism
                                 -3.620000   25.929998   output external delay
                                             25.929998   data required time
---------------------------------------------------------------------------------------------
                                             25.929998   data required time
                                            -10.759256   data arrival time
---------------------------------------------------------------------------------------------
                                             15.170741   slack (MET)


Startpoint: wbs_we_i (input port clocked by clk)
Endpoint: wbs_dat_o[6] (output port clocked by clk)
Path Group: clk
Path Type: max

Fanout         Cap        Slew       Delay        Time   Description
---------------------------------------------------------------------------------------------
                                  0.000000    0.000000   clock clk (rise edge)
                                  5.570000    5.570000   clock network delay (propagated)
                                  3.740000    9.310000 ^ input external delay
     1    0.003855    0.140000    0.000000    9.310000 ^ wbs_we_i (in)
                                                         wbs_we_i (net)
                      0.140124    0.000065    9.310065 ^ input50/A (sky130_fd_sc_hd__buf_2)
     5    0.055287    0.269537    0.311497    9.621562 ^ input50/X (sky130_fd_sc_hd__buf_2)
                                                         net50 (net)
                      0.269586    0.003194    9.624756 ^ fanout85/A (sky130_fd_sc_hd__buf_4)
    15    0.076251    0.213019    0.314369    9.939124 ^ fanout85/X (sky130_fd_sc_hd__buf_4)
                                                         net85 (net)
                      0.213024    0.000917    9.940042 ^ fanout84/A (sky130_fd_sc_hd__clkbuf_2)
    15    0.037635    0.206840    0.284158   10.224199 ^ fanout84/X (sky130_fd_sc_hd__clkbuf_2)
                                                         net84 (net)
                      0.206848    0.001584   10.225783 ^ _13_/A_N (sky130_fd_sc_hd__and4b_1)
     1    0.013771    0.085228    0.283162   10.508945 v _13_/X (sky130_fd_sc_hd__and4b_1)
                                                         net80 (net)
                      0.085232    0.000725   10.509670 v output80/A (sky130_fd_sc_hd__buf_12)
     1    0.191345    0.103445    0.221401   10.731071 v output80/X (sky130_fd_sc_hd__buf_12)
                                                         wbs_dat_o[6] (net)
                      0.103683    0.004547   10.735617 v wbs_dat_o[6] (out)
                                             10.735617   data arrival time

                                 25.000000   25.000000   clock clk (rise edge)
                                  4.650000   29.650000   clock network delay (propagated)
                                 -0.100000   29.549999   clock uncertainty
                                  0.000000   29.549999   clock reconvergence pessimism
                                 -3.620000   25.929998   output external delay
                                             25.929998   data required time
---------------------------------------------------------------------------------------------
                                             25.929998   data required time
                                            -10.735617   data arrival time
---------------------------------------------------------------------------------------------
                                             15.194382   slack (MET)


Startpoint: wbs_we_i (input port clocked by clk)
Endpoint: wbs_dat_o[5] (output port clocked by clk)
Path Group: clk
Path Type: max

Fanout         Cap        Slew       Delay        Time   Description
---------------------------------------------------------------------------------------------
                                  0.000000    0.000000   clock clk (rise edge)
                                  5.570000    5.570000   clock network delay (propagated)
                                  3.740000    9.310000 ^ input external delay
     1    0.003855    0.140000    0.000000    9.310000 ^ wbs_we_i (in)
                                                         wbs_we_i (net)
                      0.140124    0.000065    9.310065 ^ input50/A (sky130_fd_sc_hd__buf_2)
     5    0.055287    0.269537    0.311497    9.621562 ^ input50/X (sky130_fd_sc_hd__buf_2)
                                                         net50 (net)
                      0.269586    0.003194    9.624756 ^ fanout85/A (sky130_fd_sc_hd__buf_4)
    15    0.076251    0.213019    0.314369    9.939124 ^ fanout85/X (sky130_fd_sc_hd__buf_4)
                                                         net85 (net)
                      0.213024    0.000917    9.940042 ^ fanout84/A (sky130_fd_sc_hd__clkbuf_2)
    15    0.037635    0.206840    0.284158   10.224199 ^ fanout84/X (sky130_fd_sc_hd__clkbuf_2)
                                                         net84 (net)
                      0.206849    0.001647   10.225846 ^ _44_/A_N (sky130_fd_sc_hd__and4b_1)
     1    0.012934    0.081673    0.279747   10.505593 v _44_/X (sky130_fd_sc_hd__and4b_1)
                                                         net79 (net)
                      0.081677    0.000698   10.506291 v output79/A (sky130_fd_sc_hd__buf_12)
     1    0.191392    0.103440    0.219713   10.726005 v output79/X (sky130_fd_sc_hd__buf_12)
                                                         wbs_dat_o[5] (net)
                      0.103672    0.004489   10.730494 v wbs_dat_o[5] (out)
                                             10.730494   data arrival time

                                 25.000000   25.000000   clock clk (rise edge)
                                  4.650000   29.650000   clock network delay (propagated)
                                 -0.100000   29.549999   clock uncertainty
                                  0.000000   29.549999   clock reconvergence pessimism
                                 -3.620000   25.929998   output external delay
                                             25.929998   data required time
---------------------------------------------------------------------------------------------
                                             25.929998   data required time
                                            -10.730494   data arrival time
---------------------------------------------------------------------------------------------
                                             15.199504   slack (MET)


Startpoint: wbs_we_i (input port clocked by clk)
Endpoint: wbs_dat_o[2] (output port clocked by clk)
Path Group: clk
Path Type: max

Fanout         Cap        Slew       Delay        Time   Description
---------------------------------------------------------------------------------------------
                                  0.000000    0.000000   clock clk (rise edge)
                                  5.570000    5.570000   clock network delay (propagated)
                                  3.740000    9.310000 ^ input external delay
     1    0.003855    0.140000    0.000000    9.310000 ^ wbs_we_i (in)
                                                         wbs_we_i (net)
                      0.140124    0.000065    9.310065 ^ input50/A (sky130_fd_sc_hd__buf_2)
     5    0.055287    0.269537    0.311497    9.621562 ^ input50/X (sky130_fd_sc_hd__buf_2)
                                                         net50 (net)
                      0.269586    0.003194    9.624756 ^ fanout85/A (sky130_fd_sc_hd__buf_4)
    15    0.076251    0.213019    0.314369    9.939124 ^ fanout85/X (sky130_fd_sc_hd__buf_4)
                                                         net85 (net)
                      0.213024    0.000917    9.940042 ^ fanout84/A (sky130_fd_sc_hd__clkbuf_2)
    15    0.037635    0.206840    0.284158   10.224199 ^ fanout84/X (sky130_fd_sc_hd__clkbuf_2)
                                                         net84 (net)
                      0.206852    0.001848   10.226048 ^ _41_/A_N (sky130_fd_sc_hd__and4b_1)
     1    0.012882    0.081419    0.279572   10.505620 v _41_/X (sky130_fd_sc_hd__and4b_1)
                                                         net74 (net)
                      0.081422    0.000617   10.506237 v output74/A (sky130_fd_sc_hd__buf_12)
     1    0.191155    0.103194    0.219816   10.726053 v output74/X (sky130_fd_sc_hd__buf_12)
                                                         wbs_dat_o[2] (net)
                      0.103385    0.004084   10.730137 v wbs_dat_o[2] (out)
                                             10.730137   data arrival time

                                 25.000000   25.000000   clock clk (rise edge)
                                  4.650000   29.650000   clock network delay (propagated)
                                 -0.100000   29.549999   clock uncertainty
                                  0.000000   29.549999   clock reconvergence pessimism
                                 -3.620000   25.929998   output external delay
                                             25.929998   data required time
---------------------------------------------------------------------------------------------
                                             25.929998   data required time
                                            -10.730137   data arrival time
---------------------------------------------------------------------------------------------
                                             15.199862   slack (MET)


Startpoint: wbs_we_i (input port clocked by clk)
Endpoint: wbs_dat_o[4] (output port clocked by clk)
Path Group: clk
Path Type: max

Fanout         Cap        Slew       Delay        Time   Description
---------------------------------------------------------------------------------------------
                                  0.000000    0.000000   clock clk (rise edge)
                                  5.570000    5.570000   clock network delay (propagated)
                                  3.740000    9.310000 ^ input external delay
     1    0.003855    0.140000    0.000000    9.310000 ^ wbs_we_i (in)
                                                         wbs_we_i (net)
                      0.140124    0.000065    9.310065 ^ input50/A (sky130_fd_sc_hd__buf_2)
     5    0.055287    0.269537    0.311497    9.621562 ^ input50/X (sky130_fd_sc_hd__buf_2)
                                                         net50 (net)
                      0.269586    0.003194    9.624756 ^ fanout85/A (sky130_fd_sc_hd__buf_4)
    15    0.076251    0.213019    0.314369    9.939124 ^ fanout85/X (sky130_fd_sc_hd__buf_4)
                                                         net85 (net)
                      0.213024    0.000917    9.940042 ^ fanout84/A (sky130_fd_sc_hd__clkbuf_2)
    15    0.037635    0.206840    0.284158   10.224199 ^ fanout84/X (sky130_fd_sc_hd__clkbuf_2)
                                                         net84 (net)
                      0.206852    0.001847   10.226047 ^ _43_/A_N (sky130_fd_sc_hd__and4b_1)
     1    0.011762    0.076713    0.275089   10.501136 v _43_/X (sky130_fd_sc_hd__and4b_1)
                                                         net78 (net)
                      0.076714    0.000500   10.501637 v output78/A (sky130_fd_sc_hd__buf_12)
     1    0.191374    0.103353    0.217506   10.719142 v output78/X (sky130_fd_sc_hd__buf_12)
                                                         wbs_dat_o[4] (net)
                      0.103563    0.004279   10.723421 v wbs_dat_o[4] (out)
                                             10.723421   data arrival time

                                 25.000000   25.000000   clock clk (rise edge)
                                  4.650000   29.650000   clock network delay (propagated)
                                 -0.100000   29.549999   clock uncertainty
                                  0.000000   29.549999   clock reconvergence pessimism
                                 -3.620000   25.929998   output external delay
                                             25.929998   data required time
---------------------------------------------------------------------------------------------
                                             25.929998   data required time
                                            -10.723421   data arrival time
---------------------------------------------------------------------------------------------
                                             15.206577   slack (MET)


Startpoint: wbs_we_i (input port clocked by clk)
Endpoint: wbs_dat_o[3] (output port clocked by clk)
Path Group: clk
Path Type: max

Fanout         Cap        Slew       Delay        Time   Description
---------------------------------------------------------------------------------------------
                                  0.000000    0.000000   clock clk (rise edge)
                                  5.570000    5.570000   clock network delay (propagated)
                                  3.740000    9.310000 ^ input external delay
     1    0.003855    0.140000    0.000000    9.310000 ^ wbs_we_i (in)
                                                         wbs_we_i (net)
                      0.140124    0.000065    9.310065 ^ input50/A (sky130_fd_sc_hd__buf_2)
     5    0.055287    0.269537    0.311497    9.621562 ^ input50/X (sky130_fd_sc_hd__buf_2)
                                                         net50 (net)
                      0.269586    0.003194    9.624756 ^ fanout85/A (sky130_fd_sc_hd__buf_4)
    15    0.076251    0.213019    0.314369    9.939124 ^ fanout85/X (sky130_fd_sc_hd__buf_4)
                                                         net85 (net)
                      0.213024    0.000917    9.940042 ^ fanout84/A (sky130_fd_sc_hd__clkbuf_2)
    15    0.037635    0.206840    0.284158   10.224199 ^ fanout84/X (sky130_fd_sc_hd__clkbuf_2)
                                                         net84 (net)
                      0.206850    0.001722   10.225922 ^ _42_/A_N (sky130_fd_sc_hd__and4b_1)
     1    0.010475    0.071283    0.269915   10.495836 v _42_/X (sky130_fd_sc_hd__and4b_1)
                                                         net77 (net)
                      0.071283    0.000387   10.496223 v output77/A (sky130_fd_sc_hd__buf_12)
     1    0.191372    0.103268    0.215170   10.711394 v output77/X (sky130_fd_sc_hd__buf_12)
                                                         wbs_dat_o[3] (net)
                      0.103454    0.004037   10.715430 v wbs_dat_o[3] (out)
                                             10.715430   data arrival time

                                 25.000000   25.000000   clock clk (rise edge)
                                  4.650000   29.650000   clock network delay (propagated)
                                 -0.100000   29.549999   clock uncertainty
                                  0.000000   29.549999   clock reconvergence pessimism
                                 -3.620000   25.929998   output external delay
                                             25.929998   data required time
---------------------------------------------------------------------------------------------
                                             25.929998   data required time
                                            -10.715430   data arrival time
---------------------------------------------------------------------------------------------
                                             15.214568   slack (MET)


Startpoint: wbs_we_i (input port clocked by clk)
Endpoint: wbs_dat_o[1] (output port clocked by clk)
Path Group: clk
Path Type: max

Fanout         Cap        Slew       Delay        Time   Description
---------------------------------------------------------------------------------------------
                                  0.000000    0.000000   clock clk (rise edge)
                                  5.570000    5.570000   clock network delay (propagated)
                                  3.740000    9.310000 v input external delay
     1    0.003695    0.140000    0.000000    9.310000 v wbs_we_i (in)
                                                         wbs_we_i (net)
                      0.140118    0.000062    9.310062 v input50/A (sky130_fd_sc_hd__buf_2)
     5    0.054515    0.131106    0.265731    9.575794 v input50/X (sky130_fd_sc_hd__buf_2)
                                                         net50 (net)
                      0.131267    0.003139    9.578933 v fanout85/A (sky130_fd_sc_hd__buf_4)
    15    0.072954    0.099439    0.253650    9.832583 v fanout85/X (sky130_fd_sc_hd__buf_4)
                                                         net85 (net)
                      0.099505    0.002257    9.834840 v _40_/A_N (sky130_fd_sc_hd__and4b_1)
     1    0.018380    0.193943    0.391141   10.225982 ^ _40_/X (sky130_fd_sc_hd__and4b_1)
                                                         net63 (net)
                      0.193945    0.001131   10.227112 ^ output63/A (sky130_fd_sc_hd__buf_12)
     1    0.190537    0.221033    0.285657   10.512769 ^ output63/X (sky130_fd_sc_hd__buf_12)
                                                         wbs_dat_o[1] (net)
                      0.221171    0.003410   10.516178 ^ wbs_dat_o[1] (out)
                                             10.516178   data arrival time

                                 25.000000   25.000000   clock clk (rise edge)
                                  4.650000   29.650000   clock network delay (propagated)
                                 -0.100000   29.549999   clock uncertainty
                                  0.000000   29.549999   clock reconvergence pessimism
                                 -3.620000   25.929998   output external delay
                                             25.929998   data required time
---------------------------------------------------------------------------------------------
                                             25.929998   data required time
                                            -10.516178   data arrival time
---------------------------------------------------------------------------------------------
                                             15.413820   slack (MET)


Startpoint: wbs_we_i (input port clocked by clk)
Endpoint: wbs_dat_o[24] (output port clocked by clk)
Path Group: clk
Path Type: max

Fanout         Cap        Slew       Delay        Time   Description
---------------------------------------------------------------------------------------------
                                  0.000000    0.000000   clock clk (rise edge)
                                  5.570000    5.570000   clock network delay (propagated)
                                  3.740000    9.310000 v input external delay
     1    0.003695    0.140000    0.000000    9.310000 v wbs_we_i (in)
                                                         wbs_we_i (net)
                      0.140118    0.000062    9.310062 v input50/A (sky130_fd_sc_hd__buf_2)
     5    0.054515    0.131106    0.265731    9.575794 v input50/X (sky130_fd_sc_hd__buf_2)
                                                         net50 (net)
                      0.131267    0.003139    9.578933 v fanout85/A (sky130_fd_sc_hd__buf_4)
    15    0.072954    0.099439    0.253650    9.832583 v fanout85/X (sky130_fd_sc_hd__buf_4)
                                                         net85 (net)
                      0.100545    0.008788    9.841371 v _31_/A_N (sky130_fd_sc_hd__and4b_1)
     1    0.016204    0.174213    0.375942   10.217313 ^ _31_/X (sky130_fd_sc_hd__and4b_1)
                                                         net68 (net)
                      0.174214    0.000830   10.218143 ^ output68/A (sky130_fd_sc_hd__buf_12)
     1    0.193092    0.222470    0.279172   10.497315 ^ output68/X (sky130_fd_sc_hd__buf_12)
                                                         wbs_dat_o[24] (net)
                      0.222679    0.005928   10.503243 ^ wbs_dat_o[24] (out)
                                             10.503243   data arrival time

                                 25.000000   25.000000   clock clk (rise edge)
                                  4.650000   29.650000   clock network delay (propagated)
                                 -0.100000   29.549999   clock uncertainty
                                  0.000000   29.549999   clock reconvergence pessimism
                                 -3.620000   25.929998   output external delay
                                             25.929998   data required time
---------------------------------------------------------------------------------------------
                                             25.929998   data required time
                                            -10.503243   data arrival time
---------------------------------------------------------------------------------------------
                                             15.426755   slack (MET)


Startpoint: wbs_we_i (input port clocked by clk)
Endpoint: wbs_dat_o[21] (output port clocked by clk)
Path Group: clk
Path Type: max

Fanout         Cap        Slew       Delay        Time   Description
---------------------------------------------------------------------------------------------
                                  0.000000    0.000000   clock clk (rise edge)
                                  5.570000    5.570000   clock network delay (propagated)
                                  3.740000    9.310000 v input external delay
     1    0.003695    0.140000    0.000000    9.310000 v wbs_we_i (in)
                                                         wbs_we_i (net)
                      0.140118    0.000062    9.310062 v input50/A (sky130_fd_sc_hd__buf_2)
     5    0.054515    0.131106    0.265731    9.575794 v input50/X (sky130_fd_sc_hd__buf_2)
                                                         net50 (net)
                      0.131267    0.003139    9.578933 v fanout85/A (sky130_fd_sc_hd__buf_4)
    15    0.072954    0.099439    0.253650    9.832583 v fanout85/X (sky130_fd_sc_hd__buf_4)
                                                         net85 (net)
                      0.100458    0.008443    9.841026 v _28_/A_N (sky130_fd_sc_hd__and4b_1)
     1    0.015662    0.169313    0.371963   10.212989 ^ _28_/X (sky130_fd_sc_hd__and4b_1)
                                                         net65 (net)
                      0.169314    0.000800   10.213789 ^ output65/A (sky130_fd_sc_hd__buf_12)
     1    0.192952    0.222294    0.277847   10.491636 ^ output65/X (sky130_fd_sc_hd__buf_12)
                                                         wbs_dat_o[21] (net)
                      0.222495    0.005814   10.497450 ^ wbs_dat_o[21] (out)
                                             10.497450   data arrival time

                                 25.000000   25.000000   clock clk (rise edge)
                                  4.650000   29.650000   clock network delay (propagated)
                                 -0.100000   29.549999   clock uncertainty
                                  0.000000   29.549999   clock reconvergence pessimism
                                 -3.620000   25.929998   output external delay
                                             25.929998   data required time
---------------------------------------------------------------------------------------------
                                             25.929998   data required time
                                            -10.497450   data arrival time
---------------------------------------------------------------------------------------------
                                             15.432549   slack (MET)


Startpoint: wbs_we_i (input port clocked by clk)
Endpoint: wbs_dat_o[17] (output port clocked by clk)
Path Group: clk
Path Type: max

Fanout         Cap        Slew       Delay        Time   Description
---------------------------------------------------------------------------------------------
                                  0.000000    0.000000   clock clk (rise edge)
                                  5.570000    5.570000   clock network delay (propagated)
                                  3.740000    9.310000 v input external delay
     1    0.003695    0.140000    0.000000    9.310000 v wbs_we_i (in)
                                                         wbs_we_i (net)
                      0.140118    0.000062    9.310062 v input50/A (sky130_fd_sc_hd__buf_2)
     5    0.054515    0.131106    0.265731    9.575794 v input50/X (sky130_fd_sc_hd__buf_2)
                                                         net50 (net)
                      0.131267    0.003139    9.578933 v fanout85/A (sky130_fd_sc_hd__buf_4)
    15    0.072954    0.099439    0.253650    9.832583 v fanout85/X (sky130_fd_sc_hd__buf_4)
                                                         net85 (net)
                      0.100025    0.006464    9.839047 v _24_/A_N (sky130_fd_sc_hd__and4b_1)
     1    0.015909    0.171557    0.373520   10.212567 ^ _24_/X (sky130_fd_sc_hd__and4b_1)
                                                         net60 (net)
                      0.171559    0.000909   10.213476 ^ output60/A (sky130_fd_sc_hd__buf_12)
     1    0.191618    0.219717    0.278057   10.491533 ^ output60/X (sky130_fd_sc_hd__buf_12)
                                                         wbs_dat_o[17] (net)
                      0.219867    0.004998   10.496531 ^ wbs_dat_o[17] (out)
                                             10.496531   data arrival time

                                 25.000000   25.000000   clock clk (rise edge)
                                  4.650000   29.650000   clock network delay (propagated)
                                 -0.100000   29.549999   clock uncertainty
                                  0.000000   29.549999   clock reconvergence pessimism
                                 -3.620000   25.929998   output external delay
                                             25.929998   data required time
---------------------------------------------------------------------------------------------
                                             25.929998   data required time
                                            -10.496531   data arrival time
---------------------------------------------------------------------------------------------
                                             15.433468   slack (MET)


Startpoint: wbs_we_i (input port clocked by clk)
Endpoint: wbs_dat_o[19] (output port clocked by clk)
Path Group: clk
Path Type: max

Fanout         Cap        Slew       Delay        Time   Description
---------------------------------------------------------------------------------------------
                                  0.000000    0.000000   clock clk (rise edge)
                                  5.570000    5.570000   clock network delay (propagated)
                                  3.740000    9.310000 v input external delay
     1    0.003695    0.140000    0.000000    9.310000 v wbs_we_i (in)
                                                         wbs_we_i (net)
                      0.140118    0.000062    9.310062 v input50/A (sky130_fd_sc_hd__buf_2)
     5    0.054515    0.131106    0.265731    9.575794 v input50/X (sky130_fd_sc_hd__buf_2)
                                                         net50 (net)
                      0.131267    0.003139    9.578933 v fanout85/A (sky130_fd_sc_hd__buf_4)
    15    0.072954    0.099439    0.253650    9.832583 v fanout85/X (sky130_fd_sc_hd__buf_4)
                                                         net85 (net)
                      0.100263    0.007619    9.840201 v _26_/A_N (sky130_fd_sc_hd__and4b_1)
     1    0.014747    0.161038    0.365264   10.205466 ^ _26_/X (sky130_fd_sc_hd__and4b_1)
                                                         net62 (net)
                      0.161038    0.000706   10.206172 ^ output62/A (sky130_fd_sc_hd__buf_12)
     1    0.191459    0.219533    0.275540   10.481711 ^ output62/X (sky130_fd_sc_hd__buf_12)
                                                         wbs_dat_o[19] (net)
                      0.219653    0.004490   10.486201 ^ wbs_dat_o[19] (out)
                                             10.486201   data arrival time

                                 25.000000   25.000000   clock clk (rise edge)
                                  4.650000   29.650000   clock network delay (propagated)
                                 -0.100000   29.549999   clock uncertainty
                                  0.000000   29.549999   clock reconvergence pessimism
                                 -3.620000   25.929998   output external delay
                                             25.929998   data required time
---------------------------------------------------------------------------------------------
                                             25.929998   data required time
                                            -10.486201   data arrival time
---------------------------------------------------------------------------------------------
                                             15.443796   slack (MET)


Startpoint: wbs_we_i (input port clocked by clk)
Endpoint: wbs_dat_o[16] (output port clocked by clk)
Path Group: clk
Path Type: max

Fanout         Cap        Slew       Delay        Time   Description
---------------------------------------------------------------------------------------------
                                  0.000000    0.000000   clock clk (rise edge)
                                  5.570000    5.570000   clock network delay (propagated)
                                  3.740000    9.310000 v input external delay
     1    0.003695    0.140000    0.000000    9.310000 v wbs_we_i (in)
                                                         wbs_we_i (net)
                      0.140118    0.000062    9.310062 v input50/A (sky130_fd_sc_hd__buf_2)
     5    0.054515    0.131106    0.265731    9.575794 v input50/X (sky130_fd_sc_hd__buf_2)
                                                         net50 (net)
                      0.131267    0.003139    9.578933 v fanout85/A (sky130_fd_sc_hd__buf_4)
    15    0.072954    0.099439    0.253650    9.832583 v fanout85/X (sky130_fd_sc_hd__buf_4)
                                                         net85 (net)
                      0.099913    0.005836    9.838419 v _23_/A_N (sky130_fd_sc_hd__and4b_1)
     1    0.014442    0.158288    0.362888   10.201307 ^ _23_/X (sky130_fd_sc_hd__and4b_1)
                                                         net59 (net)
                      0.158289    0.000678   10.201985 ^ output59/A (sky130_fd_sc_hd__buf_12)
     1    0.191333    0.219397    0.274858   10.476844 ^ output59/X (sky130_fd_sc_hd__buf_12)
                                                         wbs_dat_o[16] (net)
                      0.219507    0.004296   10.481140 ^ wbs_dat_o[16] (out)
                                             10.481140   data arrival time

                                 25.000000   25.000000   clock clk (rise edge)
                                  4.650000   29.650000   clock network delay (propagated)
                                 -0.100000   29.549999   clock uncertainty
                                  0.000000   29.549999   clock reconvergence pessimism
                                 -3.620000   25.929998   output external delay
                                             25.929998   data required time
---------------------------------------------------------------------------------------------
                                             25.929998   data required time
                                            -10.481140   data arrival time
---------------------------------------------------------------------------------------------
                                             15.448858   slack (MET)


Startpoint: wbs_we_i (input port clocked by clk)
Endpoint: wbs_dat_o[25] (output port clocked by clk)
Path Group: clk
Path Type: max

Fanout         Cap        Slew       Delay        Time   Description
---------------------------------------------------------------------------------------------
                                  0.000000    0.000000   clock clk (rise edge)
                                  5.570000    5.570000   clock network delay (propagated)
                                  3.740000    9.310000 v input external delay
     1    0.003695    0.140000    0.000000    9.310000 v wbs_we_i (in)
                                                         wbs_we_i (net)
                      0.140118    0.000062    9.310062 v input50/A (sky130_fd_sc_hd__buf_2)
     5    0.054515    0.131106    0.265731    9.575794 v input50/X (sky130_fd_sc_hd__buf_2)
                                                         net50 (net)
                      0.131267    0.003139    9.578933 v fanout85/A (sky130_fd_sc_hd__buf_4)
    15    0.072954    0.099439    0.253650    9.832583 v fanout85/X (sky130_fd_sc_hd__buf_4)
                                                         net85 (net)
                      0.100565    0.008868    9.841452 v _32_/A_N (sky130_fd_sc_hd__and4b_1)
     1    0.014040    0.154685    0.360229   10.201681 ^ _32_/X (sky130_fd_sc_hd__and4b_1)
                                                         net69 (net)
                      0.154685    0.000679   10.202359 ^ output69/A (sky130_fd_sc_hd__buf_12)
     1    0.191733    0.219815    0.273857   10.476216 ^ output69/X (sky130_fd_sc_hd__buf_12)
                                                         wbs_dat_o[25] (net)
                      0.219953    0.004793   10.481009 ^ wbs_dat_o[25] (out)
                                             10.481009   data arrival time

                                 25.000000   25.000000   clock clk (rise edge)
                                  4.650000   29.650000   clock network delay (propagated)
                                 -0.100000   29.549999   clock uncertainty
                                  0.000000   29.549999   clock reconvergence pessimism
                                 -3.620000   25.929998   output external delay
                                             25.929998   data required time
---------------------------------------------------------------------------------------------
                                             25.929998   data required time
                                            -10.481009   data arrival time
---------------------------------------------------------------------------------------------
                                             15.448990   slack (MET)


Startpoint: wbs_we_i (input port clocked by clk)
Endpoint: wbs_dat_o[18] (output port clocked by clk)
Path Group: clk
Path Type: max

Fanout         Cap        Slew       Delay        Time   Description
---------------------------------------------------------------------------------------------
                                  0.000000    0.000000   clock clk (rise edge)
                                  5.570000    5.570000   clock network delay (propagated)
                                  3.740000    9.310000 v input external delay
     1    0.003695    0.140000    0.000000    9.310000 v wbs_we_i (in)
                                                         wbs_we_i (net)
                      0.140118    0.000062    9.310062 v input50/A (sky130_fd_sc_hd__buf_2)
     5    0.054515    0.131106    0.265731    9.575794 v input50/X (sky130_fd_sc_hd__buf_2)
                                                         net50 (net)
                      0.131267    0.003139    9.578933 v fanout85/A (sky130_fd_sc_hd__buf_4)
    15    0.072954    0.099439    0.253650    9.832583 v fanout85/X (sky130_fd_sc_hd__buf_4)
                                                         net85 (net)
                      0.100146    0.007073    9.839657 v _25_/A_N (sky130_fd_sc_hd__and4b_1)
     1    0.014229    0.156390    0.361398   10.201055 ^ _25_/X (sky130_fd_sc_hd__and4b_1)
                                                         net61 (net)
                      0.156391    0.000768   10.201823 ^ output61/A (sky130_fd_sc_hd__buf_12)
     1    0.191178    0.219229    0.274237   10.476059 ^ output61/X (sky130_fd_sc_hd__buf_12)
                                                         wbs_dat_o[18] (net)
                      0.219339    0.004291   10.480350 ^ wbs_dat_o[18] (out)
                                             10.480350   data arrival time

                                 25.000000   25.000000   clock clk (rise edge)
                                  4.650000   29.650000   clock network delay (propagated)
                                 -0.100000   29.549999   clock uncertainty
                                  0.000000   29.549999   clock reconvergence pessimism
                                 -3.620000   25.929998   output external delay
                                             25.929998   data required time
---------------------------------------------------------------------------------------------
                                             25.929998   data required time
                                            -10.480350   data arrival time
---------------------------------------------------------------------------------------------
                                             15.449647   slack (MET)


Startpoint: wbs_we_i (input port clocked by clk)
Endpoint: wbs_dat_o[27] (output port clocked by clk)
Path Group: clk
Path Type: max

Fanout         Cap        Slew       Delay        Time   Description
---------------------------------------------------------------------------------------------
                                  0.000000    0.000000   clock clk (rise edge)
                                  5.570000    5.570000   clock network delay (propagated)
                                  3.740000    9.310000 v input external delay
     1    0.003695    0.140000    0.000000    9.310000 v wbs_we_i (in)
                                                         wbs_we_i (net)
                      0.140118    0.000062    9.310062 v input50/A (sky130_fd_sc_hd__buf_2)
     5    0.054515    0.131106    0.265731    9.575794 v input50/X (sky130_fd_sc_hd__buf_2)
                                                         net50 (net)
                      0.131267    0.003139    9.578933 v fanout85/A (sky130_fd_sc_hd__buf_4)
    15    0.072954    0.099439    0.253650    9.832583 v fanout85/X (sky130_fd_sc_hd__buf_4)
                                                         net85 (net)
                      0.100586    0.008948    9.841532 v _34_/A_N (sky130_fd_sc_hd__and4b_1)
     1    0.013396    0.148885    0.355585   10.197116 ^ _34_/X (sky130_fd_sc_hd__and4b_1)
                                                         net71 (net)
                      0.148885    0.000619   10.197736 ^ output71/A (sky130_fd_sc_hd__buf_12)
     1    0.192278    0.221501    0.272101   10.469837 ^ output71/X (sky130_fd_sc_hd__buf_12)
                                                         wbs_dat_o[27] (net)
                      0.221686    0.005564   10.475400 ^ wbs_dat_o[27] (out)
                                             10.475400   data arrival time

                                 25.000000   25.000000   clock clk (rise edge)
                                  4.650000   29.650000   clock network delay (propagated)
                                 -0.100000   29.549999   clock uncertainty
                                  0.000000   29.549999   clock reconvergence pessimism
                                 -3.620000   25.929998   output external delay
                                             25.929998   data required time
---------------------------------------------------------------------------------------------
                                             25.929998   data required time
                                            -10.475400   data arrival time
---------------------------------------------------------------------------------------------
                                             15.454598   slack (MET)


Startpoint: wbs_we_i (input port clocked by clk)
Endpoint: wbs_dat_o[26] (output port clocked by clk)
Path Group: clk
Path Type: max

Fanout         Cap        Slew       Delay        Time   Description
---------------------------------------------------------------------------------------------
                                  0.000000    0.000000   clock clk (rise edge)
                                  5.570000    5.570000   clock network delay (propagated)
                                  3.740000    9.310000 v input external delay
     1    0.003695    0.140000    0.000000    9.310000 v wbs_we_i (in)
                                                         wbs_we_i (net)
                      0.140118    0.000062    9.310062 v input50/A (sky130_fd_sc_hd__buf_2)
     5    0.054515    0.131106    0.265731    9.575794 v input50/X (sky130_fd_sc_hd__buf_2)
                                                         net50 (net)
                      0.131267    0.003139    9.578933 v fanout85/A (sky130_fd_sc_hd__buf_4)
    15    0.072954    0.099439    0.253650    9.832583 v fanout85/X (sky130_fd_sc_hd__buf_4)
                                                         net85 (net)
                      0.100585    0.008946    9.841529 v _33_/A_N (sky130_fd_sc_hd__and4b_1)
     1    0.013332    0.148317    0.355103   10.196631 ^ _33_/X (sky130_fd_sc_hd__and4b_1)
                                                         net70 (net)
                      0.148318    0.000678   10.197309 ^ output70/A (sky130_fd_sc_hd__buf_12)
     1    0.191974    0.221196    0.271613   10.468922 ^ output70/X (sky130_fd_sc_hd__buf_12)
                                                         wbs_dat_o[26] (net)
                      0.221390    0.005694   10.474616 ^ wbs_dat_o[26] (out)
                                             10.474616   data arrival time

                                 25.000000   25.000000   clock clk (rise edge)
                                  4.650000   29.650000   clock network delay (propagated)
                                 -0.100000   29.549999   clock uncertainty
                                  0.000000   29.549999   clock reconvergence pessimism
                                 -3.620000   25.929998   output external delay
                                             25.929998   data required time
---------------------------------------------------------------------------------------------
                                             25.929998   data required time
                                            -10.474616   data arrival time
---------------------------------------------------------------------------------------------
                                             15.455381   slack (MET)


Startpoint: wbs_we_i (input port clocked by clk)
Endpoint: wbs_dat_o[23] (output port clocked by clk)
Path Group: clk
Path Type: max

Fanout         Cap        Slew       Delay        Time   Description
---------------------------------------------------------------------------------------------
                                  0.000000    0.000000   clock clk (rise edge)
                                  5.570000    5.570000   clock network delay (propagated)
                                  3.740000    9.310000 v input external delay
     1    0.003695    0.140000    0.000000    9.310000 v wbs_we_i (in)
                                                         wbs_we_i (net)
                      0.140118    0.000062    9.310062 v input50/A (sky130_fd_sc_hd__buf_2)
     5    0.054515    0.131106    0.265731    9.575794 v input50/X (sky130_fd_sc_hd__buf_2)
                                                         net50 (net)
                      0.131267    0.003139    9.578933 v fanout85/A (sky130_fd_sc_hd__buf_4)
    15    0.072954    0.099439    0.253650    9.832583 v fanout85/X (sky130_fd_sc_hd__buf_4)
                                                         net85 (net)
                      0.100523    0.008705    9.841288 v _30_/A_N (sky130_fd_sc_hd__and4b_1)
     1    0.013399    0.148907    0.355591   10.196879 ^ _30_/X (sky130_fd_sc_hd__and4b_1)
                                                         net67 (net)
                      0.148907    0.000626   10.197505 ^ output67/A (sky130_fd_sc_hd__buf_12)
     1    0.191035    0.219066    0.272252   10.469757 ^ output67/X (sky130_fd_sc_hd__buf_12)
                                                         wbs_dat_o[23] (net)
                      0.219169    0.004152   10.473909 ^ wbs_dat_o[23] (out)
                                             10.473909   data arrival time

                                 25.000000   25.000000   clock clk (rise edge)
                                  4.650000   29.650000   clock network delay (propagated)
                                 -0.100000   29.549999   clock uncertainty
                                  0.000000   29.549999   clock reconvergence pessimism
                                 -3.620000   25.929998   output external delay
                                             25.929998   data required time
---------------------------------------------------------------------------------------------
                                             25.929998   data required time
                                            -10.473909   data arrival time
---------------------------------------------------------------------------------------------
                                             15.456088   slack (MET)


Startpoint: wbs_we_i (input port clocked by clk)
Endpoint: wbs_dat_o[20] (output port clocked by clk)
Path Group: clk
Path Type: max

Fanout         Cap        Slew       Delay        Time   Description
---------------------------------------------------------------------------------------------
                                  0.000000    0.000000   clock clk (rise edge)
                                  5.570000    5.570000   clock network delay (propagated)
                                  3.740000    9.310000 v input external delay
     1    0.003695    0.140000    0.000000    9.310000 v wbs_we_i (in)
                                                         wbs_we_i (net)
                      0.140118    0.000062    9.310062 v input50/A (sky130_fd_sc_hd__buf_2)
     5    0.054515    0.131106    0.265731    9.575794 v input50/X (sky130_fd_sc_hd__buf_2)
                                                         net50 (net)
                      0.131267    0.003139    9.578933 v fanout85/A (sky130_fd_sc_hd__buf_4)
    15    0.072954    0.099439    0.253650    9.832583 v fanout85/X (sky130_fd_sc_hd__buf_4)
                                                         net85 (net)
                      0.100365    0.008061    9.840644 v _27_/A_N (sky130_fd_sc_hd__and4b_1)
     1    0.013422    0.149105    0.355696   10.196340 ^ _27_/X (sky130_fd_sc_hd__and4b_1)
                                                         net64 (net)
                      0.149105    0.000619   10.196959 ^ output64/A (sky130_fd_sc_hd__buf_12)
     1    0.191204    0.219245    0.272334   10.469294 ^ output64/X (sky130_fd_sc_hd__buf_12)
                                                         wbs_dat_o[20] (net)
                      0.219356    0.004292   10.473585 ^ wbs_dat_o[20] (out)
                                             10.473585   data arrival time

                                 25.000000   25.000000   clock clk (rise edge)
                                  4.650000   29.650000   clock network delay (propagated)
                                 -0.100000   29.549999   clock uncertainty
                                  0.000000   29.549999   clock reconvergence pessimism
                                 -3.620000   25.929998   output external delay
                                             25.929998   data required time
---------------------------------------------------------------------------------------------
                                             25.929998   data required time
                                            -10.473585   data arrival time
---------------------------------------------------------------------------------------------
                                             15.456413   slack (MET)


Startpoint: wbs_we_i (input port clocked by clk)
Endpoint: wbs_dat_o[22] (output port clocked by clk)
Path Group: clk
Path Type: max

Fanout         Cap        Slew       Delay        Time   Description
---------------------------------------------------------------------------------------------
                                  0.000000    0.000000   clock clk (rise edge)
                                  5.570000    5.570000   clock network delay (propagated)
                                  3.740000    9.310000 v input external delay
     1    0.003695    0.140000    0.000000    9.310000 v wbs_we_i (in)
                                                         wbs_we_i (net)
                      0.140118    0.000062    9.310062 v input50/A (sky130_fd_sc_hd__buf_2)
     5    0.054515    0.131106    0.265731    9.575794 v input50/X (sky130_fd_sc_hd__buf_2)
                                                         net50 (net)
                      0.131267    0.003139    9.578933 v fanout85/A (sky130_fd_sc_hd__buf_4)
    15    0.072954    0.099439    0.253650    9.832583 v fanout85/X (sky130_fd_sc_hd__buf_4)
                                                         net85 (net)
                      0.100491    0.008578    9.841161 v _29_/A_N (sky130_fd_sc_hd__and4b_1)
     1    0.012869    0.144145    0.351728   10.192889 ^ _29_/X (sky130_fd_sc_hd__and4b_1)
                                                         net66 (net)
                      0.144145    0.000568   10.193457 ^ output66/A (sky130_fd_sc_hd__buf_12)
     1    0.192573    0.221862    0.270858   10.464315 ^ output66/X (sky130_fd_sc_hd__buf_12)
                                                         wbs_dat_o[22] (net)
                      0.222068    0.005880   10.470195 ^ wbs_dat_o[22] (out)
                                             10.470195   data arrival time

                                 25.000000   25.000000   clock clk (rise edge)
                                  4.650000   29.650000   clock network delay (propagated)
                                 -0.100000   29.549999   clock uncertainty
                                  0.000000   29.549999   clock reconvergence pessimism
                                 -3.620000   25.929998   output external delay
                                             25.929998   data required time
---------------------------------------------------------------------------------------------
                                             25.929998   data required time
                                            -10.470195   data arrival time
---------------------------------------------------------------------------------------------
                                             15.459805   slack (MET)


Startpoint: wbs_we_i (input port clocked by clk)
Endpoint: wbs_dat_o[28] (output port clocked by clk)
Path Group: clk
Path Type: max

Fanout         Cap        Slew       Delay        Time   Description
---------------------------------------------------------------------------------------------
                                  0.000000    0.000000   clock clk (rise edge)
                                  5.570000    5.570000   clock network delay (propagated)
                                  3.740000    9.310000 v input external delay
     1    0.003695    0.140000    0.000000    9.310000 v wbs_we_i (in)
                                                         wbs_we_i (net)
                      0.140118    0.000062    9.310062 v input50/A (sky130_fd_sc_hd__buf_2)
     5    0.054515    0.131106    0.265731    9.575794 v input50/X (sky130_fd_sc_hd__buf_2)
                                                         net50 (net)
                      0.131776    0.007642    9.583436 v _35_/A_N (sky130_fd_sc_hd__and4b_1)
     1    0.014732    0.161481    0.379766    9.963202 ^ _35_/X (sky130_fd_sc_hd__and4b_1)
                                                         net72 (net)
                      0.161481    0.000737    9.963939 ^ output72/A (sky130_fd_sc_hd__buf_12)
     1    0.193085    0.222492    0.275599   10.239537 ^ output72/X (sky130_fd_sc_hd__buf_12)
                                                         wbs_dat_o[28] (net)
                      0.222723    0.006233   10.245770 ^ wbs_dat_o[28] (out)
                                             10.245770   data arrival time

                                 25.000000   25.000000   clock clk (rise edge)
                                  4.650000   29.650000   clock network delay (propagated)
                                 -0.100000   29.549999   clock uncertainty
                                  0.000000   29.549999   clock reconvergence pessimism
                                 -3.620000   25.929998   output external delay
                                             25.929998   data required time
---------------------------------------------------------------------------------------------
                                             25.929998   data required time
                                            -10.245770   data arrival time
---------------------------------------------------------------------------------------------
                                             15.684228   slack (MET)


Startpoint: wbs_we_i (input port clocked by clk)
Endpoint: wbs_dat_o[30] (output port clocked by clk)
Path Group: clk
Path Type: max

Fanout         Cap        Slew       Delay        Time   Description
---------------------------------------------------------------------------------------------
                                  0.000000    0.000000   clock clk (rise edge)
                                  5.570000    5.570000   clock network delay (propagated)
                                  3.740000    9.310000 v input external delay
     1    0.003695    0.140000    0.000000    9.310000 v wbs_we_i (in)
                                                         wbs_we_i (net)
                      0.140118    0.000062    9.310062 v input50/A (sky130_fd_sc_hd__buf_2)
     5    0.054515    0.131106    0.265731    9.575794 v input50/X (sky130_fd_sc_hd__buf_2)
                                                         net50 (net)
                      0.131789    0.007723    9.583516 v _37_/A_N (sky130_fd_sc_hd__and4b_1)
     1    0.013413    0.149639    0.370219    9.953735 ^ _37_/X (sky130_fd_sc_hd__and4b_1)
                                                         net75 (net)
                      0.149639    0.000646    9.954381 ^ output75/A (sky130_fd_sc_hd__buf_12)
     1    0.191187    0.219228    0.272353   10.226733 ^ output75/X (sky130_fd_sc_hd__buf_12)
                                                         wbs_dat_o[30] (net)
                      0.219346    0.004439   10.231173 ^ wbs_dat_o[30] (out)
                                             10.231173   data arrival time

                                 25.000000   25.000000   clock clk (rise edge)
                                  4.650000   29.650000   clock network delay (propagated)
                                 -0.100000   29.549999   clock uncertainty
                                  0.000000   29.549999   clock reconvergence pessimism
                                 -3.620000   25.929998   output external delay
                                             25.929998   data required time
---------------------------------------------------------------------------------------------
                                             25.929998   data required time
                                            -10.231173   data arrival time
---------------------------------------------------------------------------------------------
                                             15.698826   slack (MET)


Startpoint: wbs_we_i (input port clocked by clk)
Endpoint: wbs_dat_o[29] (output port clocked by clk)
Path Group: clk
Path Type: max

Fanout         Cap        Slew       Delay        Time   Description
---------------------------------------------------------------------------------------------
                                  0.000000    0.000000   clock clk (rise edge)
                                  5.570000    5.570000   clock network delay (propagated)
                                  3.740000    9.310000 v input external delay
     1    0.003695    0.140000    0.000000    9.310000 v wbs_we_i (in)
                                                         wbs_we_i (net)
                      0.140118    0.000062    9.310062 v input50/A (sky130_fd_sc_hd__buf_2)
     5    0.054515    0.131106    0.265731    9.575794 v input50/X (sky130_fd_sc_hd__buf_2)
                                                         net50 (net)
                      0.131782    0.007680    9.583474 v _36_/A_N (sky130_fd_sc_hd__and4b_1)
     1    0.013055    0.146431    0.367608    9.951082 ^ _36_/X (sky130_fd_sc_hd__and4b_1)
                                                         net73 (net)
                      0.146431    0.000578    9.951660 ^ output73/A (sky130_fd_sc_hd__buf_12)
     1    0.192591    0.221895    0.271427   10.223087 ^ output73/X (sky130_fd_sc_hd__buf_12)
                                                         wbs_dat_o[29] (net)
                      0.222106    0.005947   10.229034 ^ wbs_dat_o[29] (out)
                                             10.229034   data arrival time

                                 25.000000   25.000000   clock clk (rise edge)
                                  4.650000   29.650000   clock network delay (propagated)
                                 -0.100000   29.549999   clock uncertainty
                                  0.000000   29.549999   clock reconvergence pessimism
                                 -3.620000   25.929998   output external delay
                                             25.929998   data required time
---------------------------------------------------------------------------------------------
                                             25.929998   data required time
                                            -10.229034   data arrival time
---------------------------------------------------------------------------------------------
                                             15.700963   slack (MET)


Startpoint: wbs_we_i (input port clocked by clk)
Endpoint: wbs_dat_o[31] (output port clocked by clk)
Path Group: clk
Path Type: max

Fanout         Cap        Slew       Delay        Time   Description
---------------------------------------------------------------------------------------------
                                  0.000000    0.000000   clock clk (rise edge)
                                  5.570000    5.570000   clock network delay (propagated)
                                  3.740000    9.310000 v input external delay
     1    0.003695    0.140000    0.000000    9.310000 v wbs_we_i (in)
                                                         wbs_we_i (net)
                      0.140118    0.000062    9.310062 v input50/A (sky130_fd_sc_hd__buf_2)
     5    0.054515    0.131106    0.265731    9.575794 v input50/X (sky130_fd_sc_hd__buf_2)
                                                         net50 (net)
                      0.131805    0.007815    9.583609 v _38_/A_N (sky130_fd_sc_hd__and4b_1)
     1    0.012305    0.139721    0.362198    9.945807 ^ _38_/X (sky130_fd_sc_hd__and4b_1)
                                                         net76 (net)
                      0.139721    0.000532    9.946340 ^ output76/A (sky130_fd_sc_hd__buf_12)
     1    0.190928    0.218937    0.269644   10.215983 ^ output76/X (sky130_fd_sc_hd__buf_12)
                                                         wbs_dat_o[31] (net)
                      0.219047    0.004283   10.220265 ^ wbs_dat_o[31] (out)
                                             10.220265   data arrival time

                                 25.000000   25.000000   clock clk (rise edge)
                                  4.650000   29.650000   clock network delay (propagated)
                                 -0.100000   29.549999   clock uncertainty
                                  0.000000   29.549999   clock reconvergence pessimism
                                 -3.620000   25.929998   output external delay
                                             25.929998   data required time
---------------------------------------------------------------------------------------------
                                             25.929998   data required time
                                            -10.220265   data arrival time
---------------------------------------------------------------------------------------------
                                             15.709733   slack (MET)


Startpoint: wbs_dat_i[0] (input port clocked by clk)
Endpoint: i_sram (rising edge-triggered flip-flop clocked by clk)
Path Group: clk
Path Type: max

Fanout         Cap        Slew       Delay        Time   Description
---------------------------------------------------------------------------------------------
                                  0.000000    0.000000   clock clk (rise edge)
                                  5.570000    5.570000   clock network delay (propagated)
                                  4.610000   10.180000 ^ input external delay
     1    0.002796    0.840000    0.000000   10.180000 ^ wbs_dat_i[0] (in)
                                                         wbs_dat_i[0] (net)
                      0.840070    0.000036   10.180037 ^ hold125/A (sky130_fd_sc_hd__dlygate4sd3_1)
     1    0.002883    0.053447    0.680444   10.860481 ^ hold125/X (sky130_fd_sc_hd__dlygate4sd3_1)
                                                         net223 (net)
                      0.053447    0.000093   10.860574 ^ hold15/A (sky130_fd_sc_hd__dlygate4sd3_1)
     1    0.004370    0.066714    0.578206   11.438780 ^ hold15/X (sky130_fd_sc_hd__dlygate4sd3_1)
                                                         net113 (net)
                      0.066714    0.000147   11.438927 ^ input13/A (sky130_fd_sc_hd__buf_4)
     1    0.021593    0.069508    0.146326   11.585252 ^ input13/X (sky130_fd_sc_hd__buf_4)
                                                         net13 (net)
                      0.069552    0.001682   11.586934 ^ hold16/A (sky130_fd_sc_hd__dlygate4sd3_1)
     1    0.075711    0.730600    1.078290   12.665225 ^ hold16/X (sky130_fd_sc_hd__dlygate4sd3_1)
                                                         net114 (net)
                      0.731478    0.018454   12.683679 ^ i_sram/DI[0] (CF_SRAM_1024x32)
                                             12.683679   data arrival time

                                 25.000000   25.000000   clock clk (rise edge)
                                  4.650000   29.650000   clock source latency
     1    0.053413    0.610000    0.000000   29.650000 ^ wb_clk_i (in)
                                                         wb_clk_i (net)
                      0.627638    0.008379   29.658379 ^ clkbuf_0_wb_clk_i/A (sky130_fd_sc_hd__clkbuf_16)
     2    0.064406    0.091968    0.282896   29.941273 ^ clkbuf_0_wb_clk_i/X (sky130_fd_sc_hd__clkbuf_16)
                                                         clknet_0_wb_clk_i (net)
                      0.092031    0.001815   29.943089 ^ clkbuf_1_1__f_wb_clk_i/A (sky130_fd_sc_hd__clkbuf_16)
     1    0.135215    0.149230    0.208125   30.151215 ^ clkbuf_1_1__f_wb_clk_i/X (sky130_fd_sc_hd__clkbuf_16)
                                                         clknet_1_1__leaf_wb_clk_i (net)
                      0.151531    0.013987   30.165201 ^ i_sram/CLKin (CF_SRAM_1024x32)
                                 -0.100000   30.065203   clock uncertainty
                                  0.000000   30.065203   clock reconvergence pessimism
                                 -0.781329   29.283875   library setup time
                                             29.283875   data required time
---------------------------------------------------------------------------------------------
                                             29.283875   data required time
                                            -12.683679   data arrival time
---------------------------------------------------------------------------------------------
                                             16.600195   slack (MET)


Startpoint: wbs_dat_i[5] (input port clocked by clk)
Endpoint: i_sram (rising edge-triggered flip-flop clocked by clk)
Path Group: clk
Path Type: max

Fanout         Cap        Slew       Delay        Time   Description
---------------------------------------------------------------------------------------------
                                  0.000000    0.000000   clock clk (rise edge)
                                  5.570000    5.570000   clock network delay (propagated)
                                  4.610000   10.180000 ^ input external delay
     1    0.003662    0.840000    0.000000   10.180000 ^ wbs_dat_i[5] (in)
                                                         wbs_dat_i[5] (net)
                      0.840109    0.000057   10.180058 ^ hold108/A (sky130_fd_sc_hd__dlygate4sd3_1)
     1    0.004819    0.070392    0.696976   10.877033 ^ hold108/X (sky130_fd_sc_hd__dlygate4sd3_1)
                                                         net206 (net)
                      0.070392    0.000131   10.877164 ^ hold37/A (sky130_fd_sc_hd__dlygate4sd3_1)
     1    0.006700    0.087004    0.602077   11.479240 ^ hold37/X (sky130_fd_sc_hd__dlygate4sd3_1)
                                                         net135 (net)
                      0.087004    0.000276   11.479516 ^ input40/A (sky130_fd_sc_hd__clkbuf_4)
     1    0.017098    0.065027    0.172789   11.652306 ^ input40/X (sky130_fd_sc_hd__clkbuf_4)
                                                         net40 (net)
                      0.065045    0.001086   11.653392 ^ hold38/A (sky130_fd_sc_hd__dlygate4sd3_1)
     1    0.066846    0.646647    1.017774   12.671165 ^ hold38/X (sky130_fd_sc_hd__dlygate4sd3_1)
                                                         net136 (net)
                      0.647217    0.013388   12.684554 ^ i_sram/DI[5] (CF_SRAM_1024x32)
                                             12.684554   data arrival time

                                 25.000000   25.000000   clock clk (rise edge)
                                  4.650000   29.650000   clock source latency
     1    0.053413    0.610000    0.000000   29.650000 ^ wb_clk_i (in)
                                                         wb_clk_i (net)
                      0.627638    0.008379   29.658379 ^ clkbuf_0_wb_clk_i/A (sky130_fd_sc_hd__clkbuf_16)
     2    0.064406    0.091968    0.282896   29.941273 ^ clkbuf_0_wb_clk_i/X (sky130_fd_sc_hd__clkbuf_16)
                                                         clknet_0_wb_clk_i (net)
                      0.092031    0.001815   29.943089 ^ clkbuf_1_1__f_wb_clk_i/A (sky130_fd_sc_hd__clkbuf_16)
     1    0.135215    0.149230    0.208125   30.151215 ^ clkbuf_1_1__f_wb_clk_i/X (sky130_fd_sc_hd__clkbuf_16)
                                                         clknet_1_1__leaf_wb_clk_i (net)
                      0.151531    0.013987   30.165201 ^ i_sram/CLKin (CF_SRAM_1024x32)
                                 -0.100000   30.065203   clock uncertainty
                                  0.000000   30.065203   clock reconvergence pessimism
                                 -0.761477   29.303724   library setup time
                                             29.303724   data required time
---------------------------------------------------------------------------------------------
                                             29.303724   data required time
                                            -12.684554   data arrival time
---------------------------------------------------------------------------------------------
                                             16.619171   slack (MET)


Startpoint: wbs_dat_i[3] (input port clocked by clk)
Endpoint: i_sram (rising edge-triggered flip-flop clocked by clk)
Path Group: clk
Path Type: max

Fanout         Cap        Slew       Delay        Time   Description
---------------------------------------------------------------------------------------------
                                  0.000000    0.000000   clock clk (rise edge)
                                  5.570000    5.570000   clock network delay (propagated)
                                  4.610000   10.180000 ^ input external delay
     1    0.005687    0.840000    0.000000   10.180000 ^ wbs_dat_i[3] (in)
                                                         wbs_dat_i[3] (net)
                      0.840277    0.000146   10.180146 ^ hold119/A (sky130_fd_sc_hd__dlygate4sd3_1)
     1    0.005011    0.072056    0.698511   10.878656 ^ hold119/X (sky130_fd_sc_hd__dlygate4sd3_1)
                                                         net217 (net)
                      0.072056    0.000202   10.878859 ^ hold65/A (sky130_fd_sc_hd__dlygate4sd3_1)
     1    0.003247    0.056848    0.574516   11.453375 ^ hold65/X (sky130_fd_sc_hd__dlygate4sd3_1)
                                                         net163 (net)
                      0.056848    0.000077   11.453452 ^ input38/A (sky130_fd_sc_hd__clkbuf_4)
     2    0.022671    0.080140    0.172708   11.626160 ^ input38/X (sky130_fd_sc_hd__clkbuf_4)
                                                         net38 (net)
                      0.080175    0.001657   11.627817 ^ hold66/A (sky130_fd_sc_hd__dlygate4sd3_1)
     1    0.068941    0.666614    1.036536   12.664353 ^ hold66/X (sky130_fd_sc_hd__dlygate4sd3_1)
                                                         net164 (net)
                      0.667259    0.014557   12.678910 ^ i_sram/DI[3] (CF_SRAM_1024x32)
                                             12.678910   data arrival time

                                 25.000000   25.000000   clock clk (rise edge)
                                  4.650000   29.650000   clock source latency
     1    0.053413    0.610000    0.000000   29.650000 ^ wb_clk_i (in)
                                                         wb_clk_i (net)
                      0.627638    0.008379   29.658379 ^ clkbuf_0_wb_clk_i/A (sky130_fd_sc_hd__clkbuf_16)
     2    0.064406    0.091968    0.282896   29.941273 ^ clkbuf_0_wb_clk_i/X (sky130_fd_sc_hd__clkbuf_16)
                                                         clknet_0_wb_clk_i (net)
                      0.092031    0.001815   29.943089 ^ clkbuf_1_1__f_wb_clk_i/A (sky130_fd_sc_hd__clkbuf_16)
     1    0.135215    0.149230    0.208125   30.151215 ^ clkbuf_1_1__f_wb_clk_i/X (sky130_fd_sc_hd__clkbuf_16)
                                                         clknet_1_1__leaf_wb_clk_i (net)
                      0.151531    0.013987   30.165201 ^ i_sram/CLKin (CF_SRAM_1024x32)
                                 -0.100000   30.065203   clock uncertainty
                                  0.000000   30.065203   clock reconvergence pessimism
                                 -0.766199   29.299004   library setup time
                                             29.299004   data required time
---------------------------------------------------------------------------------------------
                                             29.299004   data required time
                                            -12.678910   data arrival time
---------------------------------------------------------------------------------------------
                                             16.620092   slack (MET)


Startpoint: wbs_dat_i[2] (input port clocked by clk)
Endpoint: i_sram (rising edge-triggered flip-flop clocked by clk)
Path Group: clk
Path Type: max

Fanout         Cap        Slew       Delay        Time   Description
---------------------------------------------------------------------------------------------
                                  0.000000    0.000000   clock clk (rise edge)
                                  5.570000    5.570000   clock network delay (propagated)
                                  4.610000   10.180000 ^ input external delay
     1    0.004238    0.840000    0.000000   10.180000 ^ wbs_dat_i[2] (in)
                                                         wbs_dat_i[2] (net)
                      0.840144    0.000075   10.180076 ^ hold118/A (sky130_fd_sc_hd__dlygate4sd3_1)
     1    0.004556    0.068130    0.694840   10.874915 ^ hold118/X (sky130_fd_sc_hd__dlygate4sd3_1)
                                                         net216 (net)
                      0.068130    0.000174   10.875090 ^ hold3/A (sky130_fd_sc_hd__dlygate4sd3_1)
     1    0.005147    0.073366    0.588886   11.463976 ^ hold3/X (sky130_fd_sc_hd__dlygate4sd3_1)
                                                         net101 (net)
                      0.073366    0.000199   11.464175 ^ input35/A (sky130_fd_sc_hd__buf_4)
     2    0.023355    0.074033    0.152009   11.616184 ^ input35/X (sky130_fd_sc_hd__buf_4)
                                                         net35 (net)
                      0.074176    0.002315   11.618500 ^ hold4/A (sky130_fd_sc_hd__dlygate4sd3_1)
     1    0.069830    0.674961    1.040521   12.659020 ^ hold4/X (sky130_fd_sc_hd__dlygate4sd3_1)
                                                         net102 (net)
                      0.675643    0.015181   12.674201 ^ i_sram/DI[2] (CF_SRAM_1024x32)
                                             12.674201   data arrival time

                                 25.000000   25.000000   clock clk (rise edge)
                                  4.650000   29.650000   clock source latency
     1    0.053413    0.610000    0.000000   29.650000 ^ wb_clk_i (in)
                                                         wb_clk_i (net)
                      0.627638    0.008379   29.658379 ^ clkbuf_0_wb_clk_i/A (sky130_fd_sc_hd__clkbuf_16)
     2    0.064406    0.091968    0.282896   29.941273 ^ clkbuf_0_wb_clk_i/X (sky130_fd_sc_hd__clkbuf_16)
                                                         clknet_0_wb_clk_i (net)
                      0.092031    0.001815   29.943089 ^ clkbuf_1_1__f_wb_clk_i/A (sky130_fd_sc_hd__clkbuf_16)
     1    0.135215    0.149230    0.208125   30.151215 ^ clkbuf_1_1__f_wb_clk_i/X (sky130_fd_sc_hd__clkbuf_16)
                                                         clknet_1_1__leaf_wb_clk_i (net)
                      0.151531    0.013987   30.165201 ^ i_sram/CLKin (CF_SRAM_1024x32)
                                 -0.100000   30.065203   clock uncertainty
                                  0.000000   30.065203   clock reconvergence pessimism
                                 -0.768174   29.297028   library setup time
                                             29.297028   data required time
---------------------------------------------------------------------------------------------
                                             29.297028   data required time
                                            -12.674201   data arrival time
---------------------------------------------------------------------------------------------
                                             16.622828   slack (MET)


Startpoint: wbs_dat_i[1] (input port clocked by clk)
Endpoint: i_sram (rising edge-triggered flip-flop clocked by clk)
Path Group: clk
Path Type: max

Fanout         Cap        Slew       Delay        Time   Description
---------------------------------------------------------------------------------------------
                                  0.000000    0.000000   clock clk (rise edge)
                                  5.570000    5.570000   clock network delay (propagated)
                                  4.610000   10.180000 ^ input external delay
     1    0.004027    0.840000    0.000000   10.180000 ^ wbs_dat_i[1] (in)
                                                         wbs_dat_i[1] (net)
                      0.840127    0.000067   10.180067 ^ hold122/A (sky130_fd_sc_hd__dlygate4sd3_1)
     1    0.002156    0.047585    0.673284   10.853351 ^ hold122/X (sky130_fd_sc_hd__dlygate4sd3_1)
                                                         net220 (net)
                      0.047585    0.000046   10.853396 ^ hold9/A (sky130_fd_sc_hd__dlygate4sd3_1)
     1    0.003397    0.058152    0.568357   11.421754 ^ hold9/X (sky130_fd_sc_hd__dlygate4sd3_1)
                                                         net107 (net)
                      0.058152    0.000106   11.421860 ^ input24/A (sky130_fd_sc_hd__buf_4)
     1    0.015103    0.053618    0.129650   11.551510 ^ input24/X (sky130_fd_sc_hd__buf_4)
                                                         net24 (net)
                      0.053655    0.001361   11.552870 ^ hold10/A (sky130_fd_sc_hd__dlygate4sd3_1)
     1    0.070875    0.684647    1.040388   12.593258 ^ hold10/X (sky130_fd_sc_hd__dlygate4sd3_1)
                                                         net108 (net)
                      0.685366    0.016017   12.609275 ^ i_sram/DI[1] (CF_SRAM_1024x32)
                                             12.609275   data arrival time

                                 25.000000   25.000000   clock clk (rise edge)
                                  4.650000   29.650000   clock source latency
     1    0.053413    0.610000    0.000000   29.650000 ^ wb_clk_i (in)
                                                         wb_clk_i (net)
                      0.627638    0.008379   29.658379 ^ clkbuf_0_wb_clk_i/A (sky130_fd_sc_hd__clkbuf_16)
     2    0.064406    0.091968    0.282896   29.941273 ^ clkbuf_0_wb_clk_i/X (sky130_fd_sc_hd__clkbuf_16)
                                                         clknet_0_wb_clk_i (net)
                      0.092031    0.001815   29.943089 ^ clkbuf_1_1__f_wb_clk_i/A (sky130_fd_sc_hd__clkbuf_16)
     1    0.135215    0.149230    0.208125   30.151215 ^ clkbuf_1_1__f_wb_clk_i/X (sky130_fd_sc_hd__clkbuf_16)
                                                         clknet_1_1__leaf_wb_clk_i (net)
                      0.151531    0.013987   30.165201 ^ i_sram/CLKin (CF_SRAM_1024x32)
                                 -0.100000   30.065203   clock uncertainty
                                  0.000000   30.065203   clock reconvergence pessimism
                                 -0.770465   29.294739   library setup time
                                             29.294739   data required time
---------------------------------------------------------------------------------------------
                                             29.294739   data required time
                                            -12.609275   data arrival time
---------------------------------------------------------------------------------------------
                                             16.685463   slack (MET)


Startpoint: wbs_dat_i[25] (input port clocked by clk)
Endpoint: i_sram (rising edge-triggered flip-flop clocked by clk)
Path Group: clk
Path Type: max

Fanout         Cap        Slew       Delay        Time   Description
---------------------------------------------------------------------------------------------
                                  0.000000    0.000000   clock clk (rise edge)
                                  5.570000    5.570000   clock network delay (propagated)
                                  4.610000   10.180000 v input external delay
     1    0.005445    0.840000    0.000000   10.180000 v wbs_dat_i[25] (in)
                                                         wbs_dat_i[25] (net)
                      0.840185    0.000098   10.180098 v hold120/A (sky130_fd_sc_hd__dlygate4sd3_1)
     1    0.004105    0.059608    0.888218   11.068316 v hold120/X (sky130_fd_sc_hd__dlygate4sd3_1)
                                                         net218 (net)
                      0.059608    0.000156   11.068473 v hold73/A (sky130_fd_sc_hd__dlygate4sd3_1)
     1    0.005909    0.068147    0.604811   11.673284 v hold73/X (sky130_fd_sc_hd__dlygate4sd3_1)
                                                         net171 (net)
                      0.068147    0.000232   11.673516 v input30/A (sky130_fd_sc_hd__clkbuf_4)
     1    0.033464    0.079043    0.198411   11.871927 v input30/X (sky130_fd_sc_hd__clkbuf_4)
                                                         net30 (net)
                      0.079599    0.005351   11.877278 v hold74/A (sky130_fd_sc_hd__dlygate4sd3_1)
     1    0.048947    0.255537    0.798527   12.675806 v hold74/X (sky130_fd_sc_hd__dlygate4sd3_1)
                                                         net172 (net)
                      0.255837    0.008199   12.684005 v i_sram/DI[25] (CF_SRAM_1024x32)
                                             12.684005   data arrival time

                                 25.000000   25.000000   clock clk (rise edge)
                                  4.650000   29.650000   clock source latency
     1    0.053413    0.610000    0.000000   29.650000 ^ wb_clk_i (in)
                                                         wb_clk_i (net)
                      0.627638    0.008379   29.658379 ^ clkbuf_0_wb_clk_i/A (sky130_fd_sc_hd__clkbuf_16)
     2    0.064406    0.091968    0.282896   29.941273 ^ clkbuf_0_wb_clk_i/X (sky130_fd_sc_hd__clkbuf_16)
                                                         clknet_0_wb_clk_i (net)
                      0.092031    0.001815   29.943089 ^ clkbuf_1_1__f_wb_clk_i/A (sky130_fd_sc_hd__clkbuf_16)
     1    0.135215    0.149230    0.208125   30.151215 ^ clkbuf_1_1__f_wb_clk_i/X (sky130_fd_sc_hd__clkbuf_16)
                                                         clknet_1_1__leaf_wb_clk_i (net)
                      0.151531    0.013987   30.165201 ^ i_sram/CLKin (CF_SRAM_1024x32)
                                 -0.100000   30.065203   clock uncertainty
                                  0.000000   30.065203   clock reconvergence pessimism
                                 -0.642770   29.422434   library setup time
                                             29.422434   data required time
---------------------------------------------------------------------------------------------
                                             29.422434   data required time
                                            -12.684005   data arrival time
---------------------------------------------------------------------------------------------
                                             16.738430   slack (MET)


Startpoint: wbs_dat_i[7] (input port clocked by clk)
Endpoint: i_sram (rising edge-triggered flip-flop clocked by clk)
Path Group: clk
Path Type: max

Fanout         Cap        Slew       Delay        Time   Description
---------------------------------------------------------------------------------------------
                                  0.000000    0.000000   clock clk (rise edge)
                                  5.570000    5.570000   clock network delay (propagated)
                                  4.610000   10.180000 ^ input external delay
     1    0.003224    0.840000    0.000000   10.180000 ^ wbs_dat_i[7] (in)
                                                         wbs_dat_i[7] (net)
                      0.840089    0.000047   10.180047 ^ hold105/A (sky130_fd_sc_hd__dlygate4sd3_1)
     1    0.001952    0.046176    0.671267   10.851314 ^ hold105/X (sky130_fd_sc_hd__dlygate4sd3_1)
                                                         net203 (net)
                      0.046176    0.000058   10.851372 ^ hold31/A (sky130_fd_sc_hd__dlygate4sd3_1)
     1    0.002851    0.053348    0.562483   11.413855 ^ hold31/X (sky130_fd_sc_hd__dlygate4sd3_1)
                                                         net129 (net)
                      0.053348    0.000089   11.413944 ^ input42/A (sky130_fd_sc_hd__clkbuf_4)
     1    0.017336    0.065569    0.159899   11.573843 ^ input42/X (sky130_fd_sc_hd__clkbuf_4)
                                                         net42 (net)
                      0.065589    0.001149   11.574992 ^ hold32/A (sky130_fd_sc_hd__dlygate4sd3_1)
     1    0.060281    0.584508    0.973969   12.548962 ^ hold32/X (sky130_fd_sc_hd__dlygate4sd3_1)
                                                         net130 (net)
                      0.584716    0.010878   12.559840 ^ i_sram/DI[7] (CF_SRAM_1024x32)
                                             12.559840   data arrival time

                                 25.000000   25.000000   clock clk (rise edge)
                                  4.650000   29.650000   clock source latency
     1    0.053413    0.610000    0.000000   29.650000 ^ wb_clk_i (in)
                                                         wb_clk_i (net)
                      0.627638    0.008379   29.658379 ^ clkbuf_0_wb_clk_i/A (sky130_fd_sc_hd__clkbuf_16)
     2    0.064406    0.091968    0.282896   29.941273 ^ clkbuf_0_wb_clk_i/X (sky130_fd_sc_hd__clkbuf_16)
                                                         clknet_0_wb_clk_i (net)
                      0.092031    0.001815   29.943089 ^ clkbuf_1_1__f_wb_clk_i/A (sky130_fd_sc_hd__clkbuf_16)
     1    0.135215    0.149230    0.208125   30.151215 ^ clkbuf_1_1__f_wb_clk_i/X (sky130_fd_sc_hd__clkbuf_16)
                                                         clknet_1_1__leaf_wb_clk_i (net)
                      0.151531    0.013987   30.165201 ^ i_sram/CLKin (CF_SRAM_1024x32)
                                 -0.100000   30.065203   clock uncertainty
                                  0.000000   30.065203   clock reconvergence pessimism
                                 -0.746752   29.318451   library setup time
                                             29.318451   data required time
---------------------------------------------------------------------------------------------
                                             29.318451   data required time
                                            -12.559840   data arrival time
---------------------------------------------------------------------------------------------
                                             16.758612   slack (MET)


Startpoint: wbs_dat_i[4] (input port clocked by clk)
Endpoint: i_sram (rising edge-triggered flip-flop clocked by clk)
Path Group: clk
Path Type: max

Fanout         Cap        Slew       Delay        Time   Description
---------------------------------------------------------------------------------------------
                                  0.000000    0.000000   clock clk (rise edge)
                                  5.570000    5.570000   clock network delay (propagated)
                                  4.610000   10.180000 ^ input external delay
     1    0.003912    0.840000    0.000000   10.180000 ^ wbs_dat_i[4] (in)
                                                         wbs_dat_i[4] (net)
                      0.840121    0.000064   10.180064 ^ hold115/A (sky130_fd_sc_hd__dlygate4sd3_1)
     1    0.001864    0.045557    0.670399   10.850463 ^ hold115/X (sky130_fd_sc_hd__dlygate4sd3_1)
                                                         net213 (net)
                      0.045557    0.000037   10.850500 ^ hold47/A (sky130_fd_sc_hd__dlygate4sd3_1)
     1    0.003423    0.058347    0.567867   11.418367 ^ hold47/X (sky130_fd_sc_hd__dlygate4sd3_1)
                                                         net145 (net)
                      0.058347    0.000110   11.418477 ^ input39/A (sky130_fd_sc_hd__clkbuf_4)
     2    0.017669    0.066452    0.162355   11.580832 ^ input39/X (sky130_fd_sc_hd__clkbuf_4)
                                                         net39 (net)
                      0.066497    0.001641   11.582473 ^ hold48/A (sky130_fd_sc_hd__dlygate4sd3_1)
     1    0.057436    0.558361    0.954246   12.536718 ^ hold48/X (sky130_fd_sc_hd__dlygate4sd3_1)
                                                         net146 (net)
                      0.558580    0.010894   12.547612 ^ i_sram/DI[4] (CF_SRAM_1024x32)
                                             12.547612   data arrival time

                                 25.000000   25.000000   clock clk (rise edge)
                                  4.650000   29.650000   clock source latency
     1    0.053413    0.610000    0.000000   29.650000 ^ wb_clk_i (in)
                                                         wb_clk_i (net)
                      0.627638    0.008379   29.658379 ^ clkbuf_0_wb_clk_i/A (sky130_fd_sc_hd__clkbuf_16)
     2    0.064406    0.091968    0.282896   29.941273 ^ clkbuf_0_wb_clk_i/X (sky130_fd_sc_hd__clkbuf_16)
                                                         clknet_0_wb_clk_i (net)
                      0.092031    0.001815   29.943089 ^ clkbuf_1_1__f_wb_clk_i/A (sky130_fd_sc_hd__clkbuf_16)
     1    0.135215    0.149230    0.208125   30.151215 ^ clkbuf_1_1__f_wb_clk_i/X (sky130_fd_sc_hd__clkbuf_16)
                                                         clknet_1_1__leaf_wb_clk_i (net)
                      0.151531    0.013987   30.165201 ^ i_sram/CLKin (CF_SRAM_1024x32)
                                 -0.100000   30.065203   clock uncertainty
                                  0.000000   30.065203   clock reconvergence pessimism
                                 -0.740594   29.324610   library setup time
                                             29.324610   data required time
---------------------------------------------------------------------------------------------
                                             29.324610   data required time
                                            -12.547612   data arrival time
---------------------------------------------------------------------------------------------
                                             16.776999   slack (MET)


Startpoint: wbs_dat_i[21] (input port clocked by clk)
Endpoint: i_sram (rising edge-triggered flip-flop clocked by clk)
Path Group: clk
Path Type: max

Fanout         Cap        Slew       Delay        Time   Description
---------------------------------------------------------------------------------------------
                                  0.000000    0.000000   clock clk (rise edge)
                                  5.570000    5.570000   clock network delay (propagated)
                                  4.610000   10.180000 v input external delay
     1    0.002888    0.840000    0.000000   10.180000 v wbs_dat_i[21] (in)
                                                         wbs_dat_i[21] (net)
                      0.840077    0.000040   10.180040 v hold114/A (sky130_fd_sc_hd__dlygate4sd3_1)
     1    0.003303    0.056502    0.882528   11.062568 v hold114/X (sky130_fd_sc_hd__dlygate4sd3_1)
                                                         net212 (net)
                      0.056502    0.000115   11.062683 v hold55/A (sky130_fd_sc_hd__dlygate4sd3_1)
     1    0.003820    0.058264    0.589067   11.651750 v hold55/X (sky130_fd_sc_hd__dlygate4sd3_1)
                                                         net153 (net)
                      0.058264    0.000124   11.651874 v input26/A (sky130_fd_sc_hd__clkbuf_4)
     1    0.035311    0.082192    0.197327   11.849201 v input26/X (sky130_fd_sc_hd__clkbuf_4)
                                                         net26 (net)
                      0.082694    0.005141   11.854342 v hold56/A (sky130_fd_sc_hd__dlygate4sd3_1)
     1    0.045720    0.239819    0.788729   12.643071 v hold56/X (sky130_fd_sc_hd__dlygate4sd3_1)
                                                         net154 (net)
                      0.240042    0.006904   12.649975 v i_sram/DI[21] (CF_SRAM_1024x32)
                                             12.649975   data arrival time

                                 25.000000   25.000000   clock clk (rise edge)
                                  4.650000   29.650000   clock source latency
     1    0.053413    0.610000    0.000000   29.650000 ^ wb_clk_i (in)
                                                         wb_clk_i (net)
                      0.627638    0.008379   29.658379 ^ clkbuf_0_wb_clk_i/A (sky130_fd_sc_hd__clkbuf_16)
     2    0.064406    0.091968    0.282896   29.941273 ^ clkbuf_0_wb_clk_i/X (sky130_fd_sc_hd__clkbuf_16)
                                                         clknet_0_wb_clk_i (net)
                      0.092031    0.001815   29.943089 ^ clkbuf_1_1__f_wb_clk_i/A (sky130_fd_sc_hd__clkbuf_16)
     1    0.135215    0.149230    0.208125   30.151215 ^ clkbuf_1_1__f_wb_clk_i/X (sky130_fd_sc_hd__clkbuf_16)
                                                         clknet_1_1__leaf_wb_clk_i (net)
                      0.151531    0.013987   30.165201 ^ i_sram/CLKin (CF_SRAM_1024x32)
                                 -0.100000   30.065203   clock uncertainty
                                  0.000000   30.065203   clock reconvergence pessimism
                                 -0.636860   29.428341   library setup time
                                             29.428341   data required time
---------------------------------------------------------------------------------------------
                                             29.428341   data required time
                                            -12.649975   data arrival time
---------------------------------------------------------------------------------------------
                                             16.778366   slack (MET)


Startpoint: wbs_dat_i[22] (input port clocked by clk)
Endpoint: i_sram (rising edge-triggered flip-flop clocked by clk)
Path Group: clk
Path Type: max

Fanout         Cap        Slew       Delay        Time   Description
---------------------------------------------------------------------------------------------
                                  0.000000    0.000000   clock clk (rise edge)
                                  5.570000    5.570000   clock network delay (propagated)
                                  4.610000   10.180000 v input external delay
     1    0.003613    0.840000    0.000000   10.180000 v wbs_dat_i[22] (in)
                                                         wbs_dat_i[22] (net)
                      0.840107    0.000056   10.180057 v hold112/A (sky130_fd_sc_hd__dlygate4sd3_1)
     1    0.002658    0.052341    0.876428   11.056484 v hold112/X (sky130_fd_sc_hd__dlygate4sd3_1)
                                                         net210 (net)
                      0.052341    0.000064   11.056548 v hold57/A (sky130_fd_sc_hd__dlygate4sd3_1)
     1    0.003326    0.056433    0.583598   11.640146 v hold57/X (sky130_fd_sc_hd__dlygate4sd3_1)
                                                         net155 (net)
                      0.056433    0.000104   11.640250 v input27/A (sky130_fd_sc_hd__clkbuf_4)
     1    0.036494    0.084640    0.197780   11.838031 v input27/X (sky130_fd_sc_hd__clkbuf_4)
                                                         net27 (net)
                      0.085275    0.005930   11.843961 v hold58/A (sky130_fd_sc_hd__dlygate4sd3_1)
     1    0.047137    0.246098    0.795034   12.638995 v hold58/X (sky130_fd_sc_hd__dlygate4sd3_1)
                                                         net156 (net)
                      0.246349    0.007383   12.646379 v i_sram/DI[22] (CF_SRAM_1024x32)
                                             12.646379   data arrival time

                                 25.000000   25.000000   clock clk (rise edge)
                                  4.650000   29.650000   clock source latency
     1    0.053413    0.610000    0.000000   29.650000 ^ wb_clk_i (in)
                                                         wb_clk_i (net)
                      0.627638    0.008379   29.658379 ^ clkbuf_0_wb_clk_i/A (sky130_fd_sc_hd__clkbuf_16)
     2    0.064406    0.091968    0.282896   29.941273 ^ clkbuf_0_wb_clk_i/X (sky130_fd_sc_hd__clkbuf_16)
                                                         clknet_0_wb_clk_i (net)
                      0.092031    0.001815   29.943089 ^ clkbuf_1_1__f_wb_clk_i/A (sky130_fd_sc_hd__clkbuf_16)
     1    0.135215    0.149230    0.208125   30.151215 ^ clkbuf_1_1__f_wb_clk_i/X (sky130_fd_sc_hd__clkbuf_16)
                                                         clknet_1_1__leaf_wb_clk_i (net)
                      0.151531    0.013987   30.165201 ^ i_sram/CLKin (CF_SRAM_1024x32)
                                 -0.100000   30.065203   clock uncertainty
                                  0.000000   30.065203   clock reconvergence pessimism
                                 -0.639220   29.425983   library setup time
                                             29.425983   data required time
---------------------------------------------------------------------------------------------
                                             29.425983   data required time
                                            -12.646379   data arrival time
---------------------------------------------------------------------------------------------
                                             16.779604   slack (MET)


Startpoint: wbs_dat_i[16] (input port clocked by clk)
Endpoint: i_sram (rising edge-triggered flip-flop clocked by clk)
Path Group: clk
Path Type: max

Fanout         Cap        Slew       Delay        Time   Description
---------------------------------------------------------------------------------------------
                                  0.000000    0.000000   clock clk (rise edge)
                                  5.570000    5.570000   clock network delay (propagated)
                                  4.610000   10.180000 v input external delay
     1    0.002596    0.840000    0.000000   10.180000 v wbs_dat_i[16] (in)
                                                         wbs_dat_i[16] (net)
                      0.840064    0.000034   10.180034 v hold113/A (sky130_fd_sc_hd__dlygate4sd3_1)
     1    0.003699    0.058139    0.885439   11.065474 v hold113/X (sky130_fd_sc_hd__dlygate4sd3_1)
                                                         net211 (net)
                      0.058139    0.000132   11.065605 v hold49/A (sky130_fd_sc_hd__dlygate4sd3_1)
     1    0.003801    0.058205    0.589717   11.655322 v hold49/X (sky130_fd_sc_hd__dlygate4sd3_1)
                                                         net147 (net)
                      0.058205    0.000123   11.655446 v input20/A (sky130_fd_sc_hd__clkbuf_4)
     1    0.040190    0.091264    0.204648   11.860094 v input20/X (sky130_fd_sc_hd__clkbuf_4)
                                                         net20 (net)
                      0.091838    0.005924   11.866018 v hold50/A (sky130_fd_sc_hd__dlygate4sd3_1)
     1    0.042536    0.225702    0.781790   12.647808 v hold50/X (sky130_fd_sc_hd__dlygate4sd3_1)
                                                         net148 (net)
                      0.225851    0.005540   12.653348 v i_sram/DI[16] (CF_SRAM_1024x32)
                                             12.653348   data arrival time

                                 25.000000   25.000000   clock clk (rise edge)
                                  4.650000   29.650000   clock source latency
     1    0.053413    0.610000    0.000000   29.650000 ^ wb_clk_i (in)
                                                         wb_clk_i (net)
                      0.627638    0.008379   29.658379 ^ clkbuf_0_wb_clk_i/A (sky130_fd_sc_hd__clkbuf_16)
     2    0.064406    0.091968    0.282896   29.941273 ^ clkbuf_0_wb_clk_i/X (sky130_fd_sc_hd__clkbuf_16)
                                                         clknet_0_wb_clk_i (net)
                      0.092031    0.001815   29.943089 ^ clkbuf_1_1__f_wb_clk_i/A (sky130_fd_sc_hd__clkbuf_16)
     1    0.135215    0.149230    0.208125   30.151215 ^ clkbuf_1_1__f_wb_clk_i/X (sky130_fd_sc_hd__clkbuf_16)
                                                         clknet_1_1__leaf_wb_clk_i (net)
                      0.151531    0.013987   30.165201 ^ i_sram/CLKin (CF_SRAM_1024x32)
                                 -0.100000   30.065203   clock uncertainty
                                  0.000000   30.065203   clock reconvergence pessimism
                                 -0.631551   29.433651   library setup time
                                             29.433651   data required time
---------------------------------------------------------------------------------------------
                                             29.433651   data required time
                                            -12.653348   data arrival time
---------------------------------------------------------------------------------------------
                                             16.780302   slack (MET)


Startpoint: wbs_dat_i[30] (input port clocked by clk)
Endpoint: i_sram (rising edge-triggered flip-flop clocked by clk)
Path Group: clk
Path Type: max

Fanout         Cap        Slew       Delay        Time   Description
---------------------------------------------------------------------------------------------
                                  0.000000    0.000000   clock clk (rise edge)
                                  5.570000    5.570000   clock network delay (propagated)
                                  4.610000   10.180000 v input external delay
     1    0.003046    0.840000    0.000000   10.180000 v wbs_dat_i[30] (in)
                                                         wbs_dat_i[30] (net)
                      0.840087    0.000046   10.180046 v hold127/A (sky130_fd_sc_hd__dlygate4sd3_1)
     1    0.003435    0.057252    0.883661   11.063707 v hold127/X (sky130_fd_sc_hd__dlygate4sd3_1)
                                                         net225 (net)
                      0.057252    0.000111   11.063819 v hold25/A (sky130_fd_sc_hd__dlygate4sd3_1)
     1    0.002410    0.050663    0.577159   11.640978 v hold25/X (sky130_fd_sc_hd__dlygate4sd3_1)
                                                         net123 (net)
                      0.050663    0.000048   11.641026 v input36/A (sky130_fd_sc_hd__buf_4)
     1    0.037887    0.064836    0.179556   11.820581 v input36/X (sky130_fd_sc_hd__buf_4)
                                                         net36 (net)
                      0.065843    0.006771   11.827352 v hold26/A (sky130_fd_sc_hd__dlygate4sd3_1)
     1    0.049248    0.257139    0.792437   12.619789 v hold26/X (sky130_fd_sc_hd__dlygate4sd3_1)
                                                         net124 (net)
                      0.257527    0.009289   12.629078 v i_sram/DI[30] (CF_SRAM_1024x32)
                                             12.629078   data arrival time

                                 25.000000   25.000000   clock clk (rise edge)
                                  4.650000   29.650000   clock source latency
     1    0.053413    0.610000    0.000000   29.650000 ^ wb_clk_i (in)
                                                         wb_clk_i (net)
                      0.627638    0.008379   29.658379 ^ clkbuf_0_wb_clk_i/A (sky130_fd_sc_hd__clkbuf_16)
     2    0.064406    0.091968    0.282896   29.941273 ^ clkbuf_0_wb_clk_i/X (sky130_fd_sc_hd__clkbuf_16)
                                                         clknet_0_wb_clk_i (net)
                      0.092031    0.001815   29.943089 ^ clkbuf_1_1__f_wb_clk_i/A (sky130_fd_sc_hd__clkbuf_16)
     1    0.135215    0.149230    0.208125   30.151215 ^ clkbuf_1_1__f_wb_clk_i/X (sky130_fd_sc_hd__clkbuf_16)
                                                         clknet_1_1__leaf_wb_clk_i (net)
                      0.151531    0.013987   30.165201 ^ i_sram/CLKin (CF_SRAM_1024x32)
                                 -0.100000   30.065203   clock uncertainty
                                  0.000000   30.065203   clock reconvergence pessimism
                                 -0.643402   29.421801   library setup time
                                             29.421801   data required time
---------------------------------------------------------------------------------------------
                                             29.421801   data required time
                                            -12.629078   data arrival time
---------------------------------------------------------------------------------------------
                                             16.792723   slack (MET)


Startpoint: wbs_dat_i[27] (input port clocked by clk)
Endpoint: i_sram (rising edge-triggered flip-flop clocked by clk)
Path Group: clk
Path Type: max

Fanout         Cap        Slew       Delay        Time   Description
---------------------------------------------------------------------------------------------
                                  0.000000    0.000000   clock clk (rise edge)
                                  5.570000    5.570000   clock network delay (propagated)
                                  4.610000   10.180000 v input external delay
     1    0.003720    0.840000    0.000000   10.180000 v wbs_dat_i[27] (in)
                                                         wbs_dat_i[27] (net)
                      0.840121    0.000063   10.180063 v hold121/A (sky130_fd_sc_hd__dlygate4sd3_1)
     1    0.002671    0.052416    0.876558   11.056621 v hold121/X (sky130_fd_sc_hd__dlygate4sd3_1)
                                                         net219 (net)
                      0.052416    0.000084   11.056705 v hold7/A (sky130_fd_sc_hd__dlygate4sd3_1)
     1    0.003514    0.057251    0.585069   11.641774 v hold7/X (sky130_fd_sc_hd__dlygate4sd3_1)
                                                         net105 (net)
                      0.057251    0.000116   11.641891 v input32/A (sky130_fd_sc_hd__buf_4)
     1    0.034004    0.059864    0.179004   11.820895 v input32/X (sky130_fd_sc_hd__buf_4)
                                                         net32 (net)
                      0.060611    0.005593   11.826488 v hold8/A (sky130_fd_sc_hd__dlygate4sd3_1)
     1    0.048669    0.254469    0.788016   12.614504 v hold8/X (sky130_fd_sc_hd__dlygate4sd3_1)
                                                         net106 (net)
                      0.254805    0.008633   12.623137 v i_sram/DI[27] (CF_SRAM_1024x32)
                                             12.623137   data arrival time

                                 25.000000   25.000000   clock clk (rise edge)
                                  4.650000   29.650000   clock source latency
     1    0.053413    0.610000    0.000000   29.650000 ^ wb_clk_i (in)
                                                         wb_clk_i (net)
                      0.627638    0.008379   29.658379 ^ clkbuf_0_wb_clk_i/A (sky130_fd_sc_hd__clkbuf_16)
     2    0.064406    0.091968    0.282896   29.941273 ^ clkbuf_0_wb_clk_i/X (sky130_fd_sc_hd__clkbuf_16)
                                                         clknet_0_wb_clk_i (net)
                      0.092031    0.001815   29.943089 ^ clkbuf_1_1__f_wb_clk_i/A (sky130_fd_sc_hd__clkbuf_16)
     1    0.135215    0.149230    0.208125   30.151215 ^ clkbuf_1_1__f_wb_clk_i/X (sky130_fd_sc_hd__clkbuf_16)
                                                         clknet_1_1__leaf_wb_clk_i (net)
                      0.151531    0.013987   30.165201 ^ i_sram/CLKin (CF_SRAM_1024x32)
                                 -0.100000   30.065203   clock uncertainty
                                  0.000000   30.065203   clock reconvergence pessimism
                                 -0.642384   29.422819   library setup time
                                             29.422819   data required time
---------------------------------------------------------------------------------------------
                                             29.422819   data required time
                                            -12.623137   data arrival time
---------------------------------------------------------------------------------------------
                                             16.799683   slack (MET)


Startpoint: wbs_dat_i[23] (input port clocked by clk)
Endpoint: i_sram (rising edge-triggered flip-flop clocked by clk)
Path Group: clk
Path Type: max

Fanout         Cap        Slew       Delay        Time   Description
---------------------------------------------------------------------------------------------
                                  0.000000    0.000000   clock clk (rise edge)
                                  5.570000    5.570000   clock network delay (propagated)
                                  4.610000   10.180000 v input external delay
     1    0.003126    0.840000    0.000000   10.180000 v wbs_dat_i[23] (in)
                                                         wbs_dat_i[23] (net)
                      0.840087    0.000046   10.180046 v hold116/A (sky130_fd_sc_hd__dlygate4sd3_1)
     1    0.002511    0.051484    0.875032   11.055079 v hold116/X (sky130_fd_sc_hd__dlygate4sd3_1)
                                                         net214 (net)
                      0.051484    0.000078   11.055156 v hold59/A (sky130_fd_sc_hd__dlygate4sd3_1)
     1    0.002129    0.049582    0.571831   11.626987 v hold59/X (sky130_fd_sc_hd__dlygate4sd3_1)
                                                         net157 (net)
                      0.049582    0.000044   11.627030 v input28/A (sky130_fd_sc_hd__clkbuf_4)
     1    0.034432    0.080769    0.191374   11.818404 v input28/X (sky130_fd_sc_hd__clkbuf_4)
                                                         net28 (net)
                      0.081353    0.005536   11.823940 v hold60/A (sky130_fd_sc_hd__dlygate4sd3_1)
     1    0.047120    0.246041    0.793022   12.616962 v hold60/X (sky130_fd_sc_hd__dlygate4sd3_1)
                                                         net158 (net)
                      0.246303    0.007530   12.624492 v i_sram/DI[23] (CF_SRAM_1024x32)
                                             12.624492   data arrival time

                                 25.000000   25.000000   clock clk (rise edge)
                                  4.650000   29.650000   clock source latency
     1    0.053413    0.610000    0.000000   29.650000 ^ wb_clk_i (in)
                                                         wb_clk_i (net)
                      0.627638    0.008379   29.658379 ^ clkbuf_0_wb_clk_i/A (sky130_fd_sc_hd__clkbuf_16)
     2    0.064406    0.091968    0.282896   29.941273 ^ clkbuf_0_wb_clk_i/X (sky130_fd_sc_hd__clkbuf_16)
                                                         clknet_0_wb_clk_i (net)
                      0.092031    0.001815   29.943089 ^ clkbuf_1_1__f_wb_clk_i/A (sky130_fd_sc_hd__clkbuf_16)
     1    0.135215    0.149230    0.208125   30.151215 ^ clkbuf_1_1__f_wb_clk_i/X (sky130_fd_sc_hd__clkbuf_16)
                                                         clknet_1_1__leaf_wb_clk_i (net)
                      0.151531    0.013987   30.165201 ^ i_sram/CLKin (CF_SRAM_1024x32)
                                 -0.100000   30.065203   clock uncertainty
                                  0.000000   30.065203   clock reconvergence pessimism
                                 -0.639203   29.426001   library setup time
                                             29.426001   data required time
---------------------------------------------------------------------------------------------
                                             29.426001   data required time
                                            -12.624492   data arrival time
---------------------------------------------------------------------------------------------
                                             16.801508   slack (MET)


Startpoint: wbs_dat_i[31] (input port clocked by clk)
Endpoint: i_sram (rising edge-triggered flip-flop clocked by clk)
Path Group: clk
Path Type: max

Fanout         Cap        Slew       Delay        Time   Description
---------------------------------------------------------------------------------------------
                                  0.000000    0.000000   clock clk (rise edge)
                                  5.570000    5.570000   clock network delay (propagated)
                                  4.610000   10.180000 v input external delay
     1    0.002743    0.840000    0.000000   10.180000 v wbs_dat_i[31] (in)
                                                         wbs_dat_i[31] (net)
                      0.840069    0.000036   10.180037 v hold128/A (sky130_fd_sc_hd__dlygate4sd3_1)
     1    0.002232    0.050212    0.872378   11.052414 v hold128/X (sky130_fd_sc_hd__dlygate4sd3_1)
                                                         net226 (net)
                      0.050212    0.000049   11.052464 v hold29/A (sky130_fd_sc_hd__dlygate4sd3_1)
     1    0.003446    0.057056    0.583706   11.636169 v hold29/X (sky130_fd_sc_hd__dlygate4sd3_1)
                                                         net127 (net)
                      0.057056    0.000112   11.636282 v input37/A (sky130_fd_sc_hd__buf_4)
     1    0.040120    0.067764    0.184328   11.820610 v input37/X (sky130_fd_sc_hd__buf_4)
                                                         net37 (net)
                      0.068959    0.007547   11.828156 v hold30/A (sky130_fd_sc_hd__dlygate4sd3_1)
     1    0.046788    0.246067    0.785055   12.613212 v hold30/X (sky130_fd_sc_hd__dlygate4sd3_1)
                                                         net128 (net)
                      0.246452    0.009075   12.622286 v i_sram/DI[31] (CF_SRAM_1024x32)
                                             12.622286   data arrival time

                                 25.000000   25.000000   clock clk (rise edge)
                                  4.650000   29.650000   clock source latency
     1    0.053413    0.610000    0.000000   29.650000 ^ wb_clk_i (in)
                                                         wb_clk_i (net)
                      0.627638    0.008379   29.658379 ^ clkbuf_0_wb_clk_i/A (sky130_fd_sc_hd__clkbuf_16)
     2    0.064406    0.091968    0.282896   29.941273 ^ clkbuf_0_wb_clk_i/X (sky130_fd_sc_hd__clkbuf_16)
                                                         clknet_0_wb_clk_i (net)
                      0.092031    0.001815   29.943089 ^ clkbuf_1_1__f_wb_clk_i/A (sky130_fd_sc_hd__clkbuf_16)
     1    0.135215    0.149230    0.208125   30.151215 ^ clkbuf_1_1__f_wb_clk_i/X (sky130_fd_sc_hd__clkbuf_16)
                                                         clknet_1_1__leaf_wb_clk_i (net)
                      0.151531    0.013987   30.165201 ^ i_sram/CLKin (CF_SRAM_1024x32)
                                 -0.100000   30.065203   clock uncertainty
                                  0.000000   30.065203   clock reconvergence pessimism
                                 -0.639258   29.425945   library setup time
                                             29.425945   data required time
---------------------------------------------------------------------------------------------
                                             29.425945   data required time
                                            -12.622286   data arrival time
---------------------------------------------------------------------------------------------
                                             16.803659   slack (MET)


Startpoint: wbs_dat_i[20] (input port clocked by clk)
Endpoint: i_sram (rising edge-triggered flip-flop clocked by clk)
Path Group: clk
Path Type: max

Fanout         Cap        Slew       Delay        Time   Description
---------------------------------------------------------------------------------------------
                                  0.000000    0.000000   clock clk (rise edge)
                                  5.570000    5.570000   clock network delay (propagated)
                                  4.610000   10.180000 v input external delay
     1    0.003354    0.840000    0.000000   10.180000 v wbs_dat_i[20] (in)
                                                         wbs_dat_i[20] (net)
                      0.840088    0.000046   10.180046 v hold109/A (sky130_fd_sc_hd__dlygate4sd3_1)
     1    0.002618    0.052101    0.876044   11.056090 v hold109/X (sky130_fd_sc_hd__dlygate4sd3_1)
                                                         net207 (net)
                      0.052101    0.000083   11.056173 v hold51/A (sky130_fd_sc_hd__dlygate4sd3_1)
     1    0.002170    0.049722    0.572483   11.628655 v hold51/X (sky130_fd_sc_hd__dlygate4sd3_1)
                                                         net149 (net)
                      0.049722    0.000044   11.628700 v input25/A (sky130_fd_sc_hd__clkbuf_4)
     1    0.037857    0.087011    0.197101   11.825801 v input25/X (sky130_fd_sc_hd__clkbuf_4)
                                                         net25 (net)
                      0.087560    0.005601   11.831402 v hold52/A (sky130_fd_sc_hd__dlygate4sd3_1)
     1    0.044807    0.235779    0.787755   12.619157 v hold52/X (sky130_fd_sc_hd__dlygate4sd3_1)
                                                         net150 (net)
                      0.235985    0.006595   12.625751 v i_sram/DI[20] (CF_SRAM_1024x32)
                                             12.625751   data arrival time

                                 25.000000   25.000000   clock clk (rise edge)
                                  4.650000   29.650000   clock source latency
     1    0.053413    0.610000    0.000000   29.650000 ^ wb_clk_i (in)
                                                         wb_clk_i (net)
                      0.627638    0.008379   29.658379 ^ clkbuf_0_wb_clk_i/A (sky130_fd_sc_hd__clkbuf_16)
     2    0.064406    0.091968    0.282896   29.941273 ^ clkbuf_0_wb_clk_i/X (sky130_fd_sc_hd__clkbuf_16)
                                                         clknet_0_wb_clk_i (net)
                      0.092031    0.001815   29.943089 ^ clkbuf_1_1__f_wb_clk_i/A (sky130_fd_sc_hd__clkbuf_16)
     1    0.135215    0.149230    0.208125   30.151215 ^ clkbuf_1_1__f_wb_clk_i/X (sky130_fd_sc_hd__clkbuf_16)
                                                         clknet_1_1__leaf_wb_clk_i (net)
                      0.151531    0.013987   30.165201 ^ i_sram/CLKin (CF_SRAM_1024x32)
                                 -0.100000   30.065203   clock uncertainty
                                  0.000000   30.065203   clock reconvergence pessimism
                                 -0.635343   29.429861   library setup time
                                             29.429861   data required time
---------------------------------------------------------------------------------------------
                                             29.429861   data required time
                                            -12.625751   data arrival time
---------------------------------------------------------------------------------------------
                                             16.804110   slack (MET)


Startpoint: wbs_dat_i[24] (input port clocked by clk)
Endpoint: i_sram (rising edge-triggered flip-flop clocked by clk)
Path Group: clk
Path Type: max

Fanout         Cap        Slew       Delay        Time   Description
---------------------------------------------------------------------------------------------
                                  0.000000    0.000000   clock clk (rise edge)
                                  5.570000    5.570000   clock network delay (propagated)
                                  4.610000   10.180000 v input external delay
     1    0.002688    0.840000    0.000000   10.180000 v wbs_dat_i[24] (in)
                                                         wbs_dat_i[24] (net)
                      0.840067    0.000035   10.180035 v hold117/A (sky130_fd_sc_hd__dlygate4sd3_1)
     1    0.001855    0.048505    0.868807   11.048842 v hold117/X (sky130_fd_sc_hd__dlygate4sd3_1)
                                                         net215 (net)
                      0.048505    0.000038   11.048881 v hold63/A (sky130_fd_sc_hd__dlygate4sd3_1)
     1    0.002536    0.051408    0.574494   11.623375 v hold63/X (sky130_fd_sc_hd__dlygate4sd3_1)
                                                         net161 (net)
                      0.051408    0.000075   11.623449 v input29/A (sky130_fd_sc_hd__clkbuf_4)
     1    0.030536    0.073624    0.186771   11.810220 v input29/X (sky130_fd_sc_hd__clkbuf_4)
                                                         net29 (net)
                      0.073999    0.004444   11.814664 v hold64/A (sky130_fd_sc_hd__dlygate4sd3_1)
     1    0.047951    0.251083    0.792213   12.606877 v hold64/X (sky130_fd_sc_hd__dlygate4sd3_1)
                                                         net162 (net)
                      0.251366    0.007911   12.614789 v i_sram/DI[24] (CF_SRAM_1024x32)
                                             12.614789   data arrival time

                                 25.000000   25.000000   clock clk (rise edge)
                                  4.650000   29.650000   clock source latency
     1    0.053413    0.610000    0.000000   29.650000 ^ wb_clk_i (in)
                                                         wb_clk_i (net)
                      0.627638    0.008379   29.658379 ^ clkbuf_0_wb_clk_i/A (sky130_fd_sc_hd__clkbuf_16)
     2    0.064406    0.091968    0.282896   29.941273 ^ clkbuf_0_wb_clk_i/X (sky130_fd_sc_hd__clkbuf_16)
                                                         clknet_0_wb_clk_i (net)
                      0.092031    0.001815   29.943089 ^ clkbuf_1_1__f_wb_clk_i/A (sky130_fd_sc_hd__clkbuf_16)
     1    0.135215    0.149230    0.208125   30.151215 ^ clkbuf_1_1__f_wb_clk_i/X (sky130_fd_sc_hd__clkbuf_16)
                                                         clknet_1_1__leaf_wb_clk_i (net)
                      0.151531    0.013987   30.165201 ^ i_sram/CLKin (CF_SRAM_1024x32)
                                 -0.100000   30.065203   clock uncertainty
                                  0.000000   30.065203   clock reconvergence pessimism
                                 -0.641097   29.424105   library setup time
                                             29.424105   data required time
---------------------------------------------------------------------------------------------
                                             29.424105   data required time
                                            -12.614789   data arrival time
---------------------------------------------------------------------------------------------
                                             16.809317   slack (MET)


Startpoint: wbs_dat_i[6] (input port clocked by clk)
Endpoint: i_sram (rising edge-triggered flip-flop clocked by clk)
Path Group: clk
Path Type: max

Fanout         Cap        Slew       Delay        Time   Description
---------------------------------------------------------------------------------------------
                                  0.000000    0.000000   clock clk (rise edge)
                                  5.570000    5.570000   clock network delay (propagated)
                                  4.610000   10.180000 v input external delay
     1    0.003423    0.840000    0.000000   10.180000 v wbs_dat_i[6] (in)
                                                         wbs_dat_i[6] (net)
                      0.840103    0.000054   10.180055 v hold106/A (sky130_fd_sc_hd__dlygate4sd3_1)
     1    0.001999    0.049208    0.870171   11.050226 v hold106/X (sky130_fd_sc_hd__dlygate4sd3_1)
                                                         net204 (net)
                      0.049208    0.000058   11.050283 v hold33/A (sky130_fd_sc_hd__dlygate4sd3_1)
     1    0.003213    0.055663    0.581236   11.631519 v hold33/X (sky130_fd_sc_hd__dlygate4sd3_1)
                                                         net131 (net)
                      0.055663    0.000101   11.631620 v input41/A (sky130_fd_sc_hd__clkbuf_4)
     1    0.016886    0.049427    0.168513   11.800134 v input41/X (sky130_fd_sc_hd__clkbuf_4)
                                                         net41 (net)
                      0.049457    0.001151   11.801285 v hold34/A (sky130_fd_sc_hd__dlygate4sd3_1)
     1    0.052074    0.269245    0.796447   12.597732 v hold34/X (sky130_fd_sc_hd__dlygate4sd3_1)
                                                         net132 (net)
                      0.269567    0.008701   12.606433 v i_sram/DI[6] (CF_SRAM_1024x32)
                                             12.606433   data arrival time

                                 25.000000   25.000000   clock clk (rise edge)
                                  4.650000   29.650000   clock source latency
     1    0.053413    0.610000    0.000000   29.650000 ^ wb_clk_i (in)
                                                         wb_clk_i (net)
                      0.627638    0.008379   29.658379 ^ clkbuf_0_wb_clk_i/A (sky130_fd_sc_hd__clkbuf_16)
     2    0.064406    0.091968    0.282896   29.941273 ^ clkbuf_0_wb_clk_i/X (sky130_fd_sc_hd__clkbuf_16)
                                                         clknet_0_wb_clk_i (net)
                      0.092031    0.001815   29.943089 ^ clkbuf_1_1__f_wb_clk_i/A (sky130_fd_sc_hd__clkbuf_16)
     1    0.135215    0.149230    0.208125   30.151215 ^ clkbuf_1_1__f_wb_clk_i/X (sky130_fd_sc_hd__clkbuf_16)
                                                         clknet_1_1__leaf_wb_clk_i (net)
                      0.151531    0.013987   30.165201 ^ i_sram/CLKin (CF_SRAM_1024x32)
                                 -0.100000   30.065203   clock uncertainty
                                  0.000000   30.065203   clock reconvergence pessimism
                                 -0.647907   29.417295   library setup time
                                             29.417295   data required time
---------------------------------------------------------------------------------------------
                                             29.417295   data required time
                                            -12.606433   data arrival time
---------------------------------------------------------------------------------------------
                                             16.810862   slack (MET)


Startpoint: wbs_dat_i[19] (input port clocked by clk)
Endpoint: i_sram (rising edge-triggered flip-flop clocked by clk)
Path Group: clk
Path Type: max

Fanout         Cap        Slew       Delay        Time   Description
---------------------------------------------------------------------------------------------
                                  0.000000    0.000000   clock clk (rise edge)
                                  5.570000    5.570000   clock network delay (propagated)
                                  4.610000   10.180000 v input external delay
     1    0.003080    0.840000    0.000000   10.180000 v wbs_dat_i[19] (in)
                                                         wbs_dat_i[19] (net)
                      0.840083    0.000044   10.180044 v hold111/A (sky130_fd_sc_hd__dlygate4sd3_1)
     1    0.002189    0.050059    0.871967   11.052011 v hold111/X (sky130_fd_sc_hd__dlygate4sd3_1)
                                                         net209 (net)
                      0.050059    0.000066   11.052077 v hold45/A (sky130_fd_sc_hd__dlygate4sd3_1)
     1    0.002346    0.050382    0.573321   11.625398 v hold45/X (sky130_fd_sc_hd__dlygate4sd3_1)
                                                         net143 (net)
                      0.050382    0.000068   11.625466 v input23/A (sky130_fd_sc_hd__clkbuf_4)
     1    0.036482    0.084330    0.195528   11.820994 v input23/X (sky130_fd_sc_hd__clkbuf_4)
                                                         net23 (net)
                      0.084800    0.005077   11.826071 v hold46/A (sky130_fd_sc_hd__dlygate4sd3_1)
     1    0.043177    0.228598    0.780460   12.606531 v hold46/X (sky130_fd_sc_hd__dlygate4sd3_1)
                                                         net144 (net)
                      0.228782    0.006152   12.612682 v i_sram/DI[19] (CF_SRAM_1024x32)
                                             12.612682   data arrival time

                                 25.000000   25.000000   clock clk (rise edge)
                                  4.650000   29.650000   clock source latency
     1    0.053413    0.610000    0.000000   29.650000 ^ wb_clk_i (in)
                                                         wb_clk_i (net)
                      0.627638    0.008379   29.658379 ^ clkbuf_0_wb_clk_i/A (sky130_fd_sc_hd__clkbuf_16)
     2    0.064406    0.091968    0.282896   29.941273 ^ clkbuf_0_wb_clk_i/X (sky130_fd_sc_hd__clkbuf_16)
                                                         clknet_0_wb_clk_i (net)
                      0.092031    0.001815   29.943089 ^ clkbuf_1_1__f_wb_clk_i/A (sky130_fd_sc_hd__clkbuf_16)
     1    0.135215    0.149230    0.208125   30.151215 ^ clkbuf_1_1__f_wb_clk_i/X (sky130_fd_sc_hd__clkbuf_16)
                                                         clknet_1_1__leaf_wb_clk_i (net)
                      0.151531    0.013987   30.165201 ^ i_sram/CLKin (CF_SRAM_1024x32)
                                 -0.100000   30.065203   clock uncertainty
                                  0.000000   30.065203   clock reconvergence pessimism
                                 -0.632647   29.432554   library setup time
                                             29.432554   data required time
---------------------------------------------------------------------------------------------
                                             29.432554   data required time
                                            -12.612682   data arrival time
---------------------------------------------------------------------------------------------
                                             16.819872   slack (MET)


Startpoint: wbs_dat_i[29] (input port clocked by clk)
Endpoint: i_sram (rising edge-triggered flip-flop clocked by clk)
Path Group: clk
Path Type: max

Fanout         Cap        Slew       Delay        Time   Description
---------------------------------------------------------------------------------------------
                                  0.000000    0.000000   clock clk (rise edge)
                                  5.570000    5.570000   clock network delay (propagated)
                                  4.610000   10.180000 v input external delay
     1    0.003103    0.840000    0.000000   10.180000 v wbs_dat_i[29] (in)
                                                         wbs_dat_i[29] (net)
                      0.840086    0.000045   10.180045 v hold126/A (sky130_fd_sc_hd__dlygate4sd3_1)
     1    0.002267    0.050334    0.872715   11.052761 v hold126/X (sky130_fd_sc_hd__dlygate4sd3_1)
                                                         net224 (net)
                      0.050334    0.000068   11.052829 v hold19/A (sky130_fd_sc_hd__dlygate4sd3_1)
     1    0.003483    0.057173    0.584012   11.636841 v hold19/X (sky130_fd_sc_hd__dlygate4sd3_1)
                                                         net117 (net)
                      0.057173    0.000107   11.636949 v input34/A (sky130_fd_sc_hd__buf_4)
     1    0.037696    0.064713    0.182241   11.819189 v input34/X (sky130_fd_sc_hd__buf_4)
                                                         net34 (net)
                      0.065720    0.006768   11.825957 v hold20/A (sky130_fd_sc_hd__dlygate4sd3_1)
     1    0.044285    0.233659    0.774566   12.600524 v hold20/X (sky130_fd_sc_hd__dlygate4sd3_1)
                                                         net118 (net)
                      0.233966    0.007936   12.608459 v i_sram/DI[29] (CF_SRAM_1024x32)
                                             12.608459   data arrival time

                                 25.000000   25.000000   clock clk (rise edge)
                                  4.650000   29.650000   clock source latency
     1    0.053413    0.610000    0.000000   29.650000 ^ wb_clk_i (in)
                                                         wb_clk_i (net)
                      0.627638    0.008379   29.658379 ^ clkbuf_0_wb_clk_i/A (sky130_fd_sc_hd__clkbuf_16)
     2    0.064406    0.091968    0.282896   29.941273 ^ clkbuf_0_wb_clk_i/X (sky130_fd_sc_hd__clkbuf_16)
                                                         clknet_0_wb_clk_i (net)
                      0.092031    0.001815   29.943089 ^ clkbuf_1_1__f_wb_clk_i/A (sky130_fd_sc_hd__clkbuf_16)
     1    0.135215    0.149230    0.208125   30.151215 ^ clkbuf_1_1__f_wb_clk_i/X (sky130_fd_sc_hd__clkbuf_16)
                                                         clknet_1_1__leaf_wb_clk_i (net)
                      0.151531    0.013987   30.165201 ^ i_sram/CLKin (CF_SRAM_1024x32)
                                 -0.100000   30.065203   clock uncertainty
                                  0.000000   30.065203   clock reconvergence pessimism
                                 -0.634587   29.430614   library setup time
                                             29.430614   data required time
---------------------------------------------------------------------------------------------
                                             29.430614   data required time
                                            -12.608459   data arrival time
---------------------------------------------------------------------------------------------
                                             16.822157   slack (MET)


Startpoint: wbs_dat_i[26] (input port clocked by clk)
Endpoint: i_sram (rising edge-triggered flip-flop clocked by clk)
Path Group: clk
Path Type: max

Fanout         Cap        Slew       Delay        Time   Description
---------------------------------------------------------------------------------------------
                                  0.000000    0.000000   clock clk (rise edge)
                                  5.570000    5.570000   clock network delay (propagated)
                                  4.610000   10.180000 v input external delay
     1    0.003117    0.840000    0.000000   10.180000 v wbs_dat_i[26] (in)
                                                         wbs_dat_i[26] (net)
                      0.840087    0.000046   10.180046 v hold124/A (sky130_fd_sc_hd__dlygate4sd3_1)
     1    0.002095    0.049681    0.871083   11.051129 v hold124/X (sky130_fd_sc_hd__dlygate4sd3_1)
                                                         net222 (net)
                      0.049681    0.000061   11.051190 v hold75/A (sky130_fd_sc_hd__dlygate4sd3_1)
     1    0.002949    0.053909    0.578912   11.630102 v hold75/X (sky130_fd_sc_hd__dlygate4sd3_1)
                                                         net173 (net)
                      0.053909    0.000092   11.630195 v input31/A (sky130_fd_sc_hd__clkbuf_4)
     1    0.031996    0.076336    0.189637   11.819832 v input31/X (sky130_fd_sc_hd__clkbuf_4)
                                                         net31 (net)
                      0.076867    0.005080   11.824912 v hold76/A (sky130_fd_sc_hd__dlygate4sd3_1)
     1    0.043429    0.229772    0.777257   12.602169 v hold76/X (sky130_fd_sc_hd__dlygate4sd3_1)
                                                         net174 (net)
                      0.230020    0.007113   12.609282 v i_sram/DI[26] (CF_SRAM_1024x32)
                                             12.609282   data arrival time

                                 25.000000   25.000000   clock clk (rise edge)
                                  4.650000   29.650000   clock source latency
     1    0.053413    0.610000    0.000000   29.650000 ^ wb_clk_i (in)
                                                         wb_clk_i (net)
                      0.627638    0.008379   29.658379 ^ clkbuf_0_wb_clk_i/A (sky130_fd_sc_hd__clkbuf_16)
     2    0.064406    0.091968    0.282896   29.941273 ^ clkbuf_0_wb_clk_i/X (sky130_fd_sc_hd__clkbuf_16)
                                                         clknet_0_wb_clk_i (net)
                      0.092031    0.001815   29.943089 ^ clkbuf_1_1__f_wb_clk_i/A (sky130_fd_sc_hd__clkbuf_16)
     1    0.135215    0.149230    0.208125   30.151215 ^ clkbuf_1_1__f_wb_clk_i/X (sky130_fd_sc_hd__clkbuf_16)
                                                         clknet_1_1__leaf_wb_clk_i (net)
                      0.151531    0.013987   30.165201 ^ i_sram/CLKin (CF_SRAM_1024x32)
                                 -0.100000   30.065203   clock uncertainty
                                  0.000000   30.065203   clock reconvergence pessimism
                                 -0.633111   29.432091   library setup time
                                             29.432091   data required time
---------------------------------------------------------------------------------------------
                                             29.432091   data required time
                                            -12.609282   data arrival time
---------------------------------------------------------------------------------------------
                                             16.822809   slack (MET)


Startpoint: wbs_dat_i[18] (input port clocked by clk)
Endpoint: i_sram (rising edge-triggered flip-flop clocked by clk)
Path Group: clk
Path Type: max

Fanout         Cap        Slew       Delay        Time   Description
---------------------------------------------------------------------------------------------
                                  0.000000    0.000000   clock clk (rise edge)
                                  5.570000    5.570000   clock network delay (propagated)
                                  4.610000   10.180000 v input external delay
     1    0.003603    0.840000    0.000000   10.180000 v wbs_dat_i[18] (in)
                                                         wbs_dat_i[18] (net)
                      0.840097    0.000051   10.180051 v hold107/A (sky130_fd_sc_hd__dlygate4sd3_1)
     1    0.002669    0.052398    0.876524   11.056575 v hold107/X (sky130_fd_sc_hd__dlygate4sd3_1)
                                                         net205 (net)
                      0.052398    0.000085   11.056660 v hold39/A (sky130_fd_sc_hd__dlygate4sd3_1)
     1    0.002196    0.049811    0.572850   11.629510 v hold39/X (sky130_fd_sc_hd__dlygate4sd3_1)
                                                         net137 (net)
                      0.049811    0.000044   11.629555 v input22/A (sky130_fd_sc_hd__clkbuf_4)
     1    0.037303    0.086017    0.196260   11.825814 v input22/X (sky130_fd_sc_hd__clkbuf_4)
                                                         net22 (net)
                      0.086557    0.005524   11.831338 v hold40/A (sky130_fd_sc_hd__dlygate4sd3_1)
     1    0.040824    0.218198    0.772855   12.604193 v hold40/X (sky130_fd_sc_hd__dlygate4sd3_1)
                                                         net138 (net)
                      0.218366    0.005786   12.609979 v i_sram/DI[18] (CF_SRAM_1024x32)
                                             12.609979   data arrival time

                                 25.000000   25.000000   clock clk (rise edge)
                                  4.650000   29.650000   clock source latency
     1    0.053413    0.610000    0.000000   29.650000 ^ wb_clk_i (in)
                                                         wb_clk_i (net)
                      0.627638    0.008379   29.658379 ^ clkbuf_0_wb_clk_i/A (sky130_fd_sc_hd__clkbuf_16)
     2    0.064406    0.091968    0.282896   29.941273 ^ clkbuf_0_wb_clk_i/X (sky130_fd_sc_hd__clkbuf_16)
                                                         clknet_0_wb_clk_i (net)
                      0.092031    0.001815   29.943089 ^ clkbuf_1_1__f_wb_clk_i/A (sky130_fd_sc_hd__clkbuf_16)
     1    0.135215    0.149230    0.208125   30.151215 ^ clkbuf_1_1__f_wb_clk_i/X (sky130_fd_sc_hd__clkbuf_16)
                                                         clknet_1_1__leaf_wb_clk_i (net)
                      0.151531    0.013987   30.165201 ^ i_sram/CLKin (CF_SRAM_1024x32)
                                 -0.100000   30.065203   clock uncertainty
                                  0.000000   30.065203   clock reconvergence pessimism
                                 -0.628750   29.436453   library setup time
                                             29.436453   data required time
---------------------------------------------------------------------------------------------
                                             29.436453   data required time
                                            -12.609979   data arrival time
---------------------------------------------------------------------------------------------
                                             16.826473   slack (MET)


Startpoint: wbs_dat_i[17] (input port clocked by clk)
Endpoint: i_sram (rising edge-triggered flip-flop clocked by clk)
Path Group: clk
Path Type: max

Fanout         Cap        Slew       Delay        Time   Description
---------------------------------------------------------------------------------------------
                                  0.000000    0.000000   clock clk (rise edge)
                                  5.570000    5.570000   clock network delay (propagated)
                                  4.610000   10.180000 v input external delay
     1    0.003855    0.840000    0.000000   10.180000 v wbs_dat_i[17] (in)
                                                         wbs_dat_i[17] (net)
                      0.840125    0.000066   10.180066 v hold110/A (sky130_fd_sc_hd__dlygate4sd3_1)
     1    0.002686    0.052504    0.876700   11.056766 v hold110/X (sky130_fd_sc_hd__dlygate4sd3_1)
                                                         net208 (net)
                      0.052504    0.000084   11.056850 v hold43/A (sky130_fd_sc_hd__dlygate4sd3_1)
     1    0.002171    0.049721    0.572652   11.629502 v hold43/X (sky130_fd_sc_hd__dlygate4sd3_1)
                                                         net141 (net)
                      0.049721    0.000044   11.629545 v input21/A (sky130_fd_sc_hd__clkbuf_4)
     1    0.036946    0.085210    0.195787   11.825333 v input21/X (sky130_fd_sc_hd__clkbuf_4)
                                                         net21 (net)
                      0.085752    0.005486   11.830819 v hold44/A (sky130_fd_sc_hd__dlygate4sd3_1)
     1    0.040587    0.217163    0.771614   12.602433 v hold44/X (sky130_fd_sc_hd__dlygate4sd3_1)
                                                         net142 (net)
                      0.217324    0.005654   12.608088 v i_sram/DI[17] (CF_SRAM_1024x32)
                                             12.608088   data arrival time

                                 25.000000   25.000000   clock clk (rise edge)
                                  4.650000   29.650000   clock source latency
     1    0.053413    0.610000    0.000000   29.650000 ^ wb_clk_i (in)
                                                         wb_clk_i (net)
                      0.627638    0.008379   29.658379 ^ clkbuf_0_wb_clk_i/A (sky130_fd_sc_hd__clkbuf_16)
     2    0.064406    0.091968    0.282896   29.941273 ^ clkbuf_0_wb_clk_i/X (sky130_fd_sc_hd__clkbuf_16)
                                                         clknet_0_wb_clk_i (net)
                      0.092031    0.001815   29.943089 ^ clkbuf_1_1__f_wb_clk_i/A (sky130_fd_sc_hd__clkbuf_16)
     1    0.135215    0.149230    0.208125   30.151215 ^ clkbuf_1_1__f_wb_clk_i/X (sky130_fd_sc_hd__clkbuf_16)
                                                         clknet_1_1__leaf_wb_clk_i (net)
                      0.151531    0.013987   30.165201 ^ i_sram/CLKin (CF_SRAM_1024x32)
                                 -0.100000   30.065203   clock uncertainty
                                  0.000000   30.065203   clock reconvergence pessimism
                                 -0.628361   29.436842   library setup time
                                             29.436842   data required time
---------------------------------------------------------------------------------------------
                                             29.436842   data required time
                                            -12.608088   data arrival time
---------------------------------------------------------------------------------------------
                                             16.828754   slack (MET)


Startpoint: wbs_dat_i[28] (input port clocked by clk)
Endpoint: i_sram (rising edge-triggered flip-flop clocked by clk)
Path Group: clk
Path Type: max

Fanout         Cap        Slew       Delay        Time   Description
---------------------------------------------------------------------------------------------
                                  0.000000    0.000000   clock clk (rise edge)
                                  5.570000    5.570000   clock network delay (propagated)
                                  4.610000   10.180000 v input external delay
     1    0.002193    0.840000    0.000000   10.180000 v wbs_dat_i[28] (in)
                                                         wbs_dat_i[28] (net)
                      0.840050    0.000026   10.180026 v hold123/A (sky130_fd_sc_hd__dlygate4sd3_1)
     1    0.003087    0.055019    0.880478   11.060504 v hold123/X (sky130_fd_sc_hd__dlygate4sd3_1)
                                                         net221 (net)
                      0.055019    0.000105   11.060609 v hold11/A (sky130_fd_sc_hd__dlygate4sd3_1)
     1    0.003022    0.054354    0.581920   11.642529 v hold11/X (sky130_fd_sc_hd__dlygate4sd3_1)
                                                         net109 (net)
                      0.054354    0.000092   11.642621 v input33/A (sky130_fd_sc_hd__buf_4)
     1    0.030293    0.055469    0.173975   11.816596 v input33/X (sky130_fd_sc_hd__buf_4)
                                                         net33 (net)
                      0.056102    0.004912   11.821507 v hold12/A (sky130_fd_sc_hd__dlygate4sd3_1)
     1    0.043149    0.228449    0.766706   12.588214 v hold12/X (sky130_fd_sc_hd__dlygate4sd3_1)
                                                         net110 (net)
                      0.228684    0.006911   12.595124 v i_sram/DI[28] (CF_SRAM_1024x32)
                                             12.595124   data arrival time

                                 25.000000   25.000000   clock clk (rise edge)
                                  4.650000   29.650000   clock source latency
     1    0.053413    0.610000    0.000000   29.650000 ^ wb_clk_i (in)
                                                         wb_clk_i (net)
                      0.627638    0.008379   29.658379 ^ clkbuf_0_wb_clk_i/A (sky130_fd_sc_hd__clkbuf_16)
     2    0.064406    0.091968    0.282896   29.941273 ^ clkbuf_0_wb_clk_i/X (sky130_fd_sc_hd__clkbuf_16)
                                                         clknet_0_wb_clk_i (net)
                      0.092031    0.001815   29.943089 ^ clkbuf_1_1__f_wb_clk_i/A (sky130_fd_sc_hd__clkbuf_16)
     1    0.135215    0.149230    0.208125   30.151215 ^ clkbuf_1_1__f_wb_clk_i/X (sky130_fd_sc_hd__clkbuf_16)
                                                         clknet_1_1__leaf_wb_clk_i (net)
                      0.151531    0.013987   30.165201 ^ i_sram/CLKin (CF_SRAM_1024x32)
                                 -0.100000   30.065203   clock uncertainty
                                  0.000000   30.065203   clock reconvergence pessimism
                                 -0.632611   29.432592   library setup time
                                             29.432592   data required time
---------------------------------------------------------------------------------------------
                                             29.432592   data required time
                                            -12.595124   data arrival time
---------------------------------------------------------------------------------------------
                                             16.837469   slack (MET)


Startpoint: wbs_dat_i[10] (input port clocked by clk)
Endpoint: i_sram (rising edge-triggered flip-flop clocked by clk)
Path Group: clk
Path Type: max

Fanout         Cap        Slew       Delay        Time   Description
---------------------------------------------------------------------------------------------
                                  0.000000    0.000000   clock clk (rise edge)
                                  5.570000    5.570000   clock network delay (propagated)
                                  4.610000   10.180000 v input external delay
     1    0.003836    0.840000    0.000000   10.180000 v wbs_dat_i[10] (in)
                                                         wbs_dat_i[10] (net)
                      0.840113    0.000060   10.180059 v hold102/A (sky130_fd_sc_hd__dlygate4sd3_1)
     1    0.001853    0.048493    0.868789   11.048848 v hold102/X (sky130_fd_sc_hd__dlygate4sd3_1)
                                                         net200 (net)
                      0.048493    0.000055   11.048903 v hold5/A (sky130_fd_sc_hd__dlygate4sd3_1)
     1    0.002646    0.052050    0.575532   11.624435 v hold5/X (sky130_fd_sc_hd__dlygate4sd3_1)
                                                         net103 (net)
                      0.052050    0.000082   11.624516 v input14/A (sky130_fd_sc_hd__clkbuf_4)
     1    0.014954    0.047376    0.163105   11.787621 v input14/X (sky130_fd_sc_hd__clkbuf_4)
                                                         net14 (net)
                      0.047386    0.000703   11.788325 v hold6/A (sky130_fd_sc_hd__dlygate4sd3_1)
     1    0.049560    0.257669    0.787618   12.575943 v hold6/X (sky130_fd_sc_hd__dlygate4sd3_1)
                                                         net104 (net)
                      0.257858    0.006659   12.582602 v i_sram/DI[10] (CF_SRAM_1024x32)
                                             12.582602   data arrival time

                                 25.000000   25.000000   clock clk (rise edge)
                                  4.650000   29.650000   clock source latency
     1    0.053413    0.610000    0.000000   29.650000 ^ wb_clk_i (in)
                                                         wb_clk_i (net)
                      0.627638    0.008379   29.658379 ^ clkbuf_0_wb_clk_i/A (sky130_fd_sc_hd__clkbuf_16)
     2    0.064406    0.091968    0.282896   29.941273 ^ clkbuf_0_wb_clk_i/X (sky130_fd_sc_hd__clkbuf_16)
                                                         clknet_0_wb_clk_i (net)
                      0.092031    0.001815   29.943089 ^ clkbuf_1_1__f_wb_clk_i/A (sky130_fd_sc_hd__clkbuf_16)
     1    0.135215    0.149230    0.208125   30.151215 ^ clkbuf_1_1__f_wb_clk_i/X (sky130_fd_sc_hd__clkbuf_16)
                                                         clknet_1_1__leaf_wb_clk_i (net)
                      0.151531    0.013987   30.165201 ^ i_sram/CLKin (CF_SRAM_1024x32)
                                 -0.100000   30.065203   clock uncertainty
                                  0.000000   30.065203   clock reconvergence pessimism
                                 -0.643526   29.421677   library setup time
                                             29.421677   data required time
---------------------------------------------------------------------------------------------
                                             29.421677   data required time
                                            -12.582602   data arrival time
---------------------------------------------------------------------------------------------
                                             16.839075   slack (MET)


Startpoint: wbs_dat_i[9] (input port clocked by clk)
Endpoint: i_sram (rising edge-triggered flip-flop clocked by clk)
Path Group: clk
Path Type: max

Fanout         Cap        Slew       Delay        Time   Description
---------------------------------------------------------------------------------------------
                                  0.000000    0.000000   clock clk (rise edge)
                                  5.570000    5.570000   clock network delay (propagated)
                                  4.610000   10.180000 v input external delay
     1    0.003673    0.840000    0.000000   10.180000 v wbs_dat_i[9] (in)
                                                         wbs_dat_i[9] (net)
                      0.840113    0.000060   10.180059 v hold103/A (sky130_fd_sc_hd__dlygate4sd3_1)
     1    0.002232    0.050210    0.872387   11.052446 v hold103/X (sky130_fd_sc_hd__dlygate4sd3_1)
                                                         net201 (net)
                      0.050210    0.000068   11.052514 v hold13/A (sky130_fd_sc_hd__dlygate4sd3_1)
     1    0.002667    0.052163    0.576439   11.628953 v hold13/X (sky130_fd_sc_hd__dlygate4sd3_1)
                                                         net111 (net)
                      0.052163    0.000082   11.629035 v input44/A (sky130_fd_sc_hd__clkbuf_4)
     1    0.015994    0.047975    0.165223   11.794257 v input44/X (sky130_fd_sc_hd__clkbuf_4)
                                                         net44 (net)
                      0.048004    0.001121   11.795379 v hold14/A (sky130_fd_sc_hd__dlygate4sd3_1)
     1    0.047584    0.248614    0.781159   12.576537 v hold14/X (sky130_fd_sc_hd__dlygate4sd3_1)
                                                         net112 (net)
                      0.248723    0.005054   12.581592 v i_sram/DI[9] (CF_SRAM_1024x32)
                                             12.581592   data arrival time

                                 25.000000   25.000000   clock clk (rise edge)
                                  4.650000   29.650000   clock source latency
     1    0.053413    0.610000    0.000000   29.650000 ^ wb_clk_i (in)
                                                         wb_clk_i (net)
                      0.627638    0.008379   29.658379 ^ clkbuf_0_wb_clk_i/A (sky130_fd_sc_hd__clkbuf_16)
     2    0.064406    0.091968    0.282896   29.941273 ^ clkbuf_0_wb_clk_i/X (sky130_fd_sc_hd__clkbuf_16)
                                                         clknet_0_wb_clk_i (net)
                      0.092031    0.001815   29.943089 ^ clkbuf_1_1__f_wb_clk_i/A (sky130_fd_sc_hd__clkbuf_16)
     1    0.135215    0.149230    0.208125   30.151215 ^ clkbuf_1_1__f_wb_clk_i/X (sky130_fd_sc_hd__clkbuf_16)
                                                         clknet_1_1__leaf_wb_clk_i (net)
                      0.151531    0.013987   30.165201 ^ i_sram/CLKin (CF_SRAM_1024x32)
                                 -0.100000   30.065203   clock uncertainty
                                  0.000000   30.065203   clock reconvergence pessimism
                                 -0.640108   29.425095   library setup time
                                             29.425095   data required time
---------------------------------------------------------------------------------------------
                                             29.425095   data required time
                                            -12.581592   data arrival time
---------------------------------------------------------------------------------------------
                                             16.843504   slack (MET)


Startpoint: wbs_dat_i[8] (input port clocked by clk)
Endpoint: i_sram (rising edge-triggered flip-flop clocked by clk)
Path Group: clk
Path Type: max

Fanout         Cap        Slew       Delay        Time   Description
---------------------------------------------------------------------------------------------
                                  0.000000    0.000000   clock clk (rise edge)
                                  5.570000    5.570000   clock network delay (propagated)
                                  4.610000   10.180000 v input external delay
     1    0.003419    0.840000    0.000000   10.180000 v wbs_dat_i[8] (in)
                                                         wbs_dat_i[8] (net)
                      0.840104    0.000055   10.180056 v hold104/A (sky130_fd_sc_hd__dlygate4sd3_1)
     1    0.001662    0.047555    0.866984   11.047039 v hold104/X (sky130_fd_sc_hd__dlygate4sd3_1)
                                                         net202 (net)
                      0.047555    0.000033   11.047072 v hold23/A (sky130_fd_sc_hd__dlygate4sd3_1)
     1    0.002172    0.049767    0.570641   11.617713 v hold23/X (sky130_fd_sc_hd__dlygate4sd3_1)
                                                         net121 (net)
                      0.049767    0.000044   11.617758 v input43/A (sky130_fd_sc_hd__clkbuf_4)
     1    0.017631    0.050675    0.166961   11.784719 v input43/X (sky130_fd_sc_hd__clkbuf_4)
                                                         net43 (net)
                      0.050703    0.001132   11.785850 v hold24/A (sky130_fd_sc_hd__dlygate4sd3_1)
     1    0.048444    0.251693    0.784255   12.570106 v hold24/X (sky130_fd_sc_hd__dlygate4sd3_1)
                                                         net122 (net)
                      0.251937    0.007383   12.577488 v i_sram/DI[8] (CF_SRAM_1024x32)
                                             12.577488   data arrival time

                                 25.000000   25.000000   clock clk (rise edge)
                                  4.650000   29.650000   clock source latency
     1    0.053413    0.610000    0.000000   29.650000 ^ wb_clk_i (in)
                                                         wb_clk_i (net)
                      0.627638    0.008379   29.658379 ^ clkbuf_0_wb_clk_i/A (sky130_fd_sc_hd__clkbuf_16)
     2    0.064406    0.091968    0.282896   29.941273 ^ clkbuf_0_wb_clk_i/X (sky130_fd_sc_hd__clkbuf_16)
                                                         clknet_0_wb_clk_i (net)
                      0.092031    0.001815   29.943089 ^ clkbuf_1_1__f_wb_clk_i/A (sky130_fd_sc_hd__clkbuf_16)
     1    0.135215    0.149230    0.208125   30.151215 ^ clkbuf_1_1__f_wb_clk_i/X (sky130_fd_sc_hd__clkbuf_16)
                                                         clknet_1_1__leaf_wb_clk_i (net)
                      0.151531    0.013987   30.165201 ^ i_sram/CLKin (CF_SRAM_1024x32)
                                 -0.100000   30.065203   clock uncertainty
                                  0.000000   30.065203   clock reconvergence pessimism
                                 -0.641311   29.423891   library setup time
                                             29.423891   data required time
---------------------------------------------------------------------------------------------
                                             29.423891   data required time
                                            -12.577488   data arrival time
---------------------------------------------------------------------------------------------
                                             16.846403   slack (MET)


Startpoint: wbs_dat_i[11] (input port clocked by clk)
Endpoint: i_sram (rising edge-triggered flip-flop clocked by clk)
Path Group: clk
Path Type: max

Fanout         Cap        Slew       Delay        Time   Description
---------------------------------------------------------------------------------------------
                                  0.000000    0.000000   clock clk (rise edge)
                                  5.570000    5.570000   clock network delay (propagated)
                                  4.610000   10.180000 v input external delay
     1    0.004682    0.840000    0.000000   10.180000 v wbs_dat_i[11] (in)
                                                         wbs_dat_i[11] (net)
                      0.840176    0.000092   10.180093 v hold101/A (sky130_fd_sc_hd__dlygate4sd3_1)
     1    0.003725    0.058230    0.885654   11.065747 v hold101/X (sky130_fd_sc_hd__dlygate4sd3_1)
                                                         net199 (net)
                      0.058230    0.000118   11.065865 v hold35/A (sky130_fd_sc_hd__dlygate4sd3_1)
     1    0.002308    0.050221    0.576655   11.642520 v hold35/X (sky130_fd_sc_hd__dlygate4sd3_1)
                                                         net133 (net)
                      0.050221    0.000048   11.642569 v input15/A (sky130_fd_sc_hd__buf_2)
     1    0.013214    0.045377    0.150446   11.793014 v input15/X (sky130_fd_sc_hd__buf_2)
                                                         net15 (net)
                      0.045387    0.000682   11.793696 v hold36/A (sky130_fd_sc_hd__dlygate4sd3_1)
     1    0.046166    0.242510    0.774294   12.567989 v hold36/X (sky130_fd_sc_hd__dlygate4sd3_1)
                                                         net134 (net)
                      0.242654    0.005683   12.573672 v i_sram/DI[11] (CF_SRAM_1024x32)
                                             12.573672   data arrival time

                                 25.000000   25.000000   clock clk (rise edge)
                                  4.650000   29.650000   clock source latency
     1    0.053413    0.610000    0.000000   29.650000 ^ wb_clk_i (in)
                                                         wb_clk_i (net)
                      0.627638    0.008379   29.658379 ^ clkbuf_0_wb_clk_i/A (sky130_fd_sc_hd__clkbuf_16)
     2    0.064406    0.091968    0.282896   29.941273 ^ clkbuf_0_wb_clk_i/X (sky130_fd_sc_hd__clkbuf_16)
                                                         clknet_0_wb_clk_i (net)
                      0.092031    0.001815   29.943089 ^ clkbuf_1_1__f_wb_clk_i/A (sky130_fd_sc_hd__clkbuf_16)
     1    0.135215    0.149230    0.208125   30.151215 ^ clkbuf_1_1__f_wb_clk_i/X (sky130_fd_sc_hd__clkbuf_16)
                                                         clknet_1_1__leaf_wb_clk_i (net)
                      0.151531    0.013987   30.165201 ^ i_sram/CLKin (CF_SRAM_1024x32)
                                 -0.100000   30.065203   clock uncertainty
                                  0.000000   30.065203   clock reconvergence pessimism
                                 -0.637838   29.427364   library setup time
                                             29.427364   data required time
---------------------------------------------------------------------------------------------
                                             29.427364   data required time
                                            -12.573672   data arrival time
---------------------------------------------------------------------------------------------
                                             16.853693   slack (MET)


Startpoint: wbs_dat_i[12] (input port clocked by clk)
Endpoint: i_sram (rising edge-triggered flip-flop clocked by clk)
Path Group: clk
Path Type: max

Fanout         Cap        Slew       Delay        Time   Description
---------------------------------------------------------------------------------------------
                                  0.000000    0.000000   clock clk (rise edge)
                                  5.570000    5.570000   clock network delay (propagated)
                                  4.610000   10.180000 v input external delay
     1    0.004590    0.840000    0.000000   10.180000 v wbs_dat_i[12] (in)
                                                         wbs_dat_i[12] (net)
                      0.840169    0.000089   10.180089 v hold100/A (sky130_fd_sc_hd__dlygate4sd3_1)
     1    0.003543    0.057608    0.884420   11.064508 v hold100/X (sky130_fd_sc_hd__dlygate4sd3_1)
                                                         net198 (net)
                      0.057608    0.000112   11.064621 v hold27/A (sky130_fd_sc_hd__dlygate4sd3_1)
     1    0.001745    0.047700    0.570987   11.635608 v hold27/X (sky130_fd_sc_hd__dlygate4sd3_1)
                                                         net125 (net)
                      0.047700    0.000035   11.635642 v input16/A (sky130_fd_sc_hd__buf_2)
     1    0.012105    0.043605    0.146675   11.782317 v input16/X (sky130_fd_sc_hd__buf_2)
                                                         net16 (net)
                      0.043614    0.000658   11.782975 v hold28/A (sky130_fd_sc_hd__dlygate4sd3_1)
     1    0.040274    0.216524    0.751268   12.534244 v hold28/X (sky130_fd_sc_hd__dlygate4sd3_1)
                                                         net126 (net)
                      0.216638    0.004815   12.539058 v i_sram/DI[12] (CF_SRAM_1024x32)
                                             12.539058   data arrival time

                                 25.000000   25.000000   clock clk (rise edge)
                                  4.650000   29.650000   clock source latency
     1    0.053413    0.610000    0.000000   29.650000 ^ wb_clk_i (in)
                                                         wb_clk_i (net)
                      0.627638    0.008379   29.658379 ^ clkbuf_0_wb_clk_i/A (sky130_fd_sc_hd__clkbuf_16)
     2    0.064406    0.091968    0.282896   29.941273 ^ clkbuf_0_wb_clk_i/X (sky130_fd_sc_hd__clkbuf_16)
                                                         clknet_0_wb_clk_i (net)
                      0.092031    0.001815   29.943089 ^ clkbuf_1_1__f_wb_clk_i/A (sky130_fd_sc_hd__clkbuf_16)
     1    0.135215    0.149230    0.208125   30.151215 ^ clkbuf_1_1__f_wb_clk_i/X (sky130_fd_sc_hd__clkbuf_16)
                                                         clknet_1_1__leaf_wb_clk_i (net)
                      0.151531    0.013987   30.165201 ^ i_sram/CLKin (CF_SRAM_1024x32)
                                 -0.100000   30.065203   clock uncertainty
                                  0.000000   30.065203   clock reconvergence pessimism
                                 -0.628104   29.437099   library setup time
                                             29.437099   data required time
---------------------------------------------------------------------------------------------
                                             29.437099   data required time
                                            -12.539058   data arrival time
---------------------------------------------------------------------------------------------
                                             16.898041   slack (MET)


Startpoint: wbs_dat_i[14] (input port clocked by clk)
Endpoint: i_sram (rising edge-triggered flip-flop clocked by clk)
Path Group: clk
Path Type: max

Fanout         Cap        Slew       Delay        Time   Description
---------------------------------------------------------------------------------------------
                                  0.000000    0.000000   clock clk (rise edge)
                                  5.570000    5.570000   clock network delay (propagated)
                                  4.610000   10.180000 v input external delay
     1    0.002716    0.840000    0.000000   10.180000 v wbs_dat_i[14] (in)
                                                         wbs_dat_i[14] (net)
                      0.840069    0.000036   10.180037 v hold98/A (sky130_fd_sc_hd__dlygate4sd3_1)
     1    0.003663    0.058014    0.885202   11.065239 v hold98/X (sky130_fd_sc_hd__dlygate4sd3_1)
                                                         net196 (net)
                      0.058014    0.000125   11.065364 v hold17/A (sky130_fd_sc_hd__dlygate4sd3_1)
     1    0.003415    0.056942    0.587014   11.652378 v hold17/X (sky130_fd_sc_hd__dlygate4sd3_1)
                                                         net115 (net)
                      0.056942    0.000121   11.652499 v input18/A (sky130_fd_sc_hd__buf_2)
     1    0.011476    0.043104    0.149348   11.801847 v input18/X (sky130_fd_sc_hd__buf_2)
                                                         net18 (net)
                      0.043111    0.000594   11.802442 v hold18/A (sky130_fd_sc_hd__dlygate4sd3_1)
     1    0.034085    0.188895    0.728867   12.531308 v hold18/X (sky130_fd_sc_hd__dlygate4sd3_1)
                                                         net116 (net)
                      0.188909    0.001870   12.533177 v i_sram/DI[14] (CF_SRAM_1024x32)
                                             12.533177   data arrival time

                                 25.000000   25.000000   clock clk (rise edge)
                                  4.650000   29.650000   clock source latency
     1    0.053413    0.610000    0.000000   29.650000 ^ wb_clk_i (in)
                                                         wb_clk_i (net)
                      0.627638    0.008379   29.658379 ^ clkbuf_0_wb_clk_i/A (sky130_fd_sc_hd__clkbuf_16)
     2    0.064406    0.091968    0.282896   29.941273 ^ clkbuf_0_wb_clk_i/X (sky130_fd_sc_hd__clkbuf_16)
                                                         clknet_0_wb_clk_i (net)
                      0.092031    0.001815   29.943089 ^ clkbuf_1_1__f_wb_clk_i/A (sky130_fd_sc_hd__clkbuf_16)
     1    0.135215    0.149230    0.208125   30.151215 ^ clkbuf_1_1__f_wb_clk_i/X (sky130_fd_sc_hd__clkbuf_16)
                                                         clknet_1_1__leaf_wb_clk_i (net)
                      0.151531    0.013987   30.165201 ^ i_sram/CLKin (CF_SRAM_1024x32)
                                 -0.100000   30.065203   clock uncertainty
                                  0.000000   30.065203   clock reconvergence pessimism
                                 -0.617729   29.447474   library setup time
                                             29.447474   data required time
---------------------------------------------------------------------------------------------
                                             29.447474   data required time
                                            -12.533177   data arrival time
---------------------------------------------------------------------------------------------
                                             16.914297   slack (MET)


Startpoint: wbs_dat_i[13] (input port clocked by clk)
Endpoint: i_sram (rising edge-triggered flip-flop clocked by clk)
Path Group: clk
Path Type: max

Fanout         Cap        Slew       Delay        Time   Description
---------------------------------------------------------------------------------------------
                                  0.000000    0.000000   clock clk (rise edge)
                                  5.570000    5.570000   clock network delay (propagated)
                                  4.610000   10.180000 v input external delay
     1    0.002434    0.840000    0.000000   10.180000 v wbs_dat_i[13] (in)
                                                         wbs_dat_i[13] (net)
                      0.840058    0.000030   10.180031 v hold99/A (sky130_fd_sc_hd__dlygate4sd3_1)
     1    0.002247    0.050264    0.872520   11.052550 v hold99/X (sky130_fd_sc_hd__dlygate4sd3_1)
                                                         net197 (net)
                      0.050264    0.000068   11.052619 v hold21/A (sky130_fd_sc_hd__dlygate4sd3_1)
     1    0.001981    0.048883    0.569916   11.622535 v hold21/X (sky130_fd_sc_hd__dlygate4sd3_1)
                                                         net119 (net)
                      0.048883    0.000059   11.622593 v input17/A (sky130_fd_sc_hd__buf_2)
     1    0.011192    0.042420    0.144839   11.767432 v input17/X (sky130_fd_sc_hd__buf_2)
                                                         net17 (net)
                      0.042427    0.000581   11.768013 v hold22/A (sky130_fd_sc_hd__dlygate4sd3_1)
     1    0.038943    0.210513    0.746144   12.514157 v hold22/X (sky130_fd_sc_hd__dlygate4sd3_1)
                                                         net120 (net)
                      0.210587    0.003907   12.518064 v i_sram/DI[13] (CF_SRAM_1024x32)
                                             12.518064   data arrival time

                                 25.000000   25.000000   clock clk (rise edge)
                                  4.650000   29.650000   clock source latency
     1    0.053413    0.610000    0.000000   29.650000 ^ wb_clk_i (in)
                                                         wb_clk_i (net)
                      0.627638    0.008379   29.658379 ^ clkbuf_0_wb_clk_i/A (sky130_fd_sc_hd__clkbuf_16)
     2    0.064406    0.091968    0.282896   29.941273 ^ clkbuf_0_wb_clk_i/X (sky130_fd_sc_hd__clkbuf_16)
                                                         clknet_0_wb_clk_i (net)
                      0.092031    0.001815   29.943089 ^ clkbuf_1_1__f_wb_clk_i/A (sky130_fd_sc_hd__clkbuf_16)
     1    0.135215    0.149230    0.208125   30.151215 ^ clkbuf_1_1__f_wb_clk_i/X (sky130_fd_sc_hd__clkbuf_16)
                                                         clknet_1_1__leaf_wb_clk_i (net)
                      0.151531    0.013987   30.165201 ^ i_sram/CLKin (CF_SRAM_1024x32)
                                 -0.100000   30.065203   clock uncertainty
                                  0.000000   30.065203   clock reconvergence pessimism
                                 -0.625840   29.439362   library setup time
                                             29.439362   data required time
---------------------------------------------------------------------------------------------
                                             29.439362   data required time
                                            -12.518064   data arrival time
---------------------------------------------------------------------------------------------
                                             16.921299   slack (MET)


Startpoint: wbs_dat_i[15] (input port clocked by clk)
Endpoint: i_sram (rising edge-triggered flip-flop clocked by clk)
Path Group: clk
Path Type: max

Fanout         Cap        Slew       Delay        Time   Description
---------------------------------------------------------------------------------------------
                                  0.000000    0.000000   clock clk (rise edge)
                                  5.570000    5.570000   clock network delay (propagated)
                                  4.610000   10.180000 v input external delay
     1    0.003261    0.840000    0.000000   10.180000 v wbs_dat_i[15] (in)
                                                         wbs_dat_i[15] (net)
                      0.840096    0.000051   10.180051 v hold97/A (sky130_fd_sc_hd__dlygate4sd3_1)
     1    0.001888    0.048667    0.869123   11.049173 v hold97/X (sky130_fd_sc_hd__dlygate4sd3_1)
                                                         net195 (net)
                      0.048667    0.000055   11.049229 v hold1/A (sky130_fd_sc_hd__dlygate4sd3_1)
     1    0.001745    0.047725    0.567025   11.616253 v hold1/X (sky130_fd_sc_hd__dlygate4sd3_1)
                                                         net99 (net)
                      0.047725    0.000035   11.616288 v input19/A (sky130_fd_sc_hd__buf_2)
     1    0.011993    0.043493    0.146458   11.762746 v input19/X (sky130_fd_sc_hd__buf_2)
                                                         net19 (net)
                      0.043500    0.000581   11.763327 v hold2/A (sky130_fd_sc_hd__dlygate4sd3_1)
     1    0.032946    0.184208    0.724095   12.487421 v hold2/X (sky130_fd_sc_hd__dlygate4sd3_1)
                                                         net100 (net)
                      0.184244    0.002651   12.490072 v i_sram/DI[15] (CF_SRAM_1024x32)
                                             12.490072   data arrival time

                                 25.000000   25.000000   clock clk (rise edge)
                                  4.650000   29.650000   clock source latency
     1    0.053413    0.610000    0.000000   29.650000 ^ wb_clk_i (in)
                                                         wb_clk_i (net)
                      0.627638    0.008379   29.658379 ^ clkbuf_0_wb_clk_i/A (sky130_fd_sc_hd__clkbuf_16)
     2    0.064406    0.091968    0.282896   29.941273 ^ clkbuf_0_wb_clk_i/X (sky130_fd_sc_hd__clkbuf_16)
                                                         clknet_0_wb_clk_i (net)
                      0.092031    0.001815   29.943089 ^ clkbuf_1_1__f_wb_clk_i/A (sky130_fd_sc_hd__clkbuf_16)
     1    0.135215    0.149230    0.208125   30.151215 ^ clkbuf_1_1__f_wb_clk_i/X (sky130_fd_sc_hd__clkbuf_16)
                                                         clknet_1_1__leaf_wb_clk_i (net)
                      0.151531    0.013987   30.165201 ^ i_sram/CLKin (CF_SRAM_1024x32)
                                 -0.100000   30.065203   clock uncertainty
                                  0.000000   30.065203   clock reconvergence pessimism
                                 -0.615984   29.449219   library setup time
                                             29.449219   data required time
---------------------------------------------------------------------------------------------
                                             29.449219   data required time
                                            -12.490072   data arrival time
---------------------------------------------------------------------------------------------
                                             16.959146   slack (MET)


Startpoint: wbs_adr_i[2] (input port clocked by clk)
Endpoint: i_sram (rising edge-triggered flip-flop clocked by clk)
Path Group: clk
Path Type: max

Fanout         Cap        Slew       Delay        Time   Description
---------------------------------------------------------------------------------------------
                                  0.000000    0.000000   clock clk (rise edge)
                                  5.570000    5.570000   clock network delay (propagated)
                                  3.890000    9.460000 v input external delay
     1    0.007093    0.920000    0.000000    9.460000 v wbs_adr_i[2] (in)
                                                         wbs_adr_i[2] (net)
                      0.920296    0.000155    9.460155 v hold138/A (sky130_fd_sc_hd__dlygate4sd3_1)
     1    0.003515    0.057553    0.905503   10.365659 v hold138/X (sky130_fd_sc_hd__dlygate4sd3_1)
                                                         net236 (net)
                      0.057553    0.000128   10.365787 v hold81/A (sky130_fd_sc_hd__dlygate4sd3_1)
     1    0.003188    0.055461    0.584707   10.950493 v hold81/X (sky130_fd_sc_hd__dlygate4sd3_1)
                                                         net179 (net)
                      0.055461    0.000104   10.950597 v input4/A (sky130_fd_sc_hd__buf_4)
     3    0.063822    0.090309    0.206949   11.157546 v input4/X (sky130_fd_sc_hd__buf_4)
                                                         net4 (net)
                      0.093044    0.012976   11.170523 v hold82/A (sky130_fd_sc_hd__dlygate4sd3_1)
     1    0.044364    0.234565    0.789814   11.960336 v hold82/X (sky130_fd_sc_hd__dlygate4sd3_1)
                                                         net180 (net)
                      0.234684    0.005090   11.965426 v i_sram/AD[0] (CF_SRAM_1024x32)
                                             11.965426   data arrival time

                                 25.000000   25.000000   clock clk (rise edge)
                                  4.650000   29.650000   clock source latency
     1    0.053413    0.610000    0.000000   29.650000 ^ wb_clk_i (in)
                                                         wb_clk_i (net)
                      0.627638    0.008379   29.658379 ^ clkbuf_0_wb_clk_i/A (sky130_fd_sc_hd__clkbuf_16)
     2    0.064406    0.091968    0.282896   29.941273 ^ clkbuf_0_wb_clk_i/X (sky130_fd_sc_hd__clkbuf_16)
                                                         clknet_0_wb_clk_i (net)
                      0.092031    0.001815   29.943089 ^ clkbuf_1_1__f_wb_clk_i/A (sky130_fd_sc_hd__clkbuf_16)
     1    0.135215    0.149230    0.208125   30.151215 ^ clkbuf_1_1__f_wb_clk_i/X (sky130_fd_sc_hd__clkbuf_16)
                                                         clknet_1_1__leaf_wb_clk_i (net)
                      0.151531    0.013987   30.165201 ^ i_sram/CLKin (CF_SRAM_1024x32)
                                 -0.100000   30.065203   clock uncertainty
                                  0.000000   30.065203   clock reconvergence pessimism
                                 -0.446100   29.619102   library setup time
                                             29.619102   data required time
---------------------------------------------------------------------------------------------
                                             29.619102   data required time
                                            -11.965426   data arrival time
---------------------------------------------------------------------------------------------
                                             17.653677   slack (MET)


Startpoint: wbs_adr_i[4] (input port clocked by clk)
Endpoint: i_sram (rising edge-triggered flip-flop clocked by clk)
Path Group: clk
Path Type: max

Fanout         Cap        Slew       Delay        Time   Description
---------------------------------------------------------------------------------------------
                                  0.000000    0.000000   clock clk (rise edge)
                                  5.570000    5.570000   clock network delay (propagated)
                                  3.890000    9.460000 v input external delay
     1    0.002943    0.920000    0.000000    9.460000 v wbs_adr_i[4] (in)
                                                         wbs_adr_i[4] (net)
                      0.920079    0.000042    9.460042 v hold136/A (sky130_fd_sc_hd__dlygate4sd3_1)
     1    0.002802    0.053254    0.899048   10.359090 v hold136/X (sky130_fd_sc_hd__dlygate4sd3_1)
                                                         net234 (net)
                      0.053254    0.000083   10.359174 v hold79/A (sky130_fd_sc_hd__dlygate4sd3_1)
     1    0.004549    0.061715    0.592502   10.951675 v hold79/X (sky130_fd_sc_hd__dlygate4sd3_1)
                                                         net177 (net)
                      0.061715    0.000162   10.951838 v input6/A (sky130_fd_sc_hd__buf_4)
     2    0.058143    0.083173    0.207073   11.158911 v input6/X (sky130_fd_sc_hd__buf_4)
                                                         net6 (net)
                      0.084773    0.009559   11.168470 v hold80/A (sky130_fd_sc_hd__dlygate4sd3_1)
     1    0.044171    0.232823    0.784732   11.953202 v hold80/X (sky130_fd_sc_hd__dlygate4sd3_1)
                                                         net178 (net)
                      0.232967    0.005536   11.958738 v i_sram/AD[2] (CF_SRAM_1024x32)
                                             11.958738   data arrival time

                                 25.000000   25.000000   clock clk (rise edge)
                                  4.650000   29.650000   clock source latency
     1    0.053413    0.610000    0.000000   29.650000 ^ wb_clk_i (in)
                                                         wb_clk_i (net)
                      0.627638    0.008379   29.658379 ^ clkbuf_0_wb_clk_i/A (sky130_fd_sc_hd__clkbuf_16)
     2    0.064406    0.091968    0.282896   29.941273 ^ clkbuf_0_wb_clk_i/X (sky130_fd_sc_hd__clkbuf_16)
                                                         clknet_0_wb_clk_i (net)
                      0.092031    0.001815   29.943089 ^ clkbuf_1_1__f_wb_clk_i/A (sky130_fd_sc_hd__clkbuf_16)
     1    0.135215    0.149230    0.208125   30.151215 ^ clkbuf_1_1__f_wb_clk_i/X (sky130_fd_sc_hd__clkbuf_16)
                                                         clknet_1_1__leaf_wb_clk_i (net)
                      0.151531    0.013987   30.165201 ^ i_sram/CLKin (CF_SRAM_1024x32)
                                 -0.100000   30.065203   clock uncertainty
                                  0.000000   30.065203   clock reconvergence pessimism
                                 -0.445403   29.619799   library setup time
                                             29.619799   data required time
---------------------------------------------------------------------------------------------
                                             29.619799   data required time
                                            -11.958738   data arrival time
---------------------------------------------------------------------------------------------
                                             17.661060   slack (MET)


Startpoint: wbs_adr_i[3] (input port clocked by clk)
Endpoint: i_sram (rising edge-triggered flip-flop clocked by clk)
Path Group: clk
Path Type: max

Fanout         Cap        Slew       Delay        Time   Description
---------------------------------------------------------------------------------------------
                                  0.000000    0.000000   clock clk (rise edge)
                                  5.570000    5.570000   clock network delay (propagated)
                                  3.890000    9.460000 v input external delay
     1    0.004580    0.920000    0.000000    9.460000 v wbs_adr_i[3] (in)
                                                         wbs_adr_i[3] (net)
                      0.920163    0.000085    9.460086 v hold137/A (sky130_fd_sc_hd__dlygate4sd3_1)
     1    0.002888    0.053790    0.899883   10.359968 v hold137/X (sky130_fd_sc_hd__dlygate4sd3_1)
                                                         net235 (net)
                      0.053790    0.000089   10.360057 v hold83/A (sky130_fd_sc_hd__dlygate4sd3_1)
     1    0.003316    0.056354    0.584136   10.944194 v hold83/X (sky130_fd_sc_hd__dlygate4sd3_1)
                                                         net181 (net)
                      0.056354    0.000107   10.944301 v input5/A (sky130_fd_sc_hd__buf_4)
     1    0.058523    0.084093    0.204298   11.148599 v input5/X (sky130_fd_sc_hd__buf_4)
                                                         net5 (net)
                      0.085730    0.009710   11.158309 v hold84/A (sky130_fd_sc_hd__dlygate4sd3_1)
     1    0.045687    0.239464    0.790934   11.949244 v hold84/X (sky130_fd_sc_hd__dlygate4sd3_1)
                                                         net182 (net)
                      0.239613    0.005699   11.954943 v i_sram/AD[1] (CF_SRAM_1024x32)
                                             11.954943   data arrival time

                                 25.000000   25.000000   clock clk (rise edge)
                                  4.650000   29.650000   clock source latency
     1    0.053413    0.610000    0.000000   29.650000 ^ wb_clk_i (in)
                                                         wb_clk_i (net)
                      0.627638    0.008379   29.658379 ^ clkbuf_0_wb_clk_i/A (sky130_fd_sc_hd__clkbuf_16)
     2    0.064406    0.091968    0.282896   29.941273 ^ clkbuf_0_wb_clk_i/X (sky130_fd_sc_hd__clkbuf_16)
                                                         clknet_0_wb_clk_i (net)
                      0.092031    0.001815   29.943089 ^ clkbuf_1_1__f_wb_clk_i/A (sky130_fd_sc_hd__clkbuf_16)
     1    0.135215    0.149230    0.208125   30.151215 ^ clkbuf_1_1__f_wb_clk_i/X (sky130_fd_sc_hd__clkbuf_16)
                                                         clknet_1_1__leaf_wb_clk_i (net)
                      0.151531    0.013987   30.165201 ^ i_sram/CLKin (CF_SRAM_1024x32)
                                 -0.100000   30.065203   clock uncertainty
                                  0.000000   30.065203   clock reconvergence pessimism
                                 -0.448101   29.617102   library setup time
                                             29.617102   data required time
---------------------------------------------------------------------------------------------
                                             29.617102   data required time
                                            -11.954943   data arrival time
---------------------------------------------------------------------------------------------
                                             17.662161   slack (MET)


Startpoint: wbs_adr_i[5] (input port clocked by clk)
Endpoint: i_sram (rising edge-triggered flip-flop clocked by clk)
Path Group: clk
Path Type: max

Fanout         Cap        Slew       Delay        Time   Description
---------------------------------------------------------------------------------------------
                                  0.000000    0.000000   clock clk (rise edge)
                                  5.570000    5.570000   clock network delay (propagated)
                                  3.890000    9.460000 v input external delay
     1    0.006635    0.920000    0.000000    9.460000 v wbs_adr_i[5] (in)
                                                         wbs_adr_i[5] (net)
                      0.920375    0.000197    9.460197 v hold134/A (sky130_fd_sc_hd__dlygate4sd3_1)
     1    0.003350    0.056889    0.904314   10.364511 v hold134/X (sky130_fd_sc_hd__dlygate4sd3_1)
                                                         net232 (net)
                      0.056889    0.000108   10.364619 v hold71/A (sky130_fd_sc_hd__dlygate4sd3_1)
     1    0.005933    0.068258    0.603683   10.968303 v hold71/X (sky130_fd_sc_hd__dlygate4sd3_1)
                                                         net169 (net)
                      0.068258    0.000230   10.968534 v input7/A (sky130_fd_sc_hd__buf_4)
     1    0.049763    0.078596    0.201468   11.170001 v input7/X (sky130_fd_sc_hd__buf_4)
                                                         net7 (net)
                      0.079569    0.007248   11.177250 v hold72/A (sky130_fd_sc_hd__dlygate4sd3_1)
     1    0.042582    0.225830    0.776432   11.953682 v hold72/X (sky130_fd_sc_hd__dlygate4sd3_1)
                                                         net170 (net)
                      0.225948    0.004984   11.958666 v i_sram/AD[3] (CF_SRAM_1024x32)
                                             11.958666   data arrival time

                                 25.000000   25.000000   clock clk (rise edge)
                                  4.650000   29.650000   clock source latency
     1    0.053413    0.610000    0.000000   29.650000 ^ wb_clk_i (in)
                                                         wb_clk_i (net)
                      0.627638    0.008379   29.658379 ^ clkbuf_0_wb_clk_i/A (sky130_fd_sc_hd__clkbuf_16)
     2    0.064406    0.091968    0.282896   29.941273 ^ clkbuf_0_wb_clk_i/X (sky130_fd_sc_hd__clkbuf_16)
                                                         clknet_0_wb_clk_i (net)
                      0.092031    0.001815   29.943089 ^ clkbuf_1_1__f_wb_clk_i/A (sky130_fd_sc_hd__clkbuf_16)
     1    0.135215    0.149230    0.208125   30.151215 ^ clkbuf_1_1__f_wb_clk_i/X (sky130_fd_sc_hd__clkbuf_16)
                                                         clknet_1_1__leaf_wb_clk_i (net)
                      0.151531    0.013987   30.165201 ^ i_sram/CLKin (CF_SRAM_1024x32)
                                 -0.100000   30.065203   clock uncertainty
                                  0.000000   30.065203   clock reconvergence pessimism
                                 -0.442555   29.622648   library setup time
                                             29.622648   data required time
---------------------------------------------------------------------------------------------
                                             29.622648   data required time
                                            -11.958666   data arrival time
---------------------------------------------------------------------------------------------
                                             17.663982   slack (MET)


Startpoint: wbs_adr_i[6] (input port clocked by clk)
Endpoint: i_sram (rising edge-triggered flip-flop clocked by clk)
Path Group: clk
Path Type: max

Fanout         Cap        Slew       Delay        Time   Description
---------------------------------------------------------------------------------------------
                                  0.000000    0.000000   clock clk (rise edge)
                                  5.570000    5.570000   clock network delay (propagated)
                                  3.890000    9.460000 v input external delay
     1    0.003901    0.920000    0.000000    9.460000 v wbs_adr_i[6] (in)
                                                         wbs_adr_i[6] (net)
                      0.920120    0.000063    9.460063 v hold135/A (sky130_fd_sc_hd__dlygate4sd3_1)
     1    0.002092    0.049710    0.892318   10.352382 v hold135/X (sky130_fd_sc_hd__dlygate4sd3_1)
                                                         net233 (net)
                      0.049710    0.000062   10.352444 v hold77/A (sky130_fd_sc_hd__dlygate4sd3_1)
     1    0.003270    0.056055    0.581981   10.934424 v hold77/X (sky130_fd_sc_hd__dlygate4sd3_1)
                                                         net175 (net)
                      0.056055    0.000104   10.934528 v input8/A (sky130_fd_sc_hd__buf_4)
     1    0.057983    0.082382    0.206939   11.141468 v input8/X (sky130_fd_sc_hd__buf_4)
                                                         net8 (net)
                      0.082614    0.003224   11.144691 v hold78/A (sky130_fd_sc_hd__dlygate4sd3_1)
     1    0.046032    0.240964    0.790799   11.935492 v hold78/X (sky130_fd_sc_hd__dlygate4sd3_1)
                                                         net176 (net)
                      0.241109    0.005659   11.941151 v i_sram/AD[4] (CF_SRAM_1024x32)
                                             11.941151   data arrival time

                                 25.000000   25.000000   clock clk (rise edge)
                                  4.650000   29.650000   clock source latency
     1    0.053413    0.610000    0.000000   29.650000 ^ wb_clk_i (in)
                                                         wb_clk_i (net)
                      0.627638    0.008379   29.658379 ^ clkbuf_0_wb_clk_i/A (sky130_fd_sc_hd__clkbuf_16)
     2    0.064406    0.091968    0.282896   29.941273 ^ clkbuf_0_wb_clk_i/X (sky130_fd_sc_hd__clkbuf_16)
                                                         clknet_0_wb_clk_i (net)
                      0.092031    0.001815   29.943089 ^ clkbuf_1_1__f_wb_clk_i/A (sky130_fd_sc_hd__clkbuf_16)
     1    0.135215    0.149230    0.208125   30.151215 ^ clkbuf_1_1__f_wb_clk_i/X (sky130_fd_sc_hd__clkbuf_16)
                                                         clknet_1_1__leaf_wb_clk_i (net)
                      0.151531    0.013987   30.165201 ^ i_sram/CLKin (CF_SRAM_1024x32)
                                 -0.100000   30.065203   clock uncertainty
                                  0.000000   30.065203   clock reconvergence pessimism
                                 -0.448708   29.616495   library setup time
                                             29.616495   data required time
---------------------------------------------------------------------------------------------
                                             29.616495   data required time
                                            -11.941151   data arrival time
---------------------------------------------------------------------------------------------
                                             17.675344   slack (MET)


Startpoint: wbs_adr_i[10] (input port clocked by clk)
Endpoint: i_sram (rising edge-triggered flip-flop clocked by clk)
Path Group: clk
Path Type: max

Fanout         Cap        Slew       Delay        Time   Description
---------------------------------------------------------------------------------------------
                                  0.000000    0.000000   clock clk (rise edge)
                                  5.570000    5.570000   clock network delay (propagated)
                                  3.890000    9.460000 v input external delay
     1    0.004667    0.920000    0.000000    9.460000 v wbs_adr_i[10] (in)
                                                         wbs_adr_i[10] (net)
                      0.920223    0.000117    9.460117 v hold130/A (sky130_fd_sc_hd__dlygate4sd3_1)
     1    0.003862    0.058747    0.907842   10.367959 v hold130/X (sky130_fd_sc_hd__dlygate4sd3_1)
                                                         net228 (net)
                      0.058747    0.000144   10.368103 v hold53/A (sky130_fd_sc_hd__dlygate4sd3_1)
     1    0.002754    0.052669    0.581142   10.949245 v hold53/X (sky130_fd_sc_hd__dlygate4sd3_1)
                                                         net151 (net)
                      0.052669    0.000083   10.949328 v input2/A (sky130_fd_sc_hd__buf_4)
     1    0.045421    0.073300    0.189533   11.138861 v input2/X (sky130_fd_sc_hd__buf_4)
                                                         net2 (net)
                      0.074175    0.006592   11.145452 v hold54/A (sky130_fd_sc_hd__dlygate4sd3_1)
     1    0.045856    0.240198    0.786097   11.931549 v hold54/X (sky130_fd_sc_hd__dlygate4sd3_1)
                                                         net152 (net)
                      0.240342    0.005620   11.937170 v i_sram/AD[8] (CF_SRAM_1024x32)
                                             11.937170   data arrival time

                                 25.000000   25.000000   clock clk (rise edge)
                                  4.650000   29.650000   clock source latency
     1    0.053413    0.610000    0.000000   29.650000 ^ wb_clk_i (in)
                                                         wb_clk_i (net)
                      0.627638    0.008379   29.658379 ^ clkbuf_0_wb_clk_i/A (sky130_fd_sc_hd__clkbuf_16)
     2    0.064406    0.091968    0.282896   29.941273 ^ clkbuf_0_wb_clk_i/X (sky130_fd_sc_hd__clkbuf_16)
                                                         clknet_0_wb_clk_i (net)
                      0.092031    0.001815   29.943089 ^ clkbuf_1_1__f_wb_clk_i/A (sky130_fd_sc_hd__clkbuf_16)
     1    0.135215    0.149230    0.208125   30.151215 ^ clkbuf_1_1__f_wb_clk_i/X (sky130_fd_sc_hd__clkbuf_16)
                                                         clknet_1_1__leaf_wb_clk_i (net)
                      0.151531    0.013987   30.165201 ^ i_sram/CLKin (CF_SRAM_1024x32)
                                 -0.100000   30.065203   clock uncertainty
                                  0.000000   30.065203   clock reconvergence pessimism
                                 -0.448397   29.616806   library setup time
                                             29.616806   data required time
---------------------------------------------------------------------------------------------
                                             29.616806   data required time
                                            -11.937170   data arrival time
---------------------------------------------------------------------------------------------
                                             17.679636   slack (MET)


Startpoint: wbs_adr_i[8] (input port clocked by clk)
Endpoint: i_sram (rising edge-triggered flip-flop clocked by clk)
Path Group: clk
Path Type: max

Fanout         Cap        Slew       Delay        Time   Description
---------------------------------------------------------------------------------------------
                                  0.000000    0.000000   clock clk (rise edge)
                                  5.570000    5.570000   clock network delay (propagated)
                                  3.890000    9.460000 v input external delay
     1    0.003026    0.920000    0.000000    9.460000 v wbs_adr_i[8] (in)
                                                         wbs_adr_i[8] (net)
                      0.920085    0.000044    9.460045 v hold132/A (sky130_fd_sc_hd__dlygate4sd3_1)
     1    0.002805    0.053273    0.899076   10.359120 v hold132/X (sky130_fd_sc_hd__dlygate4sd3_1)
                                                         net230 (net)
                      0.053273    0.000085   10.359205 v hold67/A (sky130_fd_sc_hd__dlygate4sd3_1)
     1    0.002892    0.053516    0.579845   10.939050 v hold67/X (sky130_fd_sc_hd__dlygate4sd3_1)
                                                         net165 (net)
                      0.053516    0.000086   10.939137 v input10/A (sky130_fd_sc_hd__buf_4)
     1    0.052892    0.080773    0.200969   11.140105 v input10/X (sky130_fd_sc_hd__buf_4)
                                                         net10 (net)
                      0.080861    0.002549   11.142654 v hold68/A (sky130_fd_sc_hd__dlygate4sd3_1)
     1    0.044125    0.232602    0.782776   11.925430 v hold68/X (sky130_fd_sc_hd__dlygate4sd3_1)
                                                         net166 (net)
                      0.232743    0.005487   11.930917 v i_sram/AD[6] (CF_SRAM_1024x32)
                                             11.930917   data arrival time

                                 25.000000   25.000000   clock clk (rise edge)
                                  4.650000   29.650000   clock source latency
     1    0.053413    0.610000    0.000000   29.650000 ^ wb_clk_i (in)
                                                         wb_clk_i (net)
                      0.627638    0.008379   29.658379 ^ clkbuf_0_wb_clk_i/A (sky130_fd_sc_hd__clkbuf_16)
     2    0.064406    0.091968    0.282896   29.941273 ^ clkbuf_0_wb_clk_i/X (sky130_fd_sc_hd__clkbuf_16)
                                                         clknet_0_wb_clk_i (net)
                      0.092031    0.001815   29.943089 ^ clkbuf_1_1__f_wb_clk_i/A (sky130_fd_sc_hd__clkbuf_16)
     1    0.135215    0.149230    0.208125   30.151215 ^ clkbuf_1_1__f_wb_clk_i/X (sky130_fd_sc_hd__clkbuf_16)
                                                         clknet_1_1__leaf_wb_clk_i (net)
                      0.151531    0.013987   30.165201 ^ i_sram/CLKin (CF_SRAM_1024x32)
                                 -0.100000   30.065203   clock uncertainty
                                  0.000000   30.065203   clock reconvergence pessimism
                                 -0.445312   29.619890   library setup time
                                             29.619890   data required time
---------------------------------------------------------------------------------------------
                                             29.619890   data required time
                                            -11.930917   data arrival time
---------------------------------------------------------------------------------------------
                                             17.688972   slack (MET)


Startpoint: wbs_adr_i[9] (input port clocked by clk)
Endpoint: i_sram (rising edge-triggered flip-flop clocked by clk)
Path Group: clk
Path Type: max

Fanout         Cap        Slew       Delay        Time   Description
---------------------------------------------------------------------------------------------
                                  0.000000    0.000000   clock clk (rise edge)
                                  5.570000    5.570000   clock network delay (propagated)
                                  3.890000    9.460000 v input external delay
     1    0.003563    0.920000    0.000000    9.460000 v wbs_adr_i[9] (in)
                                                         wbs_adr_i[9] (net)
                      0.920109    0.000058    9.460058 v hold131/A (sky130_fd_sc_hd__dlygate4sd3_1)
     1    0.001771    0.048137    0.889276   10.349334 v hold131/X (sky130_fd_sc_hd__dlygate4sd3_1)
                                                         net229 (net)
                      0.048137    0.000052   10.349385 v hold61/A (sky130_fd_sc_hd__dlygate4sd3_1)
     1    0.002704    0.052403    0.575944   10.925329 v hold61/X (sky130_fd_sc_hd__dlygate4sd3_1)
                                                         net159 (net)
                      0.052403    0.000082   10.925411 v input11/A (sky130_fd_sc_hd__buf_4)
     1    0.046490    0.074910    0.189973   11.115384 v input11/X (sky130_fd_sc_hd__buf_4)
                                                         net11 (net)
                      0.076136    0.008076   11.123461 v hold62/A (sky130_fd_sc_hd__dlygate4sd3_1)
     1    0.044865    0.235840    0.783333   11.906794 v hold62/X (sky130_fd_sc_hd__dlygate4sd3_1)
                                                         net160 (net)
                      0.235991    0.005702   11.912496 v i_sram/AD[7] (CF_SRAM_1024x32)
                                             11.912496   data arrival time

                                 25.000000   25.000000   clock clk (rise edge)
                                  4.650000   29.650000   clock source latency
     1    0.053413    0.610000    0.000000   29.650000 ^ wb_clk_i (in)
                                                         wb_clk_i (net)
                      0.627638    0.008379   29.658379 ^ clkbuf_0_wb_clk_i/A (sky130_fd_sc_hd__clkbuf_16)
     2    0.064406    0.091968    0.282896   29.941273 ^ clkbuf_0_wb_clk_i/X (sky130_fd_sc_hd__clkbuf_16)
                                                         clknet_0_wb_clk_i (net)
                      0.092031    0.001815   29.943089 ^ clkbuf_1_1__f_wb_clk_i/A (sky130_fd_sc_hd__clkbuf_16)
     1    0.135215    0.149230    0.208125   30.151215 ^ clkbuf_1_1__f_wb_clk_i/X (sky130_fd_sc_hd__clkbuf_16)
                                                         clknet_1_1__leaf_wb_clk_i (net)
                      0.151531    0.013987   30.165201 ^ i_sram/CLKin (CF_SRAM_1024x32)
                                 -0.100000   30.065203   clock uncertainty
                                  0.000000   30.065203   clock reconvergence pessimism
                                 -0.446631   29.618572   library setup time
                                             29.618572   data required time
---------------------------------------------------------------------------------------------
                                             29.618572   data required time
                                            -11.912496   data arrival time
---------------------------------------------------------------------------------------------
                                             17.706076   slack (MET)


Startpoint: wbs_adr_i[7] (input port clocked by clk)
Endpoint: i_sram (rising edge-triggered flip-flop clocked by clk)
Path Group: clk
Path Type: max

Fanout         Cap        Slew       Delay        Time   Description
---------------------------------------------------------------------------------------------
                                  0.000000    0.000000   clock clk (rise edge)
                                  5.570000    5.570000   clock network delay (propagated)
                                  3.890000    9.460000 v input external delay
     1    0.002915    0.920000    0.000000    9.460000 v wbs_adr_i[7] (in)
                                                         wbs_adr_i[7] (net)
                      0.920079    0.000042    9.460042 v hold133/A (sky130_fd_sc_hd__dlygate4sd3_1)
     1    0.001952    0.049025    0.890982   10.351024 v hold133/X (sky130_fd_sc_hd__dlygate4sd3_1)
                                                         net231 (net)
                      0.049025    0.000058   10.351081 v hold69/A (sky130_fd_sc_hd__dlygate4sd3_1)
     1    0.002710    0.052432    0.576367   10.927447 v hold69/X (sky130_fd_sc_hd__dlygate4sd3_1)
                                                         net167 (net)
                      0.052432    0.000081   10.927528 v input9/A (sky130_fd_sc_hd__buf_4)
     1    0.055045    0.079246    0.202673   11.130202 v input9/X (sky130_fd_sc_hd__buf_4)
                                                         net9 (net)
                      0.079454    0.002938   11.133140 v hold70/A (sky130_fd_sc_hd__dlygate4sd3_1)
     1    0.042304    0.224620    0.775279   11.908419 v hold70/X (sky130_fd_sc_hd__dlygate4sd3_1)
                                                         net168 (net)
                      0.224750    0.005192   11.913610 v i_sram/AD[5] (CF_SRAM_1024x32)
                                             11.913610   data arrival time

                                 25.000000   25.000000   clock clk (rise edge)
                                  4.650000   29.650000   clock source latency
     1    0.053413    0.610000    0.000000   29.650000 ^ wb_clk_i (in)
                                                         wb_clk_i (net)
                      0.627638    0.008379   29.658379 ^ clkbuf_0_wb_clk_i/A (sky130_fd_sc_hd__clkbuf_16)
     2    0.064406    0.091968    0.282896   29.941273 ^ clkbuf_0_wb_clk_i/X (sky130_fd_sc_hd__clkbuf_16)
                                                         clknet_0_wb_clk_i (net)
                      0.092031    0.001815   29.943089 ^ clkbuf_1_1__f_wb_clk_i/A (sky130_fd_sc_hd__clkbuf_16)
     1    0.135215    0.149230    0.208125   30.151215 ^ clkbuf_1_1__f_wb_clk_i/X (sky130_fd_sc_hd__clkbuf_16)
                                                         clknet_1_1__leaf_wb_clk_i (net)
                      0.151531    0.013987   30.165201 ^ i_sram/CLKin (CF_SRAM_1024x32)
                                 -0.100000   30.065203   clock uncertainty
                                  0.000000   30.065203   clock reconvergence pessimism
                                 -0.442069   29.623135   library setup time
                                             29.623135   data required time
---------------------------------------------------------------------------------------------
                                             29.623135   data required time
                                            -11.913610   data arrival time
---------------------------------------------------------------------------------------------
                                             17.709524   slack (MET)


Startpoint: wbs_adr_i[11] (input port clocked by clk)
Endpoint: i_sram (rising edge-triggered flip-flop clocked by clk)
Path Group: clk
Path Type: max

Fanout         Cap        Slew       Delay        Time   Description
---------------------------------------------------------------------------------------------
                                  0.000000    0.000000   clock clk (rise edge)
                                  5.570000    5.570000   clock network delay (propagated)
                                  3.890000    9.460000 v input external delay
     1    0.003195    0.920000    0.000000    9.460000 v wbs_adr_i[11] (in)
                                                         wbs_adr_i[11] (net)
                      0.920088    0.000046    9.460047 v hold129/A (sky130_fd_sc_hd__dlygate4sd3_1)
     1    0.001664    0.047604    0.888250   10.348297 v hold129/X (sky130_fd_sc_hd__dlygate4sd3_1)
                                                         net227 (net)
                      0.047604    0.000033   10.348330 v hold41/A (sky130_fd_sc_hd__dlygate4sd3_1)
     1    0.002714    0.052466    0.575820   10.924150 v hold41/X (sky130_fd_sc_hd__dlygate4sd3_1)
                                                         net139 (net)
                      0.052466    0.000080   10.924230 v input3/A (sky130_fd_sc_hd__buf_4)
     1    0.044886    0.071228    0.191149   11.115379 v input3/X (sky130_fd_sc_hd__buf_4)
                                                         net3 (net)
                      0.071327    0.002478   11.117857 v hold42/A (sky130_fd_sc_hd__dlygate4sd3_1)
     1    0.044272    0.234157    0.779070   11.896927 v hold42/X (sky130_fd_sc_hd__dlygate4sd3_1)
                                                         net140 (net)
                      0.234269    0.004966   11.901894 v i_sram/AD[9] (CF_SRAM_1024x32)
                                             11.901894   data arrival time

                                 25.000000   25.000000   clock clk (rise edge)
                                  4.650000   29.650000   clock source latency
     1    0.053413    0.610000    0.000000   29.650000 ^ wb_clk_i (in)
                                                         wb_clk_i (net)
                      0.627638    0.008379   29.658379 ^ clkbuf_0_wb_clk_i/A (sky130_fd_sc_hd__clkbuf_16)
     2    0.064406    0.091968    0.282896   29.941273 ^ clkbuf_0_wb_clk_i/X (sky130_fd_sc_hd__clkbuf_16)
                                                         clknet_0_wb_clk_i (net)
                      0.092031    0.001815   29.943089 ^ clkbuf_1_1__f_wb_clk_i/A (sky130_fd_sc_hd__clkbuf_16)
     1    0.135215    0.149230    0.208125   30.151215 ^ clkbuf_1_1__f_wb_clk_i/X (sky130_fd_sc_hd__clkbuf_16)
                                                         clknet_1_1__leaf_wb_clk_i (net)
                      0.151531    0.013987   30.165201 ^ i_sram/CLKin (CF_SRAM_1024x32)
                                 -0.100000   30.065203   clock uncertainty
                                  0.000000   30.065203   clock reconvergence pessimism
                                 -0.445932   29.619272   library setup time
                                             29.619272   data required time
---------------------------------------------------------------------------------------------
                                             29.619272   data required time
                                            -11.901894   data arrival time
---------------------------------------------------------------------------------------------
                                             17.717379   slack (MET)


Startpoint: wbs_sel_i[3] (input port clocked by clk)
Endpoint: i_sram (rising edge-triggered flip-flop clocked by clk)
Path Group: clk
Path Type: max

Fanout         Cap        Slew       Delay        Time   Description
---------------------------------------------------------------------------------------------
                                  0.000000    0.000000   clock clk (rise edge)
                                  5.570000    5.570000   clock network delay (propagated)
                                  3.170000    8.740000 ^ input external delay
     1    0.007610    0.180000    0.000000    8.740000 ^ wbs_sel_i[3] (in)
                                                         wbs_sel_i[3] (net)
                      0.180396    0.000208    8.740208 ^ hold96/A (sky130_fd_sc_hd__dlygate4sd3_1)
     1    0.005098    0.072902    0.617774    9.357983 ^ hold96/X (sky130_fd_sc_hd__dlygate4sd3_1)
                                                         net194 (net)
                      0.072902    0.000196    9.358178 ^ hold94/A (sky130_fd_sc_hd__dlygate4sd3_1)
     1    0.012271    0.136751    0.644681   10.002859 ^ hold94/X (sky130_fd_sc_hd__dlygate4sd3_1)
                                                         net192 (net)
                      0.136751    0.000520   10.003380 ^ input48/A (sky130_fd_sc_hd__buf_12)
     1    0.074929    0.095495    0.176026   10.179406 ^ input48/X (sky130_fd_sc_hd__buf_12)
                                                         net48 (net)
                      0.095804    0.004531   10.183937 ^ hold95/A (sky130_fd_sc_hd__buf_12)
     8    0.194341    0.226446    0.232174   10.416111 ^ hold95/X (sky130_fd_sc_hd__buf_12)
                                                         net193 (net)
                      0.239828    0.044899   10.461010 ^ i_sram/BEN[31] (CF_SRAM_1024x32)
                                             10.461010   data arrival time

                                 25.000000   25.000000   clock clk (rise edge)
                                  4.650000   29.650000   clock source latency
     1    0.053413    0.610000    0.000000   29.650000 ^ wb_clk_i (in)
                                                         wb_clk_i (net)
                      0.627638    0.008379   29.658379 ^ clkbuf_0_wb_clk_i/A (sky130_fd_sc_hd__clkbuf_16)
     2    0.064406    0.091968    0.282896   29.941273 ^ clkbuf_0_wb_clk_i/X (sky130_fd_sc_hd__clkbuf_16)
                                                         clknet_0_wb_clk_i (net)
                      0.092031    0.001815   29.943089 ^ clkbuf_1_1__f_wb_clk_i/A (sky130_fd_sc_hd__clkbuf_16)
     1    0.135215    0.149230    0.208125   30.151215 ^ clkbuf_1_1__f_wb_clk_i/X (sky130_fd_sc_hd__clkbuf_16)
                                                         clknet_1_1__leaf_wb_clk_i (net)
                      0.151531    0.013987   30.165201 ^ i_sram/CLKin (CF_SRAM_1024x32)
                                 -0.100000   30.065203   clock uncertainty
                                  0.000000   30.065203   clock reconvergence pessimism
                                 -0.636065   29.429138   library setup time
                                             29.429138   data required time
---------------------------------------------------------------------------------------------
                                             29.429138   data required time
                                            -10.461010   data arrival time
---------------------------------------------------------------------------------------------
                                             18.968126   slack (MET)


Startpoint: wbs_sel_i[3] (input port clocked by clk)
Endpoint: i_sram (rising edge-triggered flip-flop clocked by clk)
Path Group: clk
Path Type: max

Fanout         Cap        Slew       Delay        Time   Description
---------------------------------------------------------------------------------------------
                                  0.000000    0.000000   clock clk (rise edge)
                                  5.570000    5.570000   clock network delay (propagated)
                                  3.170000    8.740000 ^ input external delay
     1    0.007610    0.180000    0.000000    8.740000 ^ wbs_sel_i[3] (in)
                                                         wbs_sel_i[3] (net)
                      0.180396    0.000208    8.740208 ^ hold96/A (sky130_fd_sc_hd__dlygate4sd3_1)
     1    0.005098    0.072902    0.617774    9.357983 ^ hold96/X (sky130_fd_sc_hd__dlygate4sd3_1)
                                                         net194 (net)
                      0.072902    0.000196    9.358178 ^ hold94/A (sky130_fd_sc_hd__dlygate4sd3_1)
     1    0.012271    0.136751    0.644681   10.002859 ^ hold94/X (sky130_fd_sc_hd__dlygate4sd3_1)
                                                         net192 (net)
                      0.136751    0.000520   10.003380 ^ input48/A (sky130_fd_sc_hd__buf_12)
     1    0.074929    0.095495    0.176026   10.179406 ^ input48/X (sky130_fd_sc_hd__buf_12)
                                                         net48 (net)
                      0.095804    0.004531   10.183937 ^ hold95/A (sky130_fd_sc_hd__buf_12)
     8    0.194341    0.226446    0.232174   10.416111 ^ hold95/X (sky130_fd_sc_hd__buf_12)
                                                         net193 (net)
                      0.239745    0.044767   10.460877 ^ i_sram/BEN[30] (CF_SRAM_1024x32)
                                             10.460877   data arrival time

                                 25.000000   25.000000   clock clk (rise edge)
                                  4.650000   29.650000   clock source latency
     1    0.053413    0.610000    0.000000   29.650000 ^ wb_clk_i (in)
                                                         wb_clk_i (net)
                      0.627638    0.008379   29.658379 ^ clkbuf_0_wb_clk_i/A (sky130_fd_sc_hd__clkbuf_16)
     2    0.064406    0.091968    0.282896   29.941273 ^ clkbuf_0_wb_clk_i/X (sky130_fd_sc_hd__clkbuf_16)
                                                         clknet_0_wb_clk_i (net)
                      0.092031    0.001815   29.943089 ^ clkbuf_1_1__f_wb_clk_i/A (sky130_fd_sc_hd__clkbuf_16)
     1    0.135215    0.149230    0.208125   30.151215 ^ clkbuf_1_1__f_wb_clk_i/X (sky130_fd_sc_hd__clkbuf_16)
                                                         clknet_1_1__leaf_wb_clk_i (net)
                      0.151531    0.013987   30.165201 ^ i_sram/CLKin (CF_SRAM_1024x32)
                                 -0.100000   30.065203   clock uncertainty
                                  0.000000   30.065203   clock reconvergence pessimism
                                 -0.636034   29.429169   library setup time
                                             29.429169   data required time
---------------------------------------------------------------------------------------------
                                             29.429169   data required time
                                            -10.460877   data arrival time
---------------------------------------------------------------------------------------------
                                             18.968290   slack (MET)


Startpoint: wbs_sel_i[3] (input port clocked by clk)
Endpoint: i_sram (rising edge-triggered flip-flop clocked by clk)
Path Group: clk
Path Type: max

Fanout         Cap        Slew       Delay        Time   Description
---------------------------------------------------------------------------------------------
                                  0.000000    0.000000   clock clk (rise edge)
                                  5.570000    5.570000   clock network delay (propagated)
                                  3.170000    8.740000 ^ input external delay
     1    0.007610    0.180000    0.000000    8.740000 ^ wbs_sel_i[3] (in)
                                                         wbs_sel_i[3] (net)
                      0.180396    0.000208    8.740208 ^ hold96/A (sky130_fd_sc_hd__dlygate4sd3_1)
     1    0.005098    0.072902    0.617774    9.357983 ^ hold96/X (sky130_fd_sc_hd__dlygate4sd3_1)
                                                         net194 (net)
                      0.072902    0.000196    9.358178 ^ hold94/A (sky130_fd_sc_hd__dlygate4sd3_1)
     1    0.012271    0.136751    0.644681   10.002859 ^ hold94/X (sky130_fd_sc_hd__dlygate4sd3_1)
                                                         net192 (net)
                      0.136751    0.000520   10.003380 ^ input48/A (sky130_fd_sc_hd__buf_12)
     1    0.074929    0.095495    0.176026   10.179406 ^ input48/X (sky130_fd_sc_hd__buf_12)
                                                         net48 (net)
                      0.095804    0.004531   10.183937 ^ hold95/A (sky130_fd_sc_hd__buf_12)
     8    0.194341    0.226446    0.232174   10.416111 ^ hold95/X (sky130_fd_sc_hd__buf_12)
                                                         net193 (net)
                      0.239473    0.044330   10.460441 ^ i_sram/BEN[29] (CF_SRAM_1024x32)
                                             10.460441   data arrival time

                                 25.000000   25.000000   clock clk (rise edge)
                                  4.650000   29.650000   clock source latency
     1    0.053413    0.610000    0.000000   29.650000 ^ wb_clk_i (in)
                                                         wb_clk_i (net)
                      0.627638    0.008379   29.658379 ^ clkbuf_0_wb_clk_i/A (sky130_fd_sc_hd__clkbuf_16)
     2    0.064406    0.091968    0.282896   29.941273 ^ clkbuf_0_wb_clk_i/X (sky130_fd_sc_hd__clkbuf_16)
                                                         clknet_0_wb_clk_i (net)
                      0.092031    0.001815   29.943089 ^ clkbuf_1_1__f_wb_clk_i/A (sky130_fd_sc_hd__clkbuf_16)
     1    0.135215    0.149230    0.208125   30.151215 ^ clkbuf_1_1__f_wb_clk_i/X (sky130_fd_sc_hd__clkbuf_16)
                                                         clknet_1_1__leaf_wb_clk_i (net)
                      0.151531    0.013987   30.165201 ^ i_sram/CLKin (CF_SRAM_1024x32)
                                 -0.100000   30.065203   clock uncertainty
                                  0.000000   30.065203   clock reconvergence pessimism
                                 -0.635930   29.429272   library setup time
                                             29.429272   data required time
---------------------------------------------------------------------------------------------
                                             29.429272   data required time
                                            -10.460441   data arrival time
---------------------------------------------------------------------------------------------
                                             18.968830   slack (MET)


Startpoint: wbs_sel_i[3] (input port clocked by clk)
Endpoint: i_sram (rising edge-triggered flip-flop clocked by clk)
Path Group: clk
Path Type: max

Fanout         Cap        Slew       Delay        Time   Description
---------------------------------------------------------------------------------------------
                                  0.000000    0.000000   clock clk (rise edge)
                                  5.570000    5.570000   clock network delay (propagated)
                                  3.170000    8.740000 ^ input external delay
     1    0.007610    0.180000    0.000000    8.740000 ^ wbs_sel_i[3] (in)
                                                         wbs_sel_i[3] (net)
                      0.180396    0.000208    8.740208 ^ hold96/A (sky130_fd_sc_hd__dlygate4sd3_1)
     1    0.005098    0.072902    0.617774    9.357983 ^ hold96/X (sky130_fd_sc_hd__dlygate4sd3_1)
                                                         net194 (net)
                      0.072902    0.000196    9.358178 ^ hold94/A (sky130_fd_sc_hd__dlygate4sd3_1)
     1    0.012271    0.136751    0.644681   10.002859 ^ hold94/X (sky130_fd_sc_hd__dlygate4sd3_1)
                                                         net192 (net)
                      0.136751    0.000520   10.003380 ^ input48/A (sky130_fd_sc_hd__buf_12)
     1    0.074929    0.095495    0.176026   10.179406 ^ input48/X (sky130_fd_sc_hd__buf_12)
                                                         net48 (net)
                      0.095804    0.004531   10.183937 ^ hold95/A (sky130_fd_sc_hd__buf_12)
     8    0.194341    0.226446    0.232174   10.416111 ^ hold95/X (sky130_fd_sc_hd__buf_12)
                                                         net193 (net)
                      0.238825    0.043269   10.459380 ^ i_sram/BEN[28] (CF_SRAM_1024x32)
                                             10.459380   data arrival time

                                 25.000000   25.000000   clock clk (rise edge)
                                  4.650000   29.650000   clock source latency
     1    0.053413    0.610000    0.000000   29.650000 ^ wb_clk_i (in)
                                                         wb_clk_i (net)
                      0.627638    0.008379   29.658379 ^ clkbuf_0_wb_clk_i/A (sky130_fd_sc_hd__clkbuf_16)
     2    0.064406    0.091968    0.282896   29.941273 ^ clkbuf_0_wb_clk_i/X (sky130_fd_sc_hd__clkbuf_16)
                                                         clknet_0_wb_clk_i (net)
                      0.092031    0.001815   29.943089 ^ clkbuf_1_1__f_wb_clk_i/A (sky130_fd_sc_hd__clkbuf_16)
     1    0.135215    0.149230    0.208125   30.151215 ^ clkbuf_1_1__f_wb_clk_i/X (sky130_fd_sc_hd__clkbuf_16)
                                                         clknet_1_1__leaf_wb_clk_i (net)
                      0.151531    0.013987   30.165201 ^ i_sram/CLKin (CF_SRAM_1024x32)
                                 -0.100000   30.065203   clock uncertainty
                                  0.000000   30.065203   clock reconvergence pessimism
                                 -0.635683   29.429520   library setup time
                                             29.429520   data required time
---------------------------------------------------------------------------------------------
                                             29.429520   data required time
                                            -10.459380   data arrival time
---------------------------------------------------------------------------------------------
                                             18.970139   slack (MET)


Startpoint: wbs_sel_i[3] (input port clocked by clk)
Endpoint: i_sram (rising edge-triggered flip-flop clocked by clk)
Path Group: clk
Path Type: max

Fanout         Cap        Slew       Delay        Time   Description
---------------------------------------------------------------------------------------------
                                  0.000000    0.000000   clock clk (rise edge)
                                  5.570000    5.570000   clock network delay (propagated)
                                  3.170000    8.740000 ^ input external delay
     1    0.007610    0.180000    0.000000    8.740000 ^ wbs_sel_i[3] (in)
                                                         wbs_sel_i[3] (net)
                      0.180396    0.000208    8.740208 ^ hold96/A (sky130_fd_sc_hd__dlygate4sd3_1)
     1    0.005098    0.072902    0.617774    9.357983 ^ hold96/X (sky130_fd_sc_hd__dlygate4sd3_1)
                                                         net194 (net)
                      0.072902    0.000196    9.358178 ^ hold94/A (sky130_fd_sc_hd__dlygate4sd3_1)
     1    0.012271    0.136751    0.644681   10.002859 ^ hold94/X (sky130_fd_sc_hd__dlygate4sd3_1)
                                                         net192 (net)
                      0.136751    0.000520   10.003380 ^ input48/A (sky130_fd_sc_hd__buf_12)
     1    0.074929    0.095495    0.176026   10.179406 ^ input48/X (sky130_fd_sc_hd__buf_12)
                                                         net48 (net)
                      0.095804    0.004531   10.183937 ^ hold95/A (sky130_fd_sc_hd__buf_12)
     8    0.194341    0.226446    0.232174   10.416111 ^ hold95/X (sky130_fd_sc_hd__buf_12)
                                                         net193 (net)
                      0.237797    0.041537   10.457647 ^ i_sram/BEN[27] (CF_SRAM_1024x32)
                                             10.457647   data arrival time

                                 25.000000   25.000000   clock clk (rise edge)
                                  4.650000   29.650000   clock source latency
     1    0.053413    0.610000    0.000000   29.650000 ^ wb_clk_i (in)
                                                         wb_clk_i (net)
                      0.627638    0.008379   29.658379 ^ clkbuf_0_wb_clk_i/A (sky130_fd_sc_hd__clkbuf_16)
     2    0.064406    0.091968    0.282896   29.941273 ^ clkbuf_0_wb_clk_i/X (sky130_fd_sc_hd__clkbuf_16)
                                                         clknet_0_wb_clk_i (net)
                      0.092031    0.001815   29.943089 ^ clkbuf_1_1__f_wb_clk_i/A (sky130_fd_sc_hd__clkbuf_16)
     1    0.135215    0.149230    0.208125   30.151215 ^ clkbuf_1_1__f_wb_clk_i/X (sky130_fd_sc_hd__clkbuf_16)
                                                         clknet_1_1__leaf_wb_clk_i (net)
                      0.151531    0.013987   30.165201 ^ i_sram/CLKin (CF_SRAM_1024x32)
                                 -0.100000   30.065203   clock uncertainty
                                  0.000000   30.065203   clock reconvergence pessimism
                                 -0.635291   29.429913   library setup time
                                             29.429913   data required time
---------------------------------------------------------------------------------------------
                                             29.429913   data required time
                                            -10.457647   data arrival time
---------------------------------------------------------------------------------------------
                                             18.972265   slack (MET)


Startpoint: wbs_sel_i[3] (input port clocked by clk)
Endpoint: i_sram (rising edge-triggered flip-flop clocked by clk)
Path Group: clk
Path Type: max

Fanout         Cap        Slew       Delay        Time   Description
---------------------------------------------------------------------------------------------
                                  0.000000    0.000000   clock clk (rise edge)
                                  5.570000    5.570000   clock network delay (propagated)
                                  3.170000    8.740000 ^ input external delay
     1    0.007610    0.180000    0.000000    8.740000 ^ wbs_sel_i[3] (in)
                                                         wbs_sel_i[3] (net)
                      0.180396    0.000208    8.740208 ^ hold96/A (sky130_fd_sc_hd__dlygate4sd3_1)
     1    0.005098    0.072902    0.617774    9.357983 ^ hold96/X (sky130_fd_sc_hd__dlygate4sd3_1)
                                                         net194 (net)
                      0.072902    0.000196    9.358178 ^ hold94/A (sky130_fd_sc_hd__dlygate4sd3_1)
     1    0.012271    0.136751    0.644681   10.002859 ^ hold94/X (sky130_fd_sc_hd__dlygate4sd3_1)
                                                         net192 (net)
                      0.136751    0.000520   10.003380 ^ input48/A (sky130_fd_sc_hd__buf_12)
     1    0.074929    0.095495    0.176026   10.179406 ^ input48/X (sky130_fd_sc_hd__buf_12)
                                                         net48 (net)
                      0.095804    0.004531   10.183937 ^ hold95/A (sky130_fd_sc_hd__buf_12)
     8    0.194341    0.226446    0.232174   10.416111 ^ hold95/X (sky130_fd_sc_hd__buf_12)
                                                         net193 (net)
                      0.236949    0.040052   10.456162 ^ i_sram/BEN[26] (CF_SRAM_1024x32)
                                             10.456162   data arrival time

                                 25.000000   25.000000   clock clk (rise edge)
                                  4.650000   29.650000   clock source latency
     1    0.053413    0.610000    0.000000   29.650000 ^ wb_clk_i (in)
                                                         wb_clk_i (net)
                      0.627638    0.008379   29.658379 ^ clkbuf_0_wb_clk_i/A (sky130_fd_sc_hd__clkbuf_16)
     2    0.064406    0.091968    0.282896   29.941273 ^ clkbuf_0_wb_clk_i/X (sky130_fd_sc_hd__clkbuf_16)
                                                         clknet_0_wb_clk_i (net)
                      0.092031    0.001815   29.943089 ^ clkbuf_1_1__f_wb_clk_i/A (sky130_fd_sc_hd__clkbuf_16)
     1    0.135215    0.149230    0.208125   30.151215 ^ clkbuf_1_1__f_wb_clk_i/X (sky130_fd_sc_hd__clkbuf_16)
                                                         clknet_1_1__leaf_wb_clk_i (net)
                      0.151531    0.013987   30.165201 ^ i_sram/CLKin (CF_SRAM_1024x32)
                                 -0.100000   30.065203   clock uncertainty
                                  0.000000   30.065203   clock reconvergence pessimism
                                 -0.634968   29.430235   library setup time
                                             29.430235   data required time
---------------------------------------------------------------------------------------------
                                             29.430235   data required time
                                            -10.456162   data arrival time
---------------------------------------------------------------------------------------------
                                             18.974073   slack (MET)


Startpoint: wbs_sel_i[3] (input port clocked by clk)
Endpoint: i_sram (rising edge-triggered flip-flop clocked by clk)
Path Group: clk
Path Type: max

Fanout         Cap        Slew       Delay        Time   Description
---------------------------------------------------------------------------------------------
                                  0.000000    0.000000   clock clk (rise edge)
                                  5.570000    5.570000   clock network delay (propagated)
                                  3.170000    8.740000 ^ input external delay
     1    0.007610    0.180000    0.000000    8.740000 ^ wbs_sel_i[3] (in)
                                                         wbs_sel_i[3] (net)
                      0.180396    0.000208    8.740208 ^ hold96/A (sky130_fd_sc_hd__dlygate4sd3_1)
     1    0.005098    0.072902    0.617774    9.357983 ^ hold96/X (sky130_fd_sc_hd__dlygate4sd3_1)
                                                         net194 (net)
                      0.072902    0.000196    9.358178 ^ hold94/A (sky130_fd_sc_hd__dlygate4sd3_1)
     1    0.012271    0.136751    0.644681   10.002859 ^ hold94/X (sky130_fd_sc_hd__dlygate4sd3_1)
                                                         net192 (net)
                      0.136751    0.000520   10.003380 ^ input48/A (sky130_fd_sc_hd__buf_12)
     1    0.074929    0.095495    0.176026   10.179406 ^ input48/X (sky130_fd_sc_hd__buf_12)
                                                         net48 (net)
                      0.095804    0.004531   10.183937 ^ hold95/A (sky130_fd_sc_hd__buf_12)
     8    0.194341    0.226446    0.232174   10.416111 ^ hold95/X (sky130_fd_sc_hd__buf_12)
                                                         net193 (net)
                      0.235905    0.038141   10.454252 ^ i_sram/BEN[25] (CF_SRAM_1024x32)
                                             10.454252   data arrival time

                                 25.000000   25.000000   clock clk (rise edge)
                                  4.650000   29.650000   clock source latency
     1    0.053413    0.610000    0.000000   29.650000 ^ wb_clk_i (in)
                                                         wb_clk_i (net)
                      0.627638    0.008379   29.658379 ^ clkbuf_0_wb_clk_i/A (sky130_fd_sc_hd__clkbuf_16)
     2    0.064406    0.091968    0.282896   29.941273 ^ clkbuf_0_wb_clk_i/X (sky130_fd_sc_hd__clkbuf_16)
                                                         clknet_0_wb_clk_i (net)
                      0.092031    0.001815   29.943089 ^ clkbuf_1_1__f_wb_clk_i/A (sky130_fd_sc_hd__clkbuf_16)
     1    0.135215    0.149230    0.208125   30.151215 ^ clkbuf_1_1__f_wb_clk_i/X (sky130_fd_sc_hd__clkbuf_16)
                                                         clknet_1_1__leaf_wb_clk_i (net)
                      0.151531    0.013987   30.165201 ^ i_sram/CLKin (CF_SRAM_1024x32)
                                 -0.100000   30.065203   clock uncertainty
                                  0.000000   30.065203   clock reconvergence pessimism
                                 -0.634570   29.430634   library setup time
                                             29.430634   data required time
---------------------------------------------------------------------------------------------
                                             29.430634   data required time
                                            -10.454252   data arrival time
---------------------------------------------------------------------------------------------
                                             18.976379   slack (MET)


Startpoint: wbs_sel_i[3] (input port clocked by clk)
Endpoint: i_sram (rising edge-triggered flip-flop clocked by clk)
Path Group: clk
Path Type: max

Fanout         Cap        Slew       Delay        Time   Description
---------------------------------------------------------------------------------------------
                                  0.000000    0.000000   clock clk (rise edge)
                                  5.570000    5.570000   clock network delay (propagated)
                                  3.170000    8.740000 ^ input external delay
     1    0.007610    0.180000    0.000000    8.740000 ^ wbs_sel_i[3] (in)
                                                         wbs_sel_i[3] (net)
                      0.180396    0.000208    8.740208 ^ hold96/A (sky130_fd_sc_hd__dlygate4sd3_1)
     1    0.005098    0.072902    0.617774    9.357983 ^ hold96/X (sky130_fd_sc_hd__dlygate4sd3_1)
                                                         net194 (net)
                      0.072902    0.000196    9.358178 ^ hold94/A (sky130_fd_sc_hd__dlygate4sd3_1)
     1    0.012271    0.136751    0.644681   10.002859 ^ hold94/X (sky130_fd_sc_hd__dlygate4sd3_1)
                                                         net192 (net)
                      0.136751    0.000520   10.003380 ^ input48/A (sky130_fd_sc_hd__buf_12)
     1    0.074929    0.095495    0.176026   10.179406 ^ input48/X (sky130_fd_sc_hd__buf_12)
                                                         net48 (net)
                      0.095804    0.004531   10.183937 ^ hold95/A (sky130_fd_sc_hd__buf_12)
     8    0.194341    0.226446    0.232174   10.416111 ^ hold95/X (sky130_fd_sc_hd__buf_12)
                                                         net193 (net)
                      0.234443    0.035294   10.451405 ^ i_sram/BEN[24] (CF_SRAM_1024x32)
                                             10.451405   data arrival time

                                 25.000000   25.000000   clock clk (rise edge)
                                  4.650000   29.650000   clock source latency
     1    0.053413    0.610000    0.000000   29.650000 ^ wb_clk_i (in)
                                                         wb_clk_i (net)
                      0.627638    0.008379   29.658379 ^ clkbuf_0_wb_clk_i/A (sky130_fd_sc_hd__clkbuf_16)
     2    0.064406    0.091968    0.282896   29.941273 ^ clkbuf_0_wb_clk_i/X (sky130_fd_sc_hd__clkbuf_16)
                                                         clknet_0_wb_clk_i (net)
                      0.092031    0.001815   29.943089 ^ clkbuf_1_1__f_wb_clk_i/A (sky130_fd_sc_hd__clkbuf_16)
     1    0.135215    0.149230    0.208125   30.151215 ^ clkbuf_1_1__f_wb_clk_i/X (sky130_fd_sc_hd__clkbuf_16)
                                                         clknet_1_1__leaf_wb_clk_i (net)
                      0.151531    0.013987   30.165201 ^ i_sram/CLKin (CF_SRAM_1024x32)
                                 -0.100000   30.065203   clock uncertainty
                                  0.000000   30.065203   clock reconvergence pessimism
                                 -0.634013   29.431189   library setup time
                                             29.431189   data required time
---------------------------------------------------------------------------------------------
                                             29.431189   data required time
                                            -10.451405   data arrival time
---------------------------------------------------------------------------------------------
                                             18.979784   slack (MET)


Startpoint: wbs_sel_i[2] (input port clocked by clk)
Endpoint: i_sram (rising edge-triggered flip-flop clocked by clk)
Path Group: clk
Path Type: max

Fanout         Cap        Slew       Delay        Time   Description
---------------------------------------------------------------------------------------------
                                  0.000000    0.000000   clock clk (rise edge)
                                  5.570000    5.570000   clock network delay (propagated)
                                  3.170000    8.740000 ^ input external delay
     1    0.005753    0.180000    0.000000    8.740000 ^ wbs_sel_i[2] (in)
                                                         wbs_sel_i[2] (net)
                      0.180244    0.000128    8.740128 ^ hold93/A (sky130_fd_sc_hd__dlygate4sd3_1)
     1    0.004114    0.064537    0.609794    9.349922 ^ hold93/X (sky130_fd_sc_hd__dlygate4sd3_1)
                                                         net191 (net)
                      0.064537    0.000162    9.350083 ^ hold91/A (sky130_fd_sc_hd__dlygate4sd3_1)
     1    0.012666    0.140415    0.645019    9.995103 ^ hold91/X (sky130_fd_sc_hd__dlygate4sd3_1)
                                                         net189 (net)
                      0.140415    0.000520    9.995624 ^ input47/A (sky130_fd_sc_hd__buf_12)
     1    0.065076    0.085272    0.165358   10.160981 ^ input47/X (sky130_fd_sc_hd__buf_12)
                                                         net47 (net)
                      0.088169    0.012879   10.173861 ^ hold92/A (sky130_fd_sc_hd__buf_12)
     8    0.189818    0.221194    0.234530   10.408390 ^ hold92/X (sky130_fd_sc_hd__buf_12)
                                                         net190 (net)
                      0.228849    0.034118   10.442508 ^ i_sram/BEN[23] (CF_SRAM_1024x32)
                                             10.442508   data arrival time

                                 25.000000   25.000000   clock clk (rise edge)
                                  4.650000   29.650000   clock source latency
     1    0.053413    0.610000    0.000000   29.650000 ^ wb_clk_i (in)
                                                         wb_clk_i (net)
                      0.627638    0.008379   29.658379 ^ clkbuf_0_wb_clk_i/A (sky130_fd_sc_hd__clkbuf_16)
     2    0.064406    0.091968    0.282896   29.941273 ^ clkbuf_0_wb_clk_i/X (sky130_fd_sc_hd__clkbuf_16)
                                                         clknet_0_wb_clk_i (net)
                      0.092031    0.001815   29.943089 ^ clkbuf_1_1__f_wb_clk_i/A (sky130_fd_sc_hd__clkbuf_16)
     1    0.135215    0.149230    0.208125   30.151215 ^ clkbuf_1_1__f_wb_clk_i/X (sky130_fd_sc_hd__clkbuf_16)
                                                         clknet_1_1__leaf_wb_clk_i (net)
                      0.151531    0.013987   30.165201 ^ i_sram/CLKin (CF_SRAM_1024x32)
                                 -0.100000   30.065203   clock uncertainty
                                  0.000000   30.065203   clock reconvergence pessimism
                                 -0.631882   29.433321   library setup time
                                             29.433321   data required time
---------------------------------------------------------------------------------------------
                                             29.433321   data required time
                                            -10.442508   data arrival time
---------------------------------------------------------------------------------------------
                                             18.990812   slack (MET)


Startpoint: wbs_sel_i[2] (input port clocked by clk)
Endpoint: i_sram (rising edge-triggered flip-flop clocked by clk)
Path Group: clk
Path Type: max

Fanout         Cap        Slew       Delay        Time   Description
---------------------------------------------------------------------------------------------
                                  0.000000    0.000000   clock clk (rise edge)
                                  5.570000    5.570000   clock network delay (propagated)
                                  3.170000    8.740000 ^ input external delay
     1    0.005753    0.180000    0.000000    8.740000 ^ wbs_sel_i[2] (in)
                                                         wbs_sel_i[2] (net)
                      0.180244    0.000128    8.740128 ^ hold93/A (sky130_fd_sc_hd__dlygate4sd3_1)
     1    0.004114    0.064537    0.609794    9.349922 ^ hold93/X (sky130_fd_sc_hd__dlygate4sd3_1)
                                                         net191 (net)
                      0.064537    0.000162    9.350083 ^ hold91/A (sky130_fd_sc_hd__dlygate4sd3_1)
     1    0.012666    0.140415    0.645019    9.995103 ^ hold91/X (sky130_fd_sc_hd__dlygate4sd3_1)
                                                         net189 (net)
                      0.140415    0.000520    9.995624 ^ input47/A (sky130_fd_sc_hd__buf_12)
     1    0.065076    0.085272    0.165358   10.160981 ^ input47/X (sky130_fd_sc_hd__buf_12)
                                                         net47 (net)
                      0.088169    0.012879   10.173861 ^ hold92/A (sky130_fd_sc_hd__buf_12)
     8    0.189818    0.221194    0.234530   10.408390 ^ hold92/X (sky130_fd_sc_hd__buf_12)
                                                         net190 (net)
                      0.228650    0.033695   10.442085 ^ i_sram/BEN[22] (CF_SRAM_1024x32)
                                             10.442085   data arrival time

                                 25.000000   25.000000   clock clk (rise edge)
                                  4.650000   29.650000   clock source latency
     1    0.053413    0.610000    0.000000   29.650000 ^ wb_clk_i (in)
                                                         wb_clk_i (net)
                      0.627638    0.008379   29.658379 ^ clkbuf_0_wb_clk_i/A (sky130_fd_sc_hd__clkbuf_16)
     2    0.064406    0.091968    0.282896   29.941273 ^ clkbuf_0_wb_clk_i/X (sky130_fd_sc_hd__clkbuf_16)
                                                         clknet_0_wb_clk_i (net)
                      0.092031    0.001815   29.943089 ^ clkbuf_1_1__f_wb_clk_i/A (sky130_fd_sc_hd__clkbuf_16)
     1    0.135215    0.149230    0.208125   30.151215 ^ clkbuf_1_1__f_wb_clk_i/X (sky130_fd_sc_hd__clkbuf_16)
                                                         clknet_1_1__leaf_wb_clk_i (net)
                      0.151531    0.013987   30.165201 ^ i_sram/CLKin (CF_SRAM_1024x32)
                                 -0.100000   30.065203   clock uncertainty
                                  0.000000   30.065203   clock reconvergence pessimism
                                 -0.631806   29.433397   library setup time
                                             29.433397   data required time
---------------------------------------------------------------------------------------------
                                             29.433397   data required time
                                            -10.442085   data arrival time
---------------------------------------------------------------------------------------------
                                             18.991312   slack (MET)


Startpoint: wbs_sel_i[2] (input port clocked by clk)
Endpoint: i_sram (rising edge-triggered flip-flop clocked by clk)
Path Group: clk
Path Type: max

Fanout         Cap        Slew       Delay        Time   Description
---------------------------------------------------------------------------------------------
                                  0.000000    0.000000   clock clk (rise edge)
                                  5.570000    5.570000   clock network delay (propagated)
                                  3.170000    8.740000 ^ input external delay
     1    0.005753    0.180000    0.000000    8.740000 ^ wbs_sel_i[2] (in)
                                                         wbs_sel_i[2] (net)
                      0.180244    0.000128    8.740128 ^ hold93/A (sky130_fd_sc_hd__dlygate4sd3_1)
     1    0.004114    0.064537    0.609794    9.349922 ^ hold93/X (sky130_fd_sc_hd__dlygate4sd3_1)
                                                         net191 (net)
                      0.064537    0.000162    9.350083 ^ hold91/A (sky130_fd_sc_hd__dlygate4sd3_1)
     1    0.012666    0.140415    0.645019    9.995103 ^ hold91/X (sky130_fd_sc_hd__dlygate4sd3_1)
                                                         net189 (net)
                      0.140415    0.000520    9.995624 ^ input47/A (sky130_fd_sc_hd__buf_12)
     1    0.065076    0.085272    0.165358   10.160981 ^ input47/X (sky130_fd_sc_hd__buf_12)
                                                         net47 (net)
                      0.088169    0.012879   10.173861 ^ hold92/A (sky130_fd_sc_hd__buf_12)
     8    0.189818    0.221194    0.234530   10.408390 ^ hold92/X (sky130_fd_sc_hd__buf_12)
                                                         net190 (net)
                      0.228390    0.033133   10.441524 ^ i_sram/BEN[21] (CF_SRAM_1024x32)
                                             10.441524   data arrival time

                                 25.000000   25.000000   clock clk (rise edge)
                                  4.650000   29.650000   clock source latency
     1    0.053413    0.610000    0.000000   29.650000 ^ wb_clk_i (in)
                                                         wb_clk_i (net)
                      0.627638    0.008379   29.658379 ^ clkbuf_0_wb_clk_i/A (sky130_fd_sc_hd__clkbuf_16)
     2    0.064406    0.091968    0.282896   29.941273 ^ clkbuf_0_wb_clk_i/X (sky130_fd_sc_hd__clkbuf_16)
                                                         clknet_0_wb_clk_i (net)
                      0.092031    0.001815   29.943089 ^ clkbuf_1_1__f_wb_clk_i/A (sky130_fd_sc_hd__clkbuf_16)
     1    0.135215    0.149230    0.208125   30.151215 ^ clkbuf_1_1__f_wb_clk_i/X (sky130_fd_sc_hd__clkbuf_16)
                                                         clknet_1_1__leaf_wb_clk_i (net)
                      0.151531    0.013987   30.165201 ^ i_sram/CLKin (CF_SRAM_1024x32)
                                 -0.100000   30.065203   clock uncertainty
                                  0.000000   30.065203   clock reconvergence pessimism
                                 -0.631707   29.433496   library setup time
                                             29.433496   data required time
---------------------------------------------------------------------------------------------
                                             29.433496   data required time
                                            -10.441524   data arrival time
---------------------------------------------------------------------------------------------
                                             18.991974   slack (MET)


Startpoint: wbs_sel_i[2] (input port clocked by clk)
Endpoint: i_sram (rising edge-triggered flip-flop clocked by clk)
Path Group: clk
Path Type: max

Fanout         Cap        Slew       Delay        Time   Description
---------------------------------------------------------------------------------------------
                                  0.000000    0.000000   clock clk (rise edge)
                                  5.570000    5.570000   clock network delay (propagated)
                                  3.170000    8.740000 ^ input external delay
     1    0.005753    0.180000    0.000000    8.740000 ^ wbs_sel_i[2] (in)
                                                         wbs_sel_i[2] (net)
                      0.180244    0.000128    8.740128 ^ hold93/A (sky130_fd_sc_hd__dlygate4sd3_1)
     1    0.004114    0.064537    0.609794    9.349922 ^ hold93/X (sky130_fd_sc_hd__dlygate4sd3_1)
                                                         net191 (net)
                      0.064537    0.000162    9.350083 ^ hold91/A (sky130_fd_sc_hd__dlygate4sd3_1)
     1    0.012666    0.140415    0.645019    9.995103 ^ hold91/X (sky130_fd_sc_hd__dlygate4sd3_1)
                                                         net189 (net)
                      0.140415    0.000520    9.995624 ^ input47/A (sky130_fd_sc_hd__buf_12)
     1    0.065076    0.085272    0.165358   10.160981 ^ input47/X (sky130_fd_sc_hd__buf_12)
                                                         net47 (net)
                      0.088169    0.012879   10.173861 ^ hold92/A (sky130_fd_sc_hd__buf_12)
     8    0.189818    0.221194    0.234530   10.408390 ^ hold92/X (sky130_fd_sc_hd__buf_12)
                                                         net190 (net)
                      0.228112    0.032522   10.440912 ^ i_sram/BEN[20] (CF_SRAM_1024x32)
                                             10.440912   data arrival time

                                 25.000000   25.000000   clock clk (rise edge)
                                  4.650000   29.650000   clock source latency
     1    0.053413    0.610000    0.000000   29.650000 ^ wb_clk_i (in)
                                                         wb_clk_i (net)
                      0.627638    0.008379   29.658379 ^ clkbuf_0_wb_clk_i/A (sky130_fd_sc_hd__clkbuf_16)
     2    0.064406    0.091968    0.282896   29.941273 ^ clkbuf_0_wb_clk_i/X (sky130_fd_sc_hd__clkbuf_16)
                                                         clknet_0_wb_clk_i (net)
                      0.092031    0.001815   29.943089 ^ clkbuf_1_1__f_wb_clk_i/A (sky130_fd_sc_hd__clkbuf_16)
     1    0.135215    0.149230    0.208125   30.151215 ^ clkbuf_1_1__f_wb_clk_i/X (sky130_fd_sc_hd__clkbuf_16)
                                                         clknet_1_1__leaf_wb_clk_i (net)
                      0.151531    0.013987   30.165201 ^ i_sram/CLKin (CF_SRAM_1024x32)
                                 -0.100000   30.065203   clock uncertainty
                                  0.000000   30.065203   clock reconvergence pessimism
                                 -0.631601   29.433601   library setup time
                                             29.433601   data required time
---------------------------------------------------------------------------------------------
                                             29.433601   data required time
                                            -10.440912   data arrival time
---------------------------------------------------------------------------------------------
                                             18.992689   slack (MET)


Startpoint: wbs_sel_i[2] (input port clocked by clk)
Endpoint: i_sram (rising edge-triggered flip-flop clocked by clk)
Path Group: clk
Path Type: max

Fanout         Cap        Slew       Delay        Time   Description
---------------------------------------------------------------------------------------------
                                  0.000000    0.000000   clock clk (rise edge)
                                  5.570000    5.570000   clock network delay (propagated)
                                  3.170000    8.740000 ^ input external delay
     1    0.005753    0.180000    0.000000    8.740000 ^ wbs_sel_i[2] (in)
                                                         wbs_sel_i[2] (net)
                      0.180244    0.000128    8.740128 ^ hold93/A (sky130_fd_sc_hd__dlygate4sd3_1)
     1    0.004114    0.064537    0.609794    9.349922 ^ hold93/X (sky130_fd_sc_hd__dlygate4sd3_1)
                                                         net191 (net)
                      0.064537    0.000162    9.350083 ^ hold91/A (sky130_fd_sc_hd__dlygate4sd3_1)
     1    0.012666    0.140415    0.645019    9.995103 ^ hold91/X (sky130_fd_sc_hd__dlygate4sd3_1)
                                                         net189 (net)
                      0.140415    0.000520    9.995624 ^ input47/A (sky130_fd_sc_hd__buf_12)
     1    0.065076    0.085272    0.165358   10.160981 ^ input47/X (sky130_fd_sc_hd__buf_12)
                                                         net47 (net)
                      0.088169    0.012879   10.173861 ^ hold92/A (sky130_fd_sc_hd__buf_12)
     8    0.189818    0.221194    0.234530   10.408390 ^ hold92/X (sky130_fd_sc_hd__buf_12)
                                                         net190 (net)
                      0.227773    0.031764   10.440154 ^ i_sram/BEN[19] (CF_SRAM_1024x32)
                                             10.440154   data arrival time

                                 25.000000   25.000000   clock clk (rise edge)
                                  4.650000   29.650000   clock source latency
     1    0.053413    0.610000    0.000000   29.650000 ^ wb_clk_i (in)
                                                         wb_clk_i (net)
                      0.627638    0.008379   29.658379 ^ clkbuf_0_wb_clk_i/A (sky130_fd_sc_hd__clkbuf_16)
     2    0.064406    0.091968    0.282896   29.941273 ^ clkbuf_0_wb_clk_i/X (sky130_fd_sc_hd__clkbuf_16)
                                                         clknet_0_wb_clk_i (net)
                      0.092031    0.001815   29.943089 ^ clkbuf_1_1__f_wb_clk_i/A (sky130_fd_sc_hd__clkbuf_16)
     1    0.135215    0.149230    0.208125   30.151215 ^ clkbuf_1_1__f_wb_clk_i/X (sky130_fd_sc_hd__clkbuf_16)
                                                         clknet_1_1__leaf_wb_clk_i (net)
                      0.151531    0.013987   30.165201 ^ i_sram/CLKin (CF_SRAM_1024x32)
                                 -0.100000   30.065203   clock uncertainty
                                  0.000000   30.065203   clock reconvergence pessimism
                                 -0.631472   29.433731   library setup time
                                             29.433731   data required time
---------------------------------------------------------------------------------------------
                                             29.433731   data required time
                                            -10.440154   data arrival time
---------------------------------------------------------------------------------------------
                                             18.993578   slack (MET)


Startpoint: wbs_sel_i[2] (input port clocked by clk)
Endpoint: i_sram (rising edge-triggered flip-flop clocked by clk)
Path Group: clk
Path Type: max

Fanout         Cap        Slew       Delay        Time   Description
---------------------------------------------------------------------------------------------
                                  0.000000    0.000000   clock clk (rise edge)
                                  5.570000    5.570000   clock network delay (propagated)
                                  3.170000    8.740000 ^ input external delay
     1    0.005753    0.180000    0.000000    8.740000 ^ wbs_sel_i[2] (in)
                                                         wbs_sel_i[2] (net)
                      0.180244    0.000128    8.740128 ^ hold93/A (sky130_fd_sc_hd__dlygate4sd3_1)
     1    0.004114    0.064537    0.609794    9.349922 ^ hold93/X (sky130_fd_sc_hd__dlygate4sd3_1)
                                                         net191 (net)
                      0.064537    0.000162    9.350083 ^ hold91/A (sky130_fd_sc_hd__dlygate4sd3_1)
     1    0.012666    0.140415    0.645019    9.995103 ^ hold91/X (sky130_fd_sc_hd__dlygate4sd3_1)
                                                         net189 (net)
                      0.140415    0.000520    9.995624 ^ input47/A (sky130_fd_sc_hd__buf_12)
     1    0.065076    0.085272    0.165358   10.160981 ^ input47/X (sky130_fd_sc_hd__buf_12)
                                                         net47 (net)
                      0.088169    0.012879   10.173861 ^ hold92/A (sky130_fd_sc_hd__buf_12)
     8    0.189818    0.221194    0.234530   10.408390 ^ hold92/X (sky130_fd_sc_hd__buf_12)
                                                         net190 (net)
                      0.227297    0.030663   10.439053 ^ i_sram/BEN[18] (CF_SRAM_1024x32)
                                             10.439053   data arrival time

                                 25.000000   25.000000   clock clk (rise edge)
                                  4.650000   29.650000   clock source latency
     1    0.053413    0.610000    0.000000   29.650000 ^ wb_clk_i (in)
                                                         wb_clk_i (net)
                      0.627638    0.008379   29.658379 ^ clkbuf_0_wb_clk_i/A (sky130_fd_sc_hd__clkbuf_16)
     2    0.064406    0.091968    0.282896   29.941273 ^ clkbuf_0_wb_clk_i/X (sky130_fd_sc_hd__clkbuf_16)
                                                         clknet_0_wb_clk_i (net)
                      0.092031    0.001815   29.943089 ^ clkbuf_1_1__f_wb_clk_i/A (sky130_fd_sc_hd__clkbuf_16)
     1    0.135215    0.149230    0.208125   30.151215 ^ clkbuf_1_1__f_wb_clk_i/X (sky130_fd_sc_hd__clkbuf_16)
                                                         clknet_1_1__leaf_wb_clk_i (net)
                      0.151531    0.013987   30.165201 ^ i_sram/CLKin (CF_SRAM_1024x32)
                                 -0.100000   30.065203   clock uncertainty
                                  0.000000   30.065203   clock reconvergence pessimism
                                 -0.631290   29.433912   library setup time
                                             29.433912   data required time
---------------------------------------------------------------------------------------------
                                             29.433912   data required time
                                            -10.439053   data arrival time
---------------------------------------------------------------------------------------------
                                             18.994860   slack (MET)


Startpoint: wbs_sel_i[2] (input port clocked by clk)
Endpoint: i_sram (rising edge-triggered flip-flop clocked by clk)
Path Group: clk
Path Type: max

Fanout         Cap        Slew       Delay        Time   Description
---------------------------------------------------------------------------------------------
                                  0.000000    0.000000   clock clk (rise edge)
                                  5.570000    5.570000   clock network delay (propagated)
                                  3.170000    8.740000 ^ input external delay
     1    0.005753    0.180000    0.000000    8.740000 ^ wbs_sel_i[2] (in)
                                                         wbs_sel_i[2] (net)
                      0.180244    0.000128    8.740128 ^ hold93/A (sky130_fd_sc_hd__dlygate4sd3_1)
     1    0.004114    0.064537    0.609794    9.349922 ^ hold93/X (sky130_fd_sc_hd__dlygate4sd3_1)
                                                         net191 (net)
                      0.064537    0.000162    9.350083 ^ hold91/A (sky130_fd_sc_hd__dlygate4sd3_1)
     1    0.012666    0.140415    0.645019    9.995103 ^ hold91/X (sky130_fd_sc_hd__dlygate4sd3_1)
                                                         net189 (net)
                      0.140415    0.000520    9.995624 ^ input47/A (sky130_fd_sc_hd__buf_12)
     1    0.065076    0.085272    0.165358   10.160981 ^ input47/X (sky130_fd_sc_hd__buf_12)
                                                         net47 (net)
                      0.088169    0.012879   10.173861 ^ hold92/A (sky130_fd_sc_hd__buf_12)
     8    0.189818    0.221194    0.234530   10.408390 ^ hold92/X (sky130_fd_sc_hd__buf_12)
                                                         net190 (net)
                      0.226810    0.029492   10.437882 ^ i_sram/BEN[17] (CF_SRAM_1024x32)
                                             10.437882   data arrival time

                                 25.000000   25.000000   clock clk (rise edge)
                                  4.650000   29.650000   clock source latency
     1    0.053413    0.610000    0.000000   29.650000 ^ wb_clk_i (in)
                                                         wb_clk_i (net)
                      0.627638    0.008379   29.658379 ^ clkbuf_0_wb_clk_i/A (sky130_fd_sc_hd__clkbuf_16)
     2    0.064406    0.091968    0.282896   29.941273 ^ clkbuf_0_wb_clk_i/X (sky130_fd_sc_hd__clkbuf_16)
                                                         clknet_0_wb_clk_i (net)
                      0.092031    0.001815   29.943089 ^ clkbuf_1_1__f_wb_clk_i/A (sky130_fd_sc_hd__clkbuf_16)
     1    0.135215    0.149230    0.208125   30.151215 ^ clkbuf_1_1__f_wb_clk_i/X (sky130_fd_sc_hd__clkbuf_16)
                                                         clknet_1_1__leaf_wb_clk_i (net)
                      0.151531    0.013987   30.165201 ^ i_sram/CLKin (CF_SRAM_1024x32)
                                 -0.100000   30.065203   clock uncertainty
                                  0.000000   30.065203   clock reconvergence pessimism
                                 -0.631105   29.434099   library setup time
                                             29.434099   data required time
---------------------------------------------------------------------------------------------
                                             29.434099   data required time
                                            -10.437882   data arrival time
---------------------------------------------------------------------------------------------
                                             18.996216   slack (MET)


Startpoint: wbs_sel_i[2] (input port clocked by clk)
Endpoint: i_sram (rising edge-triggered flip-flop clocked by clk)
Path Group: clk
Path Type: max

Fanout         Cap        Slew       Delay        Time   Description
---------------------------------------------------------------------------------------------
                                  0.000000    0.000000   clock clk (rise edge)
                                  5.570000    5.570000   clock network delay (propagated)
                                  3.170000    8.740000 ^ input external delay
     1    0.005753    0.180000    0.000000    8.740000 ^ wbs_sel_i[2] (in)
                                                         wbs_sel_i[2] (net)
                      0.180244    0.000128    8.740128 ^ hold93/A (sky130_fd_sc_hd__dlygate4sd3_1)
     1    0.004114    0.064537    0.609794    9.349922 ^ hold93/X (sky130_fd_sc_hd__dlygate4sd3_1)
                                                         net191 (net)
                      0.064537    0.000162    9.350083 ^ hold91/A (sky130_fd_sc_hd__dlygate4sd3_1)
     1    0.012666    0.140415    0.645019    9.995103 ^ hold91/X (sky130_fd_sc_hd__dlygate4sd3_1)
                                                         net189 (net)
                      0.140415    0.000520    9.995624 ^ input47/A (sky130_fd_sc_hd__buf_12)
     1    0.065076    0.085272    0.165358   10.160981 ^ input47/X (sky130_fd_sc_hd__buf_12)
                                                         net47 (net)
                      0.088169    0.012879   10.173861 ^ hold92/A (sky130_fd_sc_hd__buf_12)
     8    0.189818    0.221194    0.234530   10.408390 ^ hold92/X (sky130_fd_sc_hd__buf_12)
                                                         net190 (net)
                      0.225895    0.027148   10.435538 ^ i_sram/BEN[16] (CF_SRAM_1024x32)
                                             10.435538   data arrival time

                                 25.000000   25.000000   clock clk (rise edge)
                                  4.650000   29.650000   clock source latency
     1    0.053413    0.610000    0.000000   29.650000 ^ wb_clk_i (in)
                                                         wb_clk_i (net)
                      0.627638    0.008379   29.658379 ^ clkbuf_0_wb_clk_i/A (sky130_fd_sc_hd__clkbuf_16)
     2    0.064406    0.091968    0.282896   29.941273 ^ clkbuf_0_wb_clk_i/X (sky130_fd_sc_hd__clkbuf_16)
                                                         clknet_0_wb_clk_i (net)
                      0.092031    0.001815   29.943089 ^ clkbuf_1_1__f_wb_clk_i/A (sky130_fd_sc_hd__clkbuf_16)
     1    0.135215    0.149230    0.208125   30.151215 ^ clkbuf_1_1__f_wb_clk_i/X (sky130_fd_sc_hd__clkbuf_16)
                                                         clknet_1_1__leaf_wb_clk_i (net)
                      0.151531    0.013987   30.165201 ^ i_sram/CLKin (CF_SRAM_1024x32)
                                 -0.100000   30.065203   clock uncertainty
                                  0.000000   30.065203   clock reconvergence pessimism
                                 -0.630756   29.434446   library setup time
                                             29.434446   data required time
---------------------------------------------------------------------------------------------
                                             29.434446   data required time
                                            -10.435538   data arrival time
---------------------------------------------------------------------------------------------
                                             18.998907   slack (MET)


Startpoint: wbs_sel_i[0] (input port clocked by clk)
Endpoint: i_sram (rising edge-triggered flip-flop clocked by clk)
Path Group: clk
Path Type: max

Fanout         Cap        Slew       Delay        Time   Description
---------------------------------------------------------------------------------------------
                                  0.000000    0.000000   clock clk (rise edge)
                                  5.570000    5.570000   clock network delay (propagated)
                                  3.170000    8.740000 ^ input external delay
     1    0.004011    0.180000    0.000000    8.740000 ^ wbs_sel_i[0] (in)
                                                         wbs_sel_i[0] (net)
                      0.180133    0.000070    8.740070 ^ hold90/A (sky130_fd_sc_hd__dlygate4sd3_1)
     1    0.002747    0.052412    0.597625    9.337695 ^ hold90/X (sky130_fd_sc_hd__dlygate4sd3_1)
                                                         net188 (net)
                      0.052412    0.000080    9.337775 ^ hold88/A (sky130_fd_sc_hd__dlygate4sd3_1)
     1    0.010899    0.124151    0.628654    9.966430 ^ hold88/X (sky130_fd_sc_hd__dlygate4sd3_1)
                                                         net186 (net)
                      0.124151    0.000377    9.966807 ^ input45/A (sky130_fd_sc_hd__buf_12)
     1    0.028676    0.047761    0.133651   10.100458 ^ input45/X (sky130_fd_sc_hd__buf_12)
                                                         net45 (net)
                      0.048030    0.002618   10.103077 ^ hold89/A (sky130_fd_sc_hd__buf_12)
     8    0.208972    0.242126    0.224452   10.327529 ^ hold89/X (sky130_fd_sc_hd__buf_12)
                                                         net187 (net)
                      0.258328    0.050859   10.378388 ^ i_sram/BEN[0] (CF_SRAM_1024x32)
                                             10.378388   data arrival time

                                 25.000000   25.000000   clock clk (rise edge)
                                  4.650000   29.650000   clock source latency
     1    0.053413    0.610000    0.000000   29.650000 ^ wb_clk_i (in)
                                                         wb_clk_i (net)
                      0.627638    0.008379   29.658379 ^ clkbuf_0_wb_clk_i/A (sky130_fd_sc_hd__clkbuf_16)
     2    0.064406    0.091968    0.282896   29.941273 ^ clkbuf_0_wb_clk_i/X (sky130_fd_sc_hd__clkbuf_16)
                                                         clknet_0_wb_clk_i (net)
                      0.092031    0.001815   29.943089 ^ clkbuf_1_1__f_wb_clk_i/A (sky130_fd_sc_hd__clkbuf_16)
     1    0.135215    0.149230    0.208125   30.151215 ^ clkbuf_1_1__f_wb_clk_i/X (sky130_fd_sc_hd__clkbuf_16)
                                                         clknet_1_1__leaf_wb_clk_i (net)
                      0.151531    0.013987   30.165201 ^ i_sram/CLKin (CF_SRAM_1024x32)
                                 -0.100000   30.065203   clock uncertainty
                                  0.000000   30.065203   clock reconvergence pessimism
                                 -0.643115   29.422089   library setup time
                                             29.422089   data required time
---------------------------------------------------------------------------------------------
                                             29.422089   data required time
                                            -10.378388   data arrival time
---------------------------------------------------------------------------------------------
                                             19.043701   slack (MET)


Startpoint: wbs_sel_i[0] (input port clocked by clk)
Endpoint: i_sram (rising edge-triggered flip-flop clocked by clk)
Path Group: clk
Path Type: max

Fanout         Cap        Slew       Delay        Time   Description
---------------------------------------------------------------------------------------------
                                  0.000000    0.000000   clock clk (rise edge)
                                  5.570000    5.570000   clock network delay (propagated)
                                  3.170000    8.740000 ^ input external delay
     1    0.004011    0.180000    0.000000    8.740000 ^ wbs_sel_i[0] (in)
                                                         wbs_sel_i[0] (net)
                      0.180133    0.000070    8.740070 ^ hold90/A (sky130_fd_sc_hd__dlygate4sd3_1)
     1    0.002747    0.052412    0.597625    9.337695 ^ hold90/X (sky130_fd_sc_hd__dlygate4sd3_1)
                                                         net188 (net)
                      0.052412    0.000080    9.337775 ^ hold88/A (sky130_fd_sc_hd__dlygate4sd3_1)
     1    0.010899    0.124151    0.628654    9.966430 ^ hold88/X (sky130_fd_sc_hd__dlygate4sd3_1)
                                                         net186 (net)
                      0.124151    0.000377    9.966807 ^ input45/A (sky130_fd_sc_hd__buf_12)
     1    0.028676    0.047761    0.133651   10.100458 ^ input45/X (sky130_fd_sc_hd__buf_12)
                                                         net45 (net)
                      0.048030    0.002618   10.103077 ^ hold89/A (sky130_fd_sc_hd__buf_12)
     8    0.208972    0.242126    0.224452   10.327529 ^ hold89/X (sky130_fd_sc_hd__buf_12)
                                                         net187 (net)
                      0.258059    0.050454   10.377983 ^ i_sram/BEN[1] (CF_SRAM_1024x32)
                                             10.377983   data arrival time

                                 25.000000   25.000000   clock clk (rise edge)
                                  4.650000   29.650000   clock source latency
     1    0.053413    0.610000    0.000000   29.650000 ^ wb_clk_i (in)
                                                         wb_clk_i (net)
                      0.627638    0.008379   29.658379 ^ clkbuf_0_wb_clk_i/A (sky130_fd_sc_hd__clkbuf_16)
     2    0.064406    0.091968    0.282896   29.941273 ^ clkbuf_0_wb_clk_i/X (sky130_fd_sc_hd__clkbuf_16)
                                                         clknet_0_wb_clk_i (net)
                      0.092031    0.001815   29.943089 ^ clkbuf_1_1__f_wb_clk_i/A (sky130_fd_sc_hd__clkbuf_16)
     1    0.135215    0.149230    0.208125   30.151215 ^ clkbuf_1_1__f_wb_clk_i/X (sky130_fd_sc_hd__clkbuf_16)
                                                         clknet_1_1__leaf_wb_clk_i (net)
                      0.151531    0.013987   30.165201 ^ i_sram/CLKin (CF_SRAM_1024x32)
                                 -0.100000   30.065203   clock uncertainty
                                  0.000000   30.065203   clock reconvergence pessimism
                                 -0.643012   29.422190   library setup time
                                             29.422190   data required time
---------------------------------------------------------------------------------------------
                                             29.422190   data required time
                                            -10.377983   data arrival time
---------------------------------------------------------------------------------------------
                                             19.044207   slack (MET)


Startpoint: wbs_sel_i[0] (input port clocked by clk)
Endpoint: i_sram (rising edge-triggered flip-flop clocked by clk)
Path Group: clk
Path Type: max

Fanout         Cap        Slew       Delay        Time   Description
---------------------------------------------------------------------------------------------
                                  0.000000    0.000000   clock clk (rise edge)
                                  5.570000    5.570000   clock network delay (propagated)
                                  3.170000    8.740000 ^ input external delay
     1    0.004011    0.180000    0.000000    8.740000 ^ wbs_sel_i[0] (in)
                                                         wbs_sel_i[0] (net)
                      0.180133    0.000070    8.740070 ^ hold90/A (sky130_fd_sc_hd__dlygate4sd3_1)
     1    0.002747    0.052412    0.597625    9.337695 ^ hold90/X (sky130_fd_sc_hd__dlygate4sd3_1)
                                                         net188 (net)
                      0.052412    0.000080    9.337775 ^ hold88/A (sky130_fd_sc_hd__dlygate4sd3_1)
     1    0.010899    0.124151    0.628654    9.966430 ^ hold88/X (sky130_fd_sc_hd__dlygate4sd3_1)
                                                         net186 (net)
                      0.124151    0.000377    9.966807 ^ input45/A (sky130_fd_sc_hd__buf_12)
     1    0.028676    0.047761    0.133651   10.100458 ^ input45/X (sky130_fd_sc_hd__buf_12)
                                                         net45 (net)
                      0.048030    0.002618   10.103077 ^ hold89/A (sky130_fd_sc_hd__buf_12)
     8    0.208972    0.242126    0.224452   10.327529 ^ hold89/X (sky130_fd_sc_hd__buf_12)
                                                         net187 (net)
                      0.257690    0.049893   10.377422 ^ i_sram/BEN[2] (CF_SRAM_1024x32)
                                             10.377422   data arrival time

                                 25.000000   25.000000   clock clk (rise edge)
                                  4.650000   29.650000   clock source latency
     1    0.053413    0.610000    0.000000   29.650000 ^ wb_clk_i (in)
                                                         wb_clk_i (net)
                      0.627638    0.008379   29.658379 ^ clkbuf_0_wb_clk_i/A (sky130_fd_sc_hd__clkbuf_16)
     2    0.064406    0.091968    0.282896   29.941273 ^ clkbuf_0_wb_clk_i/X (sky130_fd_sc_hd__clkbuf_16)
                                                         clknet_0_wb_clk_i (net)
                      0.092031    0.001815   29.943089 ^ clkbuf_1_1__f_wb_clk_i/A (sky130_fd_sc_hd__clkbuf_16)
     1    0.135215    0.149230    0.208125   30.151215 ^ clkbuf_1_1__f_wb_clk_i/X (sky130_fd_sc_hd__clkbuf_16)
                                                         clknet_1_1__leaf_wb_clk_i (net)
                      0.151531    0.013987   30.165201 ^ i_sram/CLKin (CF_SRAM_1024x32)
                                 -0.100000   30.065203   clock uncertainty
                                  0.000000   30.065203   clock reconvergence pessimism
                                 -0.642871   29.422333   library setup time
                                             29.422333   data required time
---------------------------------------------------------------------------------------------
                                             29.422333   data required time
                                            -10.377422   data arrival time
---------------------------------------------------------------------------------------------
                                             19.044909   slack (MET)


Startpoint: wbs_sel_i[0] (input port clocked by clk)
Endpoint: i_sram (rising edge-triggered flip-flop clocked by clk)
Path Group: clk
Path Type: max

Fanout         Cap        Slew       Delay        Time   Description
---------------------------------------------------------------------------------------------
                                  0.000000    0.000000   clock clk (rise edge)
                                  5.570000    5.570000   clock network delay (propagated)
                                  3.170000    8.740000 ^ input external delay
     1    0.004011    0.180000    0.000000    8.740000 ^ wbs_sel_i[0] (in)
                                                         wbs_sel_i[0] (net)
                      0.180133    0.000070    8.740070 ^ hold90/A (sky130_fd_sc_hd__dlygate4sd3_1)
     1    0.002747    0.052412    0.597625    9.337695 ^ hold90/X (sky130_fd_sc_hd__dlygate4sd3_1)
                                                         net188 (net)
                      0.052412    0.000080    9.337775 ^ hold88/A (sky130_fd_sc_hd__dlygate4sd3_1)
     1    0.010899    0.124151    0.628654    9.966430 ^ hold88/X (sky130_fd_sc_hd__dlygate4sd3_1)
                                                         net186 (net)
                      0.124151    0.000377    9.966807 ^ input45/A (sky130_fd_sc_hd__buf_12)
     1    0.028676    0.047761    0.133651   10.100458 ^ input45/X (sky130_fd_sc_hd__buf_12)
                                                         net45 (net)
                      0.048030    0.002618   10.103077 ^ hold89/A (sky130_fd_sc_hd__buf_12)
     8    0.208972    0.242126    0.224452   10.327529 ^ hold89/X (sky130_fd_sc_hd__buf_12)
                                                         net187 (net)
                      0.257300    0.049295   10.376824 ^ i_sram/BEN[3] (CF_SRAM_1024x32)
                                             10.376824   data arrival time

                                 25.000000   25.000000   clock clk (rise edge)
                                  4.650000   29.650000   clock source latency
     1    0.053413    0.610000    0.000000   29.650000 ^ wb_clk_i (in)
                                                         wb_clk_i (net)
                      0.627638    0.008379   29.658379 ^ clkbuf_0_wb_clk_i/A (sky130_fd_sc_hd__clkbuf_16)
     2    0.064406    0.091968    0.282896   29.941273 ^ clkbuf_0_wb_clk_i/X (sky130_fd_sc_hd__clkbuf_16)
                                                         clknet_0_wb_clk_i (net)
                      0.092031    0.001815   29.943089 ^ clkbuf_1_1__f_wb_clk_i/A (sky130_fd_sc_hd__clkbuf_16)
     1    0.135215    0.149230    0.208125   30.151215 ^ clkbuf_1_1__f_wb_clk_i/X (sky130_fd_sc_hd__clkbuf_16)
                                                         clknet_1_1__leaf_wb_clk_i (net)
                      0.151531    0.013987   30.165201 ^ i_sram/CLKin (CF_SRAM_1024x32)
                                 -0.100000   30.065203   clock uncertainty
                                  0.000000   30.065203   clock reconvergence pessimism
                                 -0.642723   29.422480   library setup time
                                             29.422480   data required time
---------------------------------------------------------------------------------------------
                                             29.422480   data required time
                                            -10.376824   data arrival time
---------------------------------------------------------------------------------------------
                                             19.045654   slack (MET)


Startpoint: wbs_sel_i[0] (input port clocked by clk)
Endpoint: i_sram (rising edge-triggered flip-flop clocked by clk)
Path Group: clk
Path Type: max

Fanout         Cap        Slew       Delay        Time   Description
---------------------------------------------------------------------------------------------
                                  0.000000    0.000000   clock clk (rise edge)
                                  5.570000    5.570000   clock network delay (propagated)
                                  3.170000    8.740000 ^ input external delay
     1    0.004011    0.180000    0.000000    8.740000 ^ wbs_sel_i[0] (in)
                                                         wbs_sel_i[0] (net)
                      0.180133    0.000070    8.740070 ^ hold90/A (sky130_fd_sc_hd__dlygate4sd3_1)
     1    0.002747    0.052412    0.597625    9.337695 ^ hold90/X (sky130_fd_sc_hd__dlygate4sd3_1)
                                                         net188 (net)
                      0.052412    0.000080    9.337775 ^ hold88/A (sky130_fd_sc_hd__dlygate4sd3_1)
     1    0.010899    0.124151    0.628654    9.966430 ^ hold88/X (sky130_fd_sc_hd__dlygate4sd3_1)
                                                         net186 (net)
                      0.124151    0.000377    9.966807 ^ input45/A (sky130_fd_sc_hd__buf_12)
     1    0.028676    0.047761    0.133651   10.100458 ^ input45/X (sky130_fd_sc_hd__buf_12)
                                                         net45 (net)
                      0.048030    0.002618   10.103077 ^ hold89/A (sky130_fd_sc_hd__buf_12)
     8    0.208972    0.242126    0.224452   10.327529 ^ hold89/X (sky130_fd_sc_hd__buf_12)
                                                         net187 (net)
                      0.256810    0.048532   10.376061 ^ i_sram/BEN[4] (CF_SRAM_1024x32)
                                             10.376061   data arrival time

                                 25.000000   25.000000   clock clk (rise edge)
                                  4.650000   29.650000   clock source latency
     1    0.053413    0.610000    0.000000   29.650000 ^ wb_clk_i (in)
                                                         wb_clk_i (net)
                      0.627638    0.008379   29.658379 ^ clkbuf_0_wb_clk_i/A (sky130_fd_sc_hd__clkbuf_16)
     2    0.064406    0.091968    0.282896   29.941273 ^ clkbuf_0_wb_clk_i/X (sky130_fd_sc_hd__clkbuf_16)
                                                         clknet_0_wb_clk_i (net)
                      0.092031    0.001815   29.943089 ^ clkbuf_1_1__f_wb_clk_i/A (sky130_fd_sc_hd__clkbuf_16)
     1    0.135215    0.149230    0.208125   30.151215 ^ clkbuf_1_1__f_wb_clk_i/X (sky130_fd_sc_hd__clkbuf_16)
                                                         clknet_1_1__leaf_wb_clk_i (net)
                      0.151531    0.013987   30.165201 ^ i_sram/CLKin (CF_SRAM_1024x32)
                                 -0.100000   30.065203   clock uncertainty
                                  0.000000   30.065203   clock reconvergence pessimism
                                 -0.642536   29.422667   library setup time
                                             29.422667   data required time
---------------------------------------------------------------------------------------------
                                             29.422667   data required time
                                            -10.376061   data arrival time
---------------------------------------------------------------------------------------------
                                             19.046604   slack (MET)


Startpoint: wbs_sel_i[0] (input port clocked by clk)
Endpoint: i_sram (rising edge-triggered flip-flop clocked by clk)
Path Group: clk
Path Type: max

Fanout         Cap        Slew       Delay        Time   Description
---------------------------------------------------------------------------------------------
                                  0.000000    0.000000   clock clk (rise edge)
                                  5.570000    5.570000   clock network delay (propagated)
                                  3.170000    8.740000 ^ input external delay
     1    0.004011    0.180000    0.000000    8.740000 ^ wbs_sel_i[0] (in)
                                                         wbs_sel_i[0] (net)
                      0.180133    0.000070    8.740070 ^ hold90/A (sky130_fd_sc_hd__dlygate4sd3_1)
     1    0.002747    0.052412    0.597625    9.337695 ^ hold90/X (sky130_fd_sc_hd__dlygate4sd3_1)
                                                         net188 (net)
                      0.052412    0.000080    9.337775 ^ hold88/A (sky130_fd_sc_hd__dlygate4sd3_1)
     1    0.010899    0.124151    0.628654    9.966430 ^ hold88/X (sky130_fd_sc_hd__dlygate4sd3_1)
                                                         net186 (net)
                      0.124151    0.000377    9.966807 ^ input45/A (sky130_fd_sc_hd__buf_12)
     1    0.028676    0.047761    0.133651   10.100458 ^ input45/X (sky130_fd_sc_hd__buf_12)
                                                         net45 (net)
                      0.048030    0.002618   10.103077 ^ hold89/A (sky130_fd_sc_hd__buf_12)
     8    0.208972    0.242126    0.224452   10.327529 ^ hold89/X (sky130_fd_sc_hd__buf_12)
                                                         net187 (net)
                      0.255738    0.046824   10.374353 ^ i_sram/BEN[5] (CF_SRAM_1024x32)
                                             10.374353   data arrival time

                                 25.000000   25.000000   clock clk (rise edge)
                                  4.650000   29.650000   clock source latency
     1    0.053413    0.610000    0.000000   29.650000 ^ wb_clk_i (in)
                                                         wb_clk_i (net)
                      0.627638    0.008379   29.658379 ^ clkbuf_0_wb_clk_i/A (sky130_fd_sc_hd__clkbuf_16)
     2    0.064406    0.091968    0.282896   29.941273 ^ clkbuf_0_wb_clk_i/X (sky130_fd_sc_hd__clkbuf_16)
                                                         clknet_0_wb_clk_i (net)
                      0.092031    0.001815   29.943089 ^ clkbuf_1_1__f_wb_clk_i/A (sky130_fd_sc_hd__clkbuf_16)
     1    0.135215    0.149230    0.208125   30.151215 ^ clkbuf_1_1__f_wb_clk_i/X (sky130_fd_sc_hd__clkbuf_16)
                                                         clknet_1_1__leaf_wb_clk_i (net)
                      0.151531    0.013987   30.165201 ^ i_sram/CLKin (CF_SRAM_1024x32)
                                 -0.100000   30.065203   clock uncertainty
                                  0.000000   30.065203   clock reconvergence pessimism
                                 -0.642127   29.423075   library setup time
                                             29.423075   data required time
---------------------------------------------------------------------------------------------
                                             29.423075   data required time
                                            -10.374353   data arrival time
---------------------------------------------------------------------------------------------
                                             19.048721   slack (MET)


Startpoint: wbs_sel_i[0] (input port clocked by clk)
Endpoint: i_sram (rising edge-triggered flip-flop clocked by clk)
Path Group: clk
Path Type: max

Fanout         Cap        Slew       Delay        Time   Description
---------------------------------------------------------------------------------------------
                                  0.000000    0.000000   clock clk (rise edge)
                                  5.570000    5.570000   clock network delay (propagated)
                                  3.170000    8.740000 ^ input external delay
     1    0.004011    0.180000    0.000000    8.740000 ^ wbs_sel_i[0] (in)
                                                         wbs_sel_i[0] (net)
                      0.180133    0.000070    8.740070 ^ hold90/A (sky130_fd_sc_hd__dlygate4sd3_1)
     1    0.002747    0.052412    0.597625    9.337695 ^ hold90/X (sky130_fd_sc_hd__dlygate4sd3_1)
                                                         net188 (net)
                      0.052412    0.000080    9.337775 ^ hold88/A (sky130_fd_sc_hd__dlygate4sd3_1)
     1    0.010899    0.124151    0.628654    9.966430 ^ hold88/X (sky130_fd_sc_hd__dlygate4sd3_1)
                                                         net186 (net)
                      0.124151    0.000377    9.966807 ^ input45/A (sky130_fd_sc_hd__buf_12)
     1    0.028676    0.047761    0.133651   10.100458 ^ input45/X (sky130_fd_sc_hd__buf_12)
                                                         net45 (net)
                      0.048030    0.002618   10.103077 ^ hold89/A (sky130_fd_sc_hd__buf_12)
     8    0.208972    0.242126    0.224452   10.327529 ^ hold89/X (sky130_fd_sc_hd__buf_12)
                                                         net187 (net)
                      0.254090    0.044073   10.371603 ^ i_sram/BEN[6] (CF_SRAM_1024x32)
                                             10.371603   data arrival time

                                 25.000000   25.000000   clock clk (rise edge)
                                  4.650000   29.650000   clock source latency
     1    0.053413    0.610000    0.000000   29.650000 ^ wb_clk_i (in)
                                                         wb_clk_i (net)
                      0.627638    0.008379   29.658379 ^ clkbuf_0_wb_clk_i/A (sky130_fd_sc_hd__clkbuf_16)
     2    0.064406    0.091968    0.282896   29.941273 ^ clkbuf_0_wb_clk_i/X (sky130_fd_sc_hd__clkbuf_16)
                                                         clknet_0_wb_clk_i (net)
                      0.092031    0.001815   29.943089 ^ clkbuf_1_1__f_wb_clk_i/A (sky130_fd_sc_hd__clkbuf_16)
     1    0.135215    0.149230    0.208125   30.151215 ^ clkbuf_1_1__f_wb_clk_i/X (sky130_fd_sc_hd__clkbuf_16)
                                                         clknet_1_1__leaf_wb_clk_i (net)
                      0.151531    0.013987   30.165201 ^ i_sram/CLKin (CF_SRAM_1024x32)
                                 -0.100000   30.065203   clock uncertainty
                                  0.000000   30.065203   clock reconvergence pessimism
                                 -0.641500   29.423704   library setup time
                                             29.423704   data required time
---------------------------------------------------------------------------------------------
                                             29.423704   data required time
                                            -10.371603   data arrival time
---------------------------------------------------------------------------------------------
                                             19.052101   slack (MET)


Startpoint: wbs_sel_i[0] (input port clocked by clk)
Endpoint: i_sram (rising edge-triggered flip-flop clocked by clk)
Path Group: clk
Path Type: max

Fanout         Cap        Slew       Delay        Time   Description
---------------------------------------------------------------------------------------------
                                  0.000000    0.000000   clock clk (rise edge)
                                  5.570000    5.570000   clock network delay (propagated)
                                  3.170000    8.740000 ^ input external delay
     1    0.004011    0.180000    0.000000    8.740000 ^ wbs_sel_i[0] (in)
                                                         wbs_sel_i[0] (net)
                      0.180133    0.000070    8.740070 ^ hold90/A (sky130_fd_sc_hd__dlygate4sd3_1)
     1    0.002747    0.052412    0.597625    9.337695 ^ hold90/X (sky130_fd_sc_hd__dlygate4sd3_1)
                                                         net188 (net)
                      0.052412    0.000080    9.337775 ^ hold88/A (sky130_fd_sc_hd__dlygate4sd3_1)
     1    0.010899    0.124151    0.628654    9.966430 ^ hold88/X (sky130_fd_sc_hd__dlygate4sd3_1)
                                                         net186 (net)
                      0.124151    0.000377    9.966807 ^ input45/A (sky130_fd_sc_hd__buf_12)
     1    0.028676    0.047761    0.133651   10.100458 ^ input45/X (sky130_fd_sc_hd__buf_12)
                                                         net45 (net)
                      0.048030    0.002618   10.103077 ^ hold89/A (sky130_fd_sc_hd__buf_12)
     8    0.208972    0.242126    0.224452   10.327529 ^ hold89/X (sky130_fd_sc_hd__buf_12)
                                                         net187 (net)
                      0.252934    0.042037   10.369567 ^ i_sram/BEN[7] (CF_SRAM_1024x32)
                                             10.369567   data arrival time

                                 25.000000   25.000000   clock clk (rise edge)
                                  4.650000   29.650000   clock source latency
     1    0.053413    0.610000    0.000000   29.650000 ^ wb_clk_i (in)
                                                         wb_clk_i (net)
                      0.627638    0.008379   29.658379 ^ clkbuf_0_wb_clk_i/A (sky130_fd_sc_hd__clkbuf_16)
     2    0.064406    0.091968    0.282896   29.941273 ^ clkbuf_0_wb_clk_i/X (sky130_fd_sc_hd__clkbuf_16)
                                                         clknet_0_wb_clk_i (net)
                      0.092031    0.001815   29.943089 ^ clkbuf_1_1__f_wb_clk_i/A (sky130_fd_sc_hd__clkbuf_16)
     1    0.135215    0.149230    0.208125   30.151215 ^ clkbuf_1_1__f_wb_clk_i/X (sky130_fd_sc_hd__clkbuf_16)
                                                         clknet_1_1__leaf_wb_clk_i (net)
                      0.151531    0.013987   30.165201 ^ i_sram/CLKin (CF_SRAM_1024x32)
                                 -0.100000   30.065203   clock uncertainty
                                  0.000000   30.065203   clock reconvergence pessimism
                                 -0.641059   29.424145   library setup time
                                             29.424145   data required time
---------------------------------------------------------------------------------------------
                                             29.424145   data required time
                                            -10.369567   data arrival time
---------------------------------------------------------------------------------------------
                                             19.054577   slack (MET)


Startpoint: wbs_sel_i[1] (input port clocked by clk)
Endpoint: i_sram (rising edge-triggered flip-flop clocked by clk)
Path Group: clk
Path Type: max

Fanout         Cap        Slew       Delay        Time   Description
---------------------------------------------------------------------------------------------
                                  0.000000    0.000000   clock clk (rise edge)
                                  5.570000    5.570000   clock network delay (propagated)
                                  3.170000    8.740000 ^ input external delay
     1    0.005321    0.180000    0.000000    8.740000 ^ wbs_sel_i[1] (in)
                                                         wbs_sel_i[1] (net)
                      0.180203    0.000107    8.740107 ^ hold87/A (sky130_fd_sc_hd__dlygate4sd3_1)
     1    0.002111    0.047364    0.591396    9.331503 ^ hold87/X (sky130_fd_sc_hd__dlygate4sd3_1)
                                                         net185 (net)
                      0.047364    0.000062    9.331565 ^ hold85/A (sky130_fd_sc_hd__dlygate4sd3_1)
     1    0.011233    0.127189    0.629311    9.960876 ^ hold85/X (sky130_fd_sc_hd__dlygate4sd3_1)
                                                         net183 (net)
                      0.127189    0.000420    9.961296 ^ input46/A (sky130_fd_sc_hd__buf_12)
     1    0.026547    0.045662    0.132458   10.093755 ^ input46/X (sky130_fd_sc_hd__buf_12)
                                                         net46 (net)
                      0.045935    0.002589   10.096344 ^ hold86/A (sky130_fd_sc_hd__buf_12)
     8    0.200737    0.232552    0.229939   10.326283 ^ hold86/X (sky130_fd_sc_hd__buf_12)
                                                         net184 (net)
                      0.239470    0.033381   10.359664 ^ i_sram/BEN[8] (CF_SRAM_1024x32)
                                             10.359664   data arrival time

                                 25.000000   25.000000   clock clk (rise edge)
                                  4.650000   29.650000   clock source latency
     1    0.053413    0.610000    0.000000   29.650000 ^ wb_clk_i (in)
                                                         wb_clk_i (net)
                      0.627638    0.008379   29.658379 ^ clkbuf_0_wb_clk_i/A (sky130_fd_sc_hd__clkbuf_16)
     2    0.064406    0.091968    0.282896   29.941273 ^ clkbuf_0_wb_clk_i/X (sky130_fd_sc_hd__clkbuf_16)
                                                         clknet_0_wb_clk_i (net)
                      0.092031    0.001815   29.943089 ^ clkbuf_1_1__f_wb_clk_i/A (sky130_fd_sc_hd__clkbuf_16)
     1    0.135215    0.149230    0.208125   30.151215 ^ clkbuf_1_1__f_wb_clk_i/X (sky130_fd_sc_hd__clkbuf_16)
                                                         clknet_1_1__leaf_wb_clk_i (net)
                      0.151531    0.013987   30.165201 ^ i_sram/CLKin (CF_SRAM_1024x32)
                                 -0.100000   30.065203   clock uncertainty
                                  0.000000   30.065203   clock reconvergence pessimism
                                 -0.635929   29.429274   library setup time
                                             29.429274   data required time
---------------------------------------------------------------------------------------------
                                             29.429274   data required time
                                            -10.359664   data arrival time
---------------------------------------------------------------------------------------------
                                             19.069611   slack (MET)


Startpoint: wbs_sel_i[1] (input port clocked by clk)
Endpoint: i_sram (rising edge-triggered flip-flop clocked by clk)
Path Group: clk
Path Type: max

Fanout         Cap        Slew       Delay        Time   Description
---------------------------------------------------------------------------------------------
                                  0.000000    0.000000   clock clk (rise edge)
                                  5.570000    5.570000   clock network delay (propagated)
                                  3.170000    8.740000 ^ input external delay
     1    0.005321    0.180000    0.000000    8.740000 ^ wbs_sel_i[1] (in)
                                                         wbs_sel_i[1] (net)
                      0.180203    0.000107    8.740107 ^ hold87/A (sky130_fd_sc_hd__dlygate4sd3_1)
     1    0.002111    0.047364    0.591396    9.331503 ^ hold87/X (sky130_fd_sc_hd__dlygate4sd3_1)
                                                         net185 (net)
                      0.047364    0.000062    9.331565 ^ hold85/A (sky130_fd_sc_hd__dlygate4sd3_1)
     1    0.011233    0.127189    0.629311    9.960876 ^ hold85/X (sky130_fd_sc_hd__dlygate4sd3_1)
                                                         net183 (net)
                      0.127189    0.000420    9.961296 ^ input46/A (sky130_fd_sc_hd__buf_12)
     1    0.026547    0.045662    0.132458   10.093755 ^ input46/X (sky130_fd_sc_hd__buf_12)
                                                         net46 (net)
                      0.045935    0.002589   10.096344 ^ hold86/A (sky130_fd_sc_hd__buf_12)
     8    0.200737    0.232552    0.229939   10.326283 ^ hold86/X (sky130_fd_sc_hd__buf_12)
                                                         net184 (net)
                      0.239373    0.033159   10.359442 ^ i_sram/BEN[9] (CF_SRAM_1024x32)
                                             10.359442   data arrival time

                                 25.000000   25.000000   clock clk (rise edge)
                                  4.650000   29.650000   clock source latency
     1    0.053413    0.610000    0.000000   29.650000 ^ wb_clk_i (in)
                                                         wb_clk_i (net)
                      0.627638    0.008379   29.658379 ^ clkbuf_0_wb_clk_i/A (sky130_fd_sc_hd__clkbuf_16)
     2    0.064406    0.091968    0.282896   29.941273 ^ clkbuf_0_wb_clk_i/X (sky130_fd_sc_hd__clkbuf_16)
                                                         clknet_0_wb_clk_i (net)
                      0.092031    0.001815   29.943089 ^ clkbuf_1_1__f_wb_clk_i/A (sky130_fd_sc_hd__clkbuf_16)
     1    0.135215    0.149230    0.208125   30.151215 ^ clkbuf_1_1__f_wb_clk_i/X (sky130_fd_sc_hd__clkbuf_16)
                                                         clknet_1_1__leaf_wb_clk_i (net)
                      0.151531    0.013987   30.165201 ^ i_sram/CLKin (CF_SRAM_1024x32)
                                 -0.100000   30.065203   clock uncertainty
                                  0.000000   30.065203   clock reconvergence pessimism
                                 -0.635892   29.429312   library setup time
                                             29.429312   data required time
---------------------------------------------------------------------------------------------
                                             29.429312   data required time
                                            -10.359442   data arrival time
---------------------------------------------------------------------------------------------
                                             19.069870   slack (MET)


Startpoint: wbs_sel_i[1] (input port clocked by clk)
Endpoint: i_sram (rising edge-triggered flip-flop clocked by clk)
Path Group: clk
Path Type: max

Fanout         Cap        Slew       Delay        Time   Description
---------------------------------------------------------------------------------------------
                                  0.000000    0.000000   clock clk (rise edge)
                                  5.570000    5.570000   clock network delay (propagated)
                                  3.170000    8.740000 ^ input external delay
     1    0.005321    0.180000    0.000000    8.740000 ^ wbs_sel_i[1] (in)
                                                         wbs_sel_i[1] (net)
                      0.180203    0.000107    8.740107 ^ hold87/A (sky130_fd_sc_hd__dlygate4sd3_1)
     1    0.002111    0.047364    0.591396    9.331503 ^ hold87/X (sky130_fd_sc_hd__dlygate4sd3_1)
                                                         net185 (net)
                      0.047364    0.000062    9.331565 ^ hold85/A (sky130_fd_sc_hd__dlygate4sd3_1)
     1    0.011233    0.127189    0.629311    9.960876 ^ hold85/X (sky130_fd_sc_hd__dlygate4sd3_1)
                                                         net183 (net)
                      0.127189    0.000420    9.961296 ^ input46/A (sky130_fd_sc_hd__buf_12)
     1    0.026547    0.045662    0.132458   10.093755 ^ input46/X (sky130_fd_sc_hd__buf_12)
                                                         net46 (net)
                      0.045935    0.002589   10.096344 ^ hold86/A (sky130_fd_sc_hd__buf_12)
     8    0.200737    0.232552    0.229939   10.326283 ^ hold86/X (sky130_fd_sc_hd__buf_12)
                                                         net184 (net)
                      0.239198    0.032754   10.359036 ^ i_sram/BEN[10] (CF_SRAM_1024x32)
                                             10.359036   data arrival time

                                 25.000000   25.000000   clock clk (rise edge)
                                  4.650000   29.650000   clock source latency
     1    0.053413    0.610000    0.000000   29.650000 ^ wb_clk_i (in)
                                                         wb_clk_i (net)
                      0.627638    0.008379   29.658379 ^ clkbuf_0_wb_clk_i/A (sky130_fd_sc_hd__clkbuf_16)
     2    0.064406    0.091968    0.282896   29.941273 ^ clkbuf_0_wb_clk_i/X (sky130_fd_sc_hd__clkbuf_16)
                                                         clknet_0_wb_clk_i (net)
                      0.092031    0.001815   29.943089 ^ clkbuf_1_1__f_wb_clk_i/A (sky130_fd_sc_hd__clkbuf_16)
     1    0.135215    0.149230    0.208125   30.151215 ^ clkbuf_1_1__f_wb_clk_i/X (sky130_fd_sc_hd__clkbuf_16)
                                                         clknet_1_1__leaf_wb_clk_i (net)
                      0.151531    0.013987   30.165201 ^ i_sram/CLKin (CF_SRAM_1024x32)
                                 -0.100000   30.065203   clock uncertainty
                                  0.000000   30.065203   clock reconvergence pessimism
                                 -0.635825   29.429377   library setup time
                                             29.429377   data required time
---------------------------------------------------------------------------------------------
                                             29.429377   data required time
                                            -10.359036   data arrival time
---------------------------------------------------------------------------------------------
                                             19.070341   slack (MET)


Startpoint: wbs_sel_i[1] (input port clocked by clk)
Endpoint: i_sram (rising edge-triggered flip-flop clocked by clk)
Path Group: clk
Path Type: max

Fanout         Cap        Slew       Delay        Time   Description
---------------------------------------------------------------------------------------------
                                  0.000000    0.000000   clock clk (rise edge)
                                  5.570000    5.570000   clock network delay (propagated)
                                  3.170000    8.740000 ^ input external delay
     1    0.005321    0.180000    0.000000    8.740000 ^ wbs_sel_i[1] (in)
                                                         wbs_sel_i[1] (net)
                      0.180203    0.000107    8.740107 ^ hold87/A (sky130_fd_sc_hd__dlygate4sd3_1)
     1    0.002111    0.047364    0.591396    9.331503 ^ hold87/X (sky130_fd_sc_hd__dlygate4sd3_1)
                                                         net185 (net)
                      0.047364    0.000062    9.331565 ^ hold85/A (sky130_fd_sc_hd__dlygate4sd3_1)
     1    0.011233    0.127189    0.629311    9.960876 ^ hold85/X (sky130_fd_sc_hd__dlygate4sd3_1)
                                                         net183 (net)
                      0.127189    0.000420    9.961296 ^ input46/A (sky130_fd_sc_hd__buf_12)
     1    0.026547    0.045662    0.132458   10.093755 ^ input46/X (sky130_fd_sc_hd__buf_12)
                                                         net46 (net)
                      0.045935    0.002589   10.096344 ^ hold86/A (sky130_fd_sc_hd__buf_12)
     8    0.200737    0.232552    0.229939   10.326283 ^ hold86/X (sky130_fd_sc_hd__buf_12)
                                                         net184 (net)
                      0.238678    0.031515   10.357798 ^ i_sram/BEN[11] (CF_SRAM_1024x32)
                                             10.357798   data arrival time

                                 25.000000   25.000000   clock clk (rise edge)
                                  4.650000   29.650000   clock source latency
     1    0.053413    0.610000    0.000000   29.650000 ^ wb_clk_i (in)
                                                         wb_clk_i (net)
                      0.627638    0.008379   29.658379 ^ clkbuf_0_wb_clk_i/A (sky130_fd_sc_hd__clkbuf_16)
     2    0.064406    0.091968    0.282896   29.941273 ^ clkbuf_0_wb_clk_i/X (sky130_fd_sc_hd__clkbuf_16)
                                                         clknet_0_wb_clk_i (net)
                      0.092031    0.001815   29.943089 ^ clkbuf_1_1__f_wb_clk_i/A (sky130_fd_sc_hd__clkbuf_16)
     1    0.135215    0.149230    0.208125   30.151215 ^ clkbuf_1_1__f_wb_clk_i/X (sky130_fd_sc_hd__clkbuf_16)
                                                         clknet_1_1__leaf_wb_clk_i (net)
                      0.151531    0.013987   30.165201 ^ i_sram/CLKin (CF_SRAM_1024x32)
                                 -0.100000   30.065203   clock uncertainty
                                  0.000000   30.065203   clock reconvergence pessimism
                                 -0.635627   29.429577   library setup time
                                             29.429577   data required time
---------------------------------------------------------------------------------------------
                                             29.429577   data required time
                                            -10.357798   data arrival time
---------------------------------------------------------------------------------------------
                                             19.071777   slack (MET)


Startpoint: wbs_sel_i[1] (input port clocked by clk)
Endpoint: i_sram (rising edge-triggered flip-flop clocked by clk)
Path Group: clk
Path Type: max

Fanout         Cap        Slew       Delay        Time   Description
---------------------------------------------------------------------------------------------
                                  0.000000    0.000000   clock clk (rise edge)
                                  5.570000    5.570000   clock network delay (propagated)
                                  3.170000    8.740000 ^ input external delay
     1    0.005321    0.180000    0.000000    8.740000 ^ wbs_sel_i[1] (in)
                                                         wbs_sel_i[1] (net)
                      0.180203    0.000107    8.740107 ^ hold87/A (sky130_fd_sc_hd__dlygate4sd3_1)
     1    0.002111    0.047364    0.591396    9.331503 ^ hold87/X (sky130_fd_sc_hd__dlygate4sd3_1)
                                                         net185 (net)
                      0.047364    0.000062    9.331565 ^ hold85/A (sky130_fd_sc_hd__dlygate4sd3_1)
     1    0.011233    0.127189    0.629311    9.960876 ^ hold85/X (sky130_fd_sc_hd__dlygate4sd3_1)
                                                         net183 (net)
                      0.127189    0.000420    9.961296 ^ input46/A (sky130_fd_sc_hd__buf_12)
     1    0.026547    0.045662    0.132458   10.093755 ^ input46/X (sky130_fd_sc_hd__buf_12)
                                                         net46 (net)
                      0.045935    0.002589   10.096344 ^ hold86/A (sky130_fd_sc_hd__buf_12)
     8    0.200737    0.232552    0.229939   10.326283 ^ hold86/X (sky130_fd_sc_hd__buf_12)
                                                         net184 (net)
                      0.238315    0.030620   10.356902 ^ i_sram/BEN[12] (CF_SRAM_1024x32)
                                             10.356902   data arrival time

                                 25.000000   25.000000   clock clk (rise edge)
                                  4.650000   29.650000   clock source latency
     1    0.053413    0.610000    0.000000   29.650000 ^ wb_clk_i (in)
                                                         wb_clk_i (net)
                      0.627638    0.008379   29.658379 ^ clkbuf_0_wb_clk_i/A (sky130_fd_sc_hd__clkbuf_16)
     2    0.064406    0.091968    0.282896   29.941273 ^ clkbuf_0_wb_clk_i/X (sky130_fd_sc_hd__clkbuf_16)
                                                         clknet_0_wb_clk_i (net)
                      0.092031    0.001815   29.943089 ^ clkbuf_1_1__f_wb_clk_i/A (sky130_fd_sc_hd__clkbuf_16)
     1    0.135215    0.149230    0.208125   30.151215 ^ clkbuf_1_1__f_wb_clk_i/X (sky130_fd_sc_hd__clkbuf_16)
                                                         clknet_1_1__leaf_wb_clk_i (net)
                      0.151531    0.013987   30.165201 ^ i_sram/CLKin (CF_SRAM_1024x32)
                                 -0.100000   30.065203   clock uncertainty
                                  0.000000   30.065203   clock reconvergence pessimism
                                 -0.635489   29.429714   library setup time
                                             29.429714   data required time
---------------------------------------------------------------------------------------------
                                             29.429714   data required time
                                            -10.356902   data arrival time
---------------------------------------------------------------------------------------------
                                             19.072811   slack (MET)


Startpoint: wbs_sel_i[1] (input port clocked by clk)
Endpoint: i_sram (rising edge-triggered flip-flop clocked by clk)
Path Group: clk
Path Type: max

Fanout         Cap        Slew       Delay        Time   Description
---------------------------------------------------------------------------------------------
                                  0.000000    0.000000   clock clk (rise edge)
                                  5.570000    5.570000   clock network delay (propagated)
                                  3.170000    8.740000 ^ input external delay
     1    0.005321    0.180000    0.000000    8.740000 ^ wbs_sel_i[1] (in)
                                                         wbs_sel_i[1] (net)
                      0.180203    0.000107    8.740107 ^ hold87/A (sky130_fd_sc_hd__dlygate4sd3_1)
     1    0.002111    0.047364    0.591396    9.331503 ^ hold87/X (sky130_fd_sc_hd__dlygate4sd3_1)
                                                         net185 (net)
                      0.047364    0.000062    9.331565 ^ hold85/A (sky130_fd_sc_hd__dlygate4sd3_1)
     1    0.011233    0.127189    0.629311    9.960876 ^ hold85/X (sky130_fd_sc_hd__dlygate4sd3_1)
                                                         net183 (net)
                      0.127189    0.000420    9.961296 ^ input46/A (sky130_fd_sc_hd__buf_12)
     1    0.026547    0.045662    0.132458   10.093755 ^ input46/X (sky130_fd_sc_hd__buf_12)
                                                         net46 (net)
                      0.045935    0.002589   10.096344 ^ hold86/A (sky130_fd_sc_hd__buf_12)
     8    0.200737    0.232552    0.229939   10.326283 ^ hold86/X (sky130_fd_sc_hd__buf_12)
                                                         net184 (net)
                      0.237840    0.029407   10.355689 ^ i_sram/BEN[13] (CF_SRAM_1024x32)
                                             10.355689   data arrival time

                                 25.000000   25.000000   clock clk (rise edge)
                                  4.650000   29.650000   clock source latency
     1    0.053413    0.610000    0.000000   29.650000 ^ wb_clk_i (in)
                                                         wb_clk_i (net)
                      0.627638    0.008379   29.658379 ^ clkbuf_0_wb_clk_i/A (sky130_fd_sc_hd__clkbuf_16)
     2    0.064406    0.091968    0.282896   29.941273 ^ clkbuf_0_wb_clk_i/X (sky130_fd_sc_hd__clkbuf_16)
                                                         clknet_0_wb_clk_i (net)
                      0.092031    0.001815   29.943089 ^ clkbuf_1_1__f_wb_clk_i/A (sky130_fd_sc_hd__clkbuf_16)
     1    0.135215    0.149230    0.208125   30.151215 ^ clkbuf_1_1__f_wb_clk_i/X (sky130_fd_sc_hd__clkbuf_16)
                                                         clknet_1_1__leaf_wb_clk_i (net)
                      0.151531    0.013987   30.165201 ^ i_sram/CLKin (CF_SRAM_1024x32)
                                 -0.100000   30.065203   clock uncertainty
                                  0.000000   30.065203   clock reconvergence pessimism
                                 -0.635308   29.429895   library setup time
                                             29.429895   data required time
---------------------------------------------------------------------------------------------
                                             29.429895   data required time
                                            -10.355689   data arrival time
---------------------------------------------------------------------------------------------
                                             19.074207   slack (MET)


Startpoint: wbs_sel_i[1] (input port clocked by clk)
Endpoint: i_sram (rising edge-triggered flip-flop clocked by clk)
Path Group: clk
Path Type: max

Fanout         Cap        Slew       Delay        Time   Description
---------------------------------------------------------------------------------------------
                                  0.000000    0.000000   clock clk (rise edge)
                                  5.570000    5.570000   clock network delay (propagated)
                                  3.170000    8.740000 ^ input external delay
     1    0.005321    0.180000    0.000000    8.740000 ^ wbs_sel_i[1] (in)
                                                         wbs_sel_i[1] (net)
                      0.180203    0.000107    8.740107 ^ hold87/A (sky130_fd_sc_hd__dlygate4sd3_1)
     1    0.002111    0.047364    0.591396    9.331503 ^ hold87/X (sky130_fd_sc_hd__dlygate4sd3_1)
                                                         net185 (net)
                      0.047364    0.000062    9.331565 ^ hold85/A (sky130_fd_sc_hd__dlygate4sd3_1)
     1    0.011233    0.127189    0.629311    9.960876 ^ hold85/X (sky130_fd_sc_hd__dlygate4sd3_1)
                                                         net183 (net)
                      0.127189    0.000420    9.961296 ^ input46/A (sky130_fd_sc_hd__buf_12)
     1    0.026547    0.045662    0.132458   10.093755 ^ input46/X (sky130_fd_sc_hd__buf_12)
                                                         net46 (net)
                      0.045935    0.002589   10.096344 ^ hold86/A (sky130_fd_sc_hd__buf_12)
     8    0.200737    0.232552    0.229939   10.326283 ^ hold86/X (sky130_fd_sc_hd__buf_12)
                                                         net184 (net)
                      0.236626    0.026030   10.352312 ^ i_sram/BEN[14] (CF_SRAM_1024x32)
                                             10.352312   data arrival time

                                 25.000000   25.000000   clock clk (rise edge)
                                  4.650000   29.650000   clock source latency
     1    0.053413    0.610000    0.000000   29.650000 ^ wb_clk_i (in)
                                                         wb_clk_i (net)
                      0.627638    0.008379   29.658379 ^ clkbuf_0_wb_clk_i/A (sky130_fd_sc_hd__clkbuf_16)
     2    0.064406    0.091968    0.282896   29.941273 ^ clkbuf_0_wb_clk_i/X (sky130_fd_sc_hd__clkbuf_16)
                                                         clknet_0_wb_clk_i (net)
                      0.092031    0.001815   29.943089 ^ clkbuf_1_1__f_wb_clk_i/A (sky130_fd_sc_hd__clkbuf_16)
     1    0.135215    0.149230    0.208125   30.151215 ^ clkbuf_1_1__f_wb_clk_i/X (sky130_fd_sc_hd__clkbuf_16)
                                                         clknet_1_1__leaf_wb_clk_i (net)
                      0.151531    0.013987   30.165201 ^ i_sram/CLKin (CF_SRAM_1024x32)
                                 -0.100000   30.065203   clock uncertainty
                                  0.000000   30.065203   clock reconvergence pessimism
                                 -0.634845   29.430357   library setup time
                                             29.430357   data required time
---------------------------------------------------------------------------------------------
                                             29.430357   data required time
                                            -10.352312   data arrival time
---------------------------------------------------------------------------------------------
                                             19.078045   slack (MET)


Startpoint: wbs_sel_i[1] (input port clocked by clk)
Endpoint: i_sram (rising edge-triggered flip-flop clocked by clk)
Path Group: clk
Path Type: max

Fanout         Cap        Slew       Delay        Time   Description
---------------------------------------------------------------------------------------------
                                  0.000000    0.000000   clock clk (rise edge)
                                  5.570000    5.570000   clock network delay (propagated)
                                  3.170000    8.740000 ^ input external delay
     1    0.005321    0.180000    0.000000    8.740000 ^ wbs_sel_i[1] (in)
                                                         wbs_sel_i[1] (net)
                      0.180203    0.000107    8.740107 ^ hold87/A (sky130_fd_sc_hd__dlygate4sd3_1)
     1    0.002111    0.047364    0.591396    9.331503 ^ hold87/X (sky130_fd_sc_hd__dlygate4sd3_1)
                                                         net185 (net)
                      0.047364    0.000062    9.331565 ^ hold85/A (sky130_fd_sc_hd__dlygate4sd3_1)
     1    0.011233    0.127189    0.629311    9.960876 ^ hold85/X (sky130_fd_sc_hd__dlygate4sd3_1)
                                                         net183 (net)
                      0.127189    0.000420    9.961296 ^ input46/A (sky130_fd_sc_hd__buf_12)
     1    0.026547    0.045662    0.132458   10.093755 ^ input46/X (sky130_fd_sc_hd__buf_12)
                                                         net46 (net)
                      0.045935    0.002589   10.096344 ^ hold86/A (sky130_fd_sc_hd__buf_12)
     8    0.200737    0.232552    0.229939   10.326283 ^ hold86/X (sky130_fd_sc_hd__buf_12)
                                                         net184 (net)
                      0.235830    0.023531   10.349813 ^ i_sram/BEN[15] (CF_SRAM_1024x32)
                                             10.349813   data arrival time

                                 25.000000   25.000000   clock clk (rise edge)
                                  4.650000   29.650000   clock source latency
     1    0.053413    0.610000    0.000000   29.650000 ^ wb_clk_i (in)
                                                         wb_clk_i (net)
                      0.627638    0.008379   29.658379 ^ clkbuf_0_wb_clk_i/A (sky130_fd_sc_hd__clkbuf_16)
     2    0.064406    0.091968    0.282896   29.941273 ^ clkbuf_0_wb_clk_i/X (sky130_fd_sc_hd__clkbuf_16)
                                                         clknet_0_wb_clk_i (net)
                      0.092031    0.001815   29.943089 ^ clkbuf_1_1__f_wb_clk_i/A (sky130_fd_sc_hd__clkbuf_16)
     1    0.135215    0.149230    0.208125   30.151215 ^ clkbuf_1_1__f_wb_clk_i/X (sky130_fd_sc_hd__clkbuf_16)
                                                         clknet_1_1__leaf_wb_clk_i (net)
                      0.151531    0.013987   30.165201 ^ i_sram/CLKin (CF_SRAM_1024x32)
                                 -0.100000   30.065203   clock uncertainty
                                  0.000000   30.065203   clock reconvergence pessimism
                                 -0.634542   29.430662   library setup time
                                             29.430662   data required time
---------------------------------------------------------------------------------------------
                                             29.430662   data required time
                                            -10.349813   data arrival time
---------------------------------------------------------------------------------------------
                                             19.080847   slack (MET)


Startpoint: wbs_we_i (input port clocked by clk)
Endpoint: i_sram (rising edge-triggered flip-flop clocked by clk)
Path Group: clk
Path Type: max

Fanout         Cap        Slew       Delay        Time   Description
---------------------------------------------------------------------------------------------
                                  0.000000    0.000000   clock clk (rise edge)
                                  5.570000    5.570000   clock network delay (propagated)
                                  3.740000    9.310000 ^ input external delay
     1    0.003855    0.140000    0.000000    9.310000 ^ wbs_we_i (in)
                                                         wbs_we_i (net)
                      0.140124    0.000065    9.310065 ^ input50/A (sky130_fd_sc_hd__buf_2)
     5    0.055287    0.269537    0.311497    9.621562 ^ input50/X (sky130_fd_sc_hd__buf_2)
                                                         net50 (net)
                      0.269586    0.003194    9.624756 ^ fanout85/A (sky130_fd_sc_hd__buf_4)
    15    0.076251    0.213019    0.314369    9.939124 ^ fanout85/X (sky130_fd_sc_hd__buf_4)
                                                         net85 (net)
                      0.213185    0.005175    9.944300 ^ _10_/A (sky130_fd_sc_hd__clkinv_4)
     1    0.080955    0.170349    0.209394   10.153694 v _10_/Y (sky130_fd_sc_hd__clkinv_4)
                                                         i_ram_wb_controller.R_WB (net)
                      0.171970    0.014013   10.167706 v i_sram/R_WB (CF_SRAM_1024x32)
                                             10.167706   data arrival time

                                 25.000000   25.000000   clock clk (rise edge)
                                  4.650000   29.650000   clock source latency
     1    0.053413    0.610000    0.000000   29.650000 ^ wb_clk_i (in)
                                                         wb_clk_i (net)
                      0.627638    0.008379   29.658379 ^ clkbuf_0_wb_clk_i/A (sky130_fd_sc_hd__clkbuf_16)
     2    0.064406    0.091968    0.282896   29.941273 ^ clkbuf_0_wb_clk_i/X (sky130_fd_sc_hd__clkbuf_16)
                                                         clknet_0_wb_clk_i (net)
                      0.092031    0.001815   29.943089 ^ clkbuf_1_1__f_wb_clk_i/A (sky130_fd_sc_hd__clkbuf_16)
     1    0.135215    0.149230    0.208125   30.151215 ^ clkbuf_1_1__f_wb_clk_i/X (sky130_fd_sc_hd__clkbuf_16)
                                                         clknet_1_1__leaf_wb_clk_i (net)
                      0.151531    0.013987   30.165201 ^ i_sram/CLKin (CF_SRAM_1024x32)
                                 -0.100000   30.065203   clock uncertainty
                                  0.000000   30.065203   clock reconvergence pessimism
                                 -0.419526   29.645678   library setup time
                                             29.645678   data required time
---------------------------------------------------------------------------------------------
                                             29.645678   data required time
                                            -10.167706   data arrival time
---------------------------------------------------------------------------------------------
                                             19.477970   slack (MET)


Startpoint: _45_ (rising edge-triggered flip-flop clocked by clk)
Endpoint: wbs_ack_o (output port clocked by clk)
Path Group: clk
Path Type: max

Fanout         Cap        Slew       Delay        Time   Description
---------------------------------------------------------------------------------------------
                                  0.000000    0.000000   clock clk (rise edge)
                                  5.570000    5.570000   clock source latency
     1    0.053413    0.610000    0.000000    5.570000 ^ wb_clk_i (in)
                                                         wb_clk_i (net)
                      0.627638    0.009260    5.579260 ^ clkbuf_0_wb_clk_i/A (sky130_fd_sc_hd__clkbuf_16)
     2    0.064406    0.091968    0.312675    5.891935 ^ clkbuf_0_wb_clk_i/X (sky130_fd_sc_hd__clkbuf_16)
                                                         clknet_0_wb_clk_i (net)
                      0.093210    0.008746    5.900681 ^ clkbuf_1_0__f_wb_clk_i/A (sky130_fd_sc_hd__clkbuf_16)
     2    0.053847    0.072325    0.177990    6.078671 ^ clkbuf_1_0__f_wb_clk_i/X (sky130_fd_sc_hd__clkbuf_16)
                                                         clknet_1_0__leaf_wb_clk_i (net)
                      0.072358    0.001480    6.080151 ^ _45_/CLK (sky130_fd_sc_hd__dfrtp_1)
     1    0.017602    0.162844    0.439778    6.519929 ^ _45_/Q (sky130_fd_sc_hd__dfrtp_1)
                                                         net51 (net)
                      0.162851    0.001277    6.521206 ^ output51/A (sky130_fd_sc_hd__buf_12)
     1    0.190751    0.218783    0.275918    6.797124 ^ output51/X (sky130_fd_sc_hd__buf_12)
                                                         wbs_ack_o (net)
                      0.218873    0.003859    6.800983 ^ wbs_ack_o (out)
                                              6.800983   data arrival time

                                 50.000000   50.000000   clock clk (rise edge)
                                  4.650000   54.650002   clock network delay (propagated)
                                 -0.100000   54.550003   clock uncertainty
                                  0.000000   54.550003   clock reconvergence pessimism
                                 -8.410000   46.139996   output external delay
                                             46.139996   data required time
---------------------------------------------------------------------------------------------
                                             46.139996   data required time
                                             -6.800983   data arrival time
---------------------------------------------------------------------------------------------
                                             39.339016   slack (MET)


Startpoint: wbs_cyc_i (input port clocked by clk)
Endpoint: i_sram (rising edge-triggered flip-flop clocked by clk)
Path Group: clk
Path Type: max

Fanout         Cap        Slew       Delay        Time   Description
---------------------------------------------------------------------------------------------
                                  0.000000    0.000000   clock clk (rise edge)
                                  5.570000    5.570000   clock network delay (propagated)
                                  4.740000   10.310000 ^ input external delay
     1    0.003045    0.170000    0.000000   10.310000 ^ wbs_cyc_i (in)
                                                         wbs_cyc_i (net)
                      0.170078    0.000041   10.310041 ^ input12/A (sky130_fd_sc_hd__buf_2)
     5    0.057166    0.278769    0.325617   10.635658 ^ input12/X (sky130_fd_sc_hd__buf_2)
                                                         net12 (net)
                      0.278839    0.003884   10.639542 ^ fanout89/A (sky130_fd_sc_hd__clkbuf_4)
    15    0.063947    0.195877    0.339612   10.979154 ^ fanout89/X (sky130_fd_sc_hd__clkbuf_4)
                                                         net89 (net)
                      0.196044    0.004975   10.984129 ^ _12_/A (sky130_fd_sc_hd__and2_4)
     2    0.091578    0.266243    0.363610   11.347738 ^ _12_/X (sky130_fd_sc_hd__and2_4)
                                                         i_ram_wb_controller.EN (net)
                      0.268029    0.018455   11.366194 ^ i_sram/EN (CF_SRAM_1024x32)
                                             11.366194   data arrival time

                                 50.000000   50.000000   clock clk (rise edge)
                                  4.650000   54.650002   clock source latency
     1    0.053413    0.610000    0.000000   54.650002 ^ wb_clk_i (in)
                                                         wb_clk_i (net)
                      0.627638    0.008377   54.658379 ^ clkbuf_0_wb_clk_i/A (sky130_fd_sc_hd__clkbuf_16)
     2    0.064406    0.091968    0.282896   54.941273 ^ clkbuf_0_wb_clk_i/X (sky130_fd_sc_hd__clkbuf_16)
                                                         clknet_0_wb_clk_i (net)
                      0.092031    0.001815   54.943089 ^ clkbuf_1_1__f_wb_clk_i/A (sky130_fd_sc_hd__clkbuf_16)
     1    0.135215    0.149230    0.208125   55.151215 ^ clkbuf_1_1__f_wb_clk_i/X (sky130_fd_sc_hd__clkbuf_16)
                                                         clknet_1_1__leaf_wb_clk_i (net)
                      0.151531    0.013987   55.165199 ^ i_sram/CLKin (CF_SRAM_1024x32)
                                 -0.100000   55.065201   clock uncertainty
                                  0.000000   55.065201   clock reconvergence pessimism
                                 -1.250451   53.814751   library setup time
                                             53.814751   data required time
---------------------------------------------------------------------------------------------
                                             53.814751   data required time
                                            -11.366194   data arrival time
---------------------------------------------------------------------------------------------
                                             42.448555   slack (MET)


Startpoint: wbs_cyc_i (input port clocked by clk)
Endpoint: _45_ (rising edge-triggered flip-flop clocked by clk)
Path Group: clk
Path Type: max

Fanout         Cap        Slew       Delay        Time   Description
---------------------------------------------------------------------------------------------
                                  0.000000    0.000000   clock clk (rise edge)
                                  5.570000    5.570000   clock network delay (propagated)
                                  4.740000   10.310000 ^ input external delay
     1    0.003045    0.170000    0.000000   10.310000 ^ wbs_cyc_i (in)
                                                         wbs_cyc_i (net)
                      0.170078    0.000041   10.310041 ^ input12/A (sky130_fd_sc_hd__buf_2)
     5    0.057166    0.278769    0.325617   10.635658 ^ input12/X (sky130_fd_sc_hd__buf_2)
                                                         net12 (net)
                      0.278839    0.003884   10.639542 ^ fanout89/A (sky130_fd_sc_hd__clkbuf_4)
    15    0.063947    0.195877    0.339612   10.979154 ^ fanout89/X (sky130_fd_sc_hd__clkbuf_4)
                                                         net89 (net)
                      0.196044    0.004975   10.984129 ^ _12_/A (sky130_fd_sc_hd__and2_4)
     2    0.091578    0.266243    0.363610   11.347738 ^ _12_/X (sky130_fd_sc_hd__and2_4)
                                                         i_ram_wb_controller.EN (net)
                      0.266251    0.001289   11.349027 ^ _45_/D (sky130_fd_sc_hd__dfrtp_1)
                                             11.349027   data arrival time

                                 50.000000   50.000000   clock clk (rise edge)
                                  4.650000   54.650002   clock source latency
     1    0.053413    0.610000    0.000000   54.650002 ^ wb_clk_i (in)
                                                         wb_clk_i (net)
                      0.627638    0.008377   54.658379 ^ clkbuf_0_wb_clk_i/A (sky130_fd_sc_hd__clkbuf_16)
     2    0.064406    0.091968    0.282896   54.941273 ^ clkbuf_0_wb_clk_i/X (sky130_fd_sc_hd__clkbuf_16)
                                                         clknet_0_wb_clk_i (net)
                      0.093210    0.007912   54.949184 ^ clkbuf_1_0__f_wb_clk_i/A (sky130_fd_sc_hd__clkbuf_16)
     2    0.053847    0.072325    0.161041   55.110226 ^ clkbuf_1_0__f_wb_clk_i/X (sky130_fd_sc_hd__clkbuf_16)
                                                         clknet_1_0__leaf_wb_clk_i (net)
                      0.072358    0.001339   55.111565 ^ _45_/CLK (sky130_fd_sc_hd__dfrtp_1)
                                 -0.100000   55.011566   clock uncertainty
                                  0.000000   55.011566   clock reconvergence pessimism
                                 -0.106480   54.905087   library setup time
                                             54.905087   data required time
---------------------------------------------------------------------------------------------
                                             54.905087   data required time
                                            -11.349027   data arrival time
---------------------------------------------------------------------------------------------
                                             43.556061   slack (MET)



