
===========================================================================
report_checks -path_delay max (Setup)
============================================================================
======================= max_tt_025C_1v80 Corner ===================================

Startpoint: wb_rst_i (input port clocked by clk)
Endpoint: mprj/_45_ (recovery check against rising-edge clock clk)
Path Group: asynchronous
Path Type: max

Fanout         Cap        Slew       Delay        Time   Description
---------------------------------------------------------------------------------------------
                                  0.000000    0.000000   clock clk (rise edge)
                                  5.570000    5.570000   clock network delay (propagated)
                                 12.500000   18.070000 v input external delay
     1    0.026727    0.000000    0.000000   18.070000 v wb_rst_i (in)
                                                         wb_rst_i (net)
                      0.004542    0.002270   18.072269 v mprj/input1/A (sky130_fd_sc_hd__buf_1)
     1    0.009877    0.063859    0.102551   18.174820 v mprj/input1/X (sky130_fd_sc_hd__buf_1)
                                                         mprj/net1 (net)
                      0.063866    0.000682   18.175503 v mprj/_11_/A (sky130_fd_sc_hd__inv_2)
     1    0.009004    0.049371    0.068107   18.243610 ^ mprj/_11_/Y (sky130_fd_sc_hd__inv_2)
                                                         mprj/_00_ (net)
                      0.049400    0.000536   18.244146 ^ mprj/_45_/RESET_B (sky130_fd_sc_hd__dfrtp_1)
                                             18.244146   data arrival time

                                 25.000000   25.000000   clock clk (rise edge)
                                  4.650000   29.650000   clock source latency
     1    0.082186    0.610000    0.000000   29.650000 ^ wb_clk_i (in)
                                                         wb_clk_i (net)
                      0.648063    0.019032   29.669031 ^ mprj/clkbuf_0_wb_clk_i/A (sky130_fd_sc_hd__clkbuf_16)
     2    0.068881    0.096469    0.303379   29.972410 ^ mprj/clkbuf_0_wb_clk_i/X (sky130_fd_sc_hd__clkbuf_16)
                                                         mprj/clknet_0_wb_clk_i (net)
                      0.098982    0.012118   29.984528 ^ mprj/clkbuf_1_0__f_wb_clk_i/A (sky130_fd_sc_hd__clkbuf_16)
     2    0.054658    0.073303    0.171305   30.155832 ^ mprj/clkbuf_1_0__f_wb_clk_i/X (sky130_fd_sc_hd__clkbuf_16)
                                                         mprj/clknet_1_0__leaf_wb_clk_i (net)
                      0.073552    0.003013   30.158846 ^ mprj/_45_/CLK (sky130_fd_sc_hd__dfrtp_1)
                                 -0.250000   29.908844   clock uncertainty
                                  0.000000   29.908844   clock reconvergence pessimism
                                  0.237952   30.146795   library recovery time
                                             30.146795   data required time
---------------------------------------------------------------------------------------------
                                             30.146795   data required time
                                            -18.244146   data arrival time
---------------------------------------------------------------------------------------------
                                             11.902648   slack (MET)


Startpoint: wbs_we_i (input port clocked by clk)
Endpoint: wbs_dat_o[10] (output port clocked by clk)
Path Group: clk
Path Type: max

Fanout         Cap        Slew       Delay        Time   Description
---------------------------------------------------------------------------------------------
                                  0.000000    0.000000   clock clk (rise edge)
                                  5.570000    5.570000   clock network delay (propagated)
                                  3.740000    9.310000 v input external delay
     1    0.036229    0.140000    0.000000    9.310000 v wbs_we_i (in)
                                                         wbs_we_i (net)
                      0.145385    0.002692    9.312693 v mprj/input50/A (sky130_fd_sc_hd__buf_2)
     5    0.057222    0.137849    0.256659    9.569351 v mprj/input50/X (sky130_fd_sc_hd__buf_2)
                                                         mprj/net50 (net)
                      0.138248    0.006199    9.575550 v mprj/fanout85/A (sky130_fd_sc_hd__buf_4)
    15    0.075806    0.103785    0.243395    9.818945 v mprj/fanout85/X (sky130_fd_sc_hd__buf_4)
                                                         mprj/net85 (net)
                      0.103836    0.002014    9.820959 v mprj/fanout84/A (sky130_fd_sc_hd__clkbuf_2)
    15    0.037259    0.142199    0.220854   10.041813 v mprj/fanout84/X (sky130_fd_sc_hd__clkbuf_2)
                                                         mprj/net84 (net)
                      0.142261    0.002768   10.044581 v mprj/_17_/A_N (sky130_fd_sc_hd__and4b_1)
     1    0.025149    0.253744    0.435938   10.480520 ^ mprj/_17_/X (sky130_fd_sc_hd__and4b_1)
                                                         mprj/net53 (net)
                      0.253927    0.004097   10.484617 ^ mprj/output53/A (sky130_fd_sc_hd__buf_12)
     1    0.205439    0.240267    0.267378   10.751995 ^ mprj/output53/X (sky130_fd_sc_hd__buf_12)
                                                         wbs_dat_o[10] (net)
                      0.249113    0.036344   10.788340 ^ wbs_dat_o[10] (out)
                                             10.788340   data arrival time

                                 25.000000   25.000000   clock clk (rise edge)
                                  4.650000   29.650000   clock network delay (propagated)
                                 -0.250000   29.400000   clock uncertainty
                                  0.000000   29.400000   clock reconvergence pessimism
                                 -3.620000   25.779999   output external delay
                                             25.779999   data required time
---------------------------------------------------------------------------------------------
                                             25.779999   data required time
                                            -10.788340   data arrival time
---------------------------------------------------------------------------------------------
                                             14.991660   slack (MET)


Startpoint: wbs_we_i (input port clocked by clk)
Endpoint: wbs_dat_o[15] (output port clocked by clk)
Path Group: clk
Path Type: max

Fanout         Cap        Slew       Delay        Time   Description
---------------------------------------------------------------------------------------------
                                  0.000000    0.000000   clock clk (rise edge)
                                  5.570000    5.570000   clock network delay (propagated)
                                  3.740000    9.310000 v input external delay
     1    0.036229    0.140000    0.000000    9.310000 v wbs_we_i (in)
                                                         wbs_we_i (net)
                      0.145385    0.002692    9.312693 v mprj/input50/A (sky130_fd_sc_hd__buf_2)
     5    0.057222    0.137849    0.256659    9.569351 v mprj/input50/X (sky130_fd_sc_hd__buf_2)
                                                         mprj/net50 (net)
                      0.138248    0.006199    9.575550 v mprj/fanout85/A (sky130_fd_sc_hd__buf_4)
    15    0.075806    0.103785    0.243395    9.818945 v mprj/fanout85/X (sky130_fd_sc_hd__buf_4)
                                                         mprj/net85 (net)
                      0.103836    0.002014    9.820959 v mprj/fanout84/A (sky130_fd_sc_hd__clkbuf_2)
    15    0.037259    0.142199    0.220854   10.041813 v mprj/fanout84/X (sky130_fd_sc_hd__clkbuf_2)
                                                         mprj/net84 (net)
                      0.142203    0.000979   10.042791 v mprj/_22_/A_N (sky130_fd_sc_hd__and4b_2)
     1    0.033500    0.195476    0.435130   10.477921 ^ mprj/_22_/X (sky130_fd_sc_hd__and4b_2)
                                                         mprj/net58 (net)
                      0.195658    0.005363   10.483285 ^ mprj/output58/A (sky130_fd_sc_hd__buf_12)
     1    0.219015    0.253831    0.263142   10.746427 ^ mprj/output58/X (sky130_fd_sc_hd__buf_12)
                                                         wbs_dat_o[15] (net)
                      0.264543    0.040943   10.787370 ^ wbs_dat_o[15] (out)
                                             10.787370   data arrival time

                                 25.000000   25.000000   clock clk (rise edge)
                                  4.650000   29.650000   clock network delay (propagated)
                                 -0.250000   29.400000   clock uncertainty
                                  0.000000   29.400000   clock reconvergence pessimism
                                 -3.620000   25.779999   output external delay
                                             25.779999   data required time
---------------------------------------------------------------------------------------------
                                             25.779999   data required time
                                            -10.787370   data arrival time
---------------------------------------------------------------------------------------------
                                             14.992630   slack (MET)


Startpoint: wbs_we_i (input port clocked by clk)
Endpoint: wbs_dat_o[13] (output port clocked by clk)
Path Group: clk
Path Type: max

Fanout         Cap        Slew       Delay        Time   Description
---------------------------------------------------------------------------------------------
                                  0.000000    0.000000   clock clk (rise edge)
                                  5.570000    5.570000   clock network delay (propagated)
                                  3.740000    9.310000 ^ input external delay
     1    0.036389    0.140000    0.000000    9.310000 ^ wbs_we_i (in)
                                                         wbs_we_i (net)
                      0.145445    0.002722    9.312722 ^ mprj/input50/A (sky130_fd_sc_hd__buf_2)
     5    0.057994    0.282758    0.303951    9.616673 ^ mprj/input50/X (sky130_fd_sc_hd__buf_2)
                                                         mprj/net50 (net)
                      0.282960    0.006319    9.622993 ^ mprj/fanout85/A (sky130_fd_sc_hd__buf_4)
    15    0.079103    0.221325    0.304105    9.927097 ^ mprj/fanout85/X (sky130_fd_sc_hd__buf_4)
                                                         mprj/net85 (net)
                      0.221352    0.002109    9.929207 ^ mprj/fanout84/A (sky130_fd_sc_hd__clkbuf_2)
    15    0.039176    0.214383    0.277157   10.206364 ^ mprj/fanout84/X (sky130_fd_sc_hd__clkbuf_2)
                                                         mprj/net84 (net)
                      0.214443    0.002955   10.209319 ^ mprj/_20_/A_N (sky130_fd_sc_hd__and4b_2)
     1    0.027316    0.098580    0.319120   10.528439 v mprj/_20_/X (sky130_fd_sc_hd__and4b_2)
                                                         mprj/net56 (net)
                      0.098789    0.003968   10.532407 v mprj/output56/A (sky130_fd_sc_hd__buf_12)
     1    0.210893    0.117719    0.189832   10.722239 v mprj/output56/X (sky130_fd_sc_hd__buf_12)
                                                         wbs_dat_o[13] (net)
                      0.152209    0.049758   10.771997 v wbs_dat_o[13] (out)
                                             10.771997   data arrival time

                                 25.000000   25.000000   clock clk (rise edge)
                                  4.650000   29.650000   clock network delay (propagated)
                                 -0.250000   29.400000   clock uncertainty
                                  0.000000   29.400000   clock reconvergence pessimism
                                 -3.620000   25.779999   output external delay
                                             25.779999   data required time
---------------------------------------------------------------------------------------------
                                             25.779999   data required time
                                            -10.771997   data arrival time
---------------------------------------------------------------------------------------------
                                             15.008002   slack (MET)


Startpoint: wbs_we_i (input port clocked by clk)
Endpoint: wbs_dat_o[11] (output port clocked by clk)
Path Group: clk
Path Type: max

Fanout         Cap        Slew       Delay        Time   Description
---------------------------------------------------------------------------------------------
                                  0.000000    0.000000   clock clk (rise edge)
                                  5.570000    5.570000   clock network delay (propagated)
                                  3.740000    9.310000 v input external delay
     1    0.036229    0.140000    0.000000    9.310000 v wbs_we_i (in)
                                                         wbs_we_i (net)
                      0.145385    0.002692    9.312693 v mprj/input50/A (sky130_fd_sc_hd__buf_2)
     5    0.057222    0.137849    0.256659    9.569351 v mprj/input50/X (sky130_fd_sc_hd__buf_2)
                                                         mprj/net50 (net)
                      0.138248    0.006199    9.575550 v mprj/fanout85/A (sky130_fd_sc_hd__buf_4)
    15    0.075806    0.103785    0.243395    9.818945 v mprj/fanout85/X (sky130_fd_sc_hd__buf_4)
                                                         mprj/net85 (net)
                      0.103836    0.002014    9.820959 v mprj/fanout84/A (sky130_fd_sc_hd__clkbuf_2)
    15    0.037259    0.142199    0.220854   10.041813 v mprj/fanout84/X (sky130_fd_sc_hd__clkbuf_2)
                                                         mprj/net84 (net)
                      0.142262    0.002789   10.044601 v mprj/_18_/A_N (sky130_fd_sc_hd__and4b_1)
     1    0.022644    0.231798    0.419786   10.464388 ^ mprj/_18_/X (sky130_fd_sc_hd__and4b_1)
                                                         mprj/net54 (net)
                      0.231833    0.002874   10.467262 ^ mprj/output54/A (sky130_fd_sc_hd__buf_12)
     1    0.208147    0.243206    0.266072   10.733334 ^ mprj/output54/X (sky130_fd_sc_hd__buf_12)
                                                         wbs_dat_o[11] (net)
                      0.252457    0.037358   10.770691 ^ wbs_dat_o[11] (out)
                                             10.770691   data arrival time

                                 25.000000   25.000000   clock clk (rise edge)
                                  4.650000   29.650000   clock network delay (propagated)
                                 -0.250000   29.400000   clock uncertainty
                                  0.000000   29.400000   clock reconvergence pessimism
                                 -3.620000   25.779999   output external delay
                                             25.779999   data required time
---------------------------------------------------------------------------------------------
                                             25.779999   data required time
                                            -10.770691   data arrival time
---------------------------------------------------------------------------------------------
                                             15.009308   slack (MET)


Startpoint: wbs_we_i (input port clocked by clk)
Endpoint: wbs_dat_o[14] (output port clocked by clk)
Path Group: clk
Path Type: max

Fanout         Cap        Slew       Delay        Time   Description
---------------------------------------------------------------------------------------------
                                  0.000000    0.000000   clock clk (rise edge)
                                  5.570000    5.570000   clock network delay (propagated)
                                  3.740000    9.310000 ^ input external delay
     1    0.036389    0.140000    0.000000    9.310000 ^ wbs_we_i (in)
                                                         wbs_we_i (net)
                      0.145445    0.002722    9.312722 ^ mprj/input50/A (sky130_fd_sc_hd__buf_2)
     5    0.057994    0.282758    0.303951    9.616673 ^ mprj/input50/X (sky130_fd_sc_hd__buf_2)
                                                         mprj/net50 (net)
                      0.282960    0.006319    9.622993 ^ mprj/fanout85/A (sky130_fd_sc_hd__buf_4)
    15    0.079103    0.221325    0.304105    9.927097 ^ mprj/fanout85/X (sky130_fd_sc_hd__buf_4)
                                                         mprj/net85 (net)
                      0.221352    0.002109    9.929207 ^ mprj/fanout84/A (sky130_fd_sc_hd__clkbuf_2)
    15    0.039176    0.214383    0.277157   10.206364 ^ mprj/fanout84/X (sky130_fd_sc_hd__clkbuf_2)
                                                         mprj/net84 (net)
                      0.214390    0.000997   10.207361 ^ mprj/_21_/A_N (sky130_fd_sc_hd__and4b_2)
     1    0.027893    0.100222    0.319905   10.527267 v mprj/_21_/X (sky130_fd_sc_hd__and4b_2)
                                                         mprj/net57 (net)
                      0.100522    0.004757   10.532023 v mprj/output57/A (sky130_fd_sc_hd__buf_12)
     1    0.212239    0.119110    0.197562   10.729586 v mprj/output57/X (sky130_fd_sc_hd__buf_12)
                                                         wbs_dat_o[14] (net)
                      0.139956    0.038275   10.767860 v wbs_dat_o[14] (out)
                                             10.767860   data arrival time

                                 25.000000   25.000000   clock clk (rise edge)
                                  4.650000   29.650000   clock network delay (propagated)
                                 -0.250000   29.400000   clock uncertainty
                                  0.000000   29.400000   clock reconvergence pessimism
                                 -3.620000   25.779999   output external delay
                                             25.779999   data required time
---------------------------------------------------------------------------------------------
                                             25.779999   data required time
                                            -10.767860   data arrival time
---------------------------------------------------------------------------------------------
                                             15.012137   slack (MET)


Startpoint: wbs_we_i (input port clocked by clk)
Endpoint: wbs_dat_o[8] (output port clocked by clk)
Path Group: clk
Path Type: max

Fanout         Cap        Slew       Delay        Time   Description
---------------------------------------------------------------------------------------------
                                  0.000000    0.000000   clock clk (rise edge)
                                  5.570000    5.570000   clock network delay (propagated)
                                  3.740000    9.310000 v input external delay
     1    0.036229    0.140000    0.000000    9.310000 v wbs_we_i (in)
                                                         wbs_we_i (net)
                      0.145385    0.002692    9.312693 v mprj/input50/A (sky130_fd_sc_hd__buf_2)
     5    0.057222    0.137849    0.256659    9.569351 v mprj/input50/X (sky130_fd_sc_hd__buf_2)
                                                         mprj/net50 (net)
                      0.138248    0.006199    9.575550 v mprj/fanout85/A (sky130_fd_sc_hd__buf_4)
    15    0.075806    0.103785    0.243395    9.818945 v mprj/fanout85/X (sky130_fd_sc_hd__buf_4)
                                                         mprj/net85 (net)
                      0.103836    0.002014    9.820959 v mprj/fanout84/A (sky130_fd_sc_hd__clkbuf_2)
    15    0.037259    0.142199    0.220854   10.041813 v mprj/fanout84/X (sky130_fd_sc_hd__clkbuf_2)
                                                         mprj/net84 (net)
                      0.142278    0.003084   10.044897 v mprj/_15_/A_N (sky130_fd_sc_hd__and4b_1)
     1    0.022127    0.228018    0.416319   10.461215 ^ mprj/_15_/X (sky130_fd_sc_hd__and4b_1)
                                                         mprj/net82 (net)
                      0.228043    0.002468   10.463683 ^ mprj/output82/A (sky130_fd_sc_hd__buf_12)
     1    0.200945    0.234721    0.264412   10.728096 ^ mprj/output82/X (sky130_fd_sc_hd__buf_12)
                                                         wbs_dat_o[8] (net)
                      0.241635    0.031963   10.760059 ^ wbs_dat_o[8] (out)
                                             10.760059   data arrival time

                                 25.000000   25.000000   clock clk (rise edge)
                                  4.650000   29.650000   clock network delay (propagated)
                                 -0.250000   29.400000   clock uncertainty
                                  0.000000   29.400000   clock reconvergence pessimism
                                 -3.620000   25.779999   output external delay
                                             25.779999   data required time
---------------------------------------------------------------------------------------------
                                             25.779999   data required time
                                            -10.760059   data arrival time
---------------------------------------------------------------------------------------------
                                             15.019939   slack (MET)


Startpoint: wbs_we_i (input port clocked by clk)
Endpoint: wbs_dat_o[9] (output port clocked by clk)
Path Group: clk
Path Type: max

Fanout         Cap        Slew       Delay        Time   Description
---------------------------------------------------------------------------------------------
                                  0.000000    0.000000   clock clk (rise edge)
                                  5.570000    5.570000   clock network delay (propagated)
                                  3.740000    9.310000 v input external delay
     1    0.036229    0.140000    0.000000    9.310000 v wbs_we_i (in)
                                                         wbs_we_i (net)
                      0.145385    0.002692    9.312693 v mprj/input50/A (sky130_fd_sc_hd__buf_2)
     5    0.057222    0.137849    0.256659    9.569351 v mprj/input50/X (sky130_fd_sc_hd__buf_2)
                                                         mprj/net50 (net)
                      0.138248    0.006199    9.575550 v mprj/fanout85/A (sky130_fd_sc_hd__buf_4)
    15    0.075806    0.103785    0.243395    9.818945 v mprj/fanout85/X (sky130_fd_sc_hd__buf_4)
                                                         mprj/net85 (net)
                      0.103836    0.002014    9.820959 v mprj/fanout84/A (sky130_fd_sc_hd__clkbuf_2)
    15    0.037259    0.142199    0.220854   10.041813 v mprj/fanout84/X (sky130_fd_sc_hd__clkbuf_2)
                                                         mprj/net84 (net)
                      0.142263    0.002802   10.044615 v mprj/_16_/A_N (sky130_fd_sc_hd__and4b_1)
     1    0.021104    0.219085    0.409002   10.453617 ^ mprj/_16_/X (sky130_fd_sc_hd__and4b_1)
                                                         mprj/net83 (net)
                      0.219123    0.002866   10.456483 ^ mprj/output83/A (sky130_fd_sc_hd__buf_12)
     1    0.205781    0.240449    0.262867   10.719350 ^ mprj/output83/X (sky130_fd_sc_hd__buf_12)
                                                         wbs_dat_o[9] (net)
                      0.249513    0.036775   10.756125 ^ wbs_dat_o[9] (out)
                                             10.756125   data arrival time

                                 25.000000   25.000000   clock clk (rise edge)
                                  4.650000   29.650000   clock network delay (propagated)
                                 -0.250000   29.400000   clock uncertainty
                                  0.000000   29.400000   clock reconvergence pessimism
                                 -3.620000   25.779999   output external delay
                                             25.779999   data required time
---------------------------------------------------------------------------------------------
                                             25.779999   data required time
                                            -10.756125   data arrival time
---------------------------------------------------------------------------------------------
                                             15.023874   slack (MET)


Startpoint: wbs_we_i (input port clocked by clk)
Endpoint: wbs_dat_o[0] (output port clocked by clk)
Path Group: clk
Path Type: max

Fanout         Cap        Slew       Delay        Time   Description
---------------------------------------------------------------------------------------------
                                  0.000000    0.000000   clock clk (rise edge)
                                  5.570000    5.570000   clock network delay (propagated)
                                  3.740000    9.310000 v input external delay
     1    0.036229    0.140000    0.000000    9.310000 v wbs_we_i (in)
                                                         wbs_we_i (net)
                      0.145385    0.002692    9.312693 v mprj/input50/A (sky130_fd_sc_hd__buf_2)
     5    0.057222    0.137849    0.256659    9.569351 v mprj/input50/X (sky130_fd_sc_hd__buf_2)
                                                         mprj/net50 (net)
                      0.138248    0.006199    9.575550 v mprj/fanout85/A (sky130_fd_sc_hd__buf_4)
    15    0.075806    0.103785    0.243395    9.818945 v mprj/fanout85/X (sky130_fd_sc_hd__buf_4)
                                                         mprj/net85 (net)
                      0.103836    0.002014    9.820959 v mprj/fanout84/A (sky130_fd_sc_hd__clkbuf_2)
    15    0.037259    0.142199    0.220854   10.041813 v mprj/fanout84/X (sky130_fd_sc_hd__clkbuf_2)
                                                         mprj/net84 (net)
                      0.142391    0.003853   10.045666 v mprj/_39_/A_N (sky130_fd_sc_hd__and4b_1)
     1    0.019484    0.204295    0.398091   10.443757 ^ mprj/_39_/X (sky130_fd_sc_hd__and4b_1)
                                                         mprj/net52 (net)
                      0.204320    0.002329   10.446086 ^ mprj/output52/A (sky130_fd_sc_hd__buf_12)
     1    0.219644    0.254488    0.255134   10.701220 ^ mprj/output52/X (sky130_fd_sc_hd__buf_12)
                                                         wbs_dat_o[0] (net)
                      0.273589    0.053482   10.754702 ^ wbs_dat_o[0] (out)
                                             10.754702   data arrival time

                                 25.000000   25.000000   clock clk (rise edge)
                                  4.650000   29.650000   clock network delay (propagated)
                                 -0.250000   29.400000   clock uncertainty
                                  0.000000   29.400000   clock reconvergence pessimism
                                 -3.620000   25.779999   output external delay
                                             25.779999   data required time
---------------------------------------------------------------------------------------------
                                             25.779999   data required time
                                            -10.754702   data arrival time
---------------------------------------------------------------------------------------------
                                             15.025297   slack (MET)


Startpoint: wbs_we_i (input port clocked by clk)
Endpoint: wbs_dat_o[12] (output port clocked by clk)
Path Group: clk
Path Type: max

Fanout         Cap        Slew       Delay        Time   Description
---------------------------------------------------------------------------------------------
                                  0.000000    0.000000   clock clk (rise edge)
                                  5.570000    5.570000   clock network delay (propagated)
                                  3.740000    9.310000 ^ input external delay
     1    0.036389    0.140000    0.000000    9.310000 ^ wbs_we_i (in)
                                                         wbs_we_i (net)
                      0.145445    0.002722    9.312722 ^ mprj/input50/A (sky130_fd_sc_hd__buf_2)
     5    0.057994    0.282758    0.303951    9.616673 ^ mprj/input50/X (sky130_fd_sc_hd__buf_2)
                                                         mprj/net50 (net)
                      0.282960    0.006319    9.622993 ^ mprj/fanout85/A (sky130_fd_sc_hd__buf_4)
    15    0.079103    0.221325    0.304105    9.927097 ^ mprj/fanout85/X (sky130_fd_sc_hd__buf_4)
                                                         mprj/net85 (net)
                      0.221352    0.002109    9.929207 ^ mprj/fanout84/A (sky130_fd_sc_hd__clkbuf_2)
    15    0.039176    0.214383    0.277157   10.206364 ^ mprj/fanout84/X (sky130_fd_sc_hd__clkbuf_2)
                                                         mprj/net84 (net)
                      0.214419    0.002289   10.208652 ^ mprj/_19_/A_N (sky130_fd_sc_hd__and4b_2)
     1    0.021484    0.084659    0.306072   10.514725 v mprj/_19_/X (sky130_fd_sc_hd__and4b_2)
                                                         mprj/net55 (net)
                      0.084856    0.003556   10.518281 v mprj/output55/A (sky130_fd_sc_hd__buf_12)
     1    0.211757    0.117556    0.204728   10.723008 v mprj/output55/X (sky130_fd_sc_hd__buf_12)
                                                         wbs_dat_o[12] (net)
                      0.123447    0.020528   10.743537 v wbs_dat_o[12] (out)
                                             10.743537   data arrival time

                                 25.000000   25.000000   clock clk (rise edge)
                                  4.650000   29.650000   clock network delay (propagated)
                                 -0.250000   29.400000   clock uncertainty
                                  0.000000   29.400000   clock reconvergence pessimism
                                 -3.620000   25.779999   output external delay
                                             25.779999   data required time
---------------------------------------------------------------------------------------------
                                             25.779999   data required time
                                            -10.743537   data arrival time
---------------------------------------------------------------------------------------------
                                             15.036463   slack (MET)


Startpoint: wbs_we_i (input port clocked by clk)
Endpoint: wbs_dat_o[7] (output port clocked by clk)
Path Group: clk
Path Type: max

Fanout         Cap        Slew       Delay        Time   Description
---------------------------------------------------------------------------------------------
                                  0.000000    0.000000   clock clk (rise edge)
                                  5.570000    5.570000   clock network delay (propagated)
                                  3.740000    9.310000 v input external delay
     1    0.036229    0.140000    0.000000    9.310000 v wbs_we_i (in)
                                                         wbs_we_i (net)
                      0.145385    0.002692    9.312693 v mprj/input50/A (sky130_fd_sc_hd__buf_2)
     5    0.057222    0.137849    0.256659    9.569351 v mprj/input50/X (sky130_fd_sc_hd__buf_2)
                                                         mprj/net50 (net)
                      0.138248    0.006199    9.575550 v mprj/fanout85/A (sky130_fd_sc_hd__buf_4)
    15    0.075806    0.103785    0.243395    9.818945 v mprj/fanout85/X (sky130_fd_sc_hd__buf_4)
                                                         mprj/net85 (net)
                      0.103836    0.002014    9.820959 v mprj/fanout84/A (sky130_fd_sc_hd__clkbuf_2)
    15    0.037259    0.142199    0.220854   10.041813 v mprj/fanout84/X (sky130_fd_sc_hd__clkbuf_2)
                                                         mprj/net84 (net)
                      0.142284    0.003188   10.045001 v mprj/_14_/A_N (sky130_fd_sc_hd__and4b_1)
     1    0.019054    0.200404    0.395064   10.440065 ^ mprj/_14_/X (sky130_fd_sc_hd__and4b_1)
                                                         mprj/net81 (net)
                      0.200429    0.002306   10.442370 ^ mprj/output81/A (sky130_fd_sc_hd__buf_12)
     1    0.201922    0.235084    0.256138   10.698509 ^ mprj/output81/X (sky130_fd_sc_hd__buf_12)
                                                         wbs_dat_o[7] (net)
                      0.243513    0.035132   10.733641 ^ wbs_dat_o[7] (out)
                                             10.733641   data arrival time

                                 25.000000   25.000000   clock clk (rise edge)
                                  4.650000   29.650000   clock network delay (propagated)
                                 -0.250000   29.400000   clock uncertainty
                                  0.000000   29.400000   clock reconvergence pessimism
                                 -3.620000   25.779999   output external delay
                                             25.779999   data required time
---------------------------------------------------------------------------------------------
                                             25.779999   data required time
                                            -10.733641   data arrival time
---------------------------------------------------------------------------------------------
                                             15.046357   slack (MET)


Startpoint: wbs_we_i (input port clocked by clk)
Endpoint: wbs_dat_o[2] (output port clocked by clk)
Path Group: clk
Path Type: max

Fanout         Cap        Slew       Delay        Time   Description
---------------------------------------------------------------------------------------------
                                  0.000000    0.000000   clock clk (rise edge)
                                  5.570000    5.570000   clock network delay (propagated)
                                  3.740000    9.310000 ^ input external delay
     1    0.036389    0.140000    0.000000    9.310000 ^ wbs_we_i (in)
                                                         wbs_we_i (net)
                      0.145445    0.002722    9.312722 ^ mprj/input50/A (sky130_fd_sc_hd__buf_2)
     5    0.057994    0.282758    0.303951    9.616673 ^ mprj/input50/X (sky130_fd_sc_hd__buf_2)
                                                         mprj/net50 (net)
                      0.282960    0.006319    9.622993 ^ mprj/fanout85/A (sky130_fd_sc_hd__buf_4)
    15    0.079103    0.221325    0.304105    9.927097 ^ mprj/fanout85/X (sky130_fd_sc_hd__buf_4)
                                                         mprj/net85 (net)
                      0.221352    0.002109    9.929207 ^ mprj/fanout84/A (sky130_fd_sc_hd__clkbuf_2)
    15    0.039176    0.214383    0.277157   10.206364 ^ mprj/fanout84/X (sky130_fd_sc_hd__clkbuf_2)
                                                         mprj/net84 (net)
                      0.214506    0.004214   10.210578 ^ mprj/_41_/A_N (sky130_fd_sc_hd__and4b_1)
     1    0.013315    0.083219    0.269011   10.479589 v mprj/_41_/X (sky130_fd_sc_hd__and4b_1)
                                                         mprj/net74 (net)
                      0.083235    0.001148   10.480737 v mprj/output74/A (sky130_fd_sc_hd__buf_12)
     1    0.214946    0.119940    0.183780   10.664516 v mprj/output74/X (sky130_fd_sc_hd__buf_12)
                                                         wbs_dat_o[2] (net)
                      0.153036    0.049187   10.713704 v wbs_dat_o[2] (out)
                                             10.713704   data arrival time

                                 25.000000   25.000000   clock clk (rise edge)
                                  4.650000   29.650000   clock network delay (propagated)
                                 -0.250000   29.400000   clock uncertainty
                                  0.000000   29.400000   clock reconvergence pessimism
                                 -3.620000   25.779999   output external delay
                                             25.779999   data required time
---------------------------------------------------------------------------------------------
                                             25.779999   data required time
                                            -10.713704   data arrival time
---------------------------------------------------------------------------------------------
                                             15.066296   slack (MET)


Startpoint: wbs_we_i (input port clocked by clk)
Endpoint: wbs_dat_o[6] (output port clocked by clk)
Path Group: clk
Path Type: max

Fanout         Cap        Slew       Delay        Time   Description
---------------------------------------------------------------------------------------------
                                  0.000000    0.000000   clock clk (rise edge)
                                  5.570000    5.570000   clock network delay (propagated)
                                  3.740000    9.310000 ^ input external delay
     1    0.036389    0.140000    0.000000    9.310000 ^ wbs_we_i (in)
                                                         wbs_we_i (net)
                      0.145445    0.002722    9.312722 ^ mprj/input50/A (sky130_fd_sc_hd__buf_2)
     5    0.057994    0.282758    0.303951    9.616673 ^ mprj/input50/X (sky130_fd_sc_hd__buf_2)
                                                         mprj/net50 (net)
                      0.282960    0.006319    9.622993 ^ mprj/fanout85/A (sky130_fd_sc_hd__buf_4)
    15    0.079103    0.221325    0.304105    9.927097 ^ mprj/fanout85/X (sky130_fd_sc_hd__buf_4)
                                                         mprj/net85 (net)
                      0.221352    0.002109    9.929207 ^ mprj/fanout84/A (sky130_fd_sc_hd__clkbuf_2)
    15    0.039176    0.214383    0.277157   10.206364 ^ mprj/fanout84/X (sky130_fd_sc_hd__clkbuf_2)
                                                         mprj/net84 (net)
                      0.214477    0.003705   10.210069 ^ mprj/_13_/A_N (sky130_fd_sc_hd__and4b_1)
     1    0.014190    0.087045    0.272151   10.482220 v mprj/_13_/X (sky130_fd_sc_hd__and4b_1)
                                                         mprj/net80 (net)
                      0.087077    0.001578   10.483798 v mprj/output80/A (sky130_fd_sc_hd__buf_12)
     1    0.209307    0.117627    0.191595   10.675393 v mprj/output80/X (sky130_fd_sc_hd__buf_12)
                                                         wbs_dat_o[6] (net)
                      0.137103    0.036694   10.712088 v wbs_dat_o[6] (out)
                                             10.712088   data arrival time

                                 25.000000   25.000000   clock clk (rise edge)
                                  4.650000   29.650000   clock network delay (propagated)
                                 -0.250000   29.400000   clock uncertainty
                                  0.000000   29.400000   clock reconvergence pessimism
                                 -3.620000   25.779999   output external delay
                                             25.779999   data required time
---------------------------------------------------------------------------------------------
                                             25.779999   data required time
                                            -10.712088   data arrival time
---------------------------------------------------------------------------------------------
                                             15.067912   slack (MET)


Startpoint: wbs_we_i (input port clocked by clk)
Endpoint: wbs_dat_o[5] (output port clocked by clk)
Path Group: clk
Path Type: max

Fanout         Cap        Slew       Delay        Time   Description
---------------------------------------------------------------------------------------------
                                  0.000000    0.000000   clock clk (rise edge)
                                  5.570000    5.570000   clock network delay (propagated)
                                  3.740000    9.310000 ^ input external delay
     1    0.036389    0.140000    0.000000    9.310000 ^ wbs_we_i (in)
                                                         wbs_we_i (net)
                      0.145445    0.002722    9.312722 ^ mprj/input50/A (sky130_fd_sc_hd__buf_2)
     5    0.057994    0.282758    0.303951    9.616673 ^ mprj/input50/X (sky130_fd_sc_hd__buf_2)
                                                         mprj/net50 (net)
                      0.282960    0.006319    9.622993 ^ mprj/fanout85/A (sky130_fd_sc_hd__buf_4)
    15    0.079103    0.221325    0.304105    9.927097 ^ mprj/fanout85/X (sky130_fd_sc_hd__buf_4)
                                                         mprj/net85 (net)
                      0.221352    0.002109    9.929207 ^ mprj/fanout84/A (sky130_fd_sc_hd__clkbuf_2)
    15    0.039176    0.214383    0.277157   10.206364 ^ mprj/fanout84/X (sky130_fd_sc_hd__clkbuf_2)
                                                         mprj/net84 (net)
                      0.214487    0.003890   10.210255 ^ mprj/_44_/A_N (sky130_fd_sc_hd__and4b_1)
     1    0.013507    0.083913    0.269529   10.479784 v mprj/_44_/X (sky130_fd_sc_hd__and4b_1)
                                                         mprj/net79 (net)
                      0.083945    0.001547   10.481331 v mprj/output79/A (sky130_fd_sc_hd__buf_12)
     1    0.208957    0.117449    0.190192   10.671523 v mprj/output79/X (sky130_fd_sc_hd__buf_12)
                                                         wbs_dat_o[5] (net)
                      0.136699    0.036444   10.707967 v wbs_dat_o[5] (out)
                                             10.707967   data arrival time

                                 25.000000   25.000000   clock clk (rise edge)
                                  4.650000   29.650000   clock network delay (propagated)
                                 -0.250000   29.400000   clock uncertainty
                                  0.000000   29.400000   clock reconvergence pessimism
                                 -3.620000   25.779999   output external delay
                                             25.779999   data required time
---------------------------------------------------------------------------------------------
                                             25.779999   data required time
                                            -10.707967   data arrival time
---------------------------------------------------------------------------------------------
                                             15.072033   slack (MET)


Startpoint: wbs_we_i (input port clocked by clk)
Endpoint: wbs_dat_o[4] (output port clocked by clk)
Path Group: clk
Path Type: max

Fanout         Cap        Slew       Delay        Time   Description
---------------------------------------------------------------------------------------------
                                  0.000000    0.000000   clock clk (rise edge)
                                  5.570000    5.570000   clock network delay (propagated)
                                  3.740000    9.310000 ^ input external delay
     1    0.036389    0.140000    0.000000    9.310000 ^ wbs_we_i (in)
                                                         wbs_we_i (net)
                      0.145445    0.002722    9.312722 ^ mprj/input50/A (sky130_fd_sc_hd__buf_2)
     5    0.057994    0.282758    0.303951    9.616673 ^ mprj/input50/X (sky130_fd_sc_hd__buf_2)
                                                         mprj/net50 (net)
                      0.282960    0.006319    9.622993 ^ mprj/fanout85/A (sky130_fd_sc_hd__buf_4)
    15    0.079103    0.221325    0.304105    9.927097 ^ mprj/fanout85/X (sky130_fd_sc_hd__buf_4)
                                                         mprj/net85 (net)
                      0.221352    0.002109    9.929207 ^ mprj/fanout84/A (sky130_fd_sc_hd__clkbuf_2)
    15    0.039176    0.214383    0.277157   10.206364 ^ mprj/fanout84/X (sky130_fd_sc_hd__clkbuf_2)
                                                         mprj/net84 (net)
                      0.214506    0.004214   10.210578 ^ mprj/_43_/A_N (sky130_fd_sc_hd__and4b_1)
     1    0.012267    0.078780    0.265037   10.475615 v mprj/_43_/X (sky130_fd_sc_hd__and4b_1)
                                                         mprj/net78 (net)
                      0.078792    0.001009   10.476624 v mprj/output78/A (sky130_fd_sc_hd__buf_12)
     1    0.211728    0.118798    0.187763   10.664386 v mprj/output78/X (sky130_fd_sc_hd__buf_12)
                                                         wbs_dat_o[4] (net)
                      0.138885    0.037499   10.701885 v wbs_dat_o[4] (out)
                                             10.701885   data arrival time

                                 25.000000   25.000000   clock clk (rise edge)
                                  4.650000   29.650000   clock network delay (propagated)
                                 -0.250000   29.400000   clock uncertainty
                                  0.000000   29.400000   clock reconvergence pessimism
                                 -3.620000   25.779999   output external delay
                                             25.779999   data required time
---------------------------------------------------------------------------------------------
                                             25.779999   data required time
                                            -10.701885   data arrival time
---------------------------------------------------------------------------------------------
                                             15.078115   slack (MET)


Startpoint: wbs_we_i (input port clocked by clk)
Endpoint: wbs_dat_o[3] (output port clocked by clk)
Path Group: clk
Path Type: max

Fanout         Cap        Slew       Delay        Time   Description
---------------------------------------------------------------------------------------------
                                  0.000000    0.000000   clock clk (rise edge)
                                  5.570000    5.570000   clock network delay (propagated)
                                  3.740000    9.310000 ^ input external delay
     1    0.036389    0.140000    0.000000    9.310000 ^ wbs_we_i (in)
                                                         wbs_we_i (net)
                      0.145445    0.002722    9.312722 ^ mprj/input50/A (sky130_fd_sc_hd__buf_2)
     5    0.057994    0.282758    0.303951    9.616673 ^ mprj/input50/X (sky130_fd_sc_hd__buf_2)
                                                         mprj/net50 (net)
                      0.282960    0.006319    9.622993 ^ mprj/fanout85/A (sky130_fd_sc_hd__buf_4)
    15    0.079103    0.221325    0.304105    9.927097 ^ mprj/fanout85/X (sky130_fd_sc_hd__buf_4)
                                                         mprj/net85 (net)
                      0.221352    0.002109    9.929207 ^ mprj/fanout84/A (sky130_fd_sc_hd__clkbuf_2)
    15    0.039176    0.214383    0.277157   10.206364 ^ mprj/fanout84/X (sky130_fd_sc_hd__clkbuf_2)
                                                         mprj/net84 (net)
                      0.214492    0.003976   10.210340 ^ mprj/_42_/A_N (sky130_fd_sc_hd__and4b_1)
     1    0.010765    0.072402    0.259329   10.469670 v mprj/_42_/X (sky130_fd_sc_hd__and4b_1)
                                                         mprj/net77 (net)
                      0.072410    0.000828   10.470498 v mprj/output77/A (sky130_fd_sc_hd__buf_12)
     1    0.216675    0.119873    0.200550   10.671047 v mprj/output77/X (sky130_fd_sc_hd__buf_12)
                                                         wbs_dat_o[3] (net)
                      0.125886    0.020940   10.691987 v wbs_dat_o[3] (out)
                                             10.691987   data arrival time

                                 25.000000   25.000000   clock clk (rise edge)
                                  4.650000   29.650000   clock network delay (propagated)
                                 -0.250000   29.400000   clock uncertainty
                                  0.000000   29.400000   clock reconvergence pessimism
                                 -3.620000   25.779999   output external delay
                                             25.779999   data required time
---------------------------------------------------------------------------------------------
                                             25.779999   data required time
                                            -10.691987   data arrival time
---------------------------------------------------------------------------------------------
                                             15.088013   slack (MET)


Startpoint: wbs_we_i (input port clocked by clk)
Endpoint: wbs_dat_o[24] (output port clocked by clk)
Path Group: clk
Path Type: max

Fanout         Cap        Slew       Delay        Time   Description
---------------------------------------------------------------------------------------------
                                  0.000000    0.000000   clock clk (rise edge)
                                  5.570000    5.570000   clock network delay (propagated)
                                  3.740000    9.310000 v input external delay
     1    0.036229    0.140000    0.000000    9.310000 v wbs_we_i (in)
                                                         wbs_we_i (net)
                      0.145385    0.002692    9.312693 v mprj/input50/A (sky130_fd_sc_hd__buf_2)
     5    0.057222    0.137849    0.256659    9.569351 v mprj/input50/X (sky130_fd_sc_hd__buf_2)
                                                         mprj/net50 (net)
                      0.138248    0.006199    9.575550 v mprj/fanout85/A (sky130_fd_sc_hd__buf_4)
    15    0.075806    0.103785    0.243395    9.818945 v mprj/fanout85/X (sky130_fd_sc_hd__buf_4)
                                                         mprj/net85 (net)
                      0.108049    0.016515    9.835460 v mprj/_31_/A_N (sky130_fd_sc_hd__and4b_1)
     1    0.016725    0.179069    0.364782   10.200242 ^ mprj/_31_/X (sky130_fd_sc_hd__and4b_1)
                                                         mprj/net68 (net)
                      0.179077    0.001426   10.201668 ^ mprj/output68/A (sky130_fd_sc_hd__buf_12)
     1    0.251420    0.287309    0.275128   10.476796 ^ mprj/output68/X (sky130_fd_sc_hd__buf_12)
                                                         wbs_dat_o[24] (net)
                      0.302816    0.051938   10.528734 ^ wbs_dat_o[24] (out)
                                             10.528734   data arrival time

                                 25.000000   25.000000   clock clk (rise edge)
                                  4.650000   29.650000   clock network delay (propagated)
                                 -0.250000   29.400000   clock uncertainty
                                  0.000000   29.400000   clock reconvergence pessimism
                                 -3.620000   25.779999   output external delay
                                             25.779999   data required time
---------------------------------------------------------------------------------------------
                                             25.779999   data required time
                                            -10.528734   data arrival time
---------------------------------------------------------------------------------------------
                                             15.251266   slack (MET)


Startpoint: wbs_we_i (input port clocked by clk)
Endpoint: wbs_dat_o[21] (output port clocked by clk)
Path Group: clk
Path Type: max

Fanout         Cap        Slew       Delay        Time   Description
---------------------------------------------------------------------------------------------
                                  0.000000    0.000000   clock clk (rise edge)
                                  5.570000    5.570000   clock network delay (propagated)
                                  3.740000    9.310000 v input external delay
     1    0.036229    0.140000    0.000000    9.310000 v wbs_we_i (in)
                                                         wbs_we_i (net)
                      0.145385    0.002692    9.312693 v mprj/input50/A (sky130_fd_sc_hd__buf_2)
     5    0.057222    0.137849    0.256659    9.569351 v mprj/input50/X (sky130_fd_sc_hd__buf_2)
                                                         mprj/net50 (net)
                      0.138248    0.006199    9.575550 v mprj/fanout85/A (sky130_fd_sc_hd__buf_4)
    15    0.075806    0.103785    0.243395    9.818945 v mprj/fanout85/X (sky130_fd_sc_hd__buf_4)
                                                         mprj/net85 (net)
                      0.107856    0.016139    9.835084 v mprj/_28_/A_N (sky130_fd_sc_hd__and4b_1)
     1    0.016190    0.174253    0.360905   10.195990 ^ mprj/_28_/X (sky130_fd_sc_hd__and4b_1)
                                                         mprj/net65 (net)
                      0.174263    0.001462   10.197452 ^ mprj/output65/A (sky130_fd_sc_hd__buf_12)
     1    0.237604    0.272346    0.266688   10.464139 ^ mprj/output65/X (sky130_fd_sc_hd__buf_12)
                                                         wbs_dat_o[21] (net)
                      0.286208    0.047913   10.512052 ^ wbs_dat_o[21] (out)
                                             10.512052   data arrival time

                                 25.000000   25.000000   clock clk (rise edge)
                                  4.650000   29.650000   clock network delay (propagated)
                                 -0.250000   29.400000   clock uncertainty
                                  0.000000   29.400000   clock reconvergence pessimism
                                 -3.620000   25.779999   output external delay
                                             25.779999   data required time
---------------------------------------------------------------------------------------------
                                             25.779999   data required time
                                            -10.512052   data arrival time
---------------------------------------------------------------------------------------------
                                             15.267947   slack (MET)


Startpoint: wbs_we_i (input port clocked by clk)
Endpoint: wbs_dat_o[1] (output port clocked by clk)
Path Group: clk
Path Type: max

Fanout         Cap        Slew       Delay        Time   Description
---------------------------------------------------------------------------------------------
                                  0.000000    0.000000   clock clk (rise edge)
                                  5.570000    5.570000   clock network delay (propagated)
                                  3.740000    9.310000 v input external delay
     1    0.036229    0.140000    0.000000    9.310000 v wbs_we_i (in)
                                                         wbs_we_i (net)
                      0.145385    0.002692    9.312693 v mprj/input50/A (sky130_fd_sc_hd__buf_2)
     5    0.057222    0.137849    0.256659    9.569351 v mprj/input50/X (sky130_fd_sc_hd__buf_2)
                                                         mprj/net50 (net)
                      0.138248    0.006199    9.575550 v mprj/fanout85/A (sky130_fd_sc_hd__buf_4)
    15    0.075806    0.103785    0.243395    9.818945 v mprj/fanout85/X (sky130_fd_sc_hd__buf_4)
                                                         mprj/net85 (net)
                      0.104022    0.004214    9.823158 v mprj/_40_/A_N (sky130_fd_sc_hd__and4b_1)
     1    0.019197    0.201612    0.379586   10.202744 ^ mprj/_40_/X (sky130_fd_sc_hd__and4b_1)
                                                         mprj/net63 (net)
                      0.201637    0.002287   10.205031 ^ mprj/output63/A (sky130_fd_sc_hd__buf_12)
     1    0.218570    0.253421    0.256302   10.461333 ^ mprj/output63/X (sky130_fd_sc_hd__buf_12)
                                                         wbs_dat_o[1] (net)
                      0.270301    0.050439   10.511772 ^ wbs_dat_o[1] (out)
                                             10.511772   data arrival time

                                 25.000000   25.000000   clock clk (rise edge)
                                  4.650000   29.650000   clock network delay (propagated)
                                 -0.250000   29.400000   clock uncertainty
                                  0.000000   29.400000   clock reconvergence pessimism
                                 -3.620000   25.779999   output external delay
                                             25.779999   data required time
---------------------------------------------------------------------------------------------
                                             25.779999   data required time
                                            -10.511772   data arrival time
---------------------------------------------------------------------------------------------
                                             15.268228   slack (MET)


Startpoint: wbs_we_i (input port clocked by clk)
Endpoint: wbs_dat_o[25] (output port clocked by clk)
Path Group: clk
Path Type: max

Fanout         Cap        Slew       Delay        Time   Description
---------------------------------------------------------------------------------------------
                                  0.000000    0.000000   clock clk (rise edge)
                                  5.570000    5.570000   clock network delay (propagated)
                                  3.740000    9.310000 v input external delay
     1    0.036229    0.140000    0.000000    9.310000 v wbs_we_i (in)
                                                         wbs_we_i (net)
                      0.145385    0.002692    9.312693 v mprj/input50/A (sky130_fd_sc_hd__buf_2)
     5    0.057222    0.137849    0.256659    9.569351 v mprj/input50/X (sky130_fd_sc_hd__buf_2)
                                                         mprj/net50 (net)
                      0.138248    0.006199    9.575550 v mprj/fanout85/A (sky130_fd_sc_hd__buf_4)
    15    0.075806    0.103785    0.243395    9.818945 v mprj/fanout85/X (sky130_fd_sc_hd__buf_4)
                                                         mprj/net85 (net)
                      0.108094    0.016604    9.835548 v mprj/_32_/A_N (sky130_fd_sc_hd__and4b_1)
     1    0.014505    0.159022    0.349439   10.184987 ^ mprj/_32_/X (sky130_fd_sc_hd__and4b_1)
                                                         mprj/net69 (net)
                      0.159029    0.001240   10.186227 ^ mprj/output69/A (sky130_fd_sc_hd__buf_12)
     1    0.241758    0.273354    0.234366   10.420593 ^ mprj/output69/X (sky130_fd_sc_hd__buf_12)
                                                         wbs_dat_o[25] (net)
                      0.318295    0.084724   10.505318 ^ wbs_dat_o[25] (out)
                                             10.505318   data arrival time

                                 25.000000   25.000000   clock clk (rise edge)
                                  4.650000   29.650000   clock network delay (propagated)
                                 -0.250000   29.400000   clock uncertainty
                                  0.000000   29.400000   clock reconvergence pessimism
                                 -3.620000   25.779999   output external delay
                                             25.779999   data required time
---------------------------------------------------------------------------------------------
                                             25.779999   data required time
                                            -10.505318   data arrival time
---------------------------------------------------------------------------------------------
                                             15.274681   slack (MET)


Startpoint: wbs_we_i (input port clocked by clk)
Endpoint: wbs_dat_o[26] (output port clocked by clk)
Path Group: clk
Path Type: max

Fanout         Cap        Slew       Delay        Time   Description
---------------------------------------------------------------------------------------------
                                  0.000000    0.000000   clock clk (rise edge)
                                  5.570000    5.570000   clock network delay (propagated)
                                  3.740000    9.310000 v input external delay
     1    0.036229    0.140000    0.000000    9.310000 v wbs_we_i (in)
                                                         wbs_we_i (net)
                      0.145385    0.002692    9.312693 v mprj/input50/A (sky130_fd_sc_hd__buf_2)
     5    0.057222    0.137849    0.256659    9.569351 v mprj/input50/X (sky130_fd_sc_hd__buf_2)
                                                         mprj/net50 (net)
                      0.138248    0.006199    9.575550 v mprj/fanout85/A (sky130_fd_sc_hd__buf_4)
    15    0.075806    0.103785    0.243395    9.818945 v mprj/fanout85/X (sky130_fd_sc_hd__buf_4)
                                                         mprj/net85 (net)
                      0.108160    0.016731    9.835675 v mprj/_33_/A_N (sky130_fd_sc_hd__and4b_1)
     1    0.013812    0.152801    0.344578   10.180253 ^ mprj/_33_/X (sky130_fd_sc_hd__and4b_1)
                                                         mprj/net70 (net)
                      0.152812    0.001441   10.181694 ^ mprj/output70/A (sky130_fd_sc_hd__buf_12)
     1    0.246630    0.277898    0.232008   10.413702 ^ mprj/output70/X (sky130_fd_sc_hd__buf_12)
                                                         wbs_dat_o[26] (net)
                      0.327648    0.090198   10.503901 ^ wbs_dat_o[26] (out)
                                             10.503901   data arrival time

                                 25.000000   25.000000   clock clk (rise edge)
                                  4.650000   29.650000   clock network delay (propagated)
                                 -0.250000   29.400000   clock uncertainty
                                  0.000000   29.400000   clock reconvergence pessimism
                                 -3.620000   25.779999   output external delay
                                             25.779999   data required time
---------------------------------------------------------------------------------------------
                                             25.779999   data required time
                                            -10.503901   data arrival time
---------------------------------------------------------------------------------------------
                                             15.276099   slack (MET)


Startpoint: wbs_we_i (input port clocked by clk)
Endpoint: wbs_dat_o[27] (output port clocked by clk)
Path Group: clk
Path Type: max

Fanout         Cap        Slew       Delay        Time   Description
---------------------------------------------------------------------------------------------
                                  0.000000    0.000000   clock clk (rise edge)
                                  5.570000    5.570000   clock network delay (propagated)
                                  3.740000    9.310000 v input external delay
     1    0.036229    0.140000    0.000000    9.310000 v wbs_we_i (in)
                                                         wbs_we_i (net)
                      0.145385    0.002692    9.312693 v mprj/input50/A (sky130_fd_sc_hd__buf_2)
     5    0.057222    0.137849    0.256659    9.569351 v mprj/input50/X (sky130_fd_sc_hd__buf_2)
                                                         mprj/net50 (net)
                      0.138248    0.006199    9.575550 v mprj/fanout85/A (sky130_fd_sc_hd__buf_4)
    15    0.075806    0.103785    0.243395    9.818945 v mprj/fanout85/X (sky130_fd_sc_hd__buf_4)
                                                         mprj/net85 (net)
                      0.108154    0.016718    9.835663 v mprj/_34_/A_N (sky130_fd_sc_hd__and4b_1)
     1    0.013739    0.152122    0.344164   10.179827 ^ mprj/_34_/X (sky130_fd_sc_hd__and4b_1)
                                                         mprj/net71 (net)
                      0.152129    0.001192   10.181019 ^ mprj/output71/A (sky130_fd_sc_hd__buf_12)
     1    0.253873    0.290050    0.269115   10.450133 ^ mprj/output71/X (sky130_fd_sc_hd__buf_12)
                                                         wbs_dat_o[27] (net)
                      0.306293    0.053332   10.503466 ^ wbs_dat_o[27] (out)
                                             10.503466   data arrival time

                                 25.000000   25.000000   clock clk (rise edge)
                                  4.650000   29.650000   clock network delay (propagated)
                                 -0.250000   29.400000   clock uncertainty
                                  0.000000   29.400000   clock reconvergence pessimism
                                 -3.620000   25.779999   output external delay
                                             25.779999   data required time
---------------------------------------------------------------------------------------------
                                             25.779999   data required time
                                            -10.503466   data arrival time
---------------------------------------------------------------------------------------------
                                             15.276534   slack (MET)


Startpoint: wbs_we_i (input port clocked by clk)
Endpoint: wbs_dat_o[17] (output port clocked by clk)
Path Group: clk
Path Type: max

Fanout         Cap        Slew       Delay        Time   Description
---------------------------------------------------------------------------------------------
                                  0.000000    0.000000   clock clk (rise edge)
                                  5.570000    5.570000   clock network delay (propagated)
                                  3.740000    9.310000 v input external delay
     1    0.036229    0.140000    0.000000    9.310000 v wbs_we_i (in)
                                                         wbs_we_i (net)
                      0.145385    0.002692    9.312693 v mprj/input50/A (sky130_fd_sc_hd__buf_2)
     5    0.057222    0.137849    0.256659    9.569351 v mprj/input50/X (sky130_fd_sc_hd__buf_2)
                                                         mprj/net50 (net)
                      0.138248    0.006199    9.575550 v mprj/fanout85/A (sky130_fd_sc_hd__buf_4)
    15    0.075806    0.103785    0.243395    9.818945 v mprj/fanout85/X (sky130_fd_sc_hd__buf_4)
                                                         mprj/net85 (net)
                      0.105876    0.011650    9.830595 v mprj/_24_/A_N (sky130_fd_sc_hd__and4b_1)
     1    0.016339    0.175677    0.360759   10.191354 ^ mprj/_24_/X (sky130_fd_sc_hd__and4b_1)
                                                         mprj/net60 (net)
                      0.175696    0.001916   10.193270 ^ mprj/output60/A (sky130_fd_sc_hd__buf_12)
     1    0.225311    0.260685    0.261039   10.454309 ^ mprj/output60/X (sky130_fd_sc_hd__buf_12)
                                                         wbs_dat_o[17] (net)
                      0.272346    0.043204   10.497513 ^ wbs_dat_o[17] (out)
                                             10.497513   data arrival time

                                 25.000000   25.000000   clock clk (rise edge)
                                  4.650000   29.650000   clock network delay (propagated)
                                 -0.250000   29.400000   clock uncertainty
                                  0.000000   29.400000   clock reconvergence pessimism
                                 -3.620000   25.779999   output external delay
                                             25.779999   data required time
---------------------------------------------------------------------------------------------
                                             25.779999   data required time
                                            -10.497513   data arrival time
---------------------------------------------------------------------------------------------
                                             15.282487   slack (MET)


Startpoint: wbs_we_i (input port clocked by clk)
Endpoint: wbs_dat_o[23] (output port clocked by clk)
Path Group: clk
Path Type: max

Fanout         Cap        Slew       Delay        Time   Description
---------------------------------------------------------------------------------------------
                                  0.000000    0.000000   clock clk (rise edge)
                                  5.570000    5.570000   clock network delay (propagated)
                                  3.740000    9.310000 v input external delay
     1    0.036229    0.140000    0.000000    9.310000 v wbs_we_i (in)
                                                         wbs_we_i (net)
                      0.145385    0.002692    9.312693 v mprj/input50/A (sky130_fd_sc_hd__buf_2)
     5    0.057222    0.137849    0.256659    9.569351 v mprj/input50/X (sky130_fd_sc_hd__buf_2)
                                                         mprj/net50 (net)
                      0.138248    0.006199    9.575550 v mprj/fanout85/A (sky130_fd_sc_hd__buf_4)
    15    0.075806    0.103785    0.243395    9.818945 v mprj/fanout85/X (sky130_fd_sc_hd__buf_4)
                                                         mprj/net85 (net)
                      0.108002    0.016424    9.835369 v mprj/_30_/A_N (sky130_fd_sc_hd__and4b_1)
     1    0.013867    0.153274    0.344968   10.180337 ^ mprj/_30_/X (sky130_fd_sc_hd__and4b_1)
                                                         mprj/net67 (net)
                      0.153281    0.001225   10.181561 ^ mprj/output67/A (sky130_fd_sc_hd__buf_12)
     1    0.229559    0.263477    0.232302   10.413864 ^ mprj/output67/X (sky130_fd_sc_hd__buf_12)
                                                         wbs_dat_o[23] (net)
                      0.300024    0.074854   10.488718 ^ wbs_dat_o[23] (out)
                                             10.488718   data arrival time

                                 25.000000   25.000000   clock clk (rise edge)
                                  4.650000   29.650000   clock network delay (propagated)
                                 -0.250000   29.400000   clock uncertainty
                                  0.000000   29.400000   clock reconvergence pessimism
                                 -3.620000   25.779999   output external delay
                                             25.779999   data required time
---------------------------------------------------------------------------------------------
                                             25.779999   data required time
                                            -10.488718   data arrival time
---------------------------------------------------------------------------------------------
                                             15.291282   slack (MET)


Startpoint: wbs_we_i (input port clocked by clk)
Endpoint: wbs_dat_o[19] (output port clocked by clk)
Path Group: clk
Path Type: max

Fanout         Cap        Slew       Delay        Time   Description
---------------------------------------------------------------------------------------------
                                  0.000000    0.000000   clock clk (rise edge)
                                  5.570000    5.570000   clock network delay (propagated)
                                  3.740000    9.310000 v input external delay
     1    0.036229    0.140000    0.000000    9.310000 v wbs_we_i (in)
                                                         wbs_we_i (net)
                      0.145385    0.002692    9.312693 v mprj/input50/A (sky130_fd_sc_hd__buf_2)
     5    0.057222    0.137849    0.256659    9.569351 v mprj/input50/X (sky130_fd_sc_hd__buf_2)
                                                         mprj/net50 (net)
                      0.138248    0.006199    9.575550 v mprj/fanout85/A (sky130_fd_sc_hd__buf_4)
    15    0.075806    0.103785    0.243395    9.818945 v mprj/fanout85/X (sky130_fd_sc_hd__buf_4)
                                                         mprj/net85 (net)
                      0.106992    0.014341    9.833286 v mprj/_26_/A_N (sky130_fd_sc_hd__and4b_1)
     1    0.015205    0.165310    0.353841   10.187127 ^ mprj/_26_/X (sky130_fd_sc_hd__and4b_1)
                                                         mprj/net62 (net)
                      0.165317    0.001264   10.188391 ^ mprj/output62/A (sky130_fd_sc_hd__buf_12)
     1    0.221625    0.256632    0.255985   10.444375 ^ mprj/output62/X (sky130_fd_sc_hd__buf_12)
                                                         wbs_dat_o[19] (net)
                      0.268250    0.042769   10.487144 ^ wbs_dat_o[19] (out)
                                             10.487144   data arrival time

                                 25.000000   25.000000   clock clk (rise edge)
                                  4.650000   29.650000   clock network delay (propagated)
                                 -0.250000   29.400000   clock uncertainty
                                  0.000000   29.400000   clock reconvergence pessimism
                                 -3.620000   25.779999   output external delay
                                             25.779999   data required time
---------------------------------------------------------------------------------------------
                                             25.779999   data required time
                                            -10.487144   data arrival time
---------------------------------------------------------------------------------------------
                                             15.292855   slack (MET)


Startpoint: wbs_we_i (input port clocked by clk)
Endpoint: wbs_dat_o[20] (output port clocked by clk)
Path Group: clk
Path Type: max

Fanout         Cap        Slew       Delay        Time   Description
---------------------------------------------------------------------------------------------
                                  0.000000    0.000000   clock clk (rise edge)
                                  5.570000    5.570000   clock network delay (propagated)
                                  3.740000    9.310000 v input external delay
     1    0.036229    0.140000    0.000000    9.310000 v wbs_we_i (in)
                                                         wbs_we_i (net)
                      0.145385    0.002692    9.312693 v mprj/input50/A (sky130_fd_sc_hd__buf_2)
     5    0.057222    0.137849    0.256659    9.569351 v mprj/input50/X (sky130_fd_sc_hd__buf_2)
                                                         mprj/net50 (net)
                      0.138248    0.006199    9.575550 v mprj/fanout85/A (sky130_fd_sc_hd__buf_4)
    15    0.075806    0.103785    0.243395    9.818945 v mprj/fanout85/X (sky130_fd_sc_hd__buf_4)
                                                         mprj/net85 (net)
                      0.107443    0.015304    9.834249 v mprj/_27_/A_N (sky130_fd_sc_hd__and4b_1)
     1    0.013880    0.153391    0.344786   10.179036 ^ mprj/_27_/X (sky130_fd_sc_hd__and4b_1)
                                                         mprj/net64 (net)
                      0.153398    0.001247   10.180283 ^ mprj/output64/A (sky130_fd_sc_hd__buf_12)
     1    0.232474    0.266867    0.260094   10.440377 ^ mprj/output64/X (sky130_fd_sc_hd__buf_12)
                                                         wbs_dat_o[20] (net)
                      0.279190    0.044880   10.485256 ^ wbs_dat_o[20] (out)
                                             10.485256   data arrival time

                                 25.000000   25.000000   clock clk (rise edge)
                                  4.650000   29.650000   clock network delay (propagated)
                                 -0.250000   29.400000   clock uncertainty
                                  0.000000   29.400000   clock reconvergence pessimism
                                 -3.620000   25.779999   output external delay
                                             25.779999   data required time
---------------------------------------------------------------------------------------------
                                             25.779999   data required time
                                            -10.485256   data arrival time
---------------------------------------------------------------------------------------------
                                             15.294742   slack (MET)


Startpoint: wbs_we_i (input port clocked by clk)
Endpoint: wbs_dat_o[18] (output port clocked by clk)
Path Group: clk
Path Type: max

Fanout         Cap        Slew       Delay        Time   Description
---------------------------------------------------------------------------------------------
                                  0.000000    0.000000   clock clk (rise edge)
                                  5.570000    5.570000   clock network delay (propagated)
                                  3.740000    9.310000 v input external delay
     1    0.036229    0.140000    0.000000    9.310000 v wbs_we_i (in)
                                                         wbs_we_i (net)
                      0.145385    0.002692    9.312693 v mprj/input50/A (sky130_fd_sc_hd__buf_2)
     5    0.057222    0.137849    0.256659    9.569351 v mprj/input50/X (sky130_fd_sc_hd__buf_2)
                                                         mprj/net50 (net)
                      0.138248    0.006199    9.575550 v mprj/fanout85/A (sky130_fd_sc_hd__buf_4)
    15    0.075806    0.103785    0.243395    9.818945 v mprj/fanout85/X (sky130_fd_sc_hd__buf_4)
                                                         mprj/net85 (net)
                      0.106490    0.013195    9.832140 v mprj/_25_/A_N (sky130_fd_sc_hd__and4b_1)
     1    0.014632    0.160212    0.349404   10.181544 ^ mprj/_25_/X (sky130_fd_sc_hd__and4b_1)
                                                         mprj/net61 (net)
                      0.160226    0.001615   10.183159 ^ mprj/output61/A (sky130_fd_sc_hd__buf_12)
     1    0.226242    0.261661    0.257868   10.441027 ^ mprj/output61/X (sky130_fd_sc_hd__buf_12)
                                                         wbs_dat_o[18] (net)
                      0.273230    0.043131   10.484158 ^ wbs_dat_o[18] (out)
                                             10.484158   data arrival time

                                 25.000000   25.000000   clock clk (rise edge)
                                  4.650000   29.650000   clock network delay (propagated)
                                 -0.250000   29.400000   clock uncertainty
                                  0.000000   29.400000   clock reconvergence pessimism
                                 -3.620000   25.779999   output external delay
                                             25.779999   data required time
---------------------------------------------------------------------------------------------
                                             25.779999   data required time
                                            -10.484158   data arrival time
---------------------------------------------------------------------------------------------
                                             15.295841   slack (MET)


Startpoint: wbs_we_i (input port clocked by clk)
Endpoint: wbs_dat_o[16] (output port clocked by clk)
Path Group: clk
Path Type: max

Fanout         Cap        Slew       Delay        Time   Description
---------------------------------------------------------------------------------------------
                                  0.000000    0.000000   clock clk (rise edge)
                                  5.570000    5.570000   clock network delay (propagated)
                                  3.740000    9.310000 v input external delay
     1    0.036229    0.140000    0.000000    9.310000 v wbs_we_i (in)
                                                         wbs_we_i (net)
                      0.145385    0.002692    9.312693 v mprj/input50/A (sky130_fd_sc_hd__buf_2)
     5    0.057222    0.137849    0.256659    9.569351 v mprj/input50/X (sky130_fd_sc_hd__buf_2)
                                                         mprj/net50 (net)
                      0.138248    0.006199    9.575550 v mprj/fanout85/A (sky130_fd_sc_hd__buf_4)
    15    0.075806    0.103785    0.243395    9.818945 v mprj/fanout85/X (sky130_fd_sc_hd__buf_4)
                                                         mprj/net85 (net)
                      0.105389    0.010266    9.829210 v mprj/_23_/A_N (sky130_fd_sc_hd__and4b_1)
     1    0.014924    0.162776    0.351140   10.180350 ^ mprj/_23_/X (sky130_fd_sc_hd__and4b_1)
                                                         mprj/net59 (net)
                      0.162783    0.001256   10.181606 ^ mprj/output59/A (sky130_fd_sc_hd__buf_12)
     1    0.221498    0.256451    0.256332   10.437938 ^ mprj/output59/X (sky130_fd_sc_hd__buf_12)
                                                         wbs_dat_o[16] (net)
                      0.267304    0.041419   10.479357 ^ wbs_dat_o[16] (out)
                                             10.479357   data arrival time

                                 25.000000   25.000000   clock clk (rise edge)
                                  4.650000   29.650000   clock network delay (propagated)
                                 -0.250000   29.400000   clock uncertainty
                                  0.000000   29.400000   clock reconvergence pessimism
                                 -3.620000   25.779999   output external delay
                                             25.779999   data required time
---------------------------------------------------------------------------------------------
                                             25.779999   data required time
                                            -10.479357   data arrival time
---------------------------------------------------------------------------------------------
                                             15.300643   slack (MET)


Startpoint: wbs_we_i (input port clocked by clk)
Endpoint: wbs_dat_o[22] (output port clocked by clk)
Path Group: clk
Path Type: max

Fanout         Cap        Slew       Delay        Time   Description
---------------------------------------------------------------------------------------------
                                  0.000000    0.000000   clock clk (rise edge)
                                  5.570000    5.570000   clock network delay (propagated)
                                  3.740000    9.310000 v input external delay
     1    0.036229    0.140000    0.000000    9.310000 v wbs_we_i (in)
                                                         wbs_we_i (net)
                      0.145385    0.002692    9.312693 v mprj/input50/A (sky130_fd_sc_hd__buf_2)
     5    0.057222    0.137849    0.256659    9.569351 v mprj/input50/X (sky130_fd_sc_hd__buf_2)
                                                         mprj/net50 (net)
                      0.138248    0.006199    9.575550 v mprj/fanout85/A (sky130_fd_sc_hd__buf_4)
    15    0.075806    0.103785    0.243395    9.818945 v mprj/fanout85/X (sky130_fd_sc_hd__buf_4)
                                                         mprj/net85 (net)
                      0.107931    0.016286    9.835231 v mprj/_29_/A_N (sky130_fd_sc_hd__and4b_1)
     1    0.013076    0.146146    0.339498   10.174729 ^ mprj/_29_/X (sky130_fd_sc_hd__and4b_1)
                                                         mprj/net66 (net)
                      0.146152    0.001115   10.175843 ^ mprj/output66/A (sky130_fd_sc_hd__buf_12)
     1    0.233748    0.267216    0.275827   10.451671 ^ mprj/output66/X (sky130_fd_sc_hd__buf_12)
                                                         wbs_dat_o[22] (net)
                      0.270973    0.025532   10.477202 ^ wbs_dat_o[22] (out)
                                             10.477202   data arrival time

                                 25.000000   25.000000   clock clk (rise edge)
                                  4.650000   29.650000   clock network delay (propagated)
                                 -0.250000   29.400000   clock uncertainty
                                  0.000000   29.400000   clock reconvergence pessimism
                                 -3.620000   25.779999   output external delay
                                             25.779999   data required time
---------------------------------------------------------------------------------------------
                                             25.779999   data required time
                                            -10.477202   data arrival time
---------------------------------------------------------------------------------------------
                                             15.302796   slack (MET)


Startpoint: wbs_we_i (input port clocked by clk)
Endpoint: wbs_dat_o[28] (output port clocked by clk)
Path Group: clk
Path Type: max

Fanout         Cap        Slew       Delay        Time   Description
---------------------------------------------------------------------------------------------
                                  0.000000    0.000000   clock clk (rise edge)
                                  5.570000    5.570000   clock network delay (propagated)
                                  3.740000    9.310000 v input external delay
     1    0.036229    0.140000    0.000000    9.310000 v wbs_we_i (in)
                                                         wbs_we_i (net)
                      0.145385    0.002692    9.312693 v mprj/input50/A (sky130_fd_sc_hd__buf_2)
     5    0.057222    0.137849    0.256659    9.569351 v mprj/input50/X (sky130_fd_sc_hd__buf_2)
                                                         mprj/net50 (net)
                      0.139492    0.012151    9.581502 v mprj/_35_/A_N (sky130_fd_sc_hd__and4b_1)
     1    0.015231    0.166245    0.367916    9.949418 ^ mprj/_35_/X (sky130_fd_sc_hd__and4b_1)
                                                         mprj/net72 (net)
                      0.166254    0.001377    9.950795 ^ mprj/output72/A (sky130_fd_sc_hd__buf_12)
     1    0.255595    0.286338    0.235976   10.186770 ^ mprj/output72/X (sky130_fd_sc_hd__buf_12)
                                                         wbs_dat_o[28] (net)
                      0.343788    0.098843   10.285614 ^ wbs_dat_o[28] (out)
                                             10.285614   data arrival time

                                 25.000000   25.000000   clock clk (rise edge)
                                  4.650000   29.650000   clock network delay (propagated)
                                 -0.250000   29.400000   clock uncertainty
                                  0.000000   29.400000   clock reconvergence pessimism
                                 -3.620000   25.779999   output external delay
                                             25.779999   data required time
---------------------------------------------------------------------------------------------
                                             25.779999   data required time
                                            -10.285614   data arrival time
---------------------------------------------------------------------------------------------
                                             15.494387   slack (MET)


Startpoint: wbs_we_i (input port clocked by clk)
Endpoint: wbs_dat_o[30] (output port clocked by clk)
Path Group: clk
Path Type: max

Fanout         Cap        Slew       Delay        Time   Description
---------------------------------------------------------------------------------------------
                                  0.000000    0.000000   clock clk (rise edge)
                                  5.570000    5.570000   clock network delay (propagated)
                                  3.740000    9.310000 v input external delay
     1    0.036229    0.140000    0.000000    9.310000 v wbs_we_i (in)
                                                         wbs_we_i (net)
                      0.145385    0.002692    9.312693 v mprj/input50/A (sky130_fd_sc_hd__buf_2)
     5    0.057222    0.137849    0.256659    9.569351 v mprj/input50/X (sky130_fd_sc_hd__buf_2)
                                                         mprj/net50 (net)
                      0.139519    0.012244    9.581594 v mprj/_37_/A_N (sky130_fd_sc_hd__and4b_1)
     1    0.013853    0.153844    0.358450    9.940044 ^ mprj/_37_/X (sky130_fd_sc_hd__and4b_1)
                                                         mprj/net75 (net)
                      0.153851    0.001236    9.941281 ^ mprj/output75/A (sky130_fd_sc_hd__buf_12)
     1    0.256154    0.286201    0.228642   10.169923 ^ mprj/output75/X (sky130_fd_sc_hd__buf_12)
                                                         wbs_dat_o[30] (net)
                      0.348196    0.103236   10.273159 ^ wbs_dat_o[30] (out)
                                             10.273159   data arrival time

                                 25.000000   25.000000   clock clk (rise edge)
                                  4.650000   29.650000   clock network delay (propagated)
                                 -0.250000   29.400000   clock uncertainty
                                  0.000000   29.400000   clock reconvergence pessimism
                                 -3.620000   25.779999   output external delay
                                             25.779999   data required time
---------------------------------------------------------------------------------------------
                                             25.779999   data required time
                                            -10.273159   data arrival time
---------------------------------------------------------------------------------------------
                                             15.506841   slack (MET)


Startpoint: wbs_we_i (input port clocked by clk)
Endpoint: wbs_dat_o[31] (output port clocked by clk)
Path Group: clk
Path Type: max

Fanout         Cap        Slew       Delay        Time   Description
---------------------------------------------------------------------------------------------
                                  0.000000    0.000000   clock clk (rise edge)
                                  5.570000    5.570000   clock network delay (propagated)
                                  3.740000    9.310000 v input external delay
     1    0.036229    0.140000    0.000000    9.310000 v wbs_we_i (in)
                                                         wbs_we_i (net)
                      0.145385    0.002692    9.312693 v mprj/input50/A (sky130_fd_sc_hd__buf_2)
     5    0.057222    0.137849    0.256659    9.569351 v mprj/input50/X (sky130_fd_sc_hd__buf_2)
                                                         mprj/net50 (net)
                      0.139569    0.012419    9.581770 v mprj/_38_/A_N (sky130_fd_sc_hd__and4b_1)
     1    0.012570    0.142337    0.349651    9.931421 ^ mprj/_38_/X (sky130_fd_sc_hd__and4b_1)
                                                         mprj/net76 (net)
                      0.142342    0.001064    9.932486 ^ mprj/output76/A (sky130_fd_sc_hd__buf_12)
     1    0.256914    0.288154    0.225880   10.158365 ^ mprj/output76/X (sky130_fd_sc_hd__buf_12)
                                                         wbs_dat_o[31] (net)
                      0.353190    0.105921   10.264286 ^ wbs_dat_o[31] (out)
                                             10.264286   data arrival time

                                 25.000000   25.000000   clock clk (rise edge)
                                  4.650000   29.650000   clock network delay (propagated)
                                 -0.250000   29.400000   clock uncertainty
                                  0.000000   29.400000   clock reconvergence pessimism
                                 -3.620000   25.779999   output external delay
                                             25.779999   data required time
---------------------------------------------------------------------------------------------
                                             25.779999   data required time
                                            -10.264286   data arrival time
---------------------------------------------------------------------------------------------
                                             15.515714   slack (MET)


Startpoint: wbs_we_i (input port clocked by clk)
Endpoint: wbs_dat_o[29] (output port clocked by clk)
Path Group: clk
Path Type: max

Fanout         Cap        Slew       Delay        Time   Description
---------------------------------------------------------------------------------------------
                                  0.000000    0.000000   clock clk (rise edge)
                                  5.570000    5.570000   clock network delay (propagated)
                                  3.740000    9.310000 v input external delay
     1    0.036229    0.140000    0.000000    9.310000 v wbs_we_i (in)
                                                         wbs_we_i (net)
                      0.145385    0.002692    9.312693 v mprj/input50/A (sky130_fd_sc_hd__buf_2)
     5    0.057222    0.137849    0.256659    9.569351 v mprj/input50/X (sky130_fd_sc_hd__buf_2)
                                                         mprj/net50 (net)
                      0.139505    0.012194    9.581545 v mprj/_36_/A_N (sky130_fd_sc_hd__and4b_1)
     1    0.013327    0.149122    0.354819    9.936364 ^ mprj/_36_/X (sky130_fd_sc_hd__and4b_1)
                                                         mprj/net73 (net)
                      0.149127    0.001137    9.937501 ^ mprj/output73/A (sky130_fd_sc_hd__buf_12)
     1    0.239357    0.268605    0.223667   10.161168 ^ mprj/output73/X (sky130_fd_sc_hd__buf_12)
                                                         wbs_dat_o[29] (net)
                      0.324425    0.094317   10.255486 ^ wbs_dat_o[29] (out)
                                             10.255486   data arrival time

                                 25.000000   25.000000   clock clk (rise edge)
                                  4.650000   29.650000   clock network delay (propagated)
                                 -0.250000   29.400000   clock uncertainty
                                  0.000000   29.400000   clock reconvergence pessimism
                                 -3.620000   25.779999   output external delay
                                             25.779999   data required time
---------------------------------------------------------------------------------------------
                                             25.779999   data required time
                                            -10.255486   data arrival time
---------------------------------------------------------------------------------------------
                                             15.524513   slack (MET)


Startpoint: mprj/_45_ (rising edge-triggered flip-flop clocked by clk)
Endpoint: wbs_ack_o (output port clocked by clk)
Path Group: clk
Path Type: max

Fanout         Cap        Slew       Delay        Time   Description
---------------------------------------------------------------------------------------------
                                  0.000000    0.000000   clock clk (rise edge)
                                  5.570000    5.570000   clock source latency
     1    0.082186    0.610000    0.000000    5.570000 ^ wb_clk_i (in)
                                                         wb_clk_i (net)
                      0.648063    0.019031    5.589032 ^ mprj/clkbuf_0_wb_clk_i/A (sky130_fd_sc_hd__clkbuf_16)
     2    0.068881    0.096469    0.303380    5.892412 ^ mprj/clkbuf_0_wb_clk_i/X (sky130_fd_sc_hd__clkbuf_16)
                                                         mprj/clknet_0_wb_clk_i (net)
                      0.098982    0.012118    5.904530 ^ mprj/clkbuf_1_0__f_wb_clk_i/A (sky130_fd_sc_hd__clkbuf_16)
     2    0.054658    0.073303    0.171303    6.075833 ^ mprj/clkbuf_1_0__f_wb_clk_i/X (sky130_fd_sc_hd__clkbuf_16)
                                                         mprj/clknet_1_0__leaf_wb_clk_i (net)
                      0.073552    0.003012    6.078845 ^ mprj/_45_/CLK (sky130_fd_sc_hd__dfrtp_1)
     1    0.018226    0.168125    0.422535    6.501380 ^ mprj/_45_/Q (sky130_fd_sc_hd__dfrtp_1)
                                                         mprj/net51 (net)
                      0.168155    0.002225    6.503605 ^ mprj/output51/A (sky130_fd_sc_hd__buf_12)
     1    0.214618    0.248919    0.253583    6.757188 ^ mprj/output51/X (sky130_fd_sc_hd__buf_12)
                                                         wbs_ack_o (net)
                      0.259594    0.040452    6.797640 ^ wbs_ack_o (out)
                                              6.797640   data arrival time

                                 50.000000   50.000000   clock clk (rise edge)
                                  4.650000   54.650002   clock network delay (propagated)
                                 -0.250000   54.399998   clock uncertainty
                                  0.000000   54.399998   clock reconvergence pessimism
                                 -8.410000   45.990002   output external delay
                                             45.990002   data required time
---------------------------------------------------------------------------------------------
                                             45.990002   data required time
                                             -6.797640   data arrival time
---------------------------------------------------------------------------------------------
                                             39.192360   slack (MET)


Startpoint: wbs_cyc_i (input port clocked by clk)
Endpoint: mprj/_45_ (rising edge-triggered flip-flop clocked by clk)
Path Group: clk
Path Type: max

Fanout         Cap        Slew       Delay        Time   Description
---------------------------------------------------------------------------------------------
                                  0.000000    0.000000   clock clk (rise edge)
                                  5.570000    5.570000   clock network delay (propagated)
                                  4.740000   10.310000 ^ input external delay
     1    0.036324    0.170000    0.000000   10.310000 ^ wbs_cyc_i (in)
                                                         wbs_cyc_i (net)
                      0.175247    0.002624   10.312624 ^ mprj/input12/A (sky130_fd_sc_hd__buf_2)
     5    0.060218    0.293559    0.318306   10.630930 ^ mprj/input12/X (sky130_fd_sc_hd__buf_2)
                                                         mprj/net12 (net)
                      0.293779    0.006718   10.637649 ^ mprj/fanout89/A (sky130_fd_sc_hd__clkbuf_4)
    15    0.066183    0.202084    0.327693   10.965341 ^ mprj/fanout89/X (sky130_fd_sc_hd__clkbuf_4)
                                                         mprj/net89 (net)
                      0.202767    0.009656   10.974998 ^ mprj/_12_/A (sky130_fd_sc_hd__and2_4)
     2    0.076588    0.224542    0.319210   11.294208 ^ mprj/_12_/X (sky130_fd_sc_hd__and2_4)
                                                         mprj/i_ram_wb_controller.EN (net)
                      0.224575    0.002322   11.296530 ^ mprj/_45_/D (sky130_fd_sc_hd__dfrtp_1)
                                             11.296530   data arrival time

                                 50.000000   50.000000   clock clk (rise edge)
                                  4.650000   54.650002   clock source latency
     1    0.082186    0.610000    0.000000   54.650002 ^ wb_clk_i (in)
                                                         wb_clk_i (net)
                      0.648063    0.019032   54.669033 ^ mprj/clkbuf_0_wb_clk_i/A (sky130_fd_sc_hd__clkbuf_16)
     2    0.068881    0.096469    0.303377   54.972408 ^ mprj/clkbuf_0_wb_clk_i/X (sky130_fd_sc_hd__clkbuf_16)
                                                         mprj/clknet_0_wb_clk_i (net)
                      0.098982    0.012118   54.984528 ^ mprj/clkbuf_1_0__f_wb_clk_i/A (sky130_fd_sc_hd__clkbuf_16)
     2    0.054658    0.073303    0.171305   55.155830 ^ mprj/clkbuf_1_0__f_wb_clk_i/X (sky130_fd_sc_hd__clkbuf_16)
                                                         mprj/clknet_1_0__leaf_wb_clk_i (net)
                      0.073552    0.003013   55.158844 ^ mprj/_45_/CLK (sky130_fd_sc_hd__dfrtp_1)
                                 -0.250000   54.908844   clock uncertainty
                                  0.000000   54.908844   clock reconvergence pessimism
                                 -0.096727   54.812119   library setup time
                                             54.812119   data required time
---------------------------------------------------------------------------------------------
                                             54.812119   data required time
                                            -11.296530   data arrival time
---------------------------------------------------------------------------------------------
                                             43.515591   slack (MET)



