
===========================================================================
report_checks -path_delay min (Hold)
============================================================================
======================= max_tt_025C_1v80 Corner ===================================

Startpoint: wbs_we_i (input port clocked by clk)
Endpoint: i_sram (rising edge-triggered flip-flop clocked by clk)
Path Group: clk
Path Type: min

Fanout         Cap        Slew       Delay        Time   Description
---------------------------------------------------------------------------------------------
                                  0.000000    0.000000   clock clk (rise edge)
                                  4.650000    4.650000   clock network delay (propagated)
                                  1.650000    6.300000 v input external delay
     1    0.003835    0.090000    0.000000    6.300000 v wbs_we_i (in)
                                                         wbs_we_i (net)
                      0.090188    0.000089    6.300089 v input50/A (sky130_fd_sc_hd__buf_2)
     5    0.057222    0.137718    0.220206    6.520295 v input50/X (sky130_fd_sc_hd__buf_2)
                                                         net50 (net)
                      0.138117    0.005889    6.526184 v fanout85/A (sky130_fd_sc_hd__buf_4)
    15    0.075806    0.103784    0.231168    6.757353 v fanout85/X (sky130_fd_sc_hd__buf_4)
                                                         net85 (net)
                      0.104994    0.008538    6.765891 v _10_/A (sky130_fd_sc_hd__clkinv_4)
     1    0.086118    0.168822    0.154400    6.920291 ^ _10_/Y (sky130_fd_sc_hd__clkinv_4)
                                                         i_ram_wb_controller.R_WB (net)
                      0.172695    0.019291    6.939582 ^ i_sram/R_WB (CF_SRAM_1024x32)
                                              6.939582   data arrival time

                                  0.000000    0.000000   clock clk (rise edge)
                                  5.570000    5.570000   clock source latency
     1    0.057273    0.610000    0.000000    5.570000 ^ wb_clk_i (in)
                                                         wb_clk_i (net)
                      0.633517    0.012347    5.582347 ^ clkbuf_0_wb_clk_i/A (sky130_fd_sc_hd__clkbuf_16)
     2    0.068881    0.096181    0.315734    5.898081 ^ clkbuf_0_wb_clk_i/X (sky130_fd_sc_hd__clkbuf_16)
                                                         clknet_0_wb_clk_i (net)
                      0.096457    0.004116    5.902197 ^ clkbuf_1_1__f_wb_clk_i/A (sky130_fd_sc_hd__clkbuf_16)
     1    0.137055    0.151250    0.228270    6.130466 ^ clkbuf_1_1__f_wb_clk_i/X (sky130_fd_sc_hd__clkbuf_16)
                                                         clknet_1_1__leaf_wb_clk_i (net)
                      0.156057    0.022239    6.152706 ^ i_sram/CLKin (CF_SRAM_1024x32)
                                  0.100000    6.252706   clock uncertainty
                                  0.000000    6.252706   clock reconvergence pessimism
                                  0.299932    6.552638   library hold time
                                              6.552638   data required time
---------------------------------------------------------------------------------------------
                                              6.552638   data required time
                                             -6.939582   data arrival time
---------------------------------------------------------------------------------------------
                                              0.386944   slack (MET)


Startpoint: wbs_sel_i[1] (input port clocked by clk)
Endpoint: i_sram (rising edge-triggered flip-flop clocked by clk)
Path Group: clk
Path Type: min

Fanout         Cap        Slew       Delay        Time   Description
---------------------------------------------------------------------------------------------
                                  0.000000    0.000000   clock clk (rise edge)
                                  4.650000    4.650000   clock network delay (propagated)
                                  1.190000    5.840000 v input external delay
     1    0.005593    0.090000    0.000000    5.840000 v wbs_sel_i[1] (in)
                                                         wbs_sel_i[1] (net)
                      0.090286    0.000135    5.840136 v hold87/A (sky130_fd_sc_hd__dlygate4sd3_1)
     1    0.001988    0.048957    0.532800    6.372935 v hold87/X (sky130_fd_sc_hd__dlygate4sd3_1)
                                                         net185 (net)
                      0.048957    0.000127    6.373062 v hold85/A (sky130_fd_sc_hd__dlygate4sd3_1)
     1    0.010586    0.088989    0.568479    6.941541 v hold85/X (sky130_fd_sc_hd__dlygate4sd3_1)
                                                         net183 (net)
                      0.088989    0.000784    6.942325 v input46/A (sky130_fd_sc_hd__buf_12)
     1    0.026947    0.031673    0.140393    7.082718 v input46/X (sky130_fd_sc_hd__buf_12)
                                                         net46 (net)
                      0.032740    0.003637    7.086355 v hold86/A (sky130_fd_sc_hd__buf_12)
     8    0.205127    0.114422    0.150176    7.236531 v hold86/X (sky130_fd_sc_hd__buf_12)
                                                         net184 (net)
                      0.139605    0.038451    7.274981 v i_sram/BEN[15] (CF_SRAM_1024x32)
                                              7.274981   data arrival time

                                  0.000000    0.000000   clock clk (rise edge)
                                  5.570000    5.570000   clock source latency
     1    0.057273    0.610000    0.000000    5.570000 ^ wb_clk_i (in)
                                                         wb_clk_i (net)
                      0.633517    0.012347    5.582347 ^ clkbuf_0_wb_clk_i/A (sky130_fd_sc_hd__clkbuf_16)
     2    0.068881    0.096181    0.315734    5.898081 ^ clkbuf_0_wb_clk_i/X (sky130_fd_sc_hd__clkbuf_16)
                                                         clknet_0_wb_clk_i (net)
                      0.096457    0.004116    5.902197 ^ clkbuf_1_1__f_wb_clk_i/A (sky130_fd_sc_hd__clkbuf_16)
     1    0.137055    0.151250    0.228270    6.130466 ^ clkbuf_1_1__f_wb_clk_i/X (sky130_fd_sc_hd__clkbuf_16)
                                                         clknet_1_1__leaf_wb_clk_i (net)
                      0.156057    0.022239    6.152706 ^ i_sram/CLKin (CF_SRAM_1024x32)
                                  0.100000    6.252706   clock uncertainty
                                  0.000000    6.252706   clock reconvergence pessimism
                                  0.573392    6.826097   library hold time
                                              6.826097   data required time
---------------------------------------------------------------------------------------------
                                              6.826097   data required time
                                             -7.274981   data arrival time
---------------------------------------------------------------------------------------------
                                              0.448884   slack (MET)


Startpoint: wbs_sel_i[1] (input port clocked by clk)
Endpoint: i_sram (rising edge-triggered flip-flop clocked by clk)
Path Group: clk
Path Type: min

Fanout         Cap        Slew       Delay        Time   Description
---------------------------------------------------------------------------------------------
                                  0.000000    0.000000   clock clk (rise edge)
                                  4.650000    4.650000   clock network delay (propagated)
                                  1.190000    5.840000 v input external delay
     1    0.005593    0.090000    0.000000    5.840000 v wbs_sel_i[1] (in)
                                                         wbs_sel_i[1] (net)
                      0.090286    0.000135    5.840136 v hold87/A (sky130_fd_sc_hd__dlygate4sd3_1)
     1    0.001988    0.048957    0.532800    6.372935 v hold87/X (sky130_fd_sc_hd__dlygate4sd3_1)
                                                         net185 (net)
                      0.048957    0.000127    6.373062 v hold85/A (sky130_fd_sc_hd__dlygate4sd3_1)
     1    0.010586    0.088989    0.568479    6.941541 v hold85/X (sky130_fd_sc_hd__dlygate4sd3_1)
                                                         net183 (net)
                      0.088989    0.000784    6.942325 v input46/A (sky130_fd_sc_hd__buf_12)
     1    0.026947    0.031673    0.140393    7.082718 v input46/X (sky130_fd_sc_hd__buf_12)
                                                         net46 (net)
                      0.032740    0.003637    7.086355 v hold86/A (sky130_fd_sc_hd__buf_12)
     8    0.205127    0.114422    0.150176    7.236531 v hold86/X (sky130_fd_sc_hd__buf_12)
                                                         net184 (net)
                      0.144114    0.042366    7.278897 v i_sram/BEN[14] (CF_SRAM_1024x32)
                                              7.278897   data arrival time

                                  0.000000    0.000000   clock clk (rise edge)
                                  5.570000    5.570000   clock source latency
     1    0.057273    0.610000    0.000000    5.570000 ^ wb_clk_i (in)
                                                         wb_clk_i (net)
                      0.633517    0.012347    5.582347 ^ clkbuf_0_wb_clk_i/A (sky130_fd_sc_hd__clkbuf_16)
     2    0.068881    0.096181    0.315734    5.898081 ^ clkbuf_0_wb_clk_i/X (sky130_fd_sc_hd__clkbuf_16)
                                                         clknet_0_wb_clk_i (net)
                      0.096457    0.004116    5.902197 ^ clkbuf_1_1__f_wb_clk_i/A (sky130_fd_sc_hd__clkbuf_16)
     1    0.137055    0.151250    0.228270    6.130466 ^ clkbuf_1_1__f_wb_clk_i/X (sky130_fd_sc_hd__clkbuf_16)
                                                         clknet_1_1__leaf_wb_clk_i (net)
                      0.156057    0.022239    6.152706 ^ i_sram/CLKin (CF_SRAM_1024x32)
                                  0.100000    6.252706   clock uncertainty
                                  0.000000    6.252706   clock reconvergence pessimism
                                  0.572344    6.825049   library hold time
                                              6.825049   data required time
---------------------------------------------------------------------------------------------
                                              6.825049   data required time
                                             -7.278897   data arrival time
---------------------------------------------------------------------------------------------
                                              0.453848   slack (MET)


Startpoint: wbs_sel_i[1] (input port clocked by clk)
Endpoint: i_sram (rising edge-triggered flip-flop clocked by clk)
Path Group: clk
Path Type: min

Fanout         Cap        Slew       Delay        Time   Description
---------------------------------------------------------------------------------------------
                                  0.000000    0.000000   clock clk (rise edge)
                                  4.650000    4.650000   clock network delay (propagated)
                                  1.190000    5.840000 v input external delay
     1    0.005593    0.090000    0.000000    5.840000 v wbs_sel_i[1] (in)
                                                         wbs_sel_i[1] (net)
                      0.090286    0.000135    5.840136 v hold87/A (sky130_fd_sc_hd__dlygate4sd3_1)
     1    0.001988    0.048957    0.532800    6.372935 v hold87/X (sky130_fd_sc_hd__dlygate4sd3_1)
                                                         net185 (net)
                      0.048957    0.000127    6.373062 v hold85/A (sky130_fd_sc_hd__dlygate4sd3_1)
     1    0.010586    0.088989    0.568479    6.941541 v hold85/X (sky130_fd_sc_hd__dlygate4sd3_1)
                                                         net183 (net)
                      0.088989    0.000784    6.942325 v input46/A (sky130_fd_sc_hd__buf_12)
     1    0.026947    0.031673    0.140393    7.082718 v input46/X (sky130_fd_sc_hd__buf_12)
                                                         net46 (net)
                      0.032740    0.003637    7.086355 v hold86/A (sky130_fd_sc_hd__buf_12)
     8    0.205127    0.114422    0.150176    7.236531 v hold86/X (sky130_fd_sc_hd__buf_12)
                                                         net184 (net)
                      0.150052    0.047325    7.283856 v i_sram/BEN[13] (CF_SRAM_1024x32)
                                              7.283856   data arrival time

                                  0.000000    0.000000   clock clk (rise edge)
                                  5.570000    5.570000   clock source latency
     1    0.057273    0.610000    0.000000    5.570000 ^ wb_clk_i (in)
                                                         wb_clk_i (net)
                      0.633517    0.012347    5.582347 ^ clkbuf_0_wb_clk_i/A (sky130_fd_sc_hd__clkbuf_16)
     2    0.068881    0.096181    0.315734    5.898081 ^ clkbuf_0_wb_clk_i/X (sky130_fd_sc_hd__clkbuf_16)
                                                         clknet_0_wb_clk_i (net)
                      0.096457    0.004116    5.902197 ^ clkbuf_1_1__f_wb_clk_i/A (sky130_fd_sc_hd__clkbuf_16)
     1    0.137055    0.151250    0.228270    6.130466 ^ clkbuf_1_1__f_wb_clk_i/X (sky130_fd_sc_hd__clkbuf_16)
                                                         clknet_1_1__leaf_wb_clk_i (net)
                      0.156057    0.022239    6.152706 ^ i_sram/CLKin (CF_SRAM_1024x32)
                                  0.100000    6.252706   clock uncertainty
                                  0.000000    6.252706   clock reconvergence pessimism
                                  0.570964    6.823669   library hold time
                                              6.823669   data required time
---------------------------------------------------------------------------------------------
                                              6.823669   data required time
                                             -7.283856   data arrival time
---------------------------------------------------------------------------------------------
                                              0.460187   slack (MET)


Startpoint: wbs_sel_i[1] (input port clocked by clk)
Endpoint: i_sram (rising edge-triggered flip-flop clocked by clk)
Path Group: clk
Path Type: min

Fanout         Cap        Slew       Delay        Time   Description
---------------------------------------------------------------------------------------------
                                  0.000000    0.000000   clock clk (rise edge)
                                  4.650000    4.650000   clock network delay (propagated)
                                  1.190000    5.840000 v input external delay
     1    0.005593    0.090000    0.000000    5.840000 v wbs_sel_i[1] (in)
                                                         wbs_sel_i[1] (net)
                      0.090286    0.000135    5.840136 v hold87/A (sky130_fd_sc_hd__dlygate4sd3_1)
     1    0.001988    0.048957    0.532800    6.372935 v hold87/X (sky130_fd_sc_hd__dlygate4sd3_1)
                                                         net185 (net)
                      0.048957    0.000127    6.373062 v hold85/A (sky130_fd_sc_hd__dlygate4sd3_1)
     1    0.010586    0.088989    0.568479    6.941541 v hold85/X (sky130_fd_sc_hd__dlygate4sd3_1)
                                                         net183 (net)
                      0.088989    0.000784    6.942325 v input46/A (sky130_fd_sc_hd__buf_12)
     1    0.026947    0.031673    0.140393    7.082718 v input46/X (sky130_fd_sc_hd__buf_12)
                                                         net46 (net)
                      0.032740    0.003637    7.086355 v hold86/A (sky130_fd_sc_hd__buf_12)
     8    0.205127    0.114422    0.150176    7.236531 v hold86/X (sky130_fd_sc_hd__buf_12)
                                                         net184 (net)
                      0.151616    0.048595    7.285126 v i_sram/BEN[12] (CF_SRAM_1024x32)
                                              7.285126   data arrival time

                                  0.000000    0.000000   clock clk (rise edge)
                                  5.570000    5.570000   clock source latency
     1    0.057273    0.610000    0.000000    5.570000 ^ wb_clk_i (in)
                                                         wb_clk_i (net)
                      0.633517    0.012347    5.582347 ^ clkbuf_0_wb_clk_i/A (sky130_fd_sc_hd__clkbuf_16)
     2    0.068881    0.096181    0.315734    5.898081 ^ clkbuf_0_wb_clk_i/X (sky130_fd_sc_hd__clkbuf_16)
                                                         clknet_0_wb_clk_i (net)
                      0.096457    0.004116    5.902197 ^ clkbuf_1_1__f_wb_clk_i/A (sky130_fd_sc_hd__clkbuf_16)
     1    0.137055    0.151250    0.228270    6.130466 ^ clkbuf_1_1__f_wb_clk_i/X (sky130_fd_sc_hd__clkbuf_16)
                                                         clknet_1_1__leaf_wb_clk_i (net)
                      0.156057    0.022239    6.152706 ^ i_sram/CLKin (CF_SRAM_1024x32)
                                  0.100000    6.252706   clock uncertainty
                                  0.000000    6.252706   clock reconvergence pessimism
                                  0.570600    6.823306   library hold time
                                              6.823306   data required time
---------------------------------------------------------------------------------------------
                                              6.823306   data required time
                                             -7.285126   data arrival time
---------------------------------------------------------------------------------------------
                                              0.461820   slack (MET)


Startpoint: wbs_sel_i[1] (input port clocked by clk)
Endpoint: i_sram (rising edge-triggered flip-flop clocked by clk)
Path Group: clk
Path Type: min

Fanout         Cap        Slew       Delay        Time   Description
---------------------------------------------------------------------------------------------
                                  0.000000    0.000000   clock clk (rise edge)
                                  4.650000    4.650000   clock network delay (propagated)
                                  1.190000    5.840000 v input external delay
     1    0.005593    0.090000    0.000000    5.840000 v wbs_sel_i[1] (in)
                                                         wbs_sel_i[1] (net)
                      0.090286    0.000135    5.840136 v hold87/A (sky130_fd_sc_hd__dlygate4sd3_1)
     1    0.001988    0.048957    0.532800    6.372935 v hold87/X (sky130_fd_sc_hd__dlygate4sd3_1)
                                                         net185 (net)
                      0.048957    0.000127    6.373062 v hold85/A (sky130_fd_sc_hd__dlygate4sd3_1)
     1    0.010586    0.088989    0.568479    6.941541 v hold85/X (sky130_fd_sc_hd__dlygate4sd3_1)
                                                         net183 (net)
                      0.088989    0.000784    6.942325 v input46/A (sky130_fd_sc_hd__buf_12)
     1    0.026947    0.031673    0.140393    7.082718 v input46/X (sky130_fd_sc_hd__buf_12)
                                                         net46 (net)
                      0.032740    0.003637    7.086355 v hold86/A (sky130_fd_sc_hd__buf_12)
     8    0.205127    0.114422    0.150176    7.236531 v hold86/X (sky130_fd_sc_hd__buf_12)
                                                         net184 (net)
                      0.152779    0.049529    7.286060 v i_sram/BEN[11] (CF_SRAM_1024x32)
                                              7.286060   data arrival time

                                  0.000000    0.000000   clock clk (rise edge)
                                  5.570000    5.570000   clock source latency
     1    0.057273    0.610000    0.000000    5.570000 ^ wb_clk_i (in)
                                                         wb_clk_i (net)
                      0.633517    0.012347    5.582347 ^ clkbuf_0_wb_clk_i/A (sky130_fd_sc_hd__clkbuf_16)
     2    0.068881    0.096181    0.315734    5.898081 ^ clkbuf_0_wb_clk_i/X (sky130_fd_sc_hd__clkbuf_16)
                                                         clknet_0_wb_clk_i (net)
                      0.096457    0.004116    5.902197 ^ clkbuf_1_1__f_wb_clk_i/A (sky130_fd_sc_hd__clkbuf_16)
     1    0.137055    0.151250    0.228270    6.130466 ^ clkbuf_1_1__f_wb_clk_i/X (sky130_fd_sc_hd__clkbuf_16)
                                                         clknet_1_1__leaf_wb_clk_i (net)
                      0.156057    0.022239    6.152706 ^ i_sram/CLKin (CF_SRAM_1024x32)
                                  0.100000    6.252706   clock uncertainty
                                  0.000000    6.252706   clock reconvergence pessimism
                                  0.570330    6.823036   library hold time
                                              6.823036   data required time
---------------------------------------------------------------------------------------------
                                              6.823036   data required time
                                             -7.286060   data arrival time
---------------------------------------------------------------------------------------------
                                              0.463024   slack (MET)


Startpoint: wbs_sel_i[1] (input port clocked by clk)
Endpoint: i_sram (rising edge-triggered flip-flop clocked by clk)
Path Group: clk
Path Type: min

Fanout         Cap        Slew       Delay        Time   Description
---------------------------------------------------------------------------------------------
                                  0.000000    0.000000   clock clk (rise edge)
                                  4.650000    4.650000   clock network delay (propagated)
                                  1.190000    5.840000 v input external delay
     1    0.005593    0.090000    0.000000    5.840000 v wbs_sel_i[1] (in)
                                                         wbs_sel_i[1] (net)
                      0.090286    0.000135    5.840136 v hold87/A (sky130_fd_sc_hd__dlygate4sd3_1)
     1    0.001988    0.048957    0.532800    6.372935 v hold87/X (sky130_fd_sc_hd__dlygate4sd3_1)
                                                         net185 (net)
                      0.048957    0.000127    6.373062 v hold85/A (sky130_fd_sc_hd__dlygate4sd3_1)
     1    0.010586    0.088989    0.568479    6.941541 v hold85/X (sky130_fd_sc_hd__dlygate4sd3_1)
                                                         net183 (net)
                      0.088989    0.000784    6.942325 v input46/A (sky130_fd_sc_hd__buf_12)
     1    0.026947    0.031673    0.140393    7.082718 v input46/X (sky130_fd_sc_hd__buf_12)
                                                         net46 (net)
                      0.032740    0.003637    7.086355 v hold86/A (sky130_fd_sc_hd__buf_12)
     8    0.205127    0.114422    0.150176    7.236531 v hold86/X (sky130_fd_sc_hd__buf_12)
                                                         net184 (net)
                      0.155630    0.051819    7.288351 v i_sram/BEN[10] (CF_SRAM_1024x32)
                                              7.288351   data arrival time

                                  0.000000    0.000000   clock clk (rise edge)
                                  5.570000    5.570000   clock source latency
     1    0.057273    0.610000    0.000000    5.570000 ^ wb_clk_i (in)
                                                         wb_clk_i (net)
                      0.633517    0.012347    5.582347 ^ clkbuf_0_wb_clk_i/A (sky130_fd_sc_hd__clkbuf_16)
     2    0.068881    0.096181    0.315734    5.898081 ^ clkbuf_0_wb_clk_i/X (sky130_fd_sc_hd__clkbuf_16)
                                                         clknet_0_wb_clk_i (net)
                      0.096457    0.004116    5.902197 ^ clkbuf_1_1__f_wb_clk_i/A (sky130_fd_sc_hd__clkbuf_16)
     1    0.137055    0.151250    0.228270    6.130466 ^ clkbuf_1_1__f_wb_clk_i/X (sky130_fd_sc_hd__clkbuf_16)
                                                         clknet_1_1__leaf_wb_clk_i (net)
                      0.156057    0.022239    6.152706 ^ i_sram/CLKin (CF_SRAM_1024x32)
                                  0.100000    6.252706   clock uncertainty
                                  0.000000    6.252706   clock reconvergence pessimism
                                  0.569667    6.822373   library hold time
                                              6.822373   data required time
---------------------------------------------------------------------------------------------
                                              6.822373   data required time
                                             -7.288351   data arrival time
---------------------------------------------------------------------------------------------
                                              0.465977   slack (MET)


Startpoint: wbs_sel_i[1] (input port clocked by clk)
Endpoint: i_sram (rising edge-triggered flip-flop clocked by clk)
Path Group: clk
Path Type: min

Fanout         Cap        Slew       Delay        Time   Description
---------------------------------------------------------------------------------------------
                                  0.000000    0.000000   clock clk (rise edge)
                                  4.650000    4.650000   clock network delay (propagated)
                                  1.190000    5.840000 v input external delay
     1    0.005593    0.090000    0.000000    5.840000 v wbs_sel_i[1] (in)
                                                         wbs_sel_i[1] (net)
                      0.090286    0.000135    5.840136 v hold87/A (sky130_fd_sc_hd__dlygate4sd3_1)
     1    0.001988    0.048957    0.532800    6.372935 v hold87/X (sky130_fd_sc_hd__dlygate4sd3_1)
                                                         net185 (net)
                      0.048957    0.000127    6.373062 v hold85/A (sky130_fd_sc_hd__dlygate4sd3_1)
     1    0.010586    0.088989    0.568479    6.941541 v hold85/X (sky130_fd_sc_hd__dlygate4sd3_1)
                                                         net183 (net)
                      0.088989    0.000784    6.942325 v input46/A (sky130_fd_sc_hd__buf_12)
     1    0.026947    0.031673    0.140393    7.082718 v input46/X (sky130_fd_sc_hd__buf_12)
                                                         net46 (net)
                      0.032740    0.003637    7.086355 v hold86/A (sky130_fd_sc_hd__buf_12)
     8    0.205127    0.114422    0.150176    7.236531 v hold86/X (sky130_fd_sc_hd__buf_12)
                                                         net184 (net)
                      0.156162    0.052240    7.288772 v i_sram/BEN[9] (CF_SRAM_1024x32)
                                              7.288772   data arrival time

                                  0.000000    0.000000   clock clk (rise edge)
                                  5.570000    5.570000   clock source latency
     1    0.057273    0.610000    0.000000    5.570000 ^ wb_clk_i (in)
                                                         wb_clk_i (net)
                      0.633517    0.012347    5.582347 ^ clkbuf_0_wb_clk_i/A (sky130_fd_sc_hd__clkbuf_16)
     2    0.068881    0.096181    0.315734    5.898081 ^ clkbuf_0_wb_clk_i/X (sky130_fd_sc_hd__clkbuf_16)
                                                         clknet_0_wb_clk_i (net)
                      0.096457    0.004116    5.902197 ^ clkbuf_1_1__f_wb_clk_i/A (sky130_fd_sc_hd__clkbuf_16)
     1    0.137055    0.151250    0.228270    6.130466 ^ clkbuf_1_1__f_wb_clk_i/X (sky130_fd_sc_hd__clkbuf_16)
                                                         clknet_1_1__leaf_wb_clk_i (net)
                      0.156057    0.022239    6.152706 ^ i_sram/CLKin (CF_SRAM_1024x32)
                                  0.100000    6.252706   clock uncertainty
                                  0.000000    6.252706   clock reconvergence pessimism
                                  0.569544    6.822249   library hold time
                                              6.822249   data required time
---------------------------------------------------------------------------------------------
                                              6.822249   data required time
                                             -7.288772   data arrival time
---------------------------------------------------------------------------------------------
                                              0.466522   slack (MET)


Startpoint: wbs_sel_i[1] (input port clocked by clk)
Endpoint: i_sram (rising edge-triggered flip-flop clocked by clk)
Path Group: clk
Path Type: min

Fanout         Cap        Slew       Delay        Time   Description
---------------------------------------------------------------------------------------------
                                  0.000000    0.000000   clock clk (rise edge)
                                  4.650000    4.650000   clock network delay (propagated)
                                  1.190000    5.840000 v input external delay
     1    0.005593    0.090000    0.000000    5.840000 v wbs_sel_i[1] (in)
                                                         wbs_sel_i[1] (net)
                      0.090286    0.000135    5.840136 v hold87/A (sky130_fd_sc_hd__dlygate4sd3_1)
     1    0.001988    0.048957    0.532800    6.372935 v hold87/X (sky130_fd_sc_hd__dlygate4sd3_1)
                                                         net185 (net)
                      0.048957    0.000127    6.373062 v hold85/A (sky130_fd_sc_hd__dlygate4sd3_1)
     1    0.010586    0.088989    0.568479    6.941541 v hold85/X (sky130_fd_sc_hd__dlygate4sd3_1)
                                                         net183 (net)
                      0.088989    0.000784    6.942325 v input46/A (sky130_fd_sc_hd__buf_12)
     1    0.026947    0.031673    0.140393    7.082718 v input46/X (sky130_fd_sc_hd__buf_12)
                                                         net46 (net)
                      0.032740    0.003637    7.086355 v hold86/A (sky130_fd_sc_hd__buf_12)
     8    0.205127    0.114422    0.150176    7.236531 v hold86/X (sky130_fd_sc_hd__buf_12)
                                                         net184 (net)
                      0.156468    0.052482    7.289013 v i_sram/BEN[8] (CF_SRAM_1024x32)
                                              7.289013   data arrival time

                                  0.000000    0.000000   clock clk (rise edge)
                                  5.570000    5.570000   clock source latency
     1    0.057273    0.610000    0.000000    5.570000 ^ wb_clk_i (in)
                                                         wb_clk_i (net)
                      0.633517    0.012347    5.582347 ^ clkbuf_0_wb_clk_i/A (sky130_fd_sc_hd__clkbuf_16)
     2    0.068881    0.096181    0.315734    5.898081 ^ clkbuf_0_wb_clk_i/X (sky130_fd_sc_hd__clkbuf_16)
                                                         clknet_0_wb_clk_i (net)
                      0.096457    0.004116    5.902197 ^ clkbuf_1_1__f_wb_clk_i/A (sky130_fd_sc_hd__clkbuf_16)
     1    0.137055    0.151250    0.228270    6.130466 ^ clkbuf_1_1__f_wb_clk_i/X (sky130_fd_sc_hd__clkbuf_16)
                                                         clknet_1_1__leaf_wb_clk_i (net)
                      0.156057    0.022239    6.152706 ^ i_sram/CLKin (CF_SRAM_1024x32)
                                  0.100000    6.252706   clock uncertainty
                                  0.000000    6.252706   clock reconvergence pessimism
                                  0.569472    6.822178   library hold time
                                              6.822178   data required time
---------------------------------------------------------------------------------------------
                                              6.822178   data required time
                                             -7.289013   data arrival time
---------------------------------------------------------------------------------------------
                                              0.466835   slack (MET)


Startpoint: wbs_sel_i[0] (input port clocked by clk)
Endpoint: i_sram (rising edge-triggered flip-flop clocked by clk)
Path Group: clk
Path Type: min

Fanout         Cap        Slew       Delay        Time   Description
---------------------------------------------------------------------------------------------
                                  0.000000    0.000000   clock clk (rise edge)
                                  4.650000    4.650000   clock network delay (propagated)
                                  1.190000    5.840000 v input external delay
     1    0.004194    0.090000    0.000000    5.840000 v wbs_sel_i[0] (in)
                                                         wbs_sel_i[0] (net)
                      0.090201    0.000095    5.840096 v hold90/A (sky130_fd_sc_hd__dlygate4sd3_1)
     1    0.002639    0.051992    0.538378    6.378473 v hold90/X (sky130_fd_sc_hd__dlygate4sd3_1)
                                                         net188 (net)
                      0.051992    0.000147    6.378620 v hold88/A (sky130_fd_sc_hd__dlygate4sd3_1)
     1    0.010204    0.087339    0.567923    6.946543 v hold88/X (sky130_fd_sc_hd__dlygate4sd3_1)
                                                         net186 (net)
                      0.087339    0.000738    6.947281 v input45/A (sky130_fd_sc_hd__buf_12)
     1    0.029245    0.032920    0.140878    7.088159 v input45/X (sky130_fd_sc_hd__buf_12)
                                                         net45 (net)
                      0.033893    0.003760    7.091919 v hold89/A (sky130_fd_sc_hd__buf_12)
     8    0.213923    0.115366    0.147265    7.239184 v hold89/X (sky130_fd_sc_hd__buf_12)
                                                         net187 (net)
                      0.160983    0.053489    7.292673 v i_sram/BEN[7] (CF_SRAM_1024x32)
                                              7.292673   data arrival time

                                  0.000000    0.000000   clock clk (rise edge)
                                  5.570000    5.570000   clock source latency
     1    0.057273    0.610000    0.000000    5.570000 ^ wb_clk_i (in)
                                                         wb_clk_i (net)
                      0.633517    0.012347    5.582347 ^ clkbuf_0_wb_clk_i/A (sky130_fd_sc_hd__clkbuf_16)
     2    0.068881    0.096181    0.315734    5.898081 ^ clkbuf_0_wb_clk_i/X (sky130_fd_sc_hd__clkbuf_16)
                                                         clknet_0_wb_clk_i (net)
                      0.096457    0.004116    5.902197 ^ clkbuf_1_1__f_wb_clk_i/A (sky130_fd_sc_hd__clkbuf_16)
     1    0.137055    0.151250    0.228270    6.130466 ^ clkbuf_1_1__f_wb_clk_i/X (sky130_fd_sc_hd__clkbuf_16)
                                                         clknet_1_1__leaf_wb_clk_i (net)
                      0.156057    0.022239    6.152706 ^ i_sram/CLKin (CF_SRAM_1024x32)
                                  0.100000    6.252706   clock uncertainty
                                  0.000000    6.252706   clock reconvergence pessimism
                                  0.568423    6.821129   library hold time
                                              6.821129   data required time
---------------------------------------------------------------------------------------------
                                              6.821129   data required time
                                             -7.292673   data arrival time
---------------------------------------------------------------------------------------------
                                              0.471544   slack (MET)


Startpoint: wbs_sel_i[0] (input port clocked by clk)
Endpoint: i_sram (rising edge-triggered flip-flop clocked by clk)
Path Group: clk
Path Type: min

Fanout         Cap        Slew       Delay        Time   Description
---------------------------------------------------------------------------------------------
                                  0.000000    0.000000   clock clk (rise edge)
                                  4.650000    4.650000   clock network delay (propagated)
                                  1.190000    5.840000 v input external delay
     1    0.004194    0.090000    0.000000    5.840000 v wbs_sel_i[0] (in)
                                                         wbs_sel_i[0] (net)
                      0.090201    0.000095    5.840096 v hold90/A (sky130_fd_sc_hd__dlygate4sd3_1)
     1    0.002639    0.051992    0.538378    6.378473 v hold90/X (sky130_fd_sc_hd__dlygate4sd3_1)
                                                         net188 (net)
                      0.051992    0.000147    6.378620 v hold88/A (sky130_fd_sc_hd__dlygate4sd3_1)
     1    0.010204    0.087339    0.567923    6.946543 v hold88/X (sky130_fd_sc_hd__dlygate4sd3_1)
                                                         net186 (net)
                      0.087339    0.000738    6.947281 v input45/A (sky130_fd_sc_hd__buf_12)
     1    0.029245    0.032920    0.140878    7.088159 v input45/X (sky130_fd_sc_hd__buf_12)
                                                         net45 (net)
                      0.033893    0.003760    7.091919 v hold89/A (sky130_fd_sc_hd__buf_12)
     8    0.213923    0.115366    0.147265    7.239184 v hold89/X (sky130_fd_sc_hd__buf_12)
                                                         net187 (net)
                      0.165894    0.057186    7.296370 v i_sram/BEN[6] (CF_SRAM_1024x32)
                                              7.296370   data arrival time

                                  0.000000    0.000000   clock clk (rise edge)
                                  5.570000    5.570000   clock source latency
     1    0.057273    0.610000    0.000000    5.570000 ^ wb_clk_i (in)
                                                         wb_clk_i (net)
                      0.633517    0.012347    5.582347 ^ clkbuf_0_wb_clk_i/A (sky130_fd_sc_hd__clkbuf_16)
     2    0.068881    0.096181    0.315734    5.898081 ^ clkbuf_0_wb_clk_i/X (sky130_fd_sc_hd__clkbuf_16)
                                                         clknet_0_wb_clk_i (net)
                      0.096457    0.004116    5.902197 ^ clkbuf_1_1__f_wb_clk_i/A (sky130_fd_sc_hd__clkbuf_16)
     1    0.137055    0.151250    0.228270    6.130466 ^ clkbuf_1_1__f_wb_clk_i/X (sky130_fd_sc_hd__clkbuf_16)
                                                         clknet_1_1__leaf_wb_clk_i (net)
                      0.156057    0.022239    6.152706 ^ i_sram/CLKin (CF_SRAM_1024x32)
                                  0.100000    6.252706   clock uncertainty
                                  0.000000    6.252706   clock reconvergence pessimism
                                  0.567282    6.819987   library hold time
                                              6.819987   data required time
---------------------------------------------------------------------------------------------
                                              6.819987   data required time
                                             -7.296370   data arrival time
---------------------------------------------------------------------------------------------
                                              0.476382   slack (MET)


Startpoint: wbs_sel_i[0] (input port clocked by clk)
Endpoint: i_sram (rising edge-triggered flip-flop clocked by clk)
Path Group: clk
Path Type: min

Fanout         Cap        Slew       Delay        Time   Description
---------------------------------------------------------------------------------------------
                                  0.000000    0.000000   clock clk (rise edge)
                                  4.650000    4.650000   clock network delay (propagated)
                                  1.190000    5.840000 v input external delay
     1    0.004194    0.090000    0.000000    5.840000 v wbs_sel_i[0] (in)
                                                         wbs_sel_i[0] (net)
                      0.090201    0.000095    5.840096 v hold90/A (sky130_fd_sc_hd__dlygate4sd3_1)
     1    0.002639    0.051992    0.538378    6.378473 v hold90/X (sky130_fd_sc_hd__dlygate4sd3_1)
                                                         net188 (net)
                      0.051992    0.000147    6.378620 v hold88/A (sky130_fd_sc_hd__dlygate4sd3_1)
     1    0.010204    0.087339    0.567923    6.946543 v hold88/X (sky130_fd_sc_hd__dlygate4sd3_1)
                                                         net186 (net)
                      0.087339    0.000738    6.947281 v input45/A (sky130_fd_sc_hd__buf_12)
     1    0.029245    0.032920    0.140878    7.088159 v input45/X (sky130_fd_sc_hd__buf_12)
                                                         net45 (net)
                      0.033893    0.003760    7.091919 v hold89/A (sky130_fd_sc_hd__buf_12)
     8    0.213923    0.115366    0.147265    7.239184 v hold89/X (sky130_fd_sc_hd__buf_12)
                                                         net187 (net)
                      0.171159    0.061056    7.300240 v i_sram/BEN[5] (CF_SRAM_1024x32)
                                              7.300240   data arrival time

                                  0.000000    0.000000   clock clk (rise edge)
                                  5.570000    5.570000   clock source latency
     1    0.057273    0.610000    0.000000    5.570000 ^ wb_clk_i (in)
                                                         wb_clk_i (net)
                      0.633517    0.012347    5.582347 ^ clkbuf_0_wb_clk_i/A (sky130_fd_sc_hd__clkbuf_16)
     2    0.068881    0.096181    0.315734    5.898081 ^ clkbuf_0_wb_clk_i/X (sky130_fd_sc_hd__clkbuf_16)
                                                         clknet_0_wb_clk_i (net)
                      0.096457    0.004116    5.902197 ^ clkbuf_1_1__f_wb_clk_i/A (sky130_fd_sc_hd__clkbuf_16)
     1    0.137055    0.151250    0.228270    6.130466 ^ clkbuf_1_1__f_wb_clk_i/X (sky130_fd_sc_hd__clkbuf_16)
                                                         clknet_1_1__leaf_wb_clk_i (net)
                      0.156057    0.022239    6.152706 ^ i_sram/CLKin (CF_SRAM_1024x32)
                                  0.100000    6.252706   clock uncertainty
                                  0.000000    6.252706   clock reconvergence pessimism
                                  0.566058    6.818764   library hold time
                                              6.818764   data required time
---------------------------------------------------------------------------------------------
                                              6.818764   data required time
                                             -7.300240   data arrival time
---------------------------------------------------------------------------------------------
                                              0.481476   slack (MET)


Startpoint: wbs_sel_i[0] (input port clocked by clk)
Endpoint: i_sram (rising edge-triggered flip-flop clocked by clk)
Path Group: clk
Path Type: min

Fanout         Cap        Slew       Delay        Time   Description
---------------------------------------------------------------------------------------------
                                  0.000000    0.000000   clock clk (rise edge)
                                  4.650000    4.650000   clock network delay (propagated)
                                  1.190000    5.840000 v input external delay
     1    0.004194    0.090000    0.000000    5.840000 v wbs_sel_i[0] (in)
                                                         wbs_sel_i[0] (net)
                      0.090201    0.000095    5.840096 v hold90/A (sky130_fd_sc_hd__dlygate4sd3_1)
     1    0.002639    0.051992    0.538378    6.378473 v hold90/X (sky130_fd_sc_hd__dlygate4sd3_1)
                                                         net188 (net)
                      0.051992    0.000147    6.378620 v hold88/A (sky130_fd_sc_hd__dlygate4sd3_1)
     1    0.010204    0.087339    0.567923    6.946543 v hold88/X (sky130_fd_sc_hd__dlygate4sd3_1)
                                                         net186 (net)
                      0.087339    0.000738    6.947281 v input45/A (sky130_fd_sc_hd__buf_12)
     1    0.029245    0.032920    0.140878    7.088159 v input45/X (sky130_fd_sc_hd__buf_12)
                                                         net45 (net)
                      0.033893    0.003760    7.091919 v hold89/A (sky130_fd_sc_hd__buf_12)
     8    0.213923    0.115366    0.147265    7.239184 v hold89/X (sky130_fd_sc_hd__buf_12)
                                                         net187 (net)
                      0.175162    0.063976    7.303160 v i_sram/BEN[4] (CF_SRAM_1024x32)
                                              7.303160   data arrival time

                                  0.000000    0.000000   clock clk (rise edge)
                                  5.570000    5.570000   clock source latency
     1    0.057273    0.610000    0.000000    5.570000 ^ wb_clk_i (in)
                                                         wb_clk_i (net)
                      0.633517    0.012347    5.582347 ^ clkbuf_0_wb_clk_i/A (sky130_fd_sc_hd__clkbuf_16)
     2    0.068881    0.096181    0.315734    5.898081 ^ clkbuf_0_wb_clk_i/X (sky130_fd_sc_hd__clkbuf_16)
                                                         clknet_0_wb_clk_i (net)
                      0.096457    0.004116    5.902197 ^ clkbuf_1_1__f_wb_clk_i/A (sky130_fd_sc_hd__clkbuf_16)
     1    0.137055    0.151250    0.228270    6.130466 ^ clkbuf_1_1__f_wb_clk_i/X (sky130_fd_sc_hd__clkbuf_16)
                                                         clknet_1_1__leaf_wb_clk_i (net)
                      0.156057    0.022239    6.152706 ^ i_sram/CLKin (CF_SRAM_1024x32)
                                  0.100000    6.252706   clock uncertainty
                                  0.000000    6.252706   clock reconvergence pessimism
                                  0.565128    6.817833   library hold time
                                              6.817833   data required time
---------------------------------------------------------------------------------------------
                                              6.817833   data required time
                                             -7.303160   data arrival time
---------------------------------------------------------------------------------------------
                                              0.485326   slack (MET)


Startpoint: wbs_sel_i[0] (input port clocked by clk)
Endpoint: i_sram (rising edge-triggered flip-flop clocked by clk)
Path Group: clk
Path Type: min

Fanout         Cap        Slew       Delay        Time   Description
---------------------------------------------------------------------------------------------
                                  0.000000    0.000000   clock clk (rise edge)
                                  4.650000    4.650000   clock network delay (propagated)
                                  1.190000    5.840000 v input external delay
     1    0.004194    0.090000    0.000000    5.840000 v wbs_sel_i[0] (in)
                                                         wbs_sel_i[0] (net)
                      0.090201    0.000095    5.840096 v hold90/A (sky130_fd_sc_hd__dlygate4sd3_1)
     1    0.002639    0.051992    0.538378    6.378473 v hold90/X (sky130_fd_sc_hd__dlygate4sd3_1)
                                                         net188 (net)
                      0.051992    0.000147    6.378620 v hold88/A (sky130_fd_sc_hd__dlygate4sd3_1)
     1    0.010204    0.087339    0.567923    6.946543 v hold88/X (sky130_fd_sc_hd__dlygate4sd3_1)
                                                         net186 (net)
                      0.087339    0.000738    6.947281 v input45/A (sky130_fd_sc_hd__buf_12)
     1    0.029245    0.032920    0.140878    7.088159 v input45/X (sky130_fd_sc_hd__buf_12)
                                                         net45 (net)
                      0.033893    0.003760    7.091919 v hold89/A (sky130_fd_sc_hd__buf_12)
     8    0.213923    0.115366    0.147265    7.239184 v hold89/X (sky130_fd_sc_hd__buf_12)
                                                         net187 (net)
                      0.176289    0.064778    7.303962 v i_sram/BEN[3] (CF_SRAM_1024x32)
                                              7.303962   data arrival time

                                  0.000000    0.000000   clock clk (rise edge)
                                  5.570000    5.570000   clock source latency
     1    0.057273    0.610000    0.000000    5.570000 ^ wb_clk_i (in)
                                                         wb_clk_i (net)
                      0.633517    0.012347    5.582347 ^ clkbuf_0_wb_clk_i/A (sky130_fd_sc_hd__clkbuf_16)
     2    0.068881    0.096181    0.315734    5.898081 ^ clkbuf_0_wb_clk_i/X (sky130_fd_sc_hd__clkbuf_16)
                                                         clknet_0_wb_clk_i (net)
                      0.096457    0.004116    5.902197 ^ clkbuf_1_1__f_wb_clk_i/A (sky130_fd_sc_hd__clkbuf_16)
     1    0.137055    0.151250    0.228270    6.130466 ^ clkbuf_1_1__f_wb_clk_i/X (sky130_fd_sc_hd__clkbuf_16)
                                                         clknet_1_1__leaf_wb_clk_i (net)
                      0.156057    0.022239    6.152706 ^ i_sram/CLKin (CF_SRAM_1024x32)
                                  0.100000    6.252706   clock uncertainty
                                  0.000000    6.252706   clock reconvergence pessimism
                                  0.564866    6.817572   library hold time
                                              6.817572   data required time
---------------------------------------------------------------------------------------------
                                              6.817572   data required time
                                             -7.303962   data arrival time
---------------------------------------------------------------------------------------------
                                              0.486390   slack (MET)


Startpoint: wbs_sel_i[0] (input port clocked by clk)
Endpoint: i_sram (rising edge-triggered flip-flop clocked by clk)
Path Group: clk
Path Type: min

Fanout         Cap        Slew       Delay        Time   Description
---------------------------------------------------------------------------------------------
                                  0.000000    0.000000   clock clk (rise edge)
                                  4.650000    4.650000   clock network delay (propagated)
                                  1.190000    5.840000 v input external delay
     1    0.004194    0.090000    0.000000    5.840000 v wbs_sel_i[0] (in)
                                                         wbs_sel_i[0] (net)
                      0.090201    0.000095    5.840096 v hold90/A (sky130_fd_sc_hd__dlygate4sd3_1)
     1    0.002639    0.051992    0.538378    6.378473 v hold90/X (sky130_fd_sc_hd__dlygate4sd3_1)
                                                         net188 (net)
                      0.051992    0.000147    6.378620 v hold88/A (sky130_fd_sc_hd__dlygate4sd3_1)
     1    0.010204    0.087339    0.567923    6.946543 v hold88/X (sky130_fd_sc_hd__dlygate4sd3_1)
                                                         net186 (net)
                      0.087339    0.000738    6.947281 v input45/A (sky130_fd_sc_hd__buf_12)
     1    0.029245    0.032920    0.140878    7.088159 v input45/X (sky130_fd_sc_hd__buf_12)
                                                         net45 (net)
                      0.033893    0.003760    7.091919 v hold89/A (sky130_fd_sc_hd__buf_12)
     8    0.213923    0.115366    0.147265    7.239184 v hold89/X (sky130_fd_sc_hd__buf_12)
                                                         net187 (net)
                      0.177175    0.065432    7.304615 v i_sram/BEN[2] (CF_SRAM_1024x32)
                                              7.304615   data arrival time

                                  0.000000    0.000000   clock clk (rise edge)
                                  5.570000    5.570000   clock source latency
     1    0.057273    0.610000    0.000000    5.570000 ^ wb_clk_i (in)
                                                         wb_clk_i (net)
                      0.633517    0.012347    5.582347 ^ clkbuf_0_wb_clk_i/A (sky130_fd_sc_hd__clkbuf_16)
     2    0.068881    0.096181    0.315734    5.898081 ^ clkbuf_0_wb_clk_i/X (sky130_fd_sc_hd__clkbuf_16)
                                                         clknet_0_wb_clk_i (net)
                      0.096457    0.004116    5.902197 ^ clkbuf_1_1__f_wb_clk_i/A (sky130_fd_sc_hd__clkbuf_16)
     1    0.137055    0.151250    0.228270    6.130466 ^ clkbuf_1_1__f_wb_clk_i/X (sky130_fd_sc_hd__clkbuf_16)
                                                         clknet_1_1__leaf_wb_clk_i (net)
                      0.156057    0.022239    6.152706 ^ i_sram/CLKin (CF_SRAM_1024x32)
                                  0.100000    6.252706   clock uncertainty
                                  0.000000    6.252706   clock reconvergence pessimism
                                  0.564660    6.817366   library hold time
                                              6.817366   data required time
---------------------------------------------------------------------------------------------
                                              6.817366   data required time
                                             -7.304615   data arrival time
---------------------------------------------------------------------------------------------
                                              0.487250   slack (MET)


Startpoint: wbs_sel_i[0] (input port clocked by clk)
Endpoint: i_sram (rising edge-triggered flip-flop clocked by clk)
Path Group: clk
Path Type: min

Fanout         Cap        Slew       Delay        Time   Description
---------------------------------------------------------------------------------------------
                                  0.000000    0.000000   clock clk (rise edge)
                                  4.650000    4.650000   clock network delay (propagated)
                                  1.190000    5.840000 v input external delay
     1    0.004194    0.090000    0.000000    5.840000 v wbs_sel_i[0] (in)
                                                         wbs_sel_i[0] (net)
                      0.090201    0.000095    5.840096 v hold90/A (sky130_fd_sc_hd__dlygate4sd3_1)
     1    0.002639    0.051992    0.538378    6.378473 v hold90/X (sky130_fd_sc_hd__dlygate4sd3_1)
                                                         net188 (net)
                      0.051992    0.000147    6.378620 v hold88/A (sky130_fd_sc_hd__dlygate4sd3_1)
     1    0.010204    0.087339    0.567923    6.946543 v hold88/X (sky130_fd_sc_hd__dlygate4sd3_1)
                                                         net186 (net)
                      0.087339    0.000738    6.947281 v input45/A (sky130_fd_sc_hd__buf_12)
     1    0.029245    0.032920    0.140878    7.088159 v input45/X (sky130_fd_sc_hd__buf_12)
                                                         net45 (net)
                      0.033893    0.003760    7.091919 v hold89/A (sky130_fd_sc_hd__buf_12)
     8    0.213923    0.115366    0.147265    7.239184 v hold89/X (sky130_fd_sc_hd__buf_12)
                                                         net187 (net)
                      0.178276    0.066220    7.305404 v i_sram/BEN[1] (CF_SRAM_1024x32)
                                              7.305404   data arrival time

                                  0.000000    0.000000   clock clk (rise edge)
                                  5.570000    5.570000   clock source latency
     1    0.057273    0.610000    0.000000    5.570000 ^ wb_clk_i (in)
                                                         wb_clk_i (net)
                      0.633517    0.012347    5.582347 ^ clkbuf_0_wb_clk_i/A (sky130_fd_sc_hd__clkbuf_16)
     2    0.068881    0.096181    0.315734    5.898081 ^ clkbuf_0_wb_clk_i/X (sky130_fd_sc_hd__clkbuf_16)
                                                         clknet_0_wb_clk_i (net)
                      0.096457    0.004116    5.902197 ^ clkbuf_1_1__f_wb_clk_i/A (sky130_fd_sc_hd__clkbuf_16)
     1    0.137055    0.151250    0.228270    6.130466 ^ clkbuf_1_1__f_wb_clk_i/X (sky130_fd_sc_hd__clkbuf_16)
                                                         clknet_1_1__leaf_wb_clk_i (net)
                      0.156057    0.022239    6.152706 ^ i_sram/CLKin (CF_SRAM_1024x32)
                                  0.100000    6.252706   clock uncertainty
                                  0.000000    6.252706   clock reconvergence pessimism
                                  0.564404    6.817110   library hold time
                                              6.817110   data required time
---------------------------------------------------------------------------------------------
                                              6.817110   data required time
                                             -7.305404   data arrival time
---------------------------------------------------------------------------------------------
                                              0.488294   slack (MET)


Startpoint: wbs_sel_i[0] (input port clocked by clk)
Endpoint: i_sram (rising edge-triggered flip-flop clocked by clk)
Path Group: clk
Path Type: min

Fanout         Cap        Slew       Delay        Time   Description
---------------------------------------------------------------------------------------------
                                  0.000000    0.000000   clock clk (rise edge)
                                  4.650000    4.650000   clock network delay (propagated)
                                  1.190000    5.840000 v input external delay
     1    0.004194    0.090000    0.000000    5.840000 v wbs_sel_i[0] (in)
                                                         wbs_sel_i[0] (net)
                      0.090201    0.000095    5.840096 v hold90/A (sky130_fd_sc_hd__dlygate4sd3_1)
     1    0.002639    0.051992    0.538378    6.378473 v hold90/X (sky130_fd_sc_hd__dlygate4sd3_1)
                                                         net188 (net)
                      0.051992    0.000147    6.378620 v hold88/A (sky130_fd_sc_hd__dlygate4sd3_1)
     1    0.010204    0.087339    0.567923    6.946543 v hold88/X (sky130_fd_sc_hd__dlygate4sd3_1)
                                                         net186 (net)
                      0.087339    0.000738    6.947281 v input45/A (sky130_fd_sc_hd__buf_12)
     1    0.029245    0.032920    0.140878    7.088159 v input45/X (sky130_fd_sc_hd__buf_12)
                                                         net45 (net)
                      0.033893    0.003760    7.091919 v hold89/A (sky130_fd_sc_hd__buf_12)
     8    0.213923    0.115366    0.147265    7.239184 v hold89/X (sky130_fd_sc_hd__buf_12)
                                                         net187 (net)
                      0.179364    0.066998    7.306181 v i_sram/BEN[0] (CF_SRAM_1024x32)
                                              7.306181   data arrival time

                                  0.000000    0.000000   clock clk (rise edge)
                                  5.570000    5.570000   clock source latency
     1    0.057273    0.610000    0.000000    5.570000 ^ wb_clk_i (in)
                                                         wb_clk_i (net)
                      0.633517    0.012347    5.582347 ^ clkbuf_0_wb_clk_i/A (sky130_fd_sc_hd__clkbuf_16)
     2    0.068881    0.096181    0.315734    5.898081 ^ clkbuf_0_wb_clk_i/X (sky130_fd_sc_hd__clkbuf_16)
                                                         clknet_0_wb_clk_i (net)
                      0.096457    0.004116    5.902197 ^ clkbuf_1_1__f_wb_clk_i/A (sky130_fd_sc_hd__clkbuf_16)
     1    0.137055    0.151250    0.228270    6.130466 ^ clkbuf_1_1__f_wb_clk_i/X (sky130_fd_sc_hd__clkbuf_16)
                                                         clknet_1_1__leaf_wb_clk_i (net)
                      0.156057    0.022239    6.152706 ^ i_sram/CLKin (CF_SRAM_1024x32)
                                  0.100000    6.252706   clock uncertainty
                                  0.000000    6.252706   clock reconvergence pessimism
                                  0.564151    6.816856   library hold time
                                              6.816856   data required time
---------------------------------------------------------------------------------------------
                                              6.816856   data required time
                                             -7.306181   data arrival time
---------------------------------------------------------------------------------------------
                                              0.489325   slack (MET)


Startpoint: wbs_cyc_i (input port clocked by clk)
Endpoint: i_sram (rising edge-triggered flip-flop clocked by clk)
Path Group: clk
Path Type: min

Fanout         Cap        Slew       Delay        Time   Description
---------------------------------------------------------------------------------------------
                                  0.000000    0.000000   clock clk (rise edge)
                                  4.650000    4.650000   clock network delay (propagated)
                                  1.690000    6.340000 v input external delay
     1    0.003038    0.090000    0.000000    6.340000 v wbs_cyc_i (in)
                                                         wbs_cyc_i (net)
                      0.090162    0.000077    6.340076 v input12/A (sky130_fd_sc_hd__buf_2)
     5    0.059738    0.143394    0.222938    6.563015 v input12/X (sky130_fd_sc_hd__buf_2)
                                                         net12 (net)
                      0.143829    0.006298    6.569313 v fanout89/A (sky130_fd_sc_hd__clkbuf_4)
    15    0.065031    0.134129    0.250956    6.820269 v fanout89/X (sky130_fd_sc_hd__clkbuf_4)
                                                         net89 (net)
                      0.135124    0.008985    6.829254 v _12_/A (sky130_fd_sc_hd__and2_4)
     2    0.096131    0.128975    0.246319    7.075572 v _12_/X (sky130_fd_sc_hd__and2_4)
                                                         i_ram_wb_controller.EN (net)
                      0.139129    0.026575    7.102147 v i_sram/EN (CF_SRAM_1024x32)
                                              7.102147   data arrival time

                                  0.000000    0.000000   clock clk (rise edge)
                                  5.570000    5.570000   clock source latency
     1    0.057273    0.610000    0.000000    5.570000 ^ wb_clk_i (in)
                                                         wb_clk_i (net)
                      0.633517    0.012347    5.582347 ^ clkbuf_0_wb_clk_i/A (sky130_fd_sc_hd__clkbuf_16)
     2    0.068881    0.096181    0.315734    5.898081 ^ clkbuf_0_wb_clk_i/X (sky130_fd_sc_hd__clkbuf_16)
                                                         clknet_0_wb_clk_i (net)
                      0.096457    0.004116    5.902197 ^ clkbuf_1_1__f_wb_clk_i/A (sky130_fd_sc_hd__clkbuf_16)
     1    0.137055    0.151250    0.228270    6.130466 ^ clkbuf_1_1__f_wb_clk_i/X (sky130_fd_sc_hd__clkbuf_16)
                                                         clknet_1_1__leaf_wb_clk_i (net)
                      0.156057    0.022239    6.152706 ^ i_sram/CLKin (CF_SRAM_1024x32)
                                  0.100000    6.252706   clock uncertainty
                                  0.000000    6.252706   clock reconvergence pessimism
                                  0.348881    6.601587   library hold time
                                              6.601587   data required time
---------------------------------------------------------------------------------------------
                                              6.601587   data required time
                                             -7.102147   data arrival time
---------------------------------------------------------------------------------------------
                                              0.500560   slack (MET)


Startpoint: wbs_sel_i[2] (input port clocked by clk)
Endpoint: i_sram (rising edge-triggered flip-flop clocked by clk)
Path Group: clk
Path Type: min

Fanout         Cap        Slew       Delay        Time   Description
---------------------------------------------------------------------------------------------
                                  0.000000    0.000000   clock clk (rise edge)
                                  4.650000    4.650000   clock network delay (propagated)
                                  1.190000    5.840000 v input external delay
     1    0.005882    0.090000    0.000000    5.840000 v wbs_sel_i[2] (in)
                                                         wbs_sel_i[2] (net)
                      0.090326    0.000155    5.840155 v hold93/A (sky130_fd_sc_hd__dlygate4sd3_1)
     1    0.004216    0.059794    0.549943    6.390099 v hold93/X (sky130_fd_sc_hd__dlygate4sd3_1)
                                                         net191 (net)
                      0.059794    0.000277    6.390376 v hold91/A (sky130_fd_sc_hd__dlygate4sd3_1)
     1    0.012094    0.095814    0.579395    6.969770 v hold91/X (sky130_fd_sc_hd__dlygate4sd3_1)
                                                         net189 (net)
                      0.095814    0.000943    6.970714 v input47/A (sky130_fd_sc_hd__buf_12)
     1    0.068791    0.048943    0.158834    7.129548 v input47/X (sky130_fd_sc_hd__buf_12)
                                                         net47 (net)
                      0.058435    0.015589    7.145137 v hold92/A (sky130_fd_sc_hd__buf_12)
     8    0.193330    0.109382    0.162317    7.307455 v hold92/X (sky130_fd_sc_hd__buf_12)
                                                         net190 (net)
                      0.129048    0.033238    7.340692 v i_sram/BEN[16] (CF_SRAM_1024x32)
                                              7.340692   data arrival time

                                  0.000000    0.000000   clock clk (rise edge)
                                  5.570000    5.570000   clock source latency
     1    0.057273    0.610000    0.000000    5.570000 ^ wb_clk_i (in)
                                                         wb_clk_i (net)
                      0.633517    0.012347    5.582347 ^ clkbuf_0_wb_clk_i/A (sky130_fd_sc_hd__clkbuf_16)
     2    0.068881    0.096181    0.315734    5.898081 ^ clkbuf_0_wb_clk_i/X (sky130_fd_sc_hd__clkbuf_16)
                                                         clknet_0_wb_clk_i (net)
                      0.096457    0.004116    5.902197 ^ clkbuf_1_1__f_wb_clk_i/A (sky130_fd_sc_hd__clkbuf_16)
     1    0.137055    0.151250    0.228270    6.130466 ^ clkbuf_1_1__f_wb_clk_i/X (sky130_fd_sc_hd__clkbuf_16)
                                                         clknet_1_1__leaf_wb_clk_i (net)
                      0.156057    0.022239    6.152706 ^ i_sram/CLKin (CF_SRAM_1024x32)
                                  0.100000    6.252706   clock uncertainty
                                  0.000000    6.252706   clock reconvergence pessimism
                                  0.575845    6.828551   library hold time
                                              6.828551   data required time
---------------------------------------------------------------------------------------------
                                              6.828551   data required time
                                             -7.340692   data arrival time
---------------------------------------------------------------------------------------------
                                              0.512141   slack (MET)


Startpoint: wbs_sel_i[2] (input port clocked by clk)
Endpoint: i_sram (rising edge-triggered flip-flop clocked by clk)
Path Group: clk
Path Type: min

Fanout         Cap        Slew       Delay        Time   Description
---------------------------------------------------------------------------------------------
                                  0.000000    0.000000   clock clk (rise edge)
                                  4.650000    4.650000   clock network delay (propagated)
                                  1.190000    5.840000 v input external delay
     1    0.005882    0.090000    0.000000    5.840000 v wbs_sel_i[2] (in)
                                                         wbs_sel_i[2] (net)
                      0.090326    0.000155    5.840155 v hold93/A (sky130_fd_sc_hd__dlygate4sd3_1)
     1    0.004216    0.059794    0.549943    6.390099 v hold93/X (sky130_fd_sc_hd__dlygate4sd3_1)
                                                         net191 (net)
                      0.059794    0.000277    6.390376 v hold91/A (sky130_fd_sc_hd__dlygate4sd3_1)
     1    0.012094    0.095814    0.579395    6.969770 v hold91/X (sky130_fd_sc_hd__dlygate4sd3_1)
                                                         net189 (net)
                      0.095814    0.000943    6.970714 v input47/A (sky130_fd_sc_hd__buf_12)
     1    0.068791    0.048943    0.158834    7.129548 v input47/X (sky130_fd_sc_hd__buf_12)
                                                         net47 (net)
                      0.058435    0.015589    7.145137 v hold92/A (sky130_fd_sc_hd__buf_12)
     8    0.193330    0.109382    0.162317    7.307455 v hold92/X (sky130_fd_sc_hd__buf_12)
                                                         net190 (net)
                      0.133304    0.037163    7.344617 v i_sram/BEN[17] (CF_SRAM_1024x32)
                                              7.344617   data arrival time

                                  0.000000    0.000000   clock clk (rise edge)
                                  5.570000    5.570000   clock source latency
     1    0.057273    0.610000    0.000000    5.570000 ^ wb_clk_i (in)
                                                         wb_clk_i (net)
                      0.633517    0.012347    5.582347 ^ clkbuf_0_wb_clk_i/A (sky130_fd_sc_hd__clkbuf_16)
     2    0.068881    0.096181    0.315734    5.898081 ^ clkbuf_0_wb_clk_i/X (sky130_fd_sc_hd__clkbuf_16)
                                                         clknet_0_wb_clk_i (net)
                      0.096457    0.004116    5.902197 ^ clkbuf_1_1__f_wb_clk_i/A (sky130_fd_sc_hd__clkbuf_16)
     1    0.137055    0.151250    0.228270    6.130466 ^ clkbuf_1_1__f_wb_clk_i/X (sky130_fd_sc_hd__clkbuf_16)
                                                         clknet_1_1__leaf_wb_clk_i (net)
                      0.156057    0.022239    6.152706 ^ i_sram/CLKin (CF_SRAM_1024x32)
                                  0.100000    6.252706   clock uncertainty
                                  0.000000    6.252706   clock reconvergence pessimism
                                  0.574856    6.827562   library hold time
                                              6.827562   data required time
---------------------------------------------------------------------------------------------
                                              6.827562   data required time
                                             -7.344617   data arrival time
---------------------------------------------------------------------------------------------
                                              0.517056   slack (MET)


Startpoint: wbs_sel_i[2] (input port clocked by clk)
Endpoint: i_sram (rising edge-triggered flip-flop clocked by clk)
Path Group: clk
Path Type: min

Fanout         Cap        Slew       Delay        Time   Description
---------------------------------------------------------------------------------------------
                                  0.000000    0.000000   clock clk (rise edge)
                                  4.650000    4.650000   clock network delay (propagated)
                                  1.190000    5.840000 v input external delay
     1    0.005882    0.090000    0.000000    5.840000 v wbs_sel_i[2] (in)
                                                         wbs_sel_i[2] (net)
                      0.090326    0.000155    5.840155 v hold93/A (sky130_fd_sc_hd__dlygate4sd3_1)
     1    0.004216    0.059794    0.549943    6.390099 v hold93/X (sky130_fd_sc_hd__dlygate4sd3_1)
                                                         net191 (net)
                      0.059794    0.000277    6.390376 v hold91/A (sky130_fd_sc_hd__dlygate4sd3_1)
     1    0.012094    0.095814    0.579395    6.969770 v hold91/X (sky130_fd_sc_hd__dlygate4sd3_1)
                                                         net189 (net)
                      0.095814    0.000943    6.970714 v input47/A (sky130_fd_sc_hd__buf_12)
     1    0.068791    0.048943    0.158834    7.129548 v input47/X (sky130_fd_sc_hd__buf_12)
                                                         net47 (net)
                      0.058435    0.015589    7.145137 v hold92/A (sky130_fd_sc_hd__buf_12)
     8    0.193330    0.109382    0.162317    7.307455 v hold92/X (sky130_fd_sc_hd__buf_12)
                                                         net190 (net)
                      0.134669    0.038388    7.345842 v i_sram/BEN[18] (CF_SRAM_1024x32)
                                              7.345842   data arrival time

                                  0.000000    0.000000   clock clk (rise edge)
                                  5.570000    5.570000   clock source latency
     1    0.057273    0.610000    0.000000    5.570000 ^ wb_clk_i (in)
                                                         wb_clk_i (net)
                      0.633517    0.012347    5.582347 ^ clkbuf_0_wb_clk_i/A (sky130_fd_sc_hd__clkbuf_16)
     2    0.068881    0.096181    0.315734    5.898081 ^ clkbuf_0_wb_clk_i/X (sky130_fd_sc_hd__clkbuf_16)
                                                         clknet_0_wb_clk_i (net)
                      0.096457    0.004116    5.902197 ^ clkbuf_1_1__f_wb_clk_i/A (sky130_fd_sc_hd__clkbuf_16)
     1    0.137055    0.151250    0.228270    6.130466 ^ clkbuf_1_1__f_wb_clk_i/X (sky130_fd_sc_hd__clkbuf_16)
                                                         clknet_1_1__leaf_wb_clk_i (net)
                      0.156057    0.022239    6.152706 ^ i_sram/CLKin (CF_SRAM_1024x32)
                                  0.100000    6.252706   clock uncertainty
                                  0.000000    6.252706   clock reconvergence pessimism
                                  0.574539    6.827244   library hold time
                                              6.827244   data required time
---------------------------------------------------------------------------------------------
                                              6.827244   data required time
                                             -7.345842   data arrival time
---------------------------------------------------------------------------------------------
                                              0.518598   slack (MET)


Startpoint: wbs_sel_i[3] (input port clocked by clk)
Endpoint: i_sram (rising edge-triggered flip-flop clocked by clk)
Path Group: clk
Path Type: min

Fanout         Cap        Slew       Delay        Time   Description
---------------------------------------------------------------------------------------------
                                  0.000000    0.000000   clock clk (rise edge)
                                  4.650000    4.650000   clock network delay (propagated)
                                  1.190000    5.840000 v input external delay
     1    0.007724    0.090000    0.000000    5.840000 v wbs_sel_i[3] (in)
                                                         wbs_sel_i[3] (net)
                      0.090488    0.000232    5.840232 v hold96/A (sky130_fd_sc_hd__dlygate4sd3_1)
     1    0.005190    0.064849    0.555975    6.396207 v hold96/X (sky130_fd_sc_hd__dlygate4sd3_1)
                                                         net194 (net)
                      0.064849    0.000350    6.396558 v hold94/A (sky130_fd_sc_hd__dlygate4sd3_1)
     1    0.011645    0.093897    0.579582    6.976140 v hold94/X (sky130_fd_sc_hd__dlygate4sd3_1)
                                                         net192 (net)
                      0.093897    0.000923    6.977063 v input48/A (sky130_fd_sc_hd__buf_12)
     1    0.076894    0.053414    0.163373    7.140436 v input48/X (sky130_fd_sc_hd__buf_12)
                                                         net48 (net)
                      0.055238    0.007273    7.147709 v hold95/A (sky130_fd_sc_hd__buf_12)
     8    0.198194    0.109462    0.155189    7.302897 v hold95/X (sky130_fd_sc_hd__buf_12)
                                                         net193 (net)
                      0.141142    0.042207    7.345104 v i_sram/BEN[24] (CF_SRAM_1024x32)
                                              7.345104   data arrival time

                                  0.000000    0.000000   clock clk (rise edge)
                                  5.570000    5.570000   clock source latency
     1    0.057273    0.610000    0.000000    5.570000 ^ wb_clk_i (in)
                                                         wb_clk_i (net)
                      0.633517    0.012347    5.582347 ^ clkbuf_0_wb_clk_i/A (sky130_fd_sc_hd__clkbuf_16)
     2    0.068881    0.096181    0.315734    5.898081 ^ clkbuf_0_wb_clk_i/X (sky130_fd_sc_hd__clkbuf_16)
                                                         clknet_0_wb_clk_i (net)
                      0.096457    0.004116    5.902197 ^ clkbuf_1_1__f_wb_clk_i/A (sky130_fd_sc_hd__clkbuf_16)
     1    0.137055    0.151250    0.228270    6.130466 ^ clkbuf_1_1__f_wb_clk_i/X (sky130_fd_sc_hd__clkbuf_16)
                                                         clknet_1_1__leaf_wb_clk_i (net)
                      0.156057    0.022239    6.152706 ^ i_sram/CLKin (CF_SRAM_1024x32)
                                  0.100000    6.252706   clock uncertainty
                                  0.000000    6.252706   clock reconvergence pessimism
                                  0.573035    6.825740   library hold time
                                              6.825740   data required time
---------------------------------------------------------------------------------------------
                                              6.825740   data required time
                                             -7.345104   data arrival time
---------------------------------------------------------------------------------------------
                                              0.519364   slack (MET)


Startpoint: wbs_sel_i[2] (input port clocked by clk)
Endpoint: i_sram (rising edge-triggered flip-flop clocked by clk)
Path Group: clk
Path Type: min

Fanout         Cap        Slew       Delay        Time   Description
---------------------------------------------------------------------------------------------
                                  0.000000    0.000000   clock clk (rise edge)
                                  4.650000    4.650000   clock network delay (propagated)
                                  1.190000    5.840000 v input external delay
     1    0.005882    0.090000    0.000000    5.840000 v wbs_sel_i[2] (in)
                                                         wbs_sel_i[2] (net)
                      0.090326    0.000155    5.840155 v hold93/A (sky130_fd_sc_hd__dlygate4sd3_1)
     1    0.004216    0.059794    0.549943    6.390099 v hold93/X (sky130_fd_sc_hd__dlygate4sd3_1)
                                                         net191 (net)
                      0.059794    0.000277    6.390376 v hold91/A (sky130_fd_sc_hd__dlygate4sd3_1)
     1    0.012094    0.095814    0.579395    6.969770 v hold91/X (sky130_fd_sc_hd__dlygate4sd3_1)
                                                         net189 (net)
                      0.095814    0.000943    6.970714 v input47/A (sky130_fd_sc_hd__buf_12)
     1    0.068791    0.048943    0.158834    7.129548 v input47/X (sky130_fd_sc_hd__buf_12)
                                                         net47 (net)
                      0.058435    0.015589    7.145137 v hold92/A (sky130_fd_sc_hd__buf_12)
     8    0.193330    0.109382    0.162317    7.307455 v hold92/X (sky130_fd_sc_hd__buf_12)
                                                         net190 (net)
                      0.135972    0.039539    7.346993 v i_sram/BEN[19] (CF_SRAM_1024x32)
                                              7.346993   data arrival time

                                  0.000000    0.000000   clock clk (rise edge)
                                  5.570000    5.570000   clock source latency
     1    0.057273    0.610000    0.000000    5.570000 ^ wb_clk_i (in)
                                                         wb_clk_i (net)
                      0.633517    0.012347    5.582347 ^ clkbuf_0_wb_clk_i/A (sky130_fd_sc_hd__clkbuf_16)
     2    0.068881    0.096181    0.315734    5.898081 ^ clkbuf_0_wb_clk_i/X (sky130_fd_sc_hd__clkbuf_16)
                                                         clknet_0_wb_clk_i (net)
                      0.096457    0.004116    5.902197 ^ clkbuf_1_1__f_wb_clk_i/A (sky130_fd_sc_hd__clkbuf_16)
     1    0.137055    0.151250    0.228270    6.130466 ^ clkbuf_1_1__f_wb_clk_i/X (sky130_fd_sc_hd__clkbuf_16)
                                                         clknet_1_1__leaf_wb_clk_i (net)
                      0.156057    0.022239    6.152706 ^ i_sram/CLKin (CF_SRAM_1024x32)
                                  0.100000    6.252706   clock uncertainty
                                  0.000000    6.252706   clock reconvergence pessimism
                                  0.574236    6.826942   library hold time
                                              6.826942   data required time
---------------------------------------------------------------------------------------------
                                              6.826942   data required time
                                             -7.346993   data arrival time
---------------------------------------------------------------------------------------------
                                              0.520051   slack (MET)


Startpoint: wbs_sel_i[2] (input port clocked by clk)
Endpoint: i_sram (rising edge-triggered flip-flop clocked by clk)
Path Group: clk
Path Type: min

Fanout         Cap        Slew       Delay        Time   Description
---------------------------------------------------------------------------------------------
                                  0.000000    0.000000   clock clk (rise edge)
                                  4.650000    4.650000   clock network delay (propagated)
                                  1.190000    5.840000 v input external delay
     1    0.005882    0.090000    0.000000    5.840000 v wbs_sel_i[2] (in)
                                                         wbs_sel_i[2] (net)
                      0.090326    0.000155    5.840155 v hold93/A (sky130_fd_sc_hd__dlygate4sd3_1)
     1    0.004216    0.059794    0.549943    6.390099 v hold93/X (sky130_fd_sc_hd__dlygate4sd3_1)
                                                         net191 (net)
                      0.059794    0.000277    6.390376 v hold91/A (sky130_fd_sc_hd__dlygate4sd3_1)
     1    0.012094    0.095814    0.579395    6.969770 v hold91/X (sky130_fd_sc_hd__dlygate4sd3_1)
                                                         net189 (net)
                      0.095814    0.000943    6.970714 v input47/A (sky130_fd_sc_hd__buf_12)
     1    0.068791    0.048943    0.158834    7.129548 v input47/X (sky130_fd_sc_hd__buf_12)
                                                         net47 (net)
                      0.058435    0.015589    7.145137 v hold92/A (sky130_fd_sc_hd__buf_12)
     8    0.193330    0.109382    0.162317    7.307455 v hold92/X (sky130_fd_sc_hd__buf_12)
                                                         net190 (net)
                      0.136879    0.040331    7.347785 v i_sram/BEN[20] (CF_SRAM_1024x32)
                                              7.347785   data arrival time

                                  0.000000    0.000000   clock clk (rise edge)
                                  5.570000    5.570000   clock source latency
     1    0.057273    0.610000    0.000000    5.570000 ^ wb_clk_i (in)
                                                         wb_clk_i (net)
                      0.633517    0.012347    5.582347 ^ clkbuf_0_wb_clk_i/A (sky130_fd_sc_hd__clkbuf_16)
     2    0.068881    0.096181    0.315734    5.898081 ^ clkbuf_0_wb_clk_i/X (sky130_fd_sc_hd__clkbuf_16)
                                                         clknet_0_wb_clk_i (net)
                      0.096457    0.004116    5.902197 ^ clkbuf_1_1__f_wb_clk_i/A (sky130_fd_sc_hd__clkbuf_16)
     1    0.137055    0.151250    0.228270    6.130466 ^ clkbuf_1_1__f_wb_clk_i/X (sky130_fd_sc_hd__clkbuf_16)
                                                         clknet_1_1__leaf_wb_clk_i (net)
                      0.156057    0.022239    6.152706 ^ i_sram/CLKin (CF_SRAM_1024x32)
                                  0.100000    6.252706   clock uncertainty
                                  0.000000    6.252706   clock reconvergence pessimism
                                  0.574025    6.826731   library hold time
                                              6.826731   data required time
---------------------------------------------------------------------------------------------
                                              6.826731   data required time
                                             -7.347785   data arrival time
---------------------------------------------------------------------------------------------
                                              0.521054   slack (MET)


Startpoint: wbs_sel_i[2] (input port clocked by clk)
Endpoint: i_sram (rising edge-triggered flip-flop clocked by clk)
Path Group: clk
Path Type: min

Fanout         Cap        Slew       Delay        Time   Description
---------------------------------------------------------------------------------------------
                                  0.000000    0.000000   clock clk (rise edge)
                                  4.650000    4.650000   clock network delay (propagated)
                                  1.190000    5.840000 v input external delay
     1    0.005882    0.090000    0.000000    5.840000 v wbs_sel_i[2] (in)
                                                         wbs_sel_i[2] (net)
                      0.090326    0.000155    5.840155 v hold93/A (sky130_fd_sc_hd__dlygate4sd3_1)
     1    0.004216    0.059794    0.549943    6.390099 v hold93/X (sky130_fd_sc_hd__dlygate4sd3_1)
                                                         net191 (net)
                      0.059794    0.000277    6.390376 v hold91/A (sky130_fd_sc_hd__dlygate4sd3_1)
     1    0.012094    0.095814    0.579395    6.969770 v hold91/X (sky130_fd_sc_hd__dlygate4sd3_1)
                                                         net189 (net)
                      0.095814    0.000943    6.970714 v input47/A (sky130_fd_sc_hd__buf_12)
     1    0.068791    0.048943    0.158834    7.129548 v input47/X (sky130_fd_sc_hd__buf_12)
                                                         net47 (net)
                      0.058435    0.015589    7.145137 v hold92/A (sky130_fd_sc_hd__buf_12)
     8    0.193330    0.109382    0.162317    7.307455 v hold92/X (sky130_fd_sc_hd__buf_12)
                                                         net190 (net)
                      0.137612    0.040966    7.348421 v i_sram/BEN[21] (CF_SRAM_1024x32)
                                              7.348421   data arrival time

                                  0.000000    0.000000   clock clk (rise edge)
                                  5.570000    5.570000   clock source latency
     1    0.057273    0.610000    0.000000    5.570000 ^ wb_clk_i (in)
                                                         wb_clk_i (net)
                      0.633517    0.012347    5.582347 ^ clkbuf_0_wb_clk_i/A (sky130_fd_sc_hd__clkbuf_16)
     2    0.068881    0.096181    0.315734    5.898081 ^ clkbuf_0_wb_clk_i/X (sky130_fd_sc_hd__clkbuf_16)
                                                         clknet_0_wb_clk_i (net)
                      0.096457    0.004116    5.902197 ^ clkbuf_1_1__f_wb_clk_i/A (sky130_fd_sc_hd__clkbuf_16)
     1    0.137055    0.151250    0.228270    6.130466 ^ clkbuf_1_1__f_wb_clk_i/X (sky130_fd_sc_hd__clkbuf_16)
                                                         clknet_1_1__leaf_wb_clk_i (net)
                      0.156057    0.022239    6.152706 ^ i_sram/CLKin (CF_SRAM_1024x32)
                                  0.100000    6.252706   clock uncertainty
                                  0.000000    6.252706   clock reconvergence pessimism
                                  0.573855    6.826560   library hold time
                                              6.826560   data required time
---------------------------------------------------------------------------------------------
                                              6.826560   data required time
                                             -7.348421   data arrival time
---------------------------------------------------------------------------------------------
                                              0.521860   slack (MET)


Startpoint: wbs_sel_i[2] (input port clocked by clk)
Endpoint: i_sram (rising edge-triggered flip-flop clocked by clk)
Path Group: clk
Path Type: min

Fanout         Cap        Slew       Delay        Time   Description
---------------------------------------------------------------------------------------------
                                  0.000000    0.000000   clock clk (rise edge)
                                  4.650000    4.650000   clock network delay (propagated)
                                  1.190000    5.840000 v input external delay
     1    0.005882    0.090000    0.000000    5.840000 v wbs_sel_i[2] (in)
                                                         wbs_sel_i[2] (net)
                      0.090326    0.000155    5.840155 v hold93/A (sky130_fd_sc_hd__dlygate4sd3_1)
     1    0.004216    0.059794    0.549943    6.390099 v hold93/X (sky130_fd_sc_hd__dlygate4sd3_1)
                                                         net191 (net)
                      0.059794    0.000277    6.390376 v hold91/A (sky130_fd_sc_hd__dlygate4sd3_1)
     1    0.012094    0.095814    0.579395    6.969770 v hold91/X (sky130_fd_sc_hd__dlygate4sd3_1)
                                                         net189 (net)
                      0.095814    0.000943    6.970714 v input47/A (sky130_fd_sc_hd__buf_12)
     1    0.068791    0.048943    0.158834    7.129548 v input47/X (sky130_fd_sc_hd__buf_12)
                                                         net47 (net)
                      0.058435    0.015589    7.145137 v hold92/A (sky130_fd_sc_hd__buf_12)
     8    0.193330    0.109382    0.162317    7.307455 v hold92/X (sky130_fd_sc_hd__buf_12)
                                                         net190 (net)
                      0.138509    0.041738    7.349192 v i_sram/BEN[22] (CF_SRAM_1024x32)
                                              7.349192   data arrival time

                                  0.000000    0.000000   clock clk (rise edge)
                                  5.570000    5.570000   clock source latency
     1    0.057273    0.610000    0.000000    5.570000 ^ wb_clk_i (in)
                                                         wb_clk_i (net)
                      0.633517    0.012347    5.582347 ^ clkbuf_0_wb_clk_i/A (sky130_fd_sc_hd__clkbuf_16)
     2    0.068881    0.096181    0.315734    5.898081 ^ clkbuf_0_wb_clk_i/X (sky130_fd_sc_hd__clkbuf_16)
                                                         clknet_0_wb_clk_i (net)
                      0.096457    0.004116    5.902197 ^ clkbuf_1_1__f_wb_clk_i/A (sky130_fd_sc_hd__clkbuf_16)
     1    0.137055    0.151250    0.228270    6.130466 ^ clkbuf_1_1__f_wb_clk_i/X (sky130_fd_sc_hd__clkbuf_16)
                                                         clknet_1_1__leaf_wb_clk_i (net)
                      0.156057    0.022239    6.152706 ^ i_sram/CLKin (CF_SRAM_1024x32)
                                  0.100000    6.252706   clock uncertainty
                                  0.000000    6.252706   clock reconvergence pessimism
                                  0.573646    6.826352   library hold time
                                              6.826352   data required time
---------------------------------------------------------------------------------------------
                                              6.826352   data required time
                                             -7.349192   data arrival time
---------------------------------------------------------------------------------------------
                                              0.522840   slack (MET)


Startpoint: wbs_sel_i[2] (input port clocked by clk)
Endpoint: i_sram (rising edge-triggered flip-flop clocked by clk)
Path Group: clk
Path Type: min

Fanout         Cap        Slew       Delay        Time   Description
---------------------------------------------------------------------------------------------
                                  0.000000    0.000000   clock clk (rise edge)
                                  4.650000    4.650000   clock network delay (propagated)
                                  1.190000    5.840000 v input external delay
     1    0.005882    0.090000    0.000000    5.840000 v wbs_sel_i[2] (in)
                                                         wbs_sel_i[2] (net)
                      0.090326    0.000155    5.840155 v hold93/A (sky130_fd_sc_hd__dlygate4sd3_1)
     1    0.004216    0.059794    0.549943    6.390099 v hold93/X (sky130_fd_sc_hd__dlygate4sd3_1)
                                                         net191 (net)
                      0.059794    0.000277    6.390376 v hold91/A (sky130_fd_sc_hd__dlygate4sd3_1)
     1    0.012094    0.095814    0.579395    6.969770 v hold91/X (sky130_fd_sc_hd__dlygate4sd3_1)
                                                         net189 (net)
                      0.095814    0.000943    6.970714 v input47/A (sky130_fd_sc_hd__buf_12)
     1    0.068791    0.048943    0.158834    7.129548 v input47/X (sky130_fd_sc_hd__buf_12)
                                                         net47 (net)
                      0.058435    0.015589    7.145137 v hold92/A (sky130_fd_sc_hd__buf_12)
     8    0.193330    0.109382    0.162317    7.307455 v hold92/X (sky130_fd_sc_hd__buf_12)
                                                         net190 (net)
                      0.139436    0.042528    7.349983 v i_sram/BEN[23] (CF_SRAM_1024x32)
                                              7.349983   data arrival time

                                  0.000000    0.000000   clock clk (rise edge)
                                  5.570000    5.570000   clock source latency
     1    0.057273    0.610000    0.000000    5.570000 ^ wb_clk_i (in)
                                                         wb_clk_i (net)
                      0.633517    0.012347    5.582347 ^ clkbuf_0_wb_clk_i/A (sky130_fd_sc_hd__clkbuf_16)
     2    0.068881    0.096181    0.315734    5.898081 ^ clkbuf_0_wb_clk_i/X (sky130_fd_sc_hd__clkbuf_16)
                                                         clknet_0_wb_clk_i (net)
                      0.096457    0.004116    5.902197 ^ clkbuf_1_1__f_wb_clk_i/A (sky130_fd_sc_hd__clkbuf_16)
     1    0.137055    0.151250    0.228270    6.130466 ^ clkbuf_1_1__f_wb_clk_i/X (sky130_fd_sc_hd__clkbuf_16)
                                                         clknet_1_1__leaf_wb_clk_i (net)
                      0.156057    0.022239    6.152706 ^ i_sram/CLKin (CF_SRAM_1024x32)
                                  0.100000    6.252706   clock uncertainty
                                  0.000000    6.252706   clock reconvergence pessimism
                                  0.573431    6.826136   library hold time
                                              6.826136   data required time
---------------------------------------------------------------------------------------------
                                              6.826136   data required time
                                             -7.349983   data arrival time
---------------------------------------------------------------------------------------------
                                              0.523846   slack (MET)


Startpoint: wbs_sel_i[3] (input port clocked by clk)
Endpoint: i_sram (rising edge-triggered flip-flop clocked by clk)
Path Group: clk
Path Type: min

Fanout         Cap        Slew       Delay        Time   Description
---------------------------------------------------------------------------------------------
                                  0.000000    0.000000   clock clk (rise edge)
                                  4.650000    4.650000   clock network delay (propagated)
                                  1.190000    5.840000 v input external delay
     1    0.007724    0.090000    0.000000    5.840000 v wbs_sel_i[3] (in)
                                                         wbs_sel_i[3] (net)
                      0.090488    0.000232    5.840232 v hold96/A (sky130_fd_sc_hd__dlygate4sd3_1)
     1    0.005190    0.064849    0.555975    6.396207 v hold96/X (sky130_fd_sc_hd__dlygate4sd3_1)
                                                         net194 (net)
                      0.064849    0.000350    6.396558 v hold94/A (sky130_fd_sc_hd__dlygate4sd3_1)
     1    0.011645    0.093897    0.579582    6.976140 v hold94/X (sky130_fd_sc_hd__dlygate4sd3_1)
                                                         net192 (net)
                      0.093897    0.000923    6.977063 v input48/A (sky130_fd_sc_hd__buf_12)
     1    0.076894    0.053414    0.163373    7.140436 v input48/X (sky130_fd_sc_hd__buf_12)
                                                         net48 (net)
                      0.055238    0.007273    7.147709 v hold95/A (sky130_fd_sc_hd__buf_12)
     8    0.198194    0.109462    0.155189    7.302897 v hold95/X (sky130_fd_sc_hd__buf_12)
                                                         net193 (net)
                      0.148176    0.047831    7.350729 v i_sram/BEN[25] (CF_SRAM_1024x32)
                                              7.350729   data arrival time

                                  0.000000    0.000000   clock clk (rise edge)
                                  5.570000    5.570000   clock source latency
     1    0.057273    0.610000    0.000000    5.570000 ^ wb_clk_i (in)
                                                         wb_clk_i (net)
                      0.633517    0.012347    5.582347 ^ clkbuf_0_wb_clk_i/A (sky130_fd_sc_hd__clkbuf_16)
     2    0.068881    0.096181    0.315734    5.898081 ^ clkbuf_0_wb_clk_i/X (sky130_fd_sc_hd__clkbuf_16)
                                                         clknet_0_wb_clk_i (net)
                      0.096457    0.004116    5.902197 ^ clkbuf_1_1__f_wb_clk_i/A (sky130_fd_sc_hd__clkbuf_16)
     1    0.137055    0.151250    0.228270    6.130466 ^ clkbuf_1_1__f_wb_clk_i/X (sky130_fd_sc_hd__clkbuf_16)
                                                         clknet_1_1__leaf_wb_clk_i (net)
                      0.156057    0.022239    6.152706 ^ i_sram/CLKin (CF_SRAM_1024x32)
                                  0.100000    6.252706   clock uncertainty
                                  0.000000    6.252706   clock reconvergence pessimism
                                  0.571400    6.824105   library hold time
                                              6.824105   data required time
---------------------------------------------------------------------------------------------
                                              6.824105   data required time
                                             -7.350729   data arrival time
---------------------------------------------------------------------------------------------
                                              0.526624   slack (MET)


Startpoint: wbs_sel_i[3] (input port clocked by clk)
Endpoint: i_sram (rising edge-triggered flip-flop clocked by clk)
Path Group: clk
Path Type: min

Fanout         Cap        Slew       Delay        Time   Description
---------------------------------------------------------------------------------------------
                                  0.000000    0.000000   clock clk (rise edge)
                                  4.650000    4.650000   clock network delay (propagated)
                                  1.190000    5.840000 v input external delay
     1    0.007724    0.090000    0.000000    5.840000 v wbs_sel_i[3] (in)
                                                         wbs_sel_i[3] (net)
                      0.090488    0.000232    5.840232 v hold96/A (sky130_fd_sc_hd__dlygate4sd3_1)
     1    0.005190    0.064849    0.555975    6.396207 v hold96/X (sky130_fd_sc_hd__dlygate4sd3_1)
                                                         net194 (net)
                      0.064849    0.000350    6.396558 v hold94/A (sky130_fd_sc_hd__dlygate4sd3_1)
     1    0.011645    0.093897    0.579582    6.976140 v hold94/X (sky130_fd_sc_hd__dlygate4sd3_1)
                                                         net192 (net)
                      0.093897    0.000923    6.977063 v input48/A (sky130_fd_sc_hd__buf_12)
     1    0.076894    0.053414    0.163373    7.140436 v input48/X (sky130_fd_sc_hd__buf_12)
                                                         net48 (net)
                      0.055238    0.007273    7.147709 v hold95/A (sky130_fd_sc_hd__buf_12)
     8    0.198194    0.109462    0.155189    7.302897 v hold95/X (sky130_fd_sc_hd__buf_12)
                                                         net193 (net)
                      0.152421    0.051103    7.354000 v i_sram/BEN[26] (CF_SRAM_1024x32)
                                              7.354000   data arrival time

                                  0.000000    0.000000   clock clk (rise edge)
                                  5.570000    5.570000   clock source latency
     1    0.057273    0.610000    0.000000    5.570000 ^ wb_clk_i (in)
                                                         wb_clk_i (net)
                      0.633517    0.012347    5.582347 ^ clkbuf_0_wb_clk_i/A (sky130_fd_sc_hd__clkbuf_16)
     2    0.068881    0.096181    0.315734    5.898081 ^ clkbuf_0_wb_clk_i/X (sky130_fd_sc_hd__clkbuf_16)
                                                         clknet_0_wb_clk_i (net)
                      0.096457    0.004116    5.902197 ^ clkbuf_1_1__f_wb_clk_i/A (sky130_fd_sc_hd__clkbuf_16)
     1    0.137055    0.151250    0.228270    6.130466 ^ clkbuf_1_1__f_wb_clk_i/X (sky130_fd_sc_hd__clkbuf_16)
                                                         clknet_1_1__leaf_wb_clk_i (net)
                      0.156057    0.022239    6.152706 ^ i_sram/CLKin (CF_SRAM_1024x32)
                                  0.100000    6.252706   clock uncertainty
                                  0.000000    6.252706   clock reconvergence pessimism
                                  0.570413    6.823119   library hold time
                                              6.823119   data required time
---------------------------------------------------------------------------------------------
                                              6.823119   data required time
                                             -7.354000   data arrival time
---------------------------------------------------------------------------------------------
                                              0.530882   slack (MET)


Startpoint: wbs_sel_i[3] (input port clocked by clk)
Endpoint: i_sram (rising edge-triggered flip-flop clocked by clk)
Path Group: clk
Path Type: min

Fanout         Cap        Slew       Delay        Time   Description
---------------------------------------------------------------------------------------------
                                  0.000000    0.000000   clock clk (rise edge)
                                  4.650000    4.650000   clock network delay (propagated)
                                  1.190000    5.840000 v input external delay
     1    0.007724    0.090000    0.000000    5.840000 v wbs_sel_i[3] (in)
                                                         wbs_sel_i[3] (net)
                      0.090488    0.000232    5.840232 v hold96/A (sky130_fd_sc_hd__dlygate4sd3_1)
     1    0.005190    0.064849    0.555975    6.396207 v hold96/X (sky130_fd_sc_hd__dlygate4sd3_1)
                                                         net194 (net)
                      0.064849    0.000350    6.396558 v hold94/A (sky130_fd_sc_hd__dlygate4sd3_1)
     1    0.011645    0.093897    0.579582    6.976140 v hold94/X (sky130_fd_sc_hd__dlygate4sd3_1)
                                                         net192 (net)
                      0.093897    0.000923    6.977063 v input48/A (sky130_fd_sc_hd__buf_12)
     1    0.076894    0.053414    0.163373    7.140436 v input48/X (sky130_fd_sc_hd__buf_12)
                                                         net48 (net)
                      0.055238    0.007273    7.147709 v hold95/A (sky130_fd_sc_hd__buf_12)
     8    0.198194    0.109462    0.155189    7.302897 v hold95/X (sky130_fd_sc_hd__buf_12)
                                                         net193 (net)
                      0.155447    0.053430    7.356328 v i_sram/BEN[27] (CF_SRAM_1024x32)
                                              7.356328   data arrival time

                                  0.000000    0.000000   clock clk (rise edge)
                                  5.570000    5.570000   clock source latency
     1    0.057273    0.610000    0.000000    5.570000 ^ wb_clk_i (in)
                                                         wb_clk_i (net)
                      0.633517    0.012347    5.582347 ^ clkbuf_0_wb_clk_i/A (sky130_fd_sc_hd__clkbuf_16)
     2    0.068881    0.096181    0.315734    5.898081 ^ clkbuf_0_wb_clk_i/X (sky130_fd_sc_hd__clkbuf_16)
                                                         clknet_0_wb_clk_i (net)
                      0.096457    0.004116    5.902197 ^ clkbuf_1_1__f_wb_clk_i/A (sky130_fd_sc_hd__clkbuf_16)
     1    0.137055    0.151250    0.228270    6.130466 ^ clkbuf_1_1__f_wb_clk_i/X (sky130_fd_sc_hd__clkbuf_16)
                                                         clknet_1_1__leaf_wb_clk_i (net)
                      0.156057    0.022239    6.152706 ^ i_sram/CLKin (CF_SRAM_1024x32)
                                  0.100000    6.252706   clock uncertainty
                                  0.000000    6.252706   clock reconvergence pessimism
                                  0.569710    6.822416   library hold time
                                              6.822416   data required time
---------------------------------------------------------------------------------------------
                                              6.822416   data required time
                                             -7.356328   data arrival time
---------------------------------------------------------------------------------------------
                                              0.533912   slack (MET)


Startpoint: wbs_sel_i[3] (input port clocked by clk)
Endpoint: i_sram (rising edge-triggered flip-flop clocked by clk)
Path Group: clk
Path Type: min

Fanout         Cap        Slew       Delay        Time   Description
---------------------------------------------------------------------------------------------
                                  0.000000    0.000000   clock clk (rise edge)
                                  4.650000    4.650000   clock network delay (propagated)
                                  1.190000    5.840000 v input external delay
     1    0.007724    0.090000    0.000000    5.840000 v wbs_sel_i[3] (in)
                                                         wbs_sel_i[3] (net)
                      0.090488    0.000232    5.840232 v hold96/A (sky130_fd_sc_hd__dlygate4sd3_1)
     1    0.005190    0.064849    0.555975    6.396207 v hold96/X (sky130_fd_sc_hd__dlygate4sd3_1)
                                                         net194 (net)
                      0.064849    0.000350    6.396558 v hold94/A (sky130_fd_sc_hd__dlygate4sd3_1)
     1    0.011645    0.093897    0.579582    6.976140 v hold94/X (sky130_fd_sc_hd__dlygate4sd3_1)
                                                         net192 (net)
                      0.093897    0.000923    6.977063 v input48/A (sky130_fd_sc_hd__buf_12)
     1    0.076894    0.053414    0.163373    7.140436 v input48/X (sky130_fd_sc_hd__buf_12)
                                                         net48 (net)
                      0.055238    0.007273    7.147709 v hold95/A (sky130_fd_sc_hd__buf_12)
     8    0.198194    0.109462    0.155189    7.302897 v hold95/X (sky130_fd_sc_hd__buf_12)
                                                         net193 (net)
                      0.159790    0.056691    7.359589 v i_sram/BEN[28] (CF_SRAM_1024x32)
                                              7.359589   data arrival time

                                  0.000000    0.000000   clock clk (rise edge)
                                  5.570000    5.570000   clock source latency
     1    0.057273    0.610000    0.000000    5.570000 ^ wb_clk_i (in)
                                                         wb_clk_i (net)
                      0.633517    0.012347    5.582347 ^ clkbuf_0_wb_clk_i/A (sky130_fd_sc_hd__clkbuf_16)
     2    0.068881    0.096181    0.315734    5.898081 ^ clkbuf_0_wb_clk_i/X (sky130_fd_sc_hd__clkbuf_16)
                                                         clknet_0_wb_clk_i (net)
                      0.096457    0.004116    5.902197 ^ clkbuf_1_1__f_wb_clk_i/A (sky130_fd_sc_hd__clkbuf_16)
     1    0.137055    0.151250    0.228270    6.130466 ^ clkbuf_1_1__f_wb_clk_i/X (sky130_fd_sc_hd__clkbuf_16)
                                                         clknet_1_1__leaf_wb_clk_i (net)
                      0.156057    0.022239    6.152706 ^ i_sram/CLKin (CF_SRAM_1024x32)
                                  0.100000    6.252706   clock uncertainty
                                  0.000000    6.252706   clock reconvergence pessimism
                                  0.568700    6.821406   library hold time
                                              6.821406   data required time
---------------------------------------------------------------------------------------------
                                              6.821406   data required time
                                             -7.359589   data arrival time
---------------------------------------------------------------------------------------------
                                              0.538183   slack (MET)


Startpoint: wbs_sel_i[3] (input port clocked by clk)
Endpoint: i_sram (rising edge-triggered flip-flop clocked by clk)
Path Group: clk
Path Type: min

Fanout         Cap        Slew       Delay        Time   Description
---------------------------------------------------------------------------------------------
                                  0.000000    0.000000   clock clk (rise edge)
                                  4.650000    4.650000   clock network delay (propagated)
                                  1.190000    5.840000 v input external delay
     1    0.007724    0.090000    0.000000    5.840000 v wbs_sel_i[3] (in)
                                                         wbs_sel_i[3] (net)
                      0.090488    0.000232    5.840232 v hold96/A (sky130_fd_sc_hd__dlygate4sd3_1)
     1    0.005190    0.064849    0.555975    6.396207 v hold96/X (sky130_fd_sc_hd__dlygate4sd3_1)
                                                         net194 (net)
                      0.064849    0.000350    6.396558 v hold94/A (sky130_fd_sc_hd__dlygate4sd3_1)
     1    0.011645    0.093897    0.579582    6.976140 v hold94/X (sky130_fd_sc_hd__dlygate4sd3_1)
                                                         net192 (net)
                      0.093897    0.000923    6.977063 v input48/A (sky130_fd_sc_hd__buf_12)
     1    0.076894    0.053414    0.163373    7.140436 v input48/X (sky130_fd_sc_hd__buf_12)
                                                         net48 (net)
                      0.055238    0.007273    7.147709 v hold95/A (sky130_fd_sc_hd__buf_12)
     8    0.198194    0.109462    0.155189    7.302897 v hold95/X (sky130_fd_sc_hd__buf_12)
                                                         net193 (net)
                      0.162237    0.058503    7.361401 v i_sram/BEN[29] (CF_SRAM_1024x32)
                                              7.361401   data arrival time

                                  0.000000    0.000000   clock clk (rise edge)
                                  5.570000    5.570000   clock source latency
     1    0.057273    0.610000    0.000000    5.570000 ^ wb_clk_i (in)
                                                         wb_clk_i (net)
                      0.633517    0.012347    5.582347 ^ clkbuf_0_wb_clk_i/A (sky130_fd_sc_hd__clkbuf_16)
     2    0.068881    0.096181    0.315734    5.898081 ^ clkbuf_0_wb_clk_i/X (sky130_fd_sc_hd__clkbuf_16)
                                                         clknet_0_wb_clk_i (net)
                      0.096457    0.004116    5.902197 ^ clkbuf_1_1__f_wb_clk_i/A (sky130_fd_sc_hd__clkbuf_16)
     1    0.137055    0.151250    0.228270    6.130466 ^ clkbuf_1_1__f_wb_clk_i/X (sky130_fd_sc_hd__clkbuf_16)
                                                         clknet_1_1__leaf_wb_clk_i (net)
                      0.156057    0.022239    6.152706 ^ i_sram/CLKin (CF_SRAM_1024x32)
                                  0.100000    6.252706   clock uncertainty
                                  0.000000    6.252706   clock reconvergence pessimism
                                  0.568132    6.820837   library hold time
                                              6.820837   data required time
---------------------------------------------------------------------------------------------
                                              6.820837   data required time
                                             -7.361401   data arrival time
---------------------------------------------------------------------------------------------
                                              0.540564   slack (MET)


Startpoint: wbs_sel_i[3] (input port clocked by clk)
Endpoint: i_sram (rising edge-triggered flip-flop clocked by clk)
Path Group: clk
Path Type: min

Fanout         Cap        Slew       Delay        Time   Description
---------------------------------------------------------------------------------------------
                                  0.000000    0.000000   clock clk (rise edge)
                                  4.650000    4.650000   clock network delay (propagated)
                                  1.190000    5.840000 v input external delay
     1    0.007724    0.090000    0.000000    5.840000 v wbs_sel_i[3] (in)
                                                         wbs_sel_i[3] (net)
                      0.090488    0.000232    5.840232 v hold96/A (sky130_fd_sc_hd__dlygate4sd3_1)
     1    0.005190    0.064849    0.555975    6.396207 v hold96/X (sky130_fd_sc_hd__dlygate4sd3_1)
                                                         net194 (net)
                      0.064849    0.000350    6.396558 v hold94/A (sky130_fd_sc_hd__dlygate4sd3_1)
     1    0.011645    0.093897    0.579582    6.976140 v hold94/X (sky130_fd_sc_hd__dlygate4sd3_1)
                                                         net192 (net)
                      0.093897    0.000923    6.977063 v input48/A (sky130_fd_sc_hd__buf_12)
     1    0.076894    0.053414    0.163373    7.140436 v input48/X (sky130_fd_sc_hd__buf_12)
                                                         net48 (net)
                      0.055238    0.007273    7.147709 v hold95/A (sky130_fd_sc_hd__buf_12)
     8    0.198194    0.109462    0.155189    7.302897 v hold95/X (sky130_fd_sc_hd__buf_12)
                                                         net193 (net)
                      0.162864    0.058966    7.361863 v i_sram/BEN[30] (CF_SRAM_1024x32)
                                              7.361863   data arrival time

                                  0.000000    0.000000   clock clk (rise edge)
                                  5.570000    5.570000   clock source latency
     1    0.057273    0.610000    0.000000    5.570000 ^ wb_clk_i (in)
                                                         wb_clk_i (net)
                      0.633517    0.012347    5.582347 ^ clkbuf_0_wb_clk_i/A (sky130_fd_sc_hd__clkbuf_16)
     2    0.068881    0.096181    0.315734    5.898081 ^ clkbuf_0_wb_clk_i/X (sky130_fd_sc_hd__clkbuf_16)
                                                         clknet_0_wb_clk_i (net)
                      0.096457    0.004116    5.902197 ^ clkbuf_1_1__f_wb_clk_i/A (sky130_fd_sc_hd__clkbuf_16)
     1    0.137055    0.151250    0.228270    6.130466 ^ clkbuf_1_1__f_wb_clk_i/X (sky130_fd_sc_hd__clkbuf_16)
                                                         clknet_1_1__leaf_wb_clk_i (net)
                      0.156057    0.022239    6.152706 ^ i_sram/CLKin (CF_SRAM_1024x32)
                                  0.100000    6.252706   clock uncertainty
                                  0.000000    6.252706   clock reconvergence pessimism
                                  0.567986    6.820692   library hold time
                                              6.820692   data required time
---------------------------------------------------------------------------------------------
                                              6.820692   data required time
                                             -7.361863   data arrival time
---------------------------------------------------------------------------------------------
                                              0.541172   slack (MET)


Startpoint: wbs_sel_i[3] (input port clocked by clk)
Endpoint: i_sram (rising edge-triggered flip-flop clocked by clk)
Path Group: clk
Path Type: min

Fanout         Cap        Slew       Delay        Time   Description
---------------------------------------------------------------------------------------------
                                  0.000000    0.000000   clock clk (rise edge)
                                  4.650000    4.650000   clock network delay (propagated)
                                  1.190000    5.840000 v input external delay
     1    0.007724    0.090000    0.000000    5.840000 v wbs_sel_i[3] (in)
                                                         wbs_sel_i[3] (net)
                      0.090488    0.000232    5.840232 v hold96/A (sky130_fd_sc_hd__dlygate4sd3_1)
     1    0.005190    0.064849    0.555975    6.396207 v hold96/X (sky130_fd_sc_hd__dlygate4sd3_1)
                                                         net194 (net)
                      0.064849    0.000350    6.396558 v hold94/A (sky130_fd_sc_hd__dlygate4sd3_1)
     1    0.011645    0.093897    0.579582    6.976140 v hold94/X (sky130_fd_sc_hd__dlygate4sd3_1)
                                                         net192 (net)
                      0.093897    0.000923    6.977063 v input48/A (sky130_fd_sc_hd__buf_12)
     1    0.076894    0.053414    0.163373    7.140436 v input48/X (sky130_fd_sc_hd__buf_12)
                                                         net48 (net)
                      0.055238    0.007273    7.147709 v hold95/A (sky130_fd_sc_hd__buf_12)
     8    0.198194    0.109462    0.155189    7.302897 v hold95/X (sky130_fd_sc_hd__buf_12)
                                                         net193 (net)
                      0.163059    0.059109    7.362006 v i_sram/BEN[31] (CF_SRAM_1024x32)
                                              7.362006   data arrival time

                                  0.000000    0.000000   clock clk (rise edge)
                                  5.570000    5.570000   clock source latency
     1    0.057273    0.610000    0.000000    5.570000 ^ wb_clk_i (in)
                                                         wb_clk_i (net)
                      0.633517    0.012347    5.582347 ^ clkbuf_0_wb_clk_i/A (sky130_fd_sc_hd__clkbuf_16)
     2    0.068881    0.096181    0.315734    5.898081 ^ clkbuf_0_wb_clk_i/X (sky130_fd_sc_hd__clkbuf_16)
                                                         clknet_0_wb_clk_i (net)
                      0.096457    0.004116    5.902197 ^ clkbuf_1_1__f_wb_clk_i/A (sky130_fd_sc_hd__clkbuf_16)
     1    0.137055    0.151250    0.228270    6.130466 ^ clkbuf_1_1__f_wb_clk_i/X (sky130_fd_sc_hd__clkbuf_16)
                                                         clknet_1_1__leaf_wb_clk_i (net)
                      0.156057    0.022239    6.152706 ^ i_sram/CLKin (CF_SRAM_1024x32)
                                  0.100000    6.252706   clock uncertainty
                                  0.000000    6.252706   clock reconvergence pessimism
                                  0.567941    6.820646   library hold time
                                              6.820646   data required time
---------------------------------------------------------------------------------------------
                                              6.820646   data required time
                                             -7.362006   data arrival time
---------------------------------------------------------------------------------------------
                                              0.541360   slack (MET)


Startpoint: wbs_dat_i[15] (input port clocked by clk)
Endpoint: i_sram (rising edge-triggered flip-flop clocked by clk)
Path Group: clk
Path Type: min

Fanout         Cap        Slew       Delay        Time   Description
---------------------------------------------------------------------------------------------
                                  0.000000    0.000000   clock clk (rise edge)
                                  4.650000    4.650000   clock network delay (propagated)
                                  1.040000    5.690000 v input external delay
     1    0.003394    0.070000    0.000000    5.690000 v wbs_dat_i[15] (in)
                                                         wbs_dat_i[15] (net)
                      0.070160    0.000076    5.690076 v hold97/A (sky130_fd_sc_hd__dlygate4sd3_1)
     1    0.001934    0.048666    0.523638    6.213714 v hold97/X (sky130_fd_sc_hd__dlygate4sd3_1)
                                                         net195 (net)
                      0.048666    0.000129    6.213843 v hold1/A (sky130_fd_sc_hd__dlygate4sd3_1)
     1    0.001748    0.047743    0.513030    6.726873 v hold1/X (sky130_fd_sc_hd__dlygate4sd3_1)
                                                         net99 (net)
                      0.047743    0.000076    6.726949 v input19/A (sky130_fd_sc_hd__buf_2)
     1    0.012687    0.044357    0.134036    6.860986 v input19/X (sky130_fd_sc_hd__buf_2)
                                                         net19 (net)
                      0.044380    0.000848    6.861834 v hold2/A (sky130_fd_sc_hd__dlygate4sd3_1)
     1    0.033914    0.188118    0.657833    7.519667 v hold2/X (sky130_fd_sc_hd__dlygate4sd3_1)
                                                         net100 (net)
                      0.188243    0.004205    7.523871 v i_sram/DI[15] (CF_SRAM_1024x32)
                                              7.523871   data arrival time

                                  0.000000    0.000000   clock clk (rise edge)
                                  5.570000    5.570000   clock source latency
     1    0.057273    0.610000    0.000000    5.570000 ^ wb_clk_i (in)
                                                         wb_clk_i (net)
                      0.633517    0.012347    5.582347 ^ clkbuf_0_wb_clk_i/A (sky130_fd_sc_hd__clkbuf_16)
     2    0.068881    0.096181    0.315734    5.898081 ^ clkbuf_0_wb_clk_i/X (sky130_fd_sc_hd__clkbuf_16)
                                                         clknet_0_wb_clk_i (net)
                      0.096457    0.004116    5.902197 ^ clkbuf_1_1__f_wb_clk_i/A (sky130_fd_sc_hd__clkbuf_16)
     1    0.137055    0.151250    0.228270    6.130466 ^ clkbuf_1_1__f_wb_clk_i/X (sky130_fd_sc_hd__clkbuf_16)
                                                         clknet_1_1__leaf_wb_clk_i (net)
                      0.156057    0.022239    6.152706 ^ i_sram/CLKin (CF_SRAM_1024x32)
                                  0.100000    6.252706   clock uncertainty
                                  0.000000    6.252706   clock reconvergence pessimism
                                  0.571533    6.824239   library hold time
                                              6.824239   data required time
---------------------------------------------------------------------------------------------
                                              6.824239   data required time
                                             -7.523871   data arrival time
---------------------------------------------------------------------------------------------
                                              0.699633   slack (MET)


Startpoint: wbs_dat_i[13] (input port clocked by clk)
Endpoint: i_sram (rising edge-triggered flip-flop clocked by clk)
Path Group: clk
Path Type: min

Fanout         Cap        Slew       Delay        Time   Description
---------------------------------------------------------------------------------------------
                                  0.000000    0.000000   clock clk (rise edge)
                                  4.650000    4.650000   clock network delay (propagated)
                                  1.040000    5.690000 v input external delay
     1    0.002557    0.070000    0.000000    5.690000 v wbs_dat_i[13] (in)
                                                         wbs_dat_i[13] (net)
                      0.070135    0.000064    5.690064 v hold99/A (sky130_fd_sc_hd__dlygate4sd3_1)
     1    0.002320    0.050257    0.526946    6.217010 v hold99/X (sky130_fd_sc_hd__dlygate4sd3_1)
                                                         net197 (net)
                      0.050257    0.000157    6.217167 v hold21/A (sky130_fd_sc_hd__dlygate4sd3_1)
     1    0.002038    0.049175    0.516106    6.733273 v hold21/X (sky130_fd_sc_hd__dlygate4sd3_1)
                                                         net119 (net)
                      0.049175    0.000133    6.733407 v input17/A (sky130_fd_sc_hd__buf_2)
     1    0.012173    0.043612    0.133365    6.866772 v input17/X (sky130_fd_sc_hd__buf_2)
                                                         net17 (net)
                      0.043634    0.000856    6.867628 v hold22/A (sky130_fd_sc_hd__dlygate4sd3_1)
     1    0.040497    0.216849    0.679671    7.547298 v hold22/X (sky130_fd_sc_hd__dlygate4sd3_1)
                                                         net120 (net)
                      0.217061    0.005793    7.553091 v i_sram/DI[13] (CF_SRAM_1024x32)
                                              7.553091   data arrival time

                                  0.000000    0.000000   clock clk (rise edge)
                                  5.570000    5.570000   clock source latency
     1    0.057273    0.610000    0.000000    5.570000 ^ wb_clk_i (in)
                                                         wb_clk_i (net)
                      0.633517    0.012347    5.582347 ^ clkbuf_0_wb_clk_i/A (sky130_fd_sc_hd__clkbuf_16)
     2    0.068881    0.096181    0.315734    5.898081 ^ clkbuf_0_wb_clk_i/X (sky130_fd_sc_hd__clkbuf_16)
                                                         clknet_0_wb_clk_i (net)
                      0.096457    0.004116    5.902197 ^ clkbuf_1_1__f_wb_clk_i/A (sky130_fd_sc_hd__clkbuf_16)
     1    0.137055    0.151250    0.228270    6.130466 ^ clkbuf_1_1__f_wb_clk_i/X (sky130_fd_sc_hd__clkbuf_16)
                                                         clknet_1_1__leaf_wb_clk_i (net)
                      0.156057    0.022239    6.152706 ^ i_sram/CLKin (CF_SRAM_1024x32)
                                  0.100000    6.252706   clock uncertainty
                                  0.000000    6.252706   clock reconvergence pessimism
                                  0.563921    6.816627   library hold time
                                              6.816627   data required time
---------------------------------------------------------------------------------------------
                                              6.816627   data required time
                                             -7.553091   data arrival time
---------------------------------------------------------------------------------------------
                                              0.736464   slack (MET)


Startpoint: wbs_dat_i[14] (input port clocked by clk)
Endpoint: i_sram (rising edge-triggered flip-flop clocked by clk)
Path Group: clk
Path Type: min

Fanout         Cap        Slew       Delay        Time   Description
---------------------------------------------------------------------------------------------
                                  0.000000    0.000000   clock clk (rise edge)
                                  4.650000    4.650000   clock network delay (propagated)
                                  1.040000    5.690000 v input external delay
     1    0.002881    0.070000    0.000000    5.690000 v wbs_dat_i[14] (in)
                                                         wbs_dat_i[14] (net)
                      0.070156    0.000074    5.690074 v hold98/A (sky130_fd_sc_hd__dlygate4sd3_1)
     1    0.003858    0.058396    0.539051    6.229125 v hold98/X (sky130_fd_sc_hd__dlygate4sd3_1)
                                                         net196 (net)
                      0.058396    0.000247    6.229372 v hold17/A (sky130_fd_sc_hd__dlygate4sd3_1)
     1    0.003511    0.057220    0.531841    6.761213 v hold17/X (sky130_fd_sc_hd__dlygate4sd3_1)
                                                         net115 (net)
                      0.057220    0.000207    6.761420 v input18/A (sky130_fd_sc_hd__buf_2)
     1    0.012535    0.044027    0.137601    6.899020 v input18/X (sky130_fd_sc_hd__buf_2)
                                                         net18 (net)
                      0.044056    0.000960    6.899980 v hold18/A (sky130_fd_sc_hd__dlygate4sd3_1)
     1    0.035365    0.194904    0.663300    7.563280 v hold18/X (sky130_fd_sc_hd__dlygate4sd3_1)
                                                         net116 (net)
                      0.194974    0.003323    7.566603 v i_sram/DI[14] (CF_SRAM_1024x32)
                                              7.566603   data arrival time

                                  0.000000    0.000000   clock clk (rise edge)
                                  5.570000    5.570000   clock source latency
     1    0.057273    0.610000    0.000000    5.570000 ^ wb_clk_i (in)
                                                         wb_clk_i (net)
                      0.633517    0.012347    5.582347 ^ clkbuf_0_wb_clk_i/A (sky130_fd_sc_hd__clkbuf_16)
     2    0.068881    0.096181    0.315734    5.898081 ^ clkbuf_0_wb_clk_i/X (sky130_fd_sc_hd__clkbuf_16)
                                                         clknet_0_wb_clk_i (net)
                      0.096457    0.004116    5.902197 ^ clkbuf_1_1__f_wb_clk_i/A (sky130_fd_sc_hd__clkbuf_16)
     1    0.137055    0.151250    0.228270    6.130466 ^ clkbuf_1_1__f_wb_clk_i/X (sky130_fd_sc_hd__clkbuf_16)
                                                         clknet_1_1__leaf_wb_clk_i (net)
                      0.156057    0.022239    6.152706 ^ i_sram/CLKin (CF_SRAM_1024x32)
                                  0.100000    6.252706   clock uncertainty
                                  0.000000    6.252706   clock reconvergence pessimism
                                  0.569755    6.822461   library hold time
                                              6.822461   data required time
---------------------------------------------------------------------------------------------
                                              6.822461   data required time
                                             -7.566603   data arrival time
---------------------------------------------------------------------------------------------
                                              0.744142   slack (MET)


Startpoint: wbs_dat_i[12] (input port clocked by clk)
Endpoint: i_sram (rising edge-triggered flip-flop clocked by clk)
Path Group: clk
Path Type: min

Fanout         Cap        Slew       Delay        Time   Description
---------------------------------------------------------------------------------------------
                                  0.000000    0.000000   clock clk (rise edge)
                                  4.650000    4.650000   clock network delay (propagated)
                                  1.040000    5.690000 v input external delay
     1    0.004738    0.070000    0.000000    5.690000 v wbs_dat_i[12] (in)
                                                         wbs_dat_i[12] (net)
                      0.070244    0.000116    5.690116 v hold100/A (sky130_fd_sc_hd__dlygate4sd3_1)
     1    0.003677    0.057787    0.537983    6.228099 v hold100/X (sky130_fd_sc_hd__dlygate4sd3_1)
                                                         net198 (net)
                      0.057787    0.000217    6.228316 v hold27/A (sky130_fd_sc_hd__dlygate4sd3_1)
     1    0.001748    0.047717    0.516692    6.745008 v hold27/X (sky130_fd_sc_hd__dlygate4sd3_1)
                                                         net125 (net)
                      0.047717    0.000076    6.745085 v input16/A (sky130_fd_sc_hd__buf_2)
     1    0.012602    0.044175    0.133761    6.878845 v input16/X (sky130_fd_sc_hd__buf_2)
                                                         net16 (net)
                      0.044205    0.000978    6.879824 v hold28/A (sky130_fd_sc_hd__dlygate4sd3_1)
     1    0.042229    0.224563    0.685206    7.565030 v hold28/X (sky130_fd_sc_hd__dlygate4sd3_1)
                                                         net126 (net)
                      0.224893    0.007255    7.572284 v i_sram/DI[12] (CF_SRAM_1024x32)
                                              7.572284   data arrival time

                                  0.000000    0.000000   clock clk (rise edge)
                                  5.570000    5.570000   clock source latency
     1    0.057273    0.610000    0.000000    5.570000 ^ wb_clk_i (in)
                                                         wb_clk_i (net)
                      0.633517    0.012347    5.582347 ^ clkbuf_0_wb_clk_i/A (sky130_fd_sc_hd__clkbuf_16)
     2    0.068881    0.096181    0.315734    5.898081 ^ clkbuf_0_wb_clk_i/X (sky130_fd_sc_hd__clkbuf_16)
                                                         clknet_0_wb_clk_i (net)
                      0.096457    0.004116    5.902197 ^ clkbuf_1_1__f_wb_clk_i/A (sky130_fd_sc_hd__clkbuf_16)
     1    0.137055    0.151250    0.228270    6.130466 ^ clkbuf_1_1__f_wb_clk_i/X (sky130_fd_sc_hd__clkbuf_16)
                                                         clknet_1_1__leaf_wb_clk_i (net)
                      0.156057    0.022239    6.152706 ^ i_sram/CLKin (CF_SRAM_1024x32)
                                  0.100000    6.252706   clock uncertainty
                                  0.000000    6.252706   clock reconvergence pessimism
                                  0.561852    6.814558   library hold time
                                              6.814558   data required time
---------------------------------------------------------------------------------------------
                                              6.814558   data required time
                                             -7.572284   data arrival time
---------------------------------------------------------------------------------------------
                                              0.757726   slack (MET)


Startpoint: wbs_dat_i[11] (input port clocked by clk)
Endpoint: i_sram (rising edge-triggered flip-flop clocked by clk)
Path Group: clk
Path Type: min

Fanout         Cap        Slew       Delay        Time   Description
---------------------------------------------------------------------------------------------
                                  0.000000    0.000000   clock clk (rise edge)
                                  4.650000    4.650000   clock network delay (propagated)
                                  1.040000    5.690000 v input external delay
     1    0.004919    0.070000    0.000000    5.690000 v wbs_dat_i[11] (in)
                                                         wbs_dat_i[11] (net)
                      0.070254    0.000121    5.690121 v hold101/A (sky130_fd_sc_hd__dlygate4sd3_1)
     1    0.003916    0.058617    0.539463    6.229584 v hold101/X (sky130_fd_sc_hd__dlygate4sd3_1)
                                                         net199 (net)
                      0.058617    0.000224    6.229808 v hold35/A (sky130_fd_sc_hd__dlygate4sd3_1)
     1    0.002341    0.050335    0.522177    6.751985 v hold35/X (sky130_fd_sc_hd__dlygate4sd3_1)
                                                         net133 (net)
                      0.050335    0.000090    6.752075 v input15/A (sky130_fd_sc_hd__buf_2)
     1    0.014051    0.047052    0.137485    6.889560 v input15/X (sky130_fd_sc_hd__buf_2)
                                                         net15 (net)
                      0.047081    0.001005    6.890565 v hold36/A (sky130_fd_sc_hd__dlygate4sd3_1)
     1    0.048232    0.250793    0.707253    7.597818 v hold36/X (sky130_fd_sc_hd__dlygate4sd3_1)
                                                         net134 (net)
                      0.251112    0.007551    7.605369 v i_sram/DI[11] (CF_SRAM_1024x32)
                                              7.605369   data arrival time

                                  0.000000    0.000000   clock clk (rise edge)
                                  5.570000    5.570000   clock source latency
     1    0.057273    0.610000    0.000000    5.570000 ^ wb_clk_i (in)
                                                         wb_clk_i (net)
                      0.633517    0.012347    5.582347 ^ clkbuf_0_wb_clk_i/A (sky130_fd_sc_hd__clkbuf_16)
     2    0.068881    0.096181    0.315734    5.898081 ^ clkbuf_0_wb_clk_i/X (sky130_fd_sc_hd__clkbuf_16)
                                                         clknet_0_wb_clk_i (net)
                      0.096457    0.004116    5.902197 ^ clkbuf_1_1__f_wb_clk_i/A (sky130_fd_sc_hd__clkbuf_16)
     1    0.137055    0.151250    0.228270    6.130466 ^ clkbuf_1_1__f_wb_clk_i/X (sky130_fd_sc_hd__clkbuf_16)
                                                         clknet_1_1__leaf_wb_clk_i (net)
                      0.156057    0.022239    6.152706 ^ i_sram/CLKin (CF_SRAM_1024x32)
                                  0.100000    6.252706   clock uncertainty
                                  0.000000    6.252706   clock reconvergence pessimism
                                  0.554927    6.807633   library hold time
                                              6.807633   data required time
---------------------------------------------------------------------------------------------
                                              6.807633   data required time
                                             -7.605369   data arrival time
---------------------------------------------------------------------------------------------
                                              0.797736   slack (MET)


Startpoint: wbs_dat_i[8] (input port clocked by clk)
Endpoint: i_sram (rising edge-triggered flip-flop clocked by clk)
Path Group: clk
Path Type: min

Fanout         Cap        Slew       Delay        Time   Description
---------------------------------------------------------------------------------------------
                                  0.000000    0.000000   clock clk (rise edge)
                                  4.650000    4.650000   clock network delay (propagated)
                                  1.040000    5.690000 v input external delay
     1    0.003556    0.070000    0.000000    5.690000 v wbs_dat_i[8] (in)
                                                         wbs_dat_i[8] (net)
                      0.070169    0.000080    5.690081 v hold104/A (sky130_fd_sc_hd__dlygate4sd3_1)
     1    0.001664    0.047320    0.521322    6.211403 v hold104/X (sky130_fd_sc_hd__dlygate4sd3_1)
                                                         net202 (net)
                      0.047320    0.000073    6.211476 v hold23/A (sky130_fd_sc_hd__dlygate4sd3_1)
     1    0.002184    0.049797    0.516293    6.727769 v hold23/X (sky130_fd_sc_hd__dlygate4sd3_1)
                                                         net121 (net)
                      0.049797    0.000096    6.727866 v input43/A (sky130_fd_sc_hd__clkbuf_4)
     1    0.018518    0.052177    0.152145    6.880011 v input43/X (sky130_fd_sc_hd__clkbuf_4)
                                                         net43 (net)
                      0.052245    0.001564    6.881575 v hold24/A (sky130_fd_sc_hd__dlygate4sd3_1)
     1    0.050591    0.263509    0.714850    7.596425 v hold24/X (sky130_fd_sc_hd__dlygate4sd3_1)
                                                         net122 (net)
                      0.264108    0.010409    7.606833 v i_sram/DI[8] (CF_SRAM_1024x32)
                                              7.606833   data arrival time

                                  0.000000    0.000000   clock clk (rise edge)
                                  5.570000    5.570000   clock source latency
     1    0.057273    0.610000    0.000000    5.570000 ^ wb_clk_i (in)
                                                         wb_clk_i (net)
                      0.633517    0.012347    5.582347 ^ clkbuf_0_wb_clk_i/A (sky130_fd_sc_hd__clkbuf_16)
     2    0.068881    0.096181    0.315734    5.898081 ^ clkbuf_0_wb_clk_i/X (sky130_fd_sc_hd__clkbuf_16)
                                                         clknet_0_wb_clk_i (net)
                      0.096457    0.004116    5.902197 ^ clkbuf_1_1__f_wb_clk_i/A (sky130_fd_sc_hd__clkbuf_16)
     1    0.137055    0.151250    0.228270    6.130466 ^ clkbuf_1_1__f_wb_clk_i/X (sky130_fd_sc_hd__clkbuf_16)
                                                         clknet_1_1__leaf_wb_clk_i (net)
                      0.156057    0.022239    6.152706 ^ i_sram/CLKin (CF_SRAM_1024x32)
                                  0.100000    6.252706   clock uncertainty
                                  0.000000    6.252706   clock reconvergence pessimism
                                  0.551494    6.804200   library hold time
                                              6.804200   data required time
---------------------------------------------------------------------------------------------
                                              6.804200   data required time
                                             -7.606833   data arrival time
---------------------------------------------------------------------------------------------
                                              0.802634   slack (MET)


Startpoint: wbs_dat_i[9] (input port clocked by clk)
Endpoint: i_sram (rising edge-triggered flip-flop clocked by clk)
Path Group: clk
Path Type: min

Fanout         Cap        Slew       Delay        Time   Description
---------------------------------------------------------------------------------------------
                                  0.000000    0.000000   clock clk (rise edge)
                                  4.650000    4.650000   clock network delay (propagated)
                                  1.040000    5.690000 v input external delay
     1    0.003895    0.070000    0.000000    5.690000 v wbs_dat_i[9] (in)
                                                         wbs_dat_i[9] (net)
                      0.070181    0.000086    5.690086 v hold103/A (sky130_fd_sc_hd__dlygate4sd3_1)
     1    0.002298    0.050170    0.526771    6.216857 v hold103/X (sky130_fd_sc_hd__dlygate4sd3_1)
                                                         net201 (net)
                      0.050170    0.000156    6.217013 v hold13/A (sky130_fd_sc_hd__dlygate4sd3_1)
     1    0.002783    0.052836    0.522491    6.739505 v hold13/X (sky130_fd_sc_hd__dlygate4sd3_1)
                                                         net111 (net)
                      0.052836    0.000175    6.739680 v input44/A (sky130_fd_sc_hd__clkbuf_4)
     1    0.016667    0.049064    0.150703    6.890383 v input44/X (sky130_fd_sc_hd__clkbuf_4)
                                                         net44 (net)
                      0.049150    0.001677    6.892060 v hold14/A (sky130_fd_sc_hd__dlygate4sd3_1)
     1    0.050058    0.258772    0.714529    7.606589 v hold14/X (sky130_fd_sc_hd__dlygate4sd3_1)
                                                         net112 (net)
                      0.259044    0.007124    7.613713 v i_sram/DI[9] (CF_SRAM_1024x32)
                                              7.613713   data arrival time

                                  0.000000    0.000000   clock clk (rise edge)
                                  5.570000    5.570000   clock source latency
     1    0.057273    0.610000    0.000000    5.570000 ^ wb_clk_i (in)
                                                         wb_clk_i (net)
                      0.633517    0.012347    5.582347 ^ clkbuf_0_wb_clk_i/A (sky130_fd_sc_hd__clkbuf_16)
     2    0.068881    0.096181    0.315734    5.898081 ^ clkbuf_0_wb_clk_i/X (sky130_fd_sc_hd__clkbuf_16)
                                                         clknet_0_wb_clk_i (net)
                      0.096457    0.004116    5.902197 ^ clkbuf_1_1__f_wb_clk_i/A (sky130_fd_sc_hd__clkbuf_16)
     1    0.137055    0.151250    0.228270    6.130466 ^ clkbuf_1_1__f_wb_clk_i/X (sky130_fd_sc_hd__clkbuf_16)
                                                         clknet_1_1__leaf_wb_clk_i (net)
                      0.156057    0.022239    6.152706 ^ i_sram/CLKin (CF_SRAM_1024x32)
                                  0.100000    6.252706   clock uncertainty
                                  0.000000    6.252706   clock reconvergence pessimism
                                  0.552832    6.805538   library hold time
                                              6.805538   data required time
---------------------------------------------------------------------------------------------
                                              6.805538   data required time
                                             -7.613713   data arrival time
---------------------------------------------------------------------------------------------
                                              0.808176   slack (MET)


Startpoint: wbs_dat_i[10] (input port clocked by clk)
Endpoint: i_sram (rising edge-triggered flip-flop clocked by clk)
Path Group: clk
Path Type: min

Fanout         Cap        Slew       Delay        Time   Description
---------------------------------------------------------------------------------------------
                                  0.000000    0.000000   clock clk (rise edge)
                                  4.650000    4.650000   clock network delay (propagated)
                                  1.040000    5.690000 v input external delay
     1    0.004163    0.070000    0.000000    5.690000 v wbs_dat_i[10] (in)
                                                         wbs_dat_i[10] (net)
                      0.070185    0.000088    5.690088 v hold102/A (sky130_fd_sc_hd__dlygate4sd3_1)
     1    0.001901    0.048502    0.523366    6.213454 v hold102/X (sky130_fd_sc_hd__dlygate4sd3_1)
                                                         net200 (net)
                      0.048502    0.000125    6.213579 v hold5/A (sky130_fd_sc_hd__dlygate4sd3_1)
     1    0.002724    0.052494    0.521362    6.734941 v hold5/X (sky130_fd_sc_hd__dlygate4sd3_1)
                                                         net103 (net)
                      0.052494    0.000188    6.735128 v input14/A (sky130_fd_sc_hd__clkbuf_4)
     1    0.016137    0.048185    0.149769    6.884897 v input14/X (sky130_fd_sc_hd__clkbuf_4)
                                                         net14 (net)
                      0.048236    0.001273    6.886170 v hold6/A (sky130_fd_sc_hd__dlygate4sd3_1)
     1    0.052550    0.271368    0.721710    7.607881 v hold6/X (sky130_fd_sc_hd__dlygate4sd3_1)
                                                         net104 (net)
                      0.271743    0.008503    7.616383 v i_sram/DI[10] (CF_SRAM_1024x32)
                                              7.616383   data arrival time

                                  0.000000    0.000000   clock clk (rise edge)
                                  5.570000    5.570000   clock source latency
     1    0.057273    0.610000    0.000000    5.570000 ^ wb_clk_i (in)
                                                         wb_clk_i (net)
                      0.633517    0.012347    5.582347 ^ clkbuf_0_wb_clk_i/A (sky130_fd_sc_hd__clkbuf_16)
     2    0.068881    0.096181    0.315734    5.898081 ^ clkbuf_0_wb_clk_i/X (sky130_fd_sc_hd__clkbuf_16)
                                                         clknet_0_wb_clk_i (net)
                      0.096457    0.004116    5.902197 ^ clkbuf_1_1__f_wb_clk_i/A (sky130_fd_sc_hd__clkbuf_16)
     1    0.137055    0.151250    0.228270    6.130466 ^ clkbuf_1_1__f_wb_clk_i/X (sky130_fd_sc_hd__clkbuf_16)
                                                         clknet_1_1__leaf_wb_clk_i (net)
                      0.156057    0.022239    6.152706 ^ i_sram/CLKin (CF_SRAM_1024x32)
                                  0.100000    6.252706   clock uncertainty
                                  0.000000    6.252706   clock reconvergence pessimism
                                  0.549477    6.802183   library hold time
                                              6.802183   data required time
---------------------------------------------------------------------------------------------
                                              6.802183   data required time
                                             -7.616383   data arrival time
---------------------------------------------------------------------------------------------
                                              0.814200   slack (MET)


Startpoint: wbs_dat_i[28] (input port clocked by clk)
Endpoint: i_sram (rising edge-triggered flip-flop clocked by clk)
Path Group: clk
Path Type: min

Fanout         Cap        Slew       Delay        Time   Description
---------------------------------------------------------------------------------------------
                                  0.000000    0.000000   clock clk (rise edge)
                                  4.650000    4.650000   clock network delay (propagated)
                                  1.040000    5.690000 v input external delay
     1    0.002236    0.070000    0.000000    5.690000 v wbs_dat_i[28] (in)
                                                         wbs_dat_i[28] (net)
                      0.070121    0.000057    5.690057 v hold123/A (sky130_fd_sc_hd__dlygate4sd3_1)
     1    0.003253    0.055894    0.534976    6.225034 v hold123/X (sky130_fd_sc_hd__dlygate4sd3_1)
                                                         net221 (net)
                      0.055894    0.000201    6.225235 v hold11/A (sky130_fd_sc_hd__dlygate4sd3_1)
     1    0.003084    0.054728    0.527373    6.752607 v hold11/X (sky130_fd_sc_hd__dlygate4sd3_1)
                                                         net109 (net)
                      0.054728    0.000197    6.752804 v input33/A (sky130_fd_sc_hd__buf_4)
     1    0.033869    0.060232    0.160032    6.912837 v input33/X (sky130_fd_sc_hd__buf_4)
                                                         net33 (net)
                      0.061441    0.006402    6.919238 v hold12/A (sky130_fd_sc_hd__dlygate4sd3_1)
     1    0.045692    0.241360    0.703022    7.622261 v hold12/X (sky130_fd_sc_hd__dlygate4sd3_1)
                                                         net110 (net)
                      0.241844    0.009016    7.631276 v i_sram/DI[28] (CF_SRAM_1024x32)
                                              7.631276   data arrival time

                                  0.000000    0.000000   clock clk (rise edge)
                                  5.570000    5.570000   clock source latency
     1    0.057273    0.610000    0.000000    5.570000 ^ wb_clk_i (in)
                                                         wb_clk_i (net)
                      0.633517    0.012347    5.582347 ^ clkbuf_0_wb_clk_i/A (sky130_fd_sc_hd__clkbuf_16)
     2    0.068881    0.096181    0.315734    5.898081 ^ clkbuf_0_wb_clk_i/X (sky130_fd_sc_hd__clkbuf_16)
                                                         clknet_0_wb_clk_i (net)
                      0.096457    0.004116    5.902197 ^ clkbuf_1_1__f_wb_clk_i/A (sky130_fd_sc_hd__clkbuf_16)
     1    0.137055    0.151250    0.228270    6.130466 ^ clkbuf_1_1__f_wb_clk_i/X (sky130_fd_sc_hd__clkbuf_16)
                                                         clknet_1_1__leaf_wb_clk_i (net)
                      0.156057    0.022239    6.152706 ^ i_sram/CLKin (CF_SRAM_1024x32)
                                  0.100000    6.252706   clock uncertainty
                                  0.000000    6.252706   clock reconvergence pessimism
                                  0.557375    6.810081   library hold time
                                              6.810081   data required time
---------------------------------------------------------------------------------------------
                                              6.810081   data required time
                                             -7.631276   data arrival time
---------------------------------------------------------------------------------------------
                                              0.821196   slack (MET)


Startpoint: wbs_adr_i[11] (input port clocked by clk)
Endpoint: i_sram (rising edge-triggered flip-flop clocked by clk)
Path Group: clk
Path Type: min

Fanout         Cap        Slew       Delay        Time   Description
---------------------------------------------------------------------------------------------
                                  0.000000    0.000000   clock clk (rise edge)
                                  4.650000    4.650000   clock network delay (propagated)
                                  0.790000    5.440000 v input external delay
     1    0.003446    0.070000    0.000000    5.440000 v wbs_adr_i[11] (in)
                                                         wbs_adr_i[11] (net)
                      0.070196    0.000093    5.440093 v hold129/A (sky130_fd_sc_hd__dlygate4sd3_1)
     1    0.001668    0.047341    0.521370    5.961462 v hold129/X (sky130_fd_sc_hd__dlygate4sd3_1)
                                                         net227 (net)
                      0.047341    0.000073    5.961536 v hold41/A (sky130_fd_sc_hd__dlygate4sd3_1)
     1    0.002770    0.052783    0.521333    6.482869 v hold41/X (sky130_fd_sc_hd__dlygate4sd3_1)
                                                         net139 (net)
                      0.052783    0.000181    6.483050 v input3/A (sky130_fd_sc_hd__buf_4)
     1    0.047075    0.075001    0.173723    6.656773 v input3/X (sky130_fd_sc_hd__buf_4)
                                                         net3 (net)
                      0.075325    0.004017    6.660790 v hold42/A (sky130_fd_sc_hd__dlygate4sd3_1)
     1    0.046525    0.243333    0.713250    7.374040 v hold42/X (sky130_fd_sc_hd__dlygate4sd3_1)
                                                         net140 (net)
                      0.243581    0.006594    7.380634 v i_sram/AD[9] (CF_SRAM_1024x32)
                                              7.380634   data arrival time

                                  0.000000    0.000000   clock clk (rise edge)
                                  5.570000    5.570000   clock source latency
     1    0.057273    0.610000    0.000000    5.570000 ^ wb_clk_i (in)
                                                         wb_clk_i (net)
                      0.633517    0.012347    5.582347 ^ clkbuf_0_wb_clk_i/A (sky130_fd_sc_hd__clkbuf_16)
     2    0.068881    0.096181    0.315734    5.898081 ^ clkbuf_0_wb_clk_i/X (sky130_fd_sc_hd__clkbuf_16)
                                                         clknet_0_wb_clk_i (net)
                      0.096457    0.004116    5.902197 ^ clkbuf_1_1__f_wb_clk_i/A (sky130_fd_sc_hd__clkbuf_16)
     1    0.137055    0.151250    0.228270    6.130466 ^ clkbuf_1_1__f_wb_clk_i/X (sky130_fd_sc_hd__clkbuf_16)
                                                         clknet_1_1__leaf_wb_clk_i (net)
                      0.156057    0.022239    6.152706 ^ i_sram/CLKin (CF_SRAM_1024x32)
                                  0.100000    6.252706   clock uncertainty
                                  0.000000    6.252706   clock reconvergence pessimism
                                  0.298923    6.551629   library hold time
                                              6.551629   data required time
---------------------------------------------------------------------------------------------
                                              6.551629   data required time
                                             -7.380634   data arrival time
---------------------------------------------------------------------------------------------
                                              0.829005   slack (MET)


Startpoint: wbs_dat_i[17] (input port clocked by clk)
Endpoint: i_sram (rising edge-triggered flip-flop clocked by clk)
Path Group: clk
Path Type: min

Fanout         Cap        Slew       Delay        Time   Description
---------------------------------------------------------------------------------------------
                                  0.000000    0.000000   clock clk (rise edge)
                                  4.650000    4.650000   clock network delay (propagated)
                                  1.040000    5.690000 v input external delay
     1    0.004074    0.070000    0.000000    5.690000 v wbs_dat_i[17] (in)
                                                         wbs_dat_i[17] (net)
                      0.070195    0.000093    5.690093 v hold110/A (sky130_fd_sc_hd__dlygate4sd3_1)
     1    0.002800    0.052931    0.531092    6.221185 v hold110/X (sky130_fd_sc_hd__dlygate4sd3_1)
                                                         net208 (net)
                      0.052931    0.000195    6.221380 v hold43/A (sky130_fd_sc_hd__dlygate4sd3_1)
     1    0.002176    0.049720    0.518298    6.739678 v hold43/X (sky130_fd_sc_hd__dlygate4sd3_1)
                                                         net141 (net)
                      0.049720    0.000095    6.739774 v input21/A (sky130_fd_sc_hd__clkbuf_4)
     1    0.040642    0.092858    0.180579    6.920352 v input21/X (sky130_fd_sc_hd__clkbuf_4)
                                                         net21 (net)
                      0.094077    0.008135    6.928488 v hold44/A (sky130_fd_sc_hd__dlygate4sd3_1)
     1    0.042684    0.228112    0.706903    7.635390 v hold44/X (sky130_fd_sc_hd__dlygate4sd3_1)
                                                         net142 (net)
                      0.228547    0.008333    7.643723 v i_sram/DI[17] (CF_SRAM_1024x32)
                                              7.643723   data arrival time

                                  0.000000    0.000000   clock clk (rise edge)
                                  5.570000    5.570000   clock source latency
     1    0.057273    0.610000    0.000000    5.570000 ^ wb_clk_i (in)
                                                         wb_clk_i (net)
                      0.633517    0.012347    5.582347 ^ clkbuf_0_wb_clk_i/A (sky130_fd_sc_hd__clkbuf_16)
     2    0.068881    0.096181    0.315734    5.898081 ^ clkbuf_0_wb_clk_i/X (sky130_fd_sc_hd__clkbuf_16)
                                                         clknet_0_wb_clk_i (net)
                      0.096457    0.004116    5.902197 ^ clkbuf_1_1__f_wb_clk_i/A (sky130_fd_sc_hd__clkbuf_16)
     1    0.137055    0.151250    0.228270    6.130466 ^ clkbuf_1_1__f_wb_clk_i/X (sky130_fd_sc_hd__clkbuf_16)
                                                         clknet_1_1__leaf_wb_clk_i (net)
                      0.156057    0.022239    6.152706 ^ i_sram/CLKin (CF_SRAM_1024x32)
                                  0.100000    6.252706   clock uncertainty
                                  0.000000    6.252706   clock reconvergence pessimism
                                  0.560887    6.813592   library hold time
                                              6.813592   data required time
---------------------------------------------------------------------------------------------
                                              6.813592   data required time
                                             -7.643723   data arrival time
---------------------------------------------------------------------------------------------
                                              0.830131   slack (MET)


Startpoint: wbs_dat_i[18] (input port clocked by clk)
Endpoint: i_sram (rising edge-triggered flip-flop clocked by clk)
Path Group: clk
Path Type: min

Fanout         Cap        Slew       Delay        Time   Description
---------------------------------------------------------------------------------------------
                                  0.000000    0.000000   clock clk (rise edge)
                                  4.650000    4.650000   clock network delay (propagated)
                                  1.040000    5.690000 v input external delay
     1    0.003732    0.070000    0.000000    5.690000 v wbs_dat_i[18] (in)
                                                         wbs_dat_i[18] (net)
                      0.070160    0.000076    5.690076 v hold107/A (sky130_fd_sc_hd__dlygate4sd3_1)
     1    0.002796    0.052913    0.531065    6.221142 v hold107/X (sky130_fd_sc_hd__dlygate4sd3_1)
                                                         net205 (net)
                      0.052913    0.000161    6.221303 v hold39/A (sky130_fd_sc_hd__dlygate4sd3_1)
     1    0.002223    0.049888    0.518694    6.739998 v hold39/X (sky130_fd_sc_hd__dlygate4sd3_1)
                                                         net137 (net)
                      0.049888    0.000097    6.740095 v input22/A (sky130_fd_sc_hd__clkbuf_4)
     1    0.041169    0.093892    0.181224    6.921319 v input22/X (sky130_fd_sc_hd__clkbuf_4)
                                                         net22 (net)
                      0.095148    0.008306    6.929625 v hold40/A (sky130_fd_sc_hd__dlygate4sd3_1)
     1    0.043217    0.228968    0.709919    7.639544 v hold40/X (sky130_fd_sc_hd__dlygate4sd3_1)
                                                         net138 (net)
                      0.229303    0.007391    7.646935 v i_sram/DI[18] (CF_SRAM_1024x32)
                                              7.646935   data arrival time

                                  0.000000    0.000000   clock clk (rise edge)
                                  5.570000    5.570000   clock source latency
     1    0.057273    0.610000    0.000000    5.570000 ^ wb_clk_i (in)
                                                         wb_clk_i (net)
                      0.633517    0.012347    5.582347 ^ clkbuf_0_wb_clk_i/A (sky130_fd_sc_hd__clkbuf_16)
     2    0.068881    0.096181    0.315734    5.898081 ^ clkbuf_0_wb_clk_i/X (sky130_fd_sc_hd__clkbuf_16)
                                                         clknet_0_wb_clk_i (net)
                      0.096457    0.004116    5.902197 ^ clkbuf_1_1__f_wb_clk_i/A (sky130_fd_sc_hd__clkbuf_16)
     1    0.137055    0.151250    0.228270    6.130466 ^ clkbuf_1_1__f_wb_clk_i/X (sky130_fd_sc_hd__clkbuf_16)
                                                         clknet_1_1__leaf_wb_clk_i (net)
                      0.156057    0.022239    6.152706 ^ i_sram/CLKin (CF_SRAM_1024x32)
                                  0.100000    6.252706   clock uncertainty
                                  0.000000    6.252706   clock reconvergence pessimism
                                  0.560687    6.813393   library hold time
                                              6.813393   data required time
---------------------------------------------------------------------------------------------
                                              6.813393   data required time
                                             -7.646935   data arrival time
---------------------------------------------------------------------------------------------
                                              0.833542   slack (MET)


Startpoint: wbs_dat_i[29] (input port clocked by clk)
Endpoint: i_sram (rising edge-triggered flip-flop clocked by clk)
Path Group: clk
Path Type: min

Fanout         Cap        Slew       Delay        Time   Description
---------------------------------------------------------------------------------------------
                                  0.000000    0.000000   clock clk (rise edge)
                                  4.650000    4.650000   clock network delay (propagated)
                                  1.040000    5.690000 v input external delay
     1    0.003225    0.070000    0.000000    5.690000 v wbs_dat_i[29] (in)
                                                         wbs_dat_i[29] (net)
                      0.070148    0.000071    5.690071 v hold126/A (sky130_fd_sc_hd__dlygate4sd3_1)
     1    0.002370    0.050448    0.527390    6.217461 v hold126/X (sky130_fd_sc_hd__dlygate4sd3_1)
                                                         net224 (net)
                      0.050448    0.000142    6.217602 v hold19/A (sky130_fd_sc_hd__dlygate4sd3_1)
     1    0.003585    0.057464    0.529037    6.746639 v hold19/X (sky130_fd_sc_hd__dlygate4sd3_1)
                                                         net117 (net)
                      0.057464    0.000215    6.746854 v input34/A (sky130_fd_sc_hd__buf_4)
     1    0.042332    0.071074    0.167792    6.914646 v input34/X (sky130_fd_sc_hd__buf_4)
                                                         net34 (net)
                      0.072973    0.008753    6.923399 v hold20/A (sky130_fd_sc_hd__dlygate4sd3_1)
     1    0.046699    0.246284    0.710455    7.633855 v hold20/X (sky130_fd_sc_hd__dlygate4sd3_1)
                                                         net118 (net)
                      0.246844    0.009783    7.643638 v i_sram/DI[29] (CF_SRAM_1024x32)
                                              7.643638   data arrival time

                                  0.000000    0.000000   clock clk (rise edge)
                                  5.570000    5.570000   clock source latency
     1    0.057273    0.610000    0.000000    5.570000 ^ wb_clk_i (in)
                                                         wb_clk_i (net)
                      0.633517    0.012347    5.582347 ^ clkbuf_0_wb_clk_i/A (sky130_fd_sc_hd__clkbuf_16)
     2    0.068881    0.096181    0.315734    5.898081 ^ clkbuf_0_wb_clk_i/X (sky130_fd_sc_hd__clkbuf_16)
                                                         clknet_0_wb_clk_i (net)
                      0.096457    0.004116    5.902197 ^ clkbuf_1_1__f_wb_clk_i/A (sky130_fd_sc_hd__clkbuf_16)
     1    0.137055    0.151250    0.228270    6.130466 ^ clkbuf_1_1__f_wb_clk_i/X (sky130_fd_sc_hd__clkbuf_16)
                                                         clknet_1_1__leaf_wb_clk_i (net)
                      0.156057    0.022239    6.152706 ^ i_sram/CLKin (CF_SRAM_1024x32)
                                  0.100000    6.252706   clock uncertainty
                                  0.000000    6.252706   clock reconvergence pessimism
                                  0.556054    6.808760   library hold time
                                              6.808760   data required time
---------------------------------------------------------------------------------------------
                                              6.808760   data required time
                                             -7.643638   data arrival time
---------------------------------------------------------------------------------------------
                                              0.834878   slack (MET)


Startpoint: wbs_dat_i[26] (input port clocked by clk)
Endpoint: i_sram (rising edge-triggered flip-flop clocked by clk)
Path Group: clk
Path Type: min

Fanout         Cap        Slew       Delay        Time   Description
---------------------------------------------------------------------------------------------
                                  0.000000    0.000000   clock clk (rise edge)
                                  4.650000    4.650000   clock network delay (propagated)
                                  1.040000    5.690000 v input external delay
     1    0.003366    0.070000    0.000000    5.690000 v wbs_dat_i[26] (in)
                                                         wbs_dat_i[26] (net)
                      0.070193    0.000091    5.690092 v hold124/A (sky130_fd_sc_hd__dlygate4sd3_1)
     1    0.002166    0.049696    0.525648    6.215740 v hold124/X (sky130_fd_sc_hd__dlygate4sd3_1)
                                                         net222 (net)
                      0.049696    0.000137    6.215877 v hold75/A (sky130_fd_sc_hd__dlygate4sd3_1)
     1    0.003089    0.054788    0.524953    6.740830 v hold75/X (sky130_fd_sc_hd__dlygate4sd3_1)
                                                         net173 (net)
                      0.054788    0.000188    6.741019 v input31/A (sky130_fd_sc_hd__clkbuf_4)
     1    0.035917    0.083769    0.176299    6.917318 v input31/X (sky130_fd_sc_hd__clkbuf_4)
                                                         net31 (net)
                      0.084672    0.006663    6.923981 v hold76/A (sky130_fd_sc_hd__dlygate4sd3_1)
     1    0.046074    0.243242    0.713983    7.637963 v hold76/X (sky130_fd_sc_hd__dlygate4sd3_1)
                                                         net174 (net)
                      0.243712    0.008940    7.646903 v i_sram/DI[26] (CF_SRAM_1024x32)
                                              7.646903   data arrival time

                                  0.000000    0.000000   clock clk (rise edge)
                                  5.570000    5.570000   clock source latency
     1    0.057273    0.610000    0.000000    5.570000 ^ wb_clk_i (in)
                                                         wb_clk_i (net)
                      0.633517    0.012347    5.582347 ^ clkbuf_0_wb_clk_i/A (sky130_fd_sc_hd__clkbuf_16)
     2    0.068881    0.096181    0.315734    5.898081 ^ clkbuf_0_wb_clk_i/X (sky130_fd_sc_hd__clkbuf_16)
                                                         clknet_0_wb_clk_i (net)
                      0.096457    0.004116    5.902197 ^ clkbuf_1_1__f_wb_clk_i/A (sky130_fd_sc_hd__clkbuf_16)
     1    0.137055    0.151250    0.228270    6.130466 ^ clkbuf_1_1__f_wb_clk_i/X (sky130_fd_sc_hd__clkbuf_16)
                                                         clknet_1_1__leaf_wb_clk_i (net)
                      0.156057    0.022239    6.152706 ^ i_sram/CLKin (CF_SRAM_1024x32)
                                  0.100000    6.252706   clock uncertainty
                                  0.000000    6.252706   clock reconvergence pessimism
                                  0.556882    6.809587   library hold time
                                              6.809587   data required time
---------------------------------------------------------------------------------------------
                                              6.809587   data required time
                                             -7.646903   data arrival time
---------------------------------------------------------------------------------------------
                                              0.837316   slack (MET)


Startpoint: wbs_dat_i[6] (input port clocked by clk)
Endpoint: i_sram (rising edge-triggered flip-flop clocked by clk)
Path Group: clk
Path Type: min

Fanout         Cap        Slew       Delay        Time   Description
---------------------------------------------------------------------------------------------
                                  0.000000    0.000000   clock clk (rise edge)
                                  4.650000    4.650000   clock network delay (propagated)
                                  1.040000    5.690000 v input external delay
     1    0.003548    0.070000    0.000000    5.690000 v wbs_dat_i[6] (in)
                                                         wbs_dat_i[6] (net)
                      0.070217    0.000103    5.690103 v hold106/A (sky130_fd_sc_hd__dlygate4sd3_1)
     1    0.002036    0.049165    0.524538    6.214642 v hold106/X (sky130_fd_sc_hd__dlygate4sd3_1)
                                                         net204 (net)
                      0.049165    0.000128    6.214770 v hold33/A (sky130_fd_sc_hd__dlygate4sd3_1)
     1    0.003390    0.056859    0.527359    6.742128 v hold33/X (sky130_fd_sc_hd__dlygate4sd3_1)
                                                         net131 (net)
                      0.056859    0.000198    6.742326 v input41/A (sky130_fd_sc_hd__clkbuf_4)
     1    0.017334    0.050185    0.153340    6.895666 v input41/X (sky130_fd_sc_hd__clkbuf_4)
                                                         net41 (net)
                      0.050273    0.001711    6.897377 v hold34/A (sky130_fd_sc_hd__dlygate4sd3_1)
     1    0.054844    0.282799    0.727715    7.625092 v hold34/X (sky130_fd_sc_hd__dlygate4sd3_1)
                                                         net132 (net)
                      0.283516    0.011776    7.636868 v i_sram/DI[6] (CF_SRAM_1024x32)
                                              7.636868   data arrival time

                                  0.000000    0.000000   clock clk (rise edge)
                                  5.570000    5.570000   clock source latency
     1    0.057273    0.610000    0.000000    5.570000 ^ wb_clk_i (in)
                                                         wb_clk_i (net)
                      0.633517    0.012347    5.582347 ^ clkbuf_0_wb_clk_i/A (sky130_fd_sc_hd__clkbuf_16)
     2    0.068881    0.096181    0.315734    5.898081 ^ clkbuf_0_wb_clk_i/X (sky130_fd_sc_hd__clkbuf_16)
                                                         clknet_0_wb_clk_i (net)
                      0.096457    0.004116    5.902197 ^ clkbuf_1_1__f_wb_clk_i/A (sky130_fd_sc_hd__clkbuf_16)
     1    0.137055    0.151250    0.228270    6.130466 ^ clkbuf_1_1__f_wb_clk_i/X (sky130_fd_sc_hd__clkbuf_16)
                                                         clknet_1_1__leaf_wb_clk_i (net)
                      0.156057    0.022239    6.152706 ^ i_sram/CLKin (CF_SRAM_1024x32)
                                  0.100000    6.252706   clock uncertainty
                                  0.000000    6.252706   clock reconvergence pessimism
                                  0.546368    6.799074   library hold time
                                              6.799074   data required time
---------------------------------------------------------------------------------------------
                                              6.799074   data required time
                                             -7.636868   data arrival time
---------------------------------------------------------------------------------------------
                                              0.837795   slack (MET)


Startpoint: wbs_dat_i[19] (input port clocked by clk)
Endpoint: i_sram (rising edge-triggered flip-flop clocked by clk)
Path Group: clk
Path Type: min

Fanout         Cap        Slew       Delay        Time   Description
---------------------------------------------------------------------------------------------
                                  0.000000    0.000000   clock clk (rise edge)
                                  4.650000    4.650000   clock network delay (propagated)
                                  1.040000    5.690000 v input external delay
     1    0.003205    0.070000    0.000000    5.690000 v wbs_dat_i[19] (in)
                                                         wbs_dat_i[19] (net)
                      0.070179    0.000085    5.690085 v hold111/A (sky130_fd_sc_hd__dlygate4sd3_1)
     1    0.002286    0.050128    0.526670    6.216755 v hold111/X (sky130_fd_sc_hd__dlygate4sd3_1)
                                                         net209 (net)
                      0.050128    0.000151    6.216906 v hold45/A (sky130_fd_sc_hd__dlygate4sd3_1)
     1    0.002403    0.050615    0.519201    6.736106 v hold45/X (sky130_fd_sc_hd__dlygate4sd3_1)
                                                         net143 (net)
                      0.050615    0.000157    6.736263 v input23/A (sky130_fd_sc_hd__clkbuf_4)
     1    0.040363    0.092120    0.181104    6.917368 v input23/X (sky130_fd_sc_hd__clkbuf_4)
                                                         net23 (net)
                      0.093054    0.007123    6.924491 v hold46/A (sky130_fd_sc_hd__dlygate4sd3_1)
     1    0.045954    0.242597    0.717507    7.641998 v hold46/X (sky130_fd_sc_hd__dlygate4sd3_1)
                                                         net144 (net)
                      0.242967    0.007955    7.649953 v i_sram/DI[19] (CF_SRAM_1024x32)
                                              7.649953   data arrival time

                                  0.000000    0.000000   clock clk (rise edge)
                                  5.570000    5.570000   clock source latency
     1    0.057273    0.610000    0.000000    5.570000 ^ wb_clk_i (in)
                                                         wb_clk_i (net)
                      0.633517    0.012347    5.582347 ^ clkbuf_0_wb_clk_i/A (sky130_fd_sc_hd__clkbuf_16)
     2    0.068881    0.096181    0.315734    5.898081 ^ clkbuf_0_wb_clk_i/X (sky130_fd_sc_hd__clkbuf_16)
                                                         clknet_0_wb_clk_i (net)
                      0.096457    0.004116    5.902197 ^ clkbuf_1_1__f_wb_clk_i/A (sky130_fd_sc_hd__clkbuf_16)
     1    0.137055    0.151250    0.228270    6.130466 ^ clkbuf_1_1__f_wb_clk_i/X (sky130_fd_sc_hd__clkbuf_16)
                                                         clknet_1_1__leaf_wb_clk_i (net)
                      0.156057    0.022239    6.152706 ^ i_sram/CLKin (CF_SRAM_1024x32)
                                  0.100000    6.252706   clock uncertainty
                                  0.000000    6.252706   clock reconvergence pessimism
                                  0.557078    6.809784   library hold time
                                              6.809784   data required time
---------------------------------------------------------------------------------------------
                                              6.809784   data required time
                                             -7.649953   data arrival time
---------------------------------------------------------------------------------------------
                                              0.840169   slack (MET)


Startpoint: wbs_adr_i[7] (input port clocked by clk)
Endpoint: i_sram (rising edge-triggered flip-flop clocked by clk)
Path Group: clk
Path Type: min

Fanout         Cap        Slew       Delay        Time   Description
---------------------------------------------------------------------------------------------
                                  0.000000    0.000000   clock clk (rise edge)
                                  4.650000    4.650000   clock network delay (propagated)
                                  0.790000    5.440000 v input external delay
     1    0.003059    0.070000    0.000000    5.440000 v wbs_adr_i[7] (in)
                                                         wbs_adr_i[7] (net)
                      0.070173    0.000083    5.440083 v hold133/A (sky130_fd_sc_hd__dlygate4sd3_1)
     1    0.002022    0.049099    0.524399    5.964481 v hold133/X (sky130_fd_sc_hd__dlygate4sd3_1)
                                                         net231 (net)
                      0.049099    0.000133    5.964614 v hold69/A (sky130_fd_sc_hd__dlygate4sd3_1)
     1    0.002766    0.052741    0.521944    6.486558 v hold69/X (sky130_fd_sc_hd__dlygate4sd3_1)
                                                         net167 (net)
                      0.052741    0.000183    6.486741 v input9/A (sky130_fd_sc_hd__buf_4)
     1    0.057591    0.082486    0.184282    6.671023 v input9/X (sky130_fd_sc_hd__buf_4)
                                                         net9 (net)
                      0.083059    0.004923    6.675946 v hold70/A (sky130_fd_sc_hd__dlygate4sd3_1)
     1    0.044738    0.235620    0.710001    7.385948 v hold70/X (sky130_fd_sc_hd__dlygate4sd3_1)
                                                         net168 (net)
                      0.235898    0.006839    7.392786 v i_sram/AD[5] (CF_SRAM_1024x32)
                                              7.392786   data arrival time

                                  0.000000    0.000000   clock clk (rise edge)
                                  5.570000    5.570000   clock source latency
     1    0.057273    0.610000    0.000000    5.570000 ^ wb_clk_i (in)
                                                         wb_clk_i (net)
                      0.633517    0.012347    5.582347 ^ clkbuf_0_wb_clk_i/A (sky130_fd_sc_hd__clkbuf_16)
     2    0.068881    0.096181    0.315734    5.898081 ^ clkbuf_0_wb_clk_i/X (sky130_fd_sc_hd__clkbuf_16)
                                                         clknet_0_wb_clk_i (net)
                      0.096457    0.004116    5.902197 ^ clkbuf_1_1__f_wb_clk_i/A (sky130_fd_sc_hd__clkbuf_16)
     1    0.137055    0.151250    0.228270    6.130466 ^ clkbuf_1_1__f_wb_clk_i/X (sky130_fd_sc_hd__clkbuf_16)
                                                         clknet_1_1__leaf_wb_clk_i (net)
                      0.156057    0.022239    6.152706 ^ i_sram/CLKin (CF_SRAM_1024x32)
                                  0.100000    6.252706   clock uncertainty
                                  0.000000    6.252706   clock reconvergence pessimism
                                  0.298905    6.551610   library hold time
                                              6.551610   data required time
---------------------------------------------------------------------------------------------
                                              6.551610   data required time
                                             -7.392786   data arrival time
---------------------------------------------------------------------------------------------
                                              0.841176   slack (MET)


Startpoint: wbs_adr_i[9] (input port clocked by clk)
Endpoint: i_sram (rising edge-triggered flip-flop clocked by clk)
Path Group: clk
Path Type: min

Fanout         Cap        Slew       Delay        Time   Description
---------------------------------------------------------------------------------------------
                                  0.000000    0.000000   clock clk (rise edge)
                                  4.650000    4.650000   clock network delay (propagated)
                                  0.790000    5.440000 v input external delay
     1    0.003700    0.070000    0.000000    5.440000 v wbs_adr_i[9] (in)
                                                         wbs_adr_i[9] (net)
                      0.070175    0.000083    5.440083 v hold131/A (sky130_fd_sc_hd__dlygate4sd3_1)
     1    0.001805    0.048025    0.522531    5.962615 v hold131/X (sky130_fd_sc_hd__dlygate4sd3_1)
                                                         net229 (net)
                      0.048025    0.000120    5.962735 v hold61/A (sky130_fd_sc_hd__dlygate4sd3_1)
     1    0.002763    0.052733    0.521518    6.484252 v hold61/X (sky130_fd_sc_hd__dlygate4sd3_1)
                                                         net159 (net)
                      0.052733    0.000189    6.484441 v input11/A (sky130_fd_sc_hd__buf_4)
     1    0.051079    0.081661    0.173912    6.658353 v input11/X (sky130_fd_sc_hd__buf_4)
                                                         net11 (net)
                      0.084863    0.012100    6.670453 v hold62/A (sky130_fd_sc_hd__dlygate4sd3_1)
     1    0.047200    0.248064    0.718279    7.388732 v hold62/X (sky130_fd_sc_hd__dlygate4sd3_1)
                                                         net160 (net)
                      0.248452    0.008220    7.396952 v i_sram/AD[7] (CF_SRAM_1024x32)
                                              7.396952   data arrival time

                                  0.000000    0.000000   clock clk (rise edge)
                                  5.570000    5.570000   clock source latency
     1    0.057273    0.610000    0.000000    5.570000 ^ wb_clk_i (in)
                                                         wb_clk_i (net)
                      0.633517    0.012347    5.582347 ^ clkbuf_0_wb_clk_i/A (sky130_fd_sc_hd__clkbuf_16)
     2    0.068881    0.096181    0.315734    5.898081 ^ clkbuf_0_wb_clk_i/X (sky130_fd_sc_hd__clkbuf_16)
                                                         clknet_0_wb_clk_i (net)
                      0.096457    0.004116    5.902197 ^ clkbuf_1_1__f_wb_clk_i/A (sky130_fd_sc_hd__clkbuf_16)
     1    0.137055    0.151250    0.228270    6.130466 ^ clkbuf_1_1__f_wb_clk_i/X (sky130_fd_sc_hd__clkbuf_16)
                                                         clknet_1_1__leaf_wb_clk_i (net)
                      0.156057    0.022239    6.152706 ^ i_sram/CLKin (CF_SRAM_1024x32)
                                  0.100000    6.252706   clock uncertainty
                                  0.000000    6.252706   clock reconvergence pessimism
                                  0.298935    6.551641   library hold time
                                              6.551641   data required time
---------------------------------------------------------------------------------------------
                                              6.551641   data required time
                                             -7.396952   data arrival time
---------------------------------------------------------------------------------------------
                                              0.845311   slack (MET)


Startpoint: wbs_dat_i[24] (input port clocked by clk)
Endpoint: i_sram (rising edge-triggered flip-flop clocked by clk)
Path Group: clk
Path Type: min

Fanout         Cap        Slew       Delay        Time   Description
---------------------------------------------------------------------------------------------
                                  0.000000    0.000000   clock clk (rise edge)
                                  4.650000    4.650000   clock network delay (propagated)
                                  1.040000    5.690000 v input external delay
     1    0.002856    0.070000    0.000000    5.690000 v wbs_dat_i[24] (in)
                                                         wbs_dat_i[24] (net)
                      0.070150    0.000071    5.690072 v hold117/A (sky130_fd_sc_hd__dlygate4sd3_1)
     1    0.001888    0.048435    0.523250    6.213322 v hold117/X (sky130_fd_sc_hd__dlygate4sd3_1)
                                                         net215 (net)
                      0.048435    0.000083    6.213405 v hold63/A (sky130_fd_sc_hd__dlygate4sd3_1)
     1    0.002616    0.051851    0.520414    6.733818 v hold63/X (sky130_fd_sc_hd__dlygate4sd3_1)
                                                         net161 (net)
                      0.051851    0.000165    6.733983 v input29/A (sky130_fd_sc_hd__clkbuf_4)
     1    0.033927    0.079960    0.173075    6.907058 v input29/X (sky130_fd_sc_hd__clkbuf_4)
                                                         net29 (net)
                      0.080679    0.005799    6.912858 v hold64/A (sky130_fd_sc_hd__dlygate4sd3_1)
     1    0.051308    0.266798    0.729310    7.642168 v hold64/X (sky130_fd_sc_hd__dlygate4sd3_1)
                                                         net162 (net)
                      0.267341    0.010014    7.652182 v i_sram/DI[24] (CF_SRAM_1024x32)
                                              7.652182   data arrival time

                                  0.000000    0.000000   clock clk (rise edge)
                                  5.570000    5.570000   clock source latency
     1    0.057273    0.610000    0.000000    5.570000 ^ wb_clk_i (in)
                                                         wb_clk_i (net)
                      0.633517    0.012347    5.582347 ^ clkbuf_0_wb_clk_i/A (sky130_fd_sc_hd__clkbuf_16)
     2    0.068881    0.096181    0.315734    5.898081 ^ clkbuf_0_wb_clk_i/X (sky130_fd_sc_hd__clkbuf_16)
                                                         clknet_0_wb_clk_i (net)
                      0.096457    0.004116    5.902197 ^ clkbuf_1_1__f_wb_clk_i/A (sky130_fd_sc_hd__clkbuf_16)
     1    0.137055    0.151250    0.228270    6.130466 ^ clkbuf_1_1__f_wb_clk_i/X (sky130_fd_sc_hd__clkbuf_16)
                                                         clknet_1_1__leaf_wb_clk_i (net)
                      0.156057    0.022239    6.152706 ^ i_sram/CLKin (CF_SRAM_1024x32)
                                  0.100000    6.252706   clock uncertainty
                                  0.000000    6.252706   clock reconvergence pessimism
                                  0.550640    6.803346   library hold time
                                              6.803346   data required time
---------------------------------------------------------------------------------------------
                                              6.803346   data required time
                                             -7.652182   data arrival time
---------------------------------------------------------------------------------------------
                                              0.848836   slack (MET)


Startpoint: wbs_dat_i[31] (input port clocked by clk)
Endpoint: i_sram (rising edge-triggered flip-flop clocked by clk)
Path Group: clk
Path Type: min

Fanout         Cap        Slew       Delay        Time   Description
---------------------------------------------------------------------------------------------
                                  0.000000    0.000000   clock clk (rise edge)
                                  4.650000    4.650000   clock network delay (propagated)
                                  1.040000    5.690000 v input external delay
     1    0.002874    0.070000    0.000000    5.690000 v wbs_dat_i[31] (in)
                                                         wbs_dat_i[31] (net)
                      0.070152    0.000072    5.690073 v hold128/A (sky130_fd_sc_hd__dlygate4sd3_1)
     1    0.002251    0.050015    0.526383    6.216456 v hold128/X (sky130_fd_sc_hd__dlygate4sd3_1)
                                                         net226 (net)
                      0.050015    0.000088    6.216544 v hold29/A (sky130_fd_sc_hd__dlygate4sd3_1)
     1    0.003537    0.057310    0.528580    6.745124 v hold29/X (sky130_fd_sc_hd__dlygate4sd3_1)
                                                         net127 (net)
                      0.057310    0.000219    6.745343 v input37/A (sky130_fd_sc_hd__buf_4)
     1    0.044544    0.073925    0.169423    6.914766 v input37/X (sky130_fd_sc_hd__buf_4)
                                                         net37 (net)
                      0.076113    0.009568    6.924334 v hold30/A (sky130_fd_sc_hd__dlygate4sd3_1)
     1    0.049402    0.258783    0.719870    7.644205 v hold30/X (sky130_fd_sc_hd__dlygate4sd3_1)
                                                         net128 (net)
                      0.259601    0.011993    7.656198 v i_sram/DI[31] (CF_SRAM_1024x32)
                                              7.656198   data arrival time

                                  0.000000    0.000000   clock clk (rise edge)
                                  5.570000    5.570000   clock source latency
     1    0.057273    0.610000    0.000000    5.570000 ^ wb_clk_i (in)
                                                         wb_clk_i (net)
                      0.633517    0.012347    5.582347 ^ clkbuf_0_wb_clk_i/A (sky130_fd_sc_hd__clkbuf_16)
     2    0.068881    0.096181    0.315734    5.898081 ^ clkbuf_0_wb_clk_i/X (sky130_fd_sc_hd__clkbuf_16)
                                                         clknet_0_wb_clk_i (net)
                      0.096457    0.004116    5.902197 ^ clkbuf_1_1__f_wb_clk_i/A (sky130_fd_sc_hd__clkbuf_16)
     1    0.137055    0.151250    0.228270    6.130466 ^ clkbuf_1_1__f_wb_clk_i/X (sky130_fd_sc_hd__clkbuf_16)
                                                         clknet_1_1__leaf_wb_clk_i (net)
                      0.156057    0.022239    6.152706 ^ i_sram/CLKin (CF_SRAM_1024x32)
                                  0.100000    6.252706   clock uncertainty
                                  0.000000    6.252706   clock reconvergence pessimism
                                  0.552685    6.805390   library hold time
                                              6.805390   data required time
---------------------------------------------------------------------------------------------
                                              6.805390   data required time
                                             -7.656198   data arrival time
---------------------------------------------------------------------------------------------
                                              0.850807   slack (MET)


Startpoint: wbs_dat_i[20] (input port clocked by clk)
Endpoint: i_sram (rising edge-triggered flip-flop clocked by clk)
Path Group: clk
Path Type: min

Fanout         Cap        Slew       Delay        Time   Description
---------------------------------------------------------------------------------------------
                                  0.000000    0.000000   clock clk (rise edge)
                                  4.650000    4.650000   clock network delay (propagated)
                                  1.040000    5.690000 v input external delay
     1    0.003448    0.070000    0.000000    5.690000 v wbs_dat_i[20] (in)
                                                         wbs_dat_i[20] (net)
                      0.070187    0.000089    5.690089 v hold109/A (sky130_fd_sc_hd__dlygate4sd3_1)
     1    0.002749    0.052630    0.530676    6.220766 v hold109/X (sky130_fd_sc_hd__dlygate4sd3_1)
                                                         net207 (net)
                      0.052630    0.000159    6.220924 v hold51/A (sky130_fd_sc_hd__dlygate4sd3_1)
     1    0.002177    0.049725    0.518191    6.739116 v hold51/X (sky130_fd_sc_hd__dlygate4sd3_1)
                                                         net149 (net)
                      0.049725    0.000097    6.739213 v input25/A (sky130_fd_sc_hd__clkbuf_4)
     1    0.041560    0.094470    0.182039    6.921252 v input25/X (sky130_fd_sc_hd__clkbuf_4)
                                                         net25 (net)
                      0.095644    0.008064    6.929316 v hold52/A (sky130_fd_sc_hd__dlygate4sd3_1)
     1    0.047818    0.250975    0.724695    7.654010 v hold52/X (sky130_fd_sc_hd__dlygate4sd3_1)
                                                         net150 (net)
                      0.251387    0.008513    7.662523 v i_sram/DI[20] (CF_SRAM_1024x32)
                                              7.662523   data arrival time

                                  0.000000    0.000000   clock clk (rise edge)
                                  5.570000    5.570000   clock source latency
     1    0.057273    0.610000    0.000000    5.570000 ^ wb_clk_i (in)
                                                         wb_clk_i (net)
                      0.633517    0.012347    5.582347 ^ clkbuf_0_wb_clk_i/A (sky130_fd_sc_hd__clkbuf_16)
     2    0.068881    0.096181    0.315734    5.898081 ^ clkbuf_0_wb_clk_i/X (sky130_fd_sc_hd__clkbuf_16)
                                                         clknet_0_wb_clk_i (net)
                      0.096457    0.004116    5.902197 ^ clkbuf_1_1__f_wb_clk_i/A (sky130_fd_sc_hd__clkbuf_16)
     1    0.137055    0.151250    0.228270    6.130466 ^ clkbuf_1_1__f_wb_clk_i/X (sky130_fd_sc_hd__clkbuf_16)
                                                         clknet_1_1__leaf_wb_clk_i (net)
                      0.156057    0.022239    6.152706 ^ i_sram/CLKin (CF_SRAM_1024x32)
                                  0.100000    6.252706   clock uncertainty
                                  0.000000    6.252706   clock reconvergence pessimism
                                  0.554854    6.807560   library hold time
                                              6.807560   data required time
---------------------------------------------------------------------------------------------
                                              6.807560   data required time
                                             -7.662523   data arrival time
---------------------------------------------------------------------------------------------
                                              0.854963   slack (MET)


Startpoint: wbs_adr_i[8] (input port clocked by clk)
Endpoint: i_sram (rising edge-triggered flip-flop clocked by clk)
Path Group: clk
Path Type: min

Fanout         Cap        Slew       Delay        Time   Description
---------------------------------------------------------------------------------------------
                                  0.000000    0.000000   clock clk (rise edge)
                                  4.650000    4.650000   clock network delay (propagated)
                                  0.790000    5.440000 v input external delay
     1    0.003149    0.070000    0.000000    5.440000 v wbs_adr_i[8] (in)
                                                         wbs_adr_i[8] (net)
                      0.070186    0.000088    5.440089 v hold132/A (sky130_fd_sc_hd__dlygate4sd3_1)
     1    0.002901    0.053570    0.531989    5.972078 v hold132/X (sky130_fd_sc_hd__dlygate4sd3_1)
                                                         net230 (net)
                      0.053570    0.000161    5.972239 v hold67/A (sky130_fd_sc_hd__dlygate4sd3_1)
     1    0.002945    0.053823    0.525173    6.497412 v hold67/X (sky130_fd_sc_hd__dlygate4sd3_1)
                                                         net165 (net)
                      0.053823    0.000189    6.497601 v input10/A (sky130_fd_sc_hd__buf_4)
     1    0.054823    0.079490    0.182335    6.679936 v input10/X (sky130_fd_sc_hd__buf_4)
                                                         net10 (net)
                      0.080050    0.004740    6.684677 v hold68/A (sky130_fd_sc_hd__dlygate4sd3_1)
     1    0.046844    0.246228    0.715538    7.400214 v hold68/X (sky130_fd_sc_hd__dlygate4sd3_1)
                                                         net166 (net)
                      0.246526    0.007232    7.407446 v i_sram/AD[6] (CF_SRAM_1024x32)
                                              7.407446   data arrival time

                                  0.000000    0.000000   clock clk (rise edge)
                                  5.570000    5.570000   clock source latency
     1    0.057273    0.610000    0.000000    5.570000 ^ wb_clk_i (in)
                                                         wb_clk_i (net)
                      0.633517    0.012347    5.582347 ^ clkbuf_0_wb_clk_i/A (sky130_fd_sc_hd__clkbuf_16)
     2    0.068881    0.096181    0.315734    5.898081 ^ clkbuf_0_wb_clk_i/X (sky130_fd_sc_hd__clkbuf_16)
                                                         clknet_0_wb_clk_i (net)
                      0.096457    0.004116    5.902197 ^ clkbuf_1_1__f_wb_clk_i/A (sky130_fd_sc_hd__clkbuf_16)
     1    0.137055    0.151250    0.228270    6.130466 ^ clkbuf_1_1__f_wb_clk_i/X (sky130_fd_sc_hd__clkbuf_16)
                                                         clknet_1_1__leaf_wb_clk_i (net)
                      0.156057    0.022239    6.152706 ^ i_sram/CLKin (CF_SRAM_1024x32)
                                  0.100000    6.252706   clock uncertainty
                                  0.000000    6.252706   clock reconvergence pessimism
                                  0.298931    6.551636   library hold time
                                              6.551636   data required time
---------------------------------------------------------------------------------------------
                                              6.551636   data required time
                                             -7.407446   data arrival time
---------------------------------------------------------------------------------------------
                                              0.855810   slack (MET)


Startpoint: wbs_dat_i[27] (input port clocked by clk)
Endpoint: i_sram (rising edge-triggered flip-flop clocked by clk)
Path Group: clk
Path Type: min

Fanout         Cap        Slew       Delay        Time   Description
---------------------------------------------------------------------------------------------
                                  0.000000    0.000000   clock clk (rise edge)
                                  4.650000    4.650000   clock network delay (propagated)
                                  1.040000    5.690000 v input external delay
     1    0.003924    0.070000    0.000000    5.690000 v wbs_dat_i[27] (in)
                                                         wbs_dat_i[27] (net)
                      0.070190    0.000090    5.690090 v hold121/A (sky130_fd_sc_hd__dlygate4sd3_1)
     1    0.002808    0.052990    0.531181    6.221272 v hold121/X (sky130_fd_sc_hd__dlygate4sd3_1)
                                                         net219 (net)
                      0.052990    0.000162    6.221433 v hold7/A (sky130_fd_sc_hd__dlygate4sd3_1)
     1    0.003626    0.057568    0.530208    6.751641 v hold7/X (sky130_fd_sc_hd__dlygate4sd3_1)
                                                         net105 (net)
                      0.057568    0.000259    6.751901 v input32/A (sky130_fd_sc_hd__buf_4)
     1    0.038352    0.065836    0.164947    6.916848 v input32/X (sky130_fd_sc_hd__buf_4)
                                                         net32 (net)
                      0.067279    0.007349    6.924197 v hold8/A (sky130_fd_sc_hd__dlygate4sd3_1)
     1    0.051773    0.269139    0.724506    7.648702 v hold8/X (sky130_fd_sc_hd__dlygate4sd3_1)
                                                         net106 (net)
                      0.269769    0.010801    7.659503 v i_sram/DI[27] (CF_SRAM_1024x32)
                                              7.659503   data arrival time

                                  0.000000    0.000000   clock clk (rise edge)
                                  5.570000    5.570000   clock source latency
     1    0.057273    0.610000    0.000000    5.570000 ^ wb_clk_i (in)
                                                         wb_clk_i (net)
                      0.633517    0.012347    5.582347 ^ clkbuf_0_wb_clk_i/A (sky130_fd_sc_hd__clkbuf_16)
     2    0.068881    0.096181    0.315734    5.898081 ^ clkbuf_0_wb_clk_i/X (sky130_fd_sc_hd__clkbuf_16)
                                                         clknet_0_wb_clk_i (net)
                      0.096457    0.004116    5.902197 ^ clkbuf_1_1__f_wb_clk_i/A (sky130_fd_sc_hd__clkbuf_16)
     1    0.137055    0.151250    0.228270    6.130466 ^ clkbuf_1_1__f_wb_clk_i/X (sky130_fd_sc_hd__clkbuf_16)
                                                         clknet_1_1__leaf_wb_clk_i (net)
                      0.156057    0.022239    6.152706 ^ i_sram/CLKin (CF_SRAM_1024x32)
                                  0.100000    6.252706   clock uncertainty
                                  0.000000    6.252706   clock reconvergence pessimism
                                  0.549999    6.802704   library hold time
                                              6.802704   data required time
---------------------------------------------------------------------------------------------
                                              6.802704   data required time
                                             -7.659503   data arrival time
---------------------------------------------------------------------------------------------
                                              0.856799   slack (MET)


Startpoint: wbs_dat_i[23] (input port clocked by clk)
Endpoint: i_sram (rising edge-triggered flip-flop clocked by clk)
Path Group: clk
Path Type: min

Fanout         Cap        Slew       Delay        Time   Description
---------------------------------------------------------------------------------------------
                                  0.000000    0.000000   clock clk (rise edge)
                                  4.650000    4.650000   clock network delay (propagated)
                                  1.040000    5.690000 v input external delay
     1    0.003273    0.070000    0.000000    5.690000 v wbs_dat_i[23] (in)
                                                         wbs_dat_i[23] (net)
                      0.070189    0.000090    5.690090 v hold116/A (sky130_fd_sc_hd__dlygate4sd3_1)
     1    0.002653    0.052048    0.529840    6.219930 v hold116/X (sky130_fd_sc_hd__dlygate4sd3_1)
                                                         net214 (net)
                      0.052048    0.000168    6.220098 v hold59/A (sky130_fd_sc_hd__dlygate4sd3_1)
     1    0.002133    0.049580    0.517604    6.737701 v hold59/X (sky130_fd_sc_hd__dlygate4sd3_1)
                                                         net157 (net)
                      0.049580    0.000095    6.737796 v input28/A (sky130_fd_sc_hd__clkbuf_4)
     1    0.038590    0.089279    0.177193    6.914989 v input28/X (sky130_fd_sc_hd__clkbuf_4)
                                                         net28 (net)
                      0.090467    0.007876    6.922865 v hold60/A (sky130_fd_sc_hd__dlygate4sd3_1)
     1    0.050377    0.262597    0.730538    7.653403 v hold60/X (sky130_fd_sc_hd__dlygate4sd3_1)
                                                         net158 (net)
                      0.263104    0.009622    7.663024 v i_sram/DI[23] (CF_SRAM_1024x32)
                                              7.663024   data arrival time

                                  0.000000    0.000000   clock clk (rise edge)
                                  5.570000    5.570000   clock source latency
     1    0.057273    0.610000    0.000000    5.570000 ^ wb_clk_i (in)
                                                         wb_clk_i (net)
                      0.633517    0.012347    5.582347 ^ clkbuf_0_wb_clk_i/A (sky130_fd_sc_hd__clkbuf_16)
     2    0.068881    0.096181    0.315734    5.898081 ^ clkbuf_0_wb_clk_i/X (sky130_fd_sc_hd__clkbuf_16)
                                                         clknet_0_wb_clk_i (net)
                      0.096457    0.004116    5.902197 ^ clkbuf_1_1__f_wb_clk_i/A (sky130_fd_sc_hd__clkbuf_16)
     1    0.137055    0.151250    0.228270    6.130466 ^ clkbuf_1_1__f_wb_clk_i/X (sky130_fd_sc_hd__clkbuf_16)
                                                         clknet_1_1__leaf_wb_clk_i (net)
                      0.156057    0.022239    6.152706 ^ i_sram/CLKin (CF_SRAM_1024x32)
                                  0.100000    6.252706   clock uncertainty
                                  0.000000    6.252706   clock reconvergence pessimism
                                  0.551759    6.804465   library hold time
                                              6.804465   data required time
---------------------------------------------------------------------------------------------
                                              6.804465   data required time
                                             -7.663024   data arrival time
---------------------------------------------------------------------------------------------
                                              0.858559   slack (MET)


Startpoint: wbs_dat_i[30] (input port clocked by clk)
Endpoint: i_sram (rising edge-triggered flip-flop clocked by clk)
Path Group: clk
Path Type: min

Fanout         Cap        Slew       Delay        Time   Description
---------------------------------------------------------------------------------------------
                                  0.000000    0.000000   clock clk (rise edge)
                                  4.650000    4.650000   clock network delay (propagated)
                                  1.040000    5.690000 v input external delay
     1    0.003162    0.070000    0.000000    5.690000 v wbs_dat_i[30] (in)
                                                         wbs_dat_i[30] (net)
                      0.070188    0.000089    5.690089 v hold127/A (sky130_fd_sc_hd__dlygate4sd3_1)
     1    0.003590    0.057499    0.537427    6.227517 v hold127/X (sky130_fd_sc_hd__dlygate4sd3_1)
                                                         net225 (net)
                      0.057499    0.000193    6.227709 v hold25/A (sky130_fd_sc_hd__dlygate4sd3_1)
     1    0.002418    0.050697    0.522346    6.750055 v hold25/X (sky130_fd_sc_hd__dlygate4sd3_1)
                                                         net123 (net)
                      0.050697    0.000107    6.750162 v input36/A (sky130_fd_sc_hd__buf_4)
     1    0.041847    0.070309    0.164742    6.914904 v input36/X (sky130_fd_sc_hd__buf_4)
                                                         net36 (net)
                      0.072168    0.008615    6.923519 v hold26/A (sky130_fd_sc_hd__dlygate4sd3_1)
     1    0.052448    0.272250    0.728654    7.652173 v hold26/X (sky130_fd_sc_hd__dlygate4sd3_1)
                                                         net124 (net)
                      0.272961    0.011514    7.663687 v i_sram/DI[30] (CF_SRAM_1024x32)
                                              7.663687   data arrival time

                                  0.000000    0.000000   clock clk (rise edge)
                                  5.570000    5.570000   clock source latency
     1    0.057273    0.610000    0.000000    5.570000 ^ wb_clk_i (in)
                                                         wb_clk_i (net)
                      0.633517    0.012347    5.582347 ^ clkbuf_0_wb_clk_i/A (sky130_fd_sc_hd__clkbuf_16)
     2    0.068881    0.096181    0.315734    5.898081 ^ clkbuf_0_wb_clk_i/X (sky130_fd_sc_hd__clkbuf_16)
                                                         clknet_0_wb_clk_i (net)
                      0.096457    0.004116    5.902197 ^ clkbuf_1_1__f_wb_clk_i/A (sky130_fd_sc_hd__clkbuf_16)
     1    0.137055    0.151250    0.228270    6.130466 ^ clkbuf_1_1__f_wb_clk_i/X (sky130_fd_sc_hd__clkbuf_16)
                                                         clknet_1_1__leaf_wb_clk_i (net)
                      0.156057    0.022239    6.152706 ^ i_sram/CLKin (CF_SRAM_1024x32)
                                  0.100000    6.252706   clock uncertainty
                                  0.000000    6.252706   clock reconvergence pessimism
                                  0.549156    6.801861   library hold time
                                              6.801861   data required time
---------------------------------------------------------------------------------------------
                                              6.801861   data required time
                                             -7.663687   data arrival time
---------------------------------------------------------------------------------------------
                                              0.861825   slack (MET)


Startpoint: wbs_dat_i[4] (input port clocked by clk)
Endpoint: i_sram (rising edge-triggered flip-flop clocked by clk)
Path Group: clk
Path Type: min

Fanout         Cap        Slew       Delay        Time   Description
---------------------------------------------------------------------------------------------
                                  0.000000    0.000000   clock clk (rise edge)
                                  4.650000    4.650000   clock network delay (propagated)
                                  1.040000    5.690000 v input external delay
     1    0.004067    0.070000    0.000000    5.690000 v wbs_dat_i[4] (in)
                                                         wbs_dat_i[4] (net)
                      0.070187    0.000089    5.690089 v hold115/A (sky130_fd_sc_hd__dlygate4sd3_1)
     1    0.001711    0.047556    0.521739    6.211828 v hold115/X (sky130_fd_sc_hd__dlygate4sd3_1)
                                                         net213 (net)
                      0.047556    0.000075    6.211902 v hold47/A (sky130_fd_sc_hd__dlygate4sd3_1)
     1    0.003305    0.056284    0.526025    6.737927 v hold47/X (sky130_fd_sc_hd__dlygate4sd3_1)
                                                         net145 (net)
                      0.056284    0.000202    6.738129 v input39/A (sky130_fd_sc_hd__clkbuf_4)
     2    0.018290    0.051986    0.154062    6.892191 v input39/X (sky130_fd_sc_hd__clkbuf_4)
                                                         net39 (net)
                      0.052183    0.002574    6.894765 v hold48/A (sky130_fd_sc_hd__dlygate4sd3_1)
     1    0.060758    0.301986    0.747221    7.641987 v hold48/X (sky130_fd_sc_hd__dlygate4sd3_1)
                                                         net146 (net)
                      0.303121    0.015183    7.657169 v i_sram/DI[4] (CF_SRAM_1024x32)
                                              7.657169   data arrival time

                                  0.000000    0.000000   clock clk (rise edge)
                                  5.570000    5.570000   clock source latency
     1    0.057273    0.610000    0.000000    5.570000 ^ wb_clk_i (in)
                                                         wb_clk_i (net)
                      0.633517    0.012347    5.582347 ^ clkbuf_0_wb_clk_i/A (sky130_fd_sc_hd__clkbuf_16)
     2    0.068881    0.096181    0.315734    5.898081 ^ clkbuf_0_wb_clk_i/X (sky130_fd_sc_hd__clkbuf_16)
                                                         clknet_0_wb_clk_i (net)
                      0.096457    0.004116    5.902197 ^ clkbuf_1_1__f_wb_clk_i/A (sky130_fd_sc_hd__clkbuf_16)
     1    0.137055    0.151250    0.228270    6.130466 ^ clkbuf_1_1__f_wb_clk_i/X (sky130_fd_sc_hd__clkbuf_16)
                                                         clknet_1_1__leaf_wb_clk_i (net)
                      0.156057    0.022239    6.152706 ^ i_sram/CLKin (CF_SRAM_1024x32)
                                  0.100000    6.252706   clock uncertainty
                                  0.000000    6.252706   clock reconvergence pessimism
                                  0.541525    6.794231   library hold time
                                              6.794231   data required time
---------------------------------------------------------------------------------------------
                                              6.794231   data required time
                                             -7.657169   data arrival time
---------------------------------------------------------------------------------------------
                                              0.862938   slack (MET)


Startpoint: wbs_dat_i[7] (input port clocked by clk)
Endpoint: i_sram (rising edge-triggered flip-flop clocked by clk)
Path Group: clk
Path Type: min

Fanout         Cap        Slew       Delay        Time   Description
---------------------------------------------------------------------------------------------
                                  0.000000    0.000000   clock clk (rise edge)
                                  4.650000    4.650000   clock network delay (propagated)
                                  1.040000    5.690000 v input external delay
     1    0.003259    0.070000    0.000000    5.690000 v wbs_dat_i[7] (in)
                                                         wbs_dat_i[7] (net)
                      0.070147    0.000070    5.690070 v hold105/A (sky130_fd_sc_hd__dlygate4sd3_1)
     1    0.001823    0.048114    0.522674    6.212744 v hold105/X (sky130_fd_sc_hd__dlygate4sd3_1)
                                                         net203 (net)
                      0.048114    0.000121    6.212865 v hold31/A (sky130_fd_sc_hd__dlygate4sd3_1)
     1    0.002658    0.052099    0.520643    6.733508 v hold31/X (sky130_fd_sc_hd__dlygate4sd3_1)
                                                         net129 (net)
                      0.052099    0.000187    6.733696 v input42/A (sky130_fd_sc_hd__clkbuf_4)
     1    0.017598    0.050623    0.151748    6.885443 v input42/X (sky130_fd_sc_hd__clkbuf_4)
                                                         net42 (net)
                      0.050701    0.001640    6.887084 v hold32/A (sky130_fd_sc_hd__dlygate4sd3_1)
     1    0.063431    0.313408    0.756339    7.643423 v hold32/X (sky130_fd_sc_hd__dlygate4sd3_1)
                                                         net130 (net)
                      0.314381    0.014361    7.657784 v i_sram/DI[7] (CF_SRAM_1024x32)
                                              7.657784   data arrival time

                                  0.000000    0.000000   clock clk (rise edge)
                                  5.570000    5.570000   clock source latency
     1    0.057273    0.610000    0.000000    5.570000 ^ wb_clk_i (in)
                                                         wb_clk_i (net)
                      0.633517    0.012347    5.582347 ^ clkbuf_0_wb_clk_i/A (sky130_fd_sc_hd__clkbuf_16)
     2    0.068881    0.096181    0.315734    5.898081 ^ clkbuf_0_wb_clk_i/X (sky130_fd_sc_hd__clkbuf_16)
                                                         clknet_0_wb_clk_i (net)
                      0.096457    0.004116    5.902197 ^ clkbuf_1_1__f_wb_clk_i/A (sky130_fd_sc_hd__clkbuf_16)
     1    0.137055    0.151250    0.228270    6.130466 ^ clkbuf_1_1__f_wb_clk_i/X (sky130_fd_sc_hd__clkbuf_16)
                                                         clknet_1_1__leaf_wb_clk_i (net)
                      0.156057    0.022239    6.152706 ^ i_sram/CLKin (CF_SRAM_1024x32)
                                  0.100000    6.252706   clock uncertainty
                                  0.000000    6.252706   clock reconvergence pessimism
                                  0.539763    6.792469   library hold time
                                              6.792469   data required time
---------------------------------------------------------------------------------------------
                                              6.792469   data required time
                                             -7.657784   data arrival time
---------------------------------------------------------------------------------------------
                                              0.865315   slack (MET)


Startpoint: wbs_adr_i[6] (input port clocked by clk)
Endpoint: i_sram (rising edge-triggered flip-flop clocked by clk)
Path Group: clk
Path Type: min

Fanout         Cap        Slew       Delay        Time   Description
---------------------------------------------------------------------------------------------
                                  0.000000    0.000000   clock clk (rise edge)
                                  4.650000    4.650000   clock network delay (propagated)
                                  0.790000    5.440000 v input external delay
     1    0.004217    0.070000    0.000000    5.440000 v wbs_adr_i[6] (in)
                                                         wbs_adr_i[6] (net)
                      0.070192    0.000091    5.440091 v hold135/A (sky130_fd_sc_hd__dlygate4sd3_1)
     1    0.002162    0.049684    0.525615    5.965706 v hold135/X (sky130_fd_sc_hd__dlygate4sd3_1)
                                                         net233 (net)
                      0.049684    0.000139    5.965845 v hold77/A (sky130_fd_sc_hd__dlygate4sd3_1)
     1    0.003404    0.056896    0.527629    6.493474 v hold77/X (sky130_fd_sc_hd__dlygate4sd3_1)
                                                         net175 (net)
                      0.056896    0.000212    6.493686 v input8/A (sky130_fd_sc_hd__buf_4)
     1    0.059760    0.084850    0.187668    6.681354 v input8/X (sky130_fd_sc_hd__buf_4)
                                                         net8 (net)
                      0.085455    0.005154    6.686508 v hold78/A (sky130_fd_sc_hd__dlygate4sd3_1)
     1    0.048495    0.253574    0.723411    7.409918 v hold78/X (sky130_fd_sc_hd__dlygate4sd3_1)
                                                         net176 (net)
                      0.253879    0.007421    7.417339 v i_sram/AD[4] (CF_SRAM_1024x32)
                                              7.417339   data arrival time

                                  0.000000    0.000000   clock clk (rise edge)
                                  5.570000    5.570000   clock source latency
     1    0.057273    0.610000    0.000000    5.570000 ^ wb_clk_i (in)
                                                         wb_clk_i (net)
                      0.633517    0.012347    5.582347 ^ clkbuf_0_wb_clk_i/A (sky130_fd_sc_hd__clkbuf_16)
     2    0.068881    0.096181    0.315734    5.898081 ^ clkbuf_0_wb_clk_i/X (sky130_fd_sc_hd__clkbuf_16)
                                                         clknet_0_wb_clk_i (net)
                      0.096457    0.004116    5.902197 ^ clkbuf_1_1__f_wb_clk_i/A (sky130_fd_sc_hd__clkbuf_16)
     1    0.137055    0.151250    0.228270    6.130466 ^ clkbuf_1_1__f_wb_clk_i/X (sky130_fd_sc_hd__clkbuf_16)
                                                         clknet_1_1__leaf_wb_clk_i (net)
                      0.156057    0.022239    6.152706 ^ i_sram/CLKin (CF_SRAM_1024x32)
                                  0.100000    6.252706   clock uncertainty
                                  0.000000    6.252706   clock reconvergence pessimism
                                  0.298948    6.551654   library hold time
                                              6.551654   data required time
---------------------------------------------------------------------------------------------
                                              6.551654   data required time
                                             -7.417339   data arrival time
---------------------------------------------------------------------------------------------
                                              0.865685   slack (MET)


Startpoint: wbs_adr_i[10] (input port clocked by clk)
Endpoint: i_sram (rising edge-triggered flip-flop clocked by clk)
Path Group: clk
Path Type: min

Fanout         Cap        Slew       Delay        Time   Description
---------------------------------------------------------------------------------------------
                                  0.000000    0.000000   clock clk (rise edge)
                                  4.650000    4.650000   clock network delay (propagated)
                                  0.790000    5.440000 v input external delay
     1    0.004892    0.070000    0.000000    5.440000 v wbs_adr_i[10] (in)
                                                         wbs_adr_i[10] (net)
                      0.070384    0.000183    5.440183 v hold130/A (sky130_fd_sc_hd__dlygate4sd3_1)
     1    0.004068    0.059168    0.540449    5.980632 v hold130/X (sky130_fd_sc_hd__dlygate4sd3_1)
                                                         net228 (net)
                      0.059168    0.000246    5.980878 v hold53/A (sky130_fd_sc_hd__dlygate4sd3_1)
     1    0.002822    0.053056    0.526522    6.507399 v hold53/X (sky130_fd_sc_hd__dlygate4sd3_1)
                                                         net151 (net)
                      0.053056    0.000190    6.507589 v input2/A (sky130_fd_sc_hd__buf_4)
     1    0.048078    0.077538    0.172304    6.679893 v input2/X (sky130_fd_sc_hd__buf_4)
                                                         net2 (net)
                      0.079339    0.008962    6.688855 v hold54/A (sky130_fd_sc_hd__dlygate4sd3_1)
     1    0.048761    0.254747    0.721681    7.410535 v hold54/X (sky130_fd_sc_hd__dlygate4sd3_1)
                                                         net152 (net)
                      0.255052    0.007437    7.417972 v i_sram/AD[8] (CF_SRAM_1024x32)
                                              7.417972   data arrival time

                                  0.000000    0.000000   clock clk (rise edge)
                                  5.570000    5.570000   clock source latency
     1    0.057273    0.610000    0.000000    5.570000 ^ wb_clk_i (in)
                                                         wb_clk_i (net)
                      0.633517    0.012347    5.582347 ^ clkbuf_0_wb_clk_i/A (sky130_fd_sc_hd__clkbuf_16)
     2    0.068881    0.096181    0.315734    5.898081 ^ clkbuf_0_wb_clk_i/X (sky130_fd_sc_hd__clkbuf_16)
                                                         clknet_0_wb_clk_i (net)
                      0.096457    0.004116    5.902197 ^ clkbuf_1_1__f_wb_clk_i/A (sky130_fd_sc_hd__clkbuf_16)
     1    0.137055    0.151250    0.228270    6.130466 ^ clkbuf_1_1__f_wb_clk_i/X (sky130_fd_sc_hd__clkbuf_16)
                                                         clknet_1_1__leaf_wb_clk_i (net)
                      0.156057    0.022239    6.152706 ^ i_sram/CLKin (CF_SRAM_1024x32)
                                  0.100000    6.252706   clock uncertainty
                                  0.000000    6.252706   clock reconvergence pessimism
                                  0.298951    6.551657   library hold time
                                              6.551657   data required time
---------------------------------------------------------------------------------------------
                                              6.551657   data required time
                                             -7.417972   data arrival time
---------------------------------------------------------------------------------------------
                                              0.866315   slack (MET)


Startpoint: wbs_dat_i[16] (input port clocked by clk)
Endpoint: i_sram (rising edge-triggered flip-flop clocked by clk)
Path Group: clk
Path Type: min

Fanout         Cap        Slew       Delay        Time   Description
---------------------------------------------------------------------------------------------
                                  0.000000    0.000000   clock clk (rise edge)
                                  4.650000    4.650000   clock network delay (propagated)
                                  1.040000    5.690000 v input external delay
     1    0.002744    0.070000    0.000000    5.690000 v wbs_dat_i[16] (in)
                                                         wbs_dat_i[16] (net)
                      0.070145    0.000069    5.690069 v hold113/A (sky130_fd_sc_hd__dlygate4sd3_1)
     1    0.003876    0.058462    0.539144    6.229213 v hold113/X (sky130_fd_sc_hd__dlygate4sd3_1)
                                                         net211 (net)
                      0.058462    0.000270    6.229483 v hold49/A (sky130_fd_sc_hd__dlygate4sd3_1)
     1    0.003939    0.058661    0.534523    6.764006 v hold49/X (sky130_fd_sc_hd__dlygate4sd3_1)
                                                         net147 (net)
                      0.058661    0.000224    6.764229 v input20/A (sky130_fd_sc_hd__clkbuf_4)
     1    0.043559    0.098327    0.188024    6.952254 v input20/X (sky130_fd_sc_hd__clkbuf_4)
                                                         net20 (net)
                      0.099699    0.008887    6.961140 v hold50/A (sky130_fd_sc_hd__dlygate4sd3_1)
     1    0.044542    0.236141    0.716055    7.677195 v hold50/X (sky130_fd_sc_hd__dlygate4sd3_1)
                                                         net148 (net)
                      0.236445    0.007145    7.684340 v i_sram/DI[16] (CF_SRAM_1024x32)
                                              7.684340   data arrival time

                                  0.000000    0.000000   clock clk (rise edge)
                                  5.570000    5.570000   clock source latency
     1    0.057273    0.610000    0.000000    5.570000 ^ wb_clk_i (in)
                                                         wb_clk_i (net)
                      0.633517    0.012347    5.582347 ^ clkbuf_0_wb_clk_i/A (sky130_fd_sc_hd__clkbuf_16)
     2    0.068881    0.096181    0.315734    5.898081 ^ clkbuf_0_wb_clk_i/X (sky130_fd_sc_hd__clkbuf_16)
                                                         clknet_0_wb_clk_i (net)
                      0.096457    0.004116    5.902197 ^ clkbuf_1_1__f_wb_clk_i/A (sky130_fd_sc_hd__clkbuf_16)
     1    0.137055    0.151250    0.228270    6.130466 ^ clkbuf_1_1__f_wb_clk_i/X (sky130_fd_sc_hd__clkbuf_16)
                                                         clknet_1_1__leaf_wb_clk_i (net)
                      0.156057    0.022239    6.152706 ^ i_sram/CLKin (CF_SRAM_1024x32)
                                  0.100000    6.252706   clock uncertainty
                                  0.000000    6.252706   clock reconvergence pessimism
                                  0.558801    6.811507   library hold time
                                              6.811507   data required time
---------------------------------------------------------------------------------------------
                                              6.811507   data required time
                                             -7.684340   data arrival time
---------------------------------------------------------------------------------------------
                                              0.872834   slack (MET)


Startpoint: wbs_dat_i[22] (input port clocked by clk)
Endpoint: i_sram (rising edge-triggered flip-flop clocked by clk)
Path Group: clk
Path Type: min

Fanout         Cap        Slew       Delay        Time   Description
---------------------------------------------------------------------------------------------
                                  0.000000    0.000000   clock clk (rise edge)
                                  4.650000    4.650000   clock network delay (propagated)
                                  1.040000    5.690000 v input external delay
     1    0.003868    0.070000    0.000000    5.690000 v wbs_dat_i[22] (in)
                                                         wbs_dat_i[22] (net)
                      0.070175    0.000083    5.690083 v hold112/A (sky130_fd_sc_hd__dlygate4sd3_1)
     1    0.002658    0.052098    0.529894    6.219977 v hold112/X (sky130_fd_sc_hd__dlygate4sd3_1)
                                                         net210 (net)
                      0.052098    0.000104    6.220081 v hold57/A (sky130_fd_sc_hd__dlygate4sd3_1)
     1    0.003427    0.056949    0.528672    6.748753 v hold57/X (sky130_fd_sc_hd__dlygate4sd3_1)
                                                         net155 (net)
                      0.056949    0.000199    6.748951 v input27/A (sky130_fd_sc_hd__clkbuf_4)
     1    0.040503    0.092982    0.182393    6.931344 v input27/X (sky130_fd_sc_hd__clkbuf_4)
                                                         net27 (net)
                      0.094611    0.009367    6.940711 v hold58/A (sky130_fd_sc_hd__dlygate4sd3_1)
     1    0.050458    0.262927    0.732673    7.673384 v hold58/X (sky130_fd_sc_hd__dlygate4sd3_1)
                                                         net156 (net)
                      0.263419    0.009474    7.682858 v i_sram/DI[22] (CF_SRAM_1024x32)
                                              7.682858   data arrival time

                                  0.000000    0.000000   clock clk (rise edge)
                                  5.570000    5.570000   clock source latency
     1    0.057273    0.610000    0.000000    5.570000 ^ wb_clk_i (in)
                                                         wb_clk_i (net)
                      0.633517    0.012347    5.582347 ^ clkbuf_0_wb_clk_i/A (sky130_fd_sc_hd__clkbuf_16)
     2    0.068881    0.096181    0.315734    5.898081 ^ clkbuf_0_wb_clk_i/X (sky130_fd_sc_hd__clkbuf_16)
                                                         clknet_0_wb_clk_i (net)
                      0.096457    0.004116    5.902197 ^ clkbuf_1_1__f_wb_clk_i/A (sky130_fd_sc_hd__clkbuf_16)
     1    0.137055    0.151250    0.228270    6.130466 ^ clkbuf_1_1__f_wb_clk_i/X (sky130_fd_sc_hd__clkbuf_16)
                                                         clknet_1_1__leaf_wb_clk_i (net)
                      0.156057    0.022239    6.152706 ^ i_sram/CLKin (CF_SRAM_1024x32)
                                  0.100000    6.252706   clock uncertainty
                                  0.000000    6.252706   clock reconvergence pessimism
                                  0.551676    6.804382   library hold time
                                              6.804382   data required time
---------------------------------------------------------------------------------------------
                                              6.804382   data required time
                                             -7.682858   data arrival time
---------------------------------------------------------------------------------------------
                                              0.878476   slack (MET)


Startpoint: wbs_dat_i[21] (input port clocked by clk)
Endpoint: i_sram (rising edge-triggered flip-flop clocked by clk)
Path Group: clk
Path Type: min

Fanout         Cap        Slew       Delay        Time   Description
---------------------------------------------------------------------------------------------
                                  0.000000    0.000000   clock clk (rise edge)
                                  4.650000    4.650000   clock network delay (propagated)
                                  1.040000    5.690000 v input external delay
     1    0.003021    0.070000    0.000000    5.690000 v wbs_dat_i[21] (in)
                                                         wbs_dat_i[21] (net)
                      0.070168    0.000080    5.690080 v hold114/A (sky130_fd_sc_hd__dlygate4sd3_1)
     1    0.003412    0.056906    0.536290    6.226370 v hold114/X (sky130_fd_sc_hd__dlygate4sd3_1)
                                                         net212 (net)
                      0.056906    0.000249    6.226619 v hold55/A (sky130_fd_sc_hd__dlygate4sd3_1)
     1    0.004020    0.058940    0.534328    6.760947 v hold55/X (sky130_fd_sc_hd__dlygate4sd3_1)
                                                         net153 (net)
                      0.058940    0.000269    6.761216 v input26/A (sky130_fd_sc_hd__clkbuf_4)
     1    0.039405    0.090385    0.183185    6.944400 v input26/X (sky130_fd_sc_hd__clkbuf_4)
                                                         net26 (net)
                      0.091374    0.007244    6.951645 v hold56/A (sky130_fd_sc_hd__dlygate4sd3_1)
     1    0.048792    0.255377    0.725962    7.677607 v hold56/X (sky130_fd_sc_hd__dlygate4sd3_1)
                                                         net154 (net)
                      0.255819    0.008883    7.686490 v i_sram/DI[21] (CF_SRAM_1024x32)
                                              7.686490   data arrival time

                                  0.000000    0.000000   clock clk (rise edge)
                                  5.570000    5.570000   clock source latency
     1    0.057273    0.610000    0.000000    5.570000 ^ wb_clk_i (in)
                                                         wb_clk_i (net)
                      0.633517    0.012347    5.582347 ^ clkbuf_0_wb_clk_i/A (sky130_fd_sc_hd__clkbuf_16)
     2    0.068881    0.096181    0.315734    5.898081 ^ clkbuf_0_wb_clk_i/X (sky130_fd_sc_hd__clkbuf_16)
                                                         clknet_0_wb_clk_i (net)
                      0.096457    0.004116    5.902197 ^ clkbuf_1_1__f_wb_clk_i/A (sky130_fd_sc_hd__clkbuf_16)
     1    0.137055    0.151250    0.228270    6.130466 ^ clkbuf_1_1__f_wb_clk_i/X (sky130_fd_sc_hd__clkbuf_16)
                                                         clknet_1_1__leaf_wb_clk_i (net)
                      0.156057    0.022239    6.152706 ^ i_sram/CLKin (CF_SRAM_1024x32)
                                  0.100000    6.252706   clock uncertainty
                                  0.000000    6.252706   clock reconvergence pessimism
                                  0.553684    6.806389   library hold time
                                              6.806389   data required time
---------------------------------------------------------------------------------------------
                                              6.806389   data required time
                                             -7.686490   data arrival time
---------------------------------------------------------------------------------------------
                                              0.880100   slack (MET)


Startpoint: wbs_adr_i[3] (input port clocked by clk)
Endpoint: i_sram (rising edge-triggered flip-flop clocked by clk)
Path Group: clk
Path Type: min

Fanout         Cap        Slew       Delay        Time   Description
---------------------------------------------------------------------------------------------
                                  0.000000    0.000000   clock clk (rise edge)
                                  4.650000    4.650000   clock network delay (propagated)
                                  0.790000    5.440000 v input external delay
     1    0.004889    0.070000    0.000000    5.440000 v wbs_adr_i[3] (in)
                                                         wbs_adr_i[3] (net)
                      0.070241    0.000114    5.440114 v hold137/A (sky130_fd_sc_hd__dlygate4sd3_1)
     1    0.002987    0.054120    0.532749    5.972864 v hold137/X (sky130_fd_sc_hd__dlygate4sd3_1)
                                                         net235 (net)
                      0.054120    0.000166    5.973030 v hold83/A (sky130_fd_sc_hd__dlygate4sd3_1)
     1    0.003463    0.057051    0.529699    6.502728 v hold83/X (sky130_fd_sc_hd__dlygate4sd3_1)
                                                         net181 (net)
                      0.057051    0.000219    6.502947 v input5/A (sky130_fd_sc_hd__buf_4)
     1    0.062124    0.088519    0.186159    6.689106 v input5/X (sky130_fd_sc_hd__buf_4)
                                                         net5 (net)
                      0.091665    0.012420    6.701526 v hold84/A (sky130_fd_sc_hd__dlygate4sd3_1)
     1    0.048028    0.251525    0.724477    7.426003 v hold84/X (sky130_fd_sc_hd__dlygate4sd3_1)
                                                         net182 (net)
                      0.251834    0.007442    7.433445 v i_sram/AD[1] (CF_SRAM_1024x32)
                                              7.433445   data arrival time

                                  0.000000    0.000000   clock clk (rise edge)
                                  5.570000    5.570000   clock source latency
     1    0.057273    0.610000    0.000000    5.570000 ^ wb_clk_i (in)
                                                         wb_clk_i (net)
                      0.633517    0.012347    5.582347 ^ clkbuf_0_wb_clk_i/A (sky130_fd_sc_hd__clkbuf_16)
     2    0.068881    0.096181    0.315734    5.898081 ^ clkbuf_0_wb_clk_i/X (sky130_fd_sc_hd__clkbuf_16)
                                                         clknet_0_wb_clk_i (net)
                      0.096457    0.004116    5.902197 ^ clkbuf_1_1__f_wb_clk_i/A (sky130_fd_sc_hd__clkbuf_16)
     1    0.137055    0.151250    0.228270    6.130466 ^ clkbuf_1_1__f_wb_clk_i/X (sky130_fd_sc_hd__clkbuf_16)
                                                         clknet_1_1__leaf_wb_clk_i (net)
                      0.156057    0.022239    6.152706 ^ i_sram/CLKin (CF_SRAM_1024x32)
                                  0.100000    6.252706   clock uncertainty
                                  0.000000    6.252706   clock reconvergence pessimism
                                  0.298943    6.551649   library hold time
                                              6.551649   data required time
---------------------------------------------------------------------------------------------
                                              6.551649   data required time
                                             -7.433445   data arrival time
---------------------------------------------------------------------------------------------
                                              0.881796   slack (MET)


Startpoint: wbs_adr_i[5] (input port clocked by clk)
Endpoint: i_sram (rising edge-triggered flip-flop clocked by clk)
Path Group: clk
Path Type: min

Fanout         Cap        Slew       Delay        Time   Description
---------------------------------------------------------------------------------------------
                                  0.000000    0.000000   clock clk (rise edge)
                                  4.650000    4.650000   clock network delay (propagated)
                                  0.790000    5.440000 v input external delay
     1    0.006931    0.070000    0.000000    5.440000 v wbs_adr_i[5] (in)
                                                         wbs_adr_i[5] (net)
                      0.070471    0.000223    5.440224 v hold134/A (sky130_fd_sc_hd__dlygate4sd3_1)
     1    0.003508    0.057234    0.537046    5.977270 v hold134/X (sky130_fd_sc_hd__dlygate4sd3_1)
                                                         net232 (net)
                      0.057234    0.000189    5.977458 v hold71/A (sky130_fd_sc_hd__dlygate4sd3_1)
     1    0.006202    0.069632    0.547975    6.525434 v hold71/X (sky130_fd_sc_hd__dlygate4sd3_1)
                                                         net169 (net)
                      0.069632    0.000325    6.525759 v input7/A (sky130_fd_sc_hd__buf_4)
     1    0.053529    0.081300    0.184360    6.710119 v input7/X (sky130_fd_sc_hd__buf_4)
                                                         net7 (net)
                      0.083785    0.010665    6.720784 v hold72/A (sky130_fd_sc_hd__dlygate4sd3_1)
     1    0.044798    0.235886    0.710534    7.431318 v hold72/X (sky130_fd_sc_hd__dlygate4sd3_1)
                                                         net170 (net)
                      0.236143    0.006609    7.437927 v i_sram/AD[3] (CF_SRAM_1024x32)
                                              7.437927   data arrival time

                                  0.000000    0.000000   clock clk (rise edge)
                                  5.570000    5.570000   clock source latency
     1    0.057273    0.610000    0.000000    5.570000 ^ wb_clk_i (in)
                                                         wb_clk_i (net)
                      0.633517    0.012347    5.582347 ^ clkbuf_0_wb_clk_i/A (sky130_fd_sc_hd__clkbuf_16)
     2    0.068881    0.096181    0.315734    5.898081 ^ clkbuf_0_wb_clk_i/X (sky130_fd_sc_hd__clkbuf_16)
                                                         clknet_0_wb_clk_i (net)
                      0.096457    0.004116    5.902197 ^ clkbuf_1_1__f_wb_clk_i/A (sky130_fd_sc_hd__clkbuf_16)
     1    0.137055    0.151250    0.228270    6.130466 ^ clkbuf_1_1__f_wb_clk_i/X (sky130_fd_sc_hd__clkbuf_16)
                                                         clknet_1_1__leaf_wb_clk_i (net)
                      0.156057    0.022239    6.152706 ^ i_sram/CLKin (CF_SRAM_1024x32)
                                  0.100000    6.252706   clock uncertainty
                                  0.000000    6.252706   clock reconvergence pessimism
                                  0.298906    6.551611   library hold time
                                              6.551611   data required time
---------------------------------------------------------------------------------------------
                                              6.551611   data required time
                                             -7.437927   data arrival time
---------------------------------------------------------------------------------------------
                                              0.886316   slack (MET)


Startpoint: wbs_adr_i[4] (input port clocked by clk)
Endpoint: i_sram (rising edge-triggered flip-flop clocked by clk)
Path Group: clk
Path Type: min

Fanout         Cap        Slew       Delay        Time   Description
---------------------------------------------------------------------------------------------
                                  0.000000    0.000000   clock clk (rise edge)
                                  4.650000    4.650000   clock network delay (propagated)
                                  0.790000    5.440000 v input external delay
     1    0.003075    0.070000    0.000000    5.440000 v wbs_adr_i[4] (in)
                                                         wbs_adr_i[4] (net)
                      0.070179    0.000085    5.440085 v hold136/A (sky130_fd_sc_hd__dlygate4sd3_1)
     1    0.003036    0.054432    0.533146    5.973230 v hold136/X (sky130_fd_sc_hd__dlygate4sd3_1)
                                                         net234 (net)
                      0.054432    0.000162    5.973392 v hold79/A (sky130_fd_sc_hd__dlygate4sd3_1)
     1    0.004787    0.062789    0.538003    6.511395 v hold79/X (sky130_fd_sc_hd__dlygate4sd3_1)
                                                         net177 (net)
                      0.062789    0.000327    6.511722 v input6/A (sky130_fd_sc_hd__buf_4)
     2    0.062607    0.089114    0.188557    6.700279 v input6/X (sky130_fd_sc_hd__buf_4)
                                                         net6 (net)
                      0.093274    0.014291    6.714570 v hold80/A (sky130_fd_sc_hd__dlygate4sd3_1)
     1    0.046690    0.245598    0.720636    7.435205 v hold80/X (sky130_fd_sc_hd__dlygate4sd3_1)
                                                         net178 (net)
                      0.245901    0.007283    7.442488 v i_sram/AD[2] (CF_SRAM_1024x32)
                                              7.442488   data arrival time

                                  0.000000    0.000000   clock clk (rise edge)
                                  5.570000    5.570000   clock source latency
     1    0.057273    0.610000    0.000000    5.570000 ^ wb_clk_i (in)
                                                         wb_clk_i (net)
                      0.633517    0.012347    5.582347 ^ clkbuf_0_wb_clk_i/A (sky130_fd_sc_hd__clkbuf_16)
     2    0.068881    0.096181    0.315734    5.898081 ^ clkbuf_0_wb_clk_i/X (sky130_fd_sc_hd__clkbuf_16)
                                                         clknet_0_wb_clk_i (net)
                      0.096457    0.004116    5.902197 ^ clkbuf_1_1__f_wb_clk_i/A (sky130_fd_sc_hd__clkbuf_16)
     1    0.137055    0.151250    0.228270    6.130466 ^ clkbuf_1_1__f_wb_clk_i/X (sky130_fd_sc_hd__clkbuf_16)
                                                         clknet_1_1__leaf_wb_clk_i (net)
                      0.156057    0.022239    6.152706 ^ i_sram/CLKin (CF_SRAM_1024x32)
                                  0.100000    6.252706   clock uncertainty
                                  0.000000    6.252706   clock reconvergence pessimism
                                  0.298929    6.551635   library hold time
                                              6.551635   data required time
---------------------------------------------------------------------------------------------
                                              6.551635   data required time
                                             -7.442488   data arrival time
---------------------------------------------------------------------------------------------
                                              0.890853   slack (MET)


Startpoint: wbs_adr_i[2] (input port clocked by clk)
Endpoint: i_sram (rising edge-triggered flip-flop clocked by clk)
Path Group: clk
Path Type: min

Fanout         Cap        Slew       Delay        Time   Description
---------------------------------------------------------------------------------------------
                                  0.000000    0.000000   clock clk (rise edge)
                                  4.650000    4.650000   clock network delay (propagated)
                                  0.790000    5.440000 v input external delay
     1    0.007506    0.070000    0.000000    5.440000 v wbs_adr_i[2] (in)
                                                         wbs_adr_i[2] (net)
                      0.070400    0.000190    5.440190 v hold138/A (sky130_fd_sc_hd__dlygate4sd3_1)
     1    0.003674    0.057781    0.538028    5.978219 v hold138/X (sky130_fd_sc_hd__dlygate4sd3_1)
                                                         net236 (net)
                      0.057781    0.000213    5.978432 v hold81/A (sky130_fd_sc_hd__dlygate4sd3_1)
     1    0.003295    0.056166    0.529997    6.508429 v hold81/X (sky130_fd_sc_hd__dlygate4sd3_1)
                                                         net179 (net)
                      0.056166    0.000222    6.508652 v input4/A (sky130_fd_sc_hd__buf_4)
     3    0.067974    0.095428    0.187727    6.696378 v input4/X (sky130_fd_sc_hd__buf_4)
                                                         net4 (net)
                      0.101232    0.017385    6.713764 v hold82/A (sky130_fd_sc_hd__dlygate4sd3_1)
     1    0.046991    0.245359    0.726073    7.439837 v hold82/X (sky130_fd_sc_hd__dlygate4sd3_1)
                                                         net180 (net)
                      0.245619    0.006764    7.446601 v i_sram/AD[0] (CF_SRAM_1024x32)
                                              7.446601   data arrival time

                                  0.000000    0.000000   clock clk (rise edge)
                                  5.570000    5.570000   clock source latency
     1    0.057273    0.610000    0.000000    5.570000 ^ wb_clk_i (in)
                                                         wb_clk_i (net)
                      0.633517    0.012347    5.582347 ^ clkbuf_0_wb_clk_i/A (sky130_fd_sc_hd__clkbuf_16)
     2    0.068881    0.096181    0.315734    5.898081 ^ clkbuf_0_wb_clk_i/X (sky130_fd_sc_hd__clkbuf_16)
                                                         clknet_0_wb_clk_i (net)
                      0.096457    0.004116    5.902197 ^ clkbuf_1_1__f_wb_clk_i/A (sky130_fd_sc_hd__clkbuf_16)
     1    0.137055    0.151250    0.228270    6.130466 ^ clkbuf_1_1__f_wb_clk_i/X (sky130_fd_sc_hd__clkbuf_16)
                                                         clknet_1_1__leaf_wb_clk_i (net)
                      0.156057    0.022239    6.152706 ^ i_sram/CLKin (CF_SRAM_1024x32)
                                  0.100000    6.252706   clock uncertainty
                                  0.000000    6.252706   clock reconvergence pessimism
                                  0.298928    6.551634   library hold time
                                              6.551634   data required time
---------------------------------------------------------------------------------------------
                                              6.551634   data required time
                                             -7.446601   data arrival time
---------------------------------------------------------------------------------------------
                                              0.894967   slack (MET)


Startpoint: wbs_dat_i[1] (input port clocked by clk)
Endpoint: i_sram (rising edge-triggered flip-flop clocked by clk)
Path Group: clk
Path Type: min

Fanout         Cap        Slew       Delay        Time   Description
---------------------------------------------------------------------------------------------
                                  0.000000    0.000000   clock clk (rise edge)
                                  4.650000    4.650000   clock network delay (propagated)
                                  1.040000    5.690000 v input external delay
     1    0.004056    0.070000    0.000000    5.690000 v wbs_dat_i[1] (in)
                                                         wbs_dat_i[1] (net)
                      0.070190    0.000090    5.690090 v hold122/A (sky130_fd_sc_hd__dlygate4sd3_1)
     1    0.002019    0.049078    0.524389    6.214480 v hold122/X (sky130_fd_sc_hd__dlygate4sd3_1)
                                                         net220 (net)
                      0.049078    0.000088    6.214568 v hold9/A (sky130_fd_sc_hd__dlygate4sd3_1)
     1    0.003238    0.055800    0.526011    6.740579 v hold9/X (sky130_fd_sc_hd__dlygate4sd3_1)
                                                         net107 (net)
                      0.055800    0.000202    6.740781 v input24/A (sky130_fd_sc_hd__buf_4)
     1    0.015866    0.040561    0.143706    6.884488 v input24/X (sky130_fd_sc_hd__buf_4)
                                                         net24 (net)
                      0.040703    0.001968    6.886456 v hold10/A (sky130_fd_sc_hd__dlygate4sd3_1)
     1    0.074010    0.361764    0.782291    7.668747 v hold10/X (sky130_fd_sc_hd__dlygate4sd3_1)
                                                         net108 (net)
                      0.363806    0.020347    7.689094 v i_sram/DI[1] (CF_SRAM_1024x32)
                                              7.689094   data arrival time

                                  0.000000    0.000000   clock clk (rise edge)
                                  5.570000    5.570000   clock source latency
     1    0.057273    0.610000    0.000000    5.570000 ^ wb_clk_i (in)
                                                         wb_clk_i (net)
                      0.633517    0.012347    5.582347 ^ clkbuf_0_wb_clk_i/A (sky130_fd_sc_hd__clkbuf_16)
     2    0.068881    0.096181    0.315734    5.898081 ^ clkbuf_0_wb_clk_i/X (sky130_fd_sc_hd__clkbuf_16)
                                                         clknet_0_wb_clk_i (net)
                      0.096457    0.004116    5.902197 ^ clkbuf_1_1__f_wb_clk_i/A (sky130_fd_sc_hd__clkbuf_16)
     1    0.137055    0.151250    0.228270    6.130466 ^ clkbuf_1_1__f_wb_clk_i/X (sky130_fd_sc_hd__clkbuf_16)
                                                         clknet_1_1__leaf_wb_clk_i (net)
                      0.156057    0.022239    6.152706 ^ i_sram/CLKin (CF_SRAM_1024x32)
                                  0.100000    6.252706   clock uncertainty
                                  0.000000    6.252706   clock reconvergence pessimism
                                  0.532028    6.784734   library hold time
                                              6.784734   data required time
---------------------------------------------------------------------------------------------
                                              6.784734   data required time
                                             -7.689094   data arrival time
---------------------------------------------------------------------------------------------
                                              0.904360   slack (MET)


Startpoint: wbs_dat_i[25] (input port clocked by clk)
Endpoint: i_sram (rising edge-triggered flip-flop clocked by clk)
Path Group: clk
Path Type: min

Fanout         Cap        Slew       Delay        Time   Description
---------------------------------------------------------------------------------------------
                                  0.000000    0.000000   clock clk (rise edge)
                                  4.650000    4.650000   clock network delay (propagated)
                                  1.040000    5.690000 v input external delay
     1    0.005641    0.070000    0.000000    5.690000 v wbs_dat_i[25] (in)
                                                         wbs_dat_i[25] (net)
                      0.070264    0.000125    5.690125 v hold120/A (sky130_fd_sc_hd__dlygate4sd3_1)
     1    0.004351    0.060245    0.542133    6.232258 v hold120/X (sky130_fd_sc_hd__dlygate4sd3_1)
                                                         net218 (net)
                      0.060245    0.000273    6.232531 v hold73/A (sky130_fd_sc_hd__dlygate4sd3_1)
     1    0.006228    0.069820    0.549386    6.781918 v hold73/X (sky130_fd_sc_hd__dlygate4sd3_1)
                                                         net171 (net)
                      0.069820    0.000391    6.782308 v input30/A (sky130_fd_sc_hd__clkbuf_4)
     1    0.037861    0.087867    0.184928    6.967236 v input30/X (sky130_fd_sc_hd__clkbuf_4)
                                                         net30 (net)
                      0.088842    0.007102    6.974338 v hold74/A (sky130_fd_sc_hd__dlygate4sd3_1)
     1    0.052591    0.272596    0.736980    7.711318 v hold74/X (sky130_fd_sc_hd__dlygate4sd3_1)
                                                         net172 (net)
                      0.273174    0.010434    7.721752 v i_sram/DI[25] (CF_SRAM_1024x32)
                                              7.721752   data arrival time

                                  0.000000    0.000000   clock clk (rise edge)
                                  5.570000    5.570000   clock source latency
     1    0.057273    0.610000    0.000000    5.570000 ^ wb_clk_i (in)
                                                         wb_clk_i (net)
                      0.633517    0.012347    5.582347 ^ clkbuf_0_wb_clk_i/A (sky130_fd_sc_hd__clkbuf_16)
     2    0.068881    0.096181    0.315734    5.898081 ^ clkbuf_0_wb_clk_i/X (sky130_fd_sc_hd__clkbuf_16)
                                                         clknet_0_wb_clk_i (net)
                      0.096457    0.004116    5.902197 ^ clkbuf_1_1__f_wb_clk_i/A (sky130_fd_sc_hd__clkbuf_16)
     1    0.137055    0.151250    0.228270    6.130466 ^ clkbuf_1_1__f_wb_clk_i/X (sky130_fd_sc_hd__clkbuf_16)
                                                         clknet_1_1__leaf_wb_clk_i (net)
                      0.156057    0.022239    6.152706 ^ i_sram/CLKin (CF_SRAM_1024x32)
                                  0.100000    6.252706   clock uncertainty
                                  0.000000    6.252706   clock reconvergence pessimism
                                  0.549100    6.801805   library hold time
                                              6.801805   data required time
---------------------------------------------------------------------------------------------
                                              6.801805   data required time
                                             -7.721752   data arrival time
---------------------------------------------------------------------------------------------
                                              0.919947   slack (MET)


Startpoint: wbs_dat_i[2] (input port clocked by clk)
Endpoint: i_sram (rising edge-triggered flip-flop clocked by clk)
Path Group: clk
Path Type: min

Fanout         Cap        Slew       Delay        Time   Description
---------------------------------------------------------------------------------------------
                                  0.000000    0.000000   clock clk (rise edge)
                                  4.650000    4.650000   clock network delay (propagated)
                                  1.040000    5.690000 v input external delay
     1    0.004426    0.070000    0.000000    5.690000 v wbs_dat_i[2] (in)
                                                         wbs_dat_i[2] (net)
                      0.070214    0.000102    5.690102 v hold118/A (sky130_fd_sc_hd__dlygate4sd3_1)
     1    0.004607    0.062056    0.543688    6.233789 v hold118/X (sky130_fd_sc_hd__dlygate4sd3_1)
                                                         net216 (net)
                      0.062056    0.000296    6.234086 v hold3/A (sky130_fd_sc_hd__dlygate4sd3_1)
     1    0.005136    0.064431    0.543432    6.777517 v hold3/X (sky130_fd_sc_hd__dlygate4sd3_1)
                                                         net101 (net)
                      0.064431    0.000342    6.777859 v input35/A (sky130_fd_sc_hd__buf_4)
     2    0.024107    0.048306    0.156149    6.934008 v input35/X (sky130_fd_sc_hd__buf_4)
                                                         net35 (net)
                      0.048812    0.003423    6.937431 v hold4/A (sky130_fd_sc_hd__dlygate4sd3_1)
     1    0.073517    0.359511    0.783726    7.721157 v hold4/X (sky130_fd_sc_hd__dlygate4sd3_1)
                                                         net102 (net)
                      0.361829    0.021521    7.742678 v i_sram/DI[2] (CF_SRAM_1024x32)
                                              7.742678   data arrival time

                                  0.000000    0.000000   clock clk (rise edge)
                                  5.570000    5.570000   clock source latency
     1    0.057273    0.610000    0.000000    5.570000 ^ wb_clk_i (in)
                                                         wb_clk_i (net)
                      0.633517    0.012347    5.582347 ^ clkbuf_0_wb_clk_i/A (sky130_fd_sc_hd__clkbuf_16)
     2    0.068881    0.096181    0.315734    5.898081 ^ clkbuf_0_wb_clk_i/X (sky130_fd_sc_hd__clkbuf_16)
                                                         clknet_0_wb_clk_i (net)
                      0.096457    0.004116    5.902197 ^ clkbuf_1_1__f_wb_clk_i/A (sky130_fd_sc_hd__clkbuf_16)
     1    0.137055    0.151250    0.228270    6.130466 ^ clkbuf_1_1__f_wb_clk_i/X (sky130_fd_sc_hd__clkbuf_16)
                                                         clknet_1_1__leaf_wb_clk_i (net)
                      0.156057    0.022239    6.152706 ^ i_sram/CLKin (CF_SRAM_1024x32)
                                  0.100000    6.252706   clock uncertainty
                                  0.000000    6.252706   clock reconvergence pessimism
                                  0.532337    6.785043   library hold time
                                              6.785043   data required time
---------------------------------------------------------------------------------------------
                                              6.785043   data required time
                                             -7.742678   data arrival time
---------------------------------------------------------------------------------------------
                                              0.957635   slack (MET)


Startpoint: wbs_cyc_i (input port clocked by clk)
Endpoint: _45_ (rising edge-triggered flip-flop clocked by clk)
Path Group: clk
Path Type: min

Fanout         Cap        Slew       Delay        Time   Description
---------------------------------------------------------------------------------------------
                                  0.000000    0.000000   clock clk (rise edge)
                                  4.650000    4.650000   clock network delay (propagated)
                                  1.690000    6.340000 v input external delay
     1    0.003038    0.090000    0.000000    6.340000 v wbs_cyc_i (in)
                                                         wbs_cyc_i (net)
                      0.090162    0.000077    6.340076 v input12/A (sky130_fd_sc_hd__buf_2)
     5    0.059738    0.143394    0.222938    6.563015 v input12/X (sky130_fd_sc_hd__buf_2)
                                                         net12 (net)
                      0.143829    0.006298    6.569313 v fanout89/A (sky130_fd_sc_hd__clkbuf_4)
    15    0.065031    0.134129    0.250956    6.820269 v fanout89/X (sky130_fd_sc_hd__clkbuf_4)
                                                         net89 (net)
                      0.135124    0.008985    6.829254 v _12_/A (sky130_fd_sc_hd__and2_4)
     2    0.096131    0.128975    0.246319    7.075572 v _12_/X (sky130_fd_sc_hd__and2_4)
                                                         i_ram_wb_controller.EN (net)
                      0.129047    0.002621    7.078193 v _45_/D (sky130_fd_sc_hd__dfrtp_1)
                                              7.078193   data arrival time

                                  0.000000    0.000000   clock clk (rise edge)
                                  5.570000    5.570000   clock source latency
     1    0.057273    0.610000    0.000000    5.570000 ^ wb_clk_i (in)
                                                         wb_clk_i (net)
                      0.633517    0.012347    5.582347 ^ clkbuf_0_wb_clk_i/A (sky130_fd_sc_hd__clkbuf_16)
     2    0.068881    0.096181    0.315734    5.898081 ^ clkbuf_0_wb_clk_i/X (sky130_fd_sc_hd__clkbuf_16)
                                                         clknet_0_wb_clk_i (net)
                      0.098700    0.012722    5.910803 ^ clkbuf_1_0__f_wb_clk_i/A (sky130_fd_sc_hd__clkbuf_16)
     2    0.054658    0.073303    0.179760    6.090563 ^ clkbuf_1_0__f_wb_clk_i/X (sky130_fd_sc_hd__clkbuf_16)
                                                         clknet_1_0__leaf_wb_clk_i (net)
                      0.073552    0.003162    6.093726 ^ _45_/CLK (sky130_fd_sc_hd__dfrtp_1)
                                  0.100000    6.193726   clock uncertainty
                                  0.000000    6.193726   clock reconvergence pessimism
                                 -0.073468    6.120258   library hold time
                                              6.120258   data required time
---------------------------------------------------------------------------------------------
                                              6.120258   data required time
                                             -7.078193   data arrival time
---------------------------------------------------------------------------------------------
                                              0.957935   slack (MET)


Startpoint: wbs_dat_i[3] (input port clocked by clk)
Endpoint: i_sram (rising edge-triggered flip-flop clocked by clk)
Path Group: clk
Path Type: min

Fanout         Cap        Slew       Delay        Time   Description
---------------------------------------------------------------------------------------------
                                  0.000000    0.000000   clock clk (rise edge)
                                  4.650000    4.650000   clock network delay (propagated)
                                  1.040000    5.690000 v input external delay
     1    0.006187    0.070000    0.000000    5.690000 v wbs_dat_i[3] (in)
                                                         wbs_dat_i[3] (net)
                      0.070549    0.000261    5.690261 v hold119/A (sky130_fd_sc_hd__dlygate4sd3_1)
     1    0.005204    0.064797    0.547505    6.237766 v hold119/X (sky130_fd_sc_hd__dlygate4sd3_1)
                                                         net217 (net)
                      0.064797    0.000327    6.238093 v hold65/A (sky130_fd_sc_hd__dlygate4sd3_1)
     1    0.003094    0.054829    0.531331    6.769424 v hold65/X (sky130_fd_sc_hd__dlygate4sd3_1)
                                                         net163 (net)
                      0.054829    0.000123    6.769547 v input38/A (sky130_fd_sc_hd__clkbuf_4)
     2    0.023491    0.060980    0.160873    6.930420 v input38/X (sky130_fd_sc_hd__clkbuf_4)
                                                         net38 (net)
                      0.061168    0.002760    6.933180 v hold66/A (sky130_fd_sc_hd__dlygate4sd3_1)
     1    0.073816    0.360613    0.790521    7.723701 v hold66/X (sky130_fd_sc_hd__dlygate4sd3_1)
                                                         net164 (net)
                      0.362645    0.020165    7.743866 v i_sram/DI[3] (CF_SRAM_1024x32)
                                              7.743866   data arrival time

                                  0.000000    0.000000   clock clk (rise edge)
                                  5.570000    5.570000   clock source latency
     1    0.057273    0.610000    0.000000    5.570000 ^ wb_clk_i (in)
                                                         wb_clk_i (net)
                      0.633517    0.012347    5.582347 ^ clkbuf_0_wb_clk_i/A (sky130_fd_sc_hd__clkbuf_16)
     2    0.068881    0.096181    0.315734    5.898081 ^ clkbuf_0_wb_clk_i/X (sky130_fd_sc_hd__clkbuf_16)
                                                         clknet_0_wb_clk_i (net)
                      0.096457    0.004116    5.902197 ^ clkbuf_1_1__f_wb_clk_i/A (sky130_fd_sc_hd__clkbuf_16)
     1    0.137055    0.151250    0.228270    6.130466 ^ clkbuf_1_1__f_wb_clk_i/X (sky130_fd_sc_hd__clkbuf_16)
                                                         clknet_1_1__leaf_wb_clk_i (net)
                      0.156057    0.022239    6.152706 ^ i_sram/CLKin (CF_SRAM_1024x32)
                                  0.100000    6.252706   clock uncertainty
                                  0.000000    6.252706   clock reconvergence pessimism
                                  0.532210    6.784915   library hold time
                                              6.784915   data required time
---------------------------------------------------------------------------------------------
                                              6.784915   data required time
                                             -7.743866   data arrival time
---------------------------------------------------------------------------------------------
                                              0.958951   slack (MET)


Startpoint: wbs_dat_i[0] (input port clocked by clk)
Endpoint: i_sram (rising edge-triggered flip-flop clocked by clk)
Path Group: clk
Path Type: min

Fanout         Cap        Slew       Delay        Time   Description
---------------------------------------------------------------------------------------------
                                  0.000000    0.000000   clock clk (rise edge)
                                  4.650000    4.650000   clock network delay (propagated)
                                  1.040000    5.690000 v input external delay
     1    0.002713    0.070000    0.000000    5.690000 v wbs_dat_i[0] (in)
                                                         wbs_dat_i[0] (net)
                      0.070148    0.000070    5.690070 v hold125/A (sky130_fd_sc_hd__dlygate4sd3_1)
     1    0.002844    0.053204    0.531454    6.221525 v hold125/X (sky130_fd_sc_hd__dlygate4sd3_1)
                                                         net223 (net)
                      0.053204    0.000197    6.221722 v hold15/A (sky130_fd_sc_hd__dlygate4sd3_1)
     1    0.004227    0.059688    0.534031    6.755753 v hold15/X (sky130_fd_sc_hd__dlygate4sd3_1)
                                                         net113 (net)
                      0.059688    0.000248    6.756001 v input13/A (sky130_fd_sc_hd__buf_4)
     1    0.022545    0.046504    0.153012    6.909013 v input13/X (sky130_fd_sc_hd__buf_4)
                                                         net13 (net)
                      0.046708    0.002466    6.911479 v hold16/A (sky130_fd_sc_hd__dlygate4sd3_1)
     1    0.081017    0.393459    0.805129    7.716608 v hold16/X (sky130_fd_sc_hd__dlygate4sd3_1)
                                                         net114 (net)
                      0.396259    0.024838    7.741446 v i_sram/DI[0] (CF_SRAM_1024x32)
                                              7.741446   data arrival time

                                  0.000000    0.000000   clock clk (rise edge)
                                  5.570000    5.570000   clock source latency
     1    0.057273    0.610000    0.000000    5.570000 ^ wb_clk_i (in)
                                                         wb_clk_i (net)
                      0.633517    0.012347    5.582347 ^ clkbuf_0_wb_clk_i/A (sky130_fd_sc_hd__clkbuf_16)
     2    0.068881    0.096181    0.315734    5.898081 ^ clkbuf_0_wb_clk_i/X (sky130_fd_sc_hd__clkbuf_16)
                                                         clknet_0_wb_clk_i (net)
                      0.096457    0.004116    5.902197 ^ clkbuf_1_1__f_wb_clk_i/A (sky130_fd_sc_hd__clkbuf_16)
     1    0.137055    0.151250    0.228270    6.130466 ^ clkbuf_1_1__f_wb_clk_i/X (sky130_fd_sc_hd__clkbuf_16)
                                                         clknet_1_1__leaf_wb_clk_i (net)
                      0.156057    0.022239    6.152706 ^ i_sram/CLKin (CF_SRAM_1024x32)
                                  0.100000    6.252706   clock uncertainty
                                  0.000000    6.252706   clock reconvergence pessimism
                                  0.526949    6.779655   library hold time
                                              6.779655   data required time
---------------------------------------------------------------------------------------------
                                              6.779655   data required time
                                             -7.741446   data arrival time
---------------------------------------------------------------------------------------------
                                              0.961791   slack (MET)


Startpoint: wbs_dat_i[5] (input port clocked by clk)
Endpoint: i_sram (rising edge-triggered flip-flop clocked by clk)
Path Group: clk
Path Type: min

Fanout         Cap        Slew       Delay        Time   Description
---------------------------------------------------------------------------------------------
                                  0.000000    0.000000   clock clk (rise edge)
                                  4.650000    4.650000   clock network delay (propagated)
                                  1.040000    5.690000 v input external delay
     1    0.003753    0.070000    0.000000    5.690000 v wbs_dat_i[5] (in)
                                                         wbs_dat_i[5] (net)
                      0.070171    0.000081    5.690082 v hold108/A (sky130_fd_sc_hd__dlygate4sd3_1)
     1    0.004860    0.063174    0.545278    6.235360 v hold108/X (sky130_fd_sc_hd__dlygate4sd3_1)
                                                         net206 (net)
                      0.063174    0.000174    6.235534 v hold37/A (sky130_fd_sc_hd__dlygate4sd3_1)
     1    0.006953    0.073635    0.555119    6.790653 v hold37/X (sky130_fd_sc_hd__dlygate4sd3_1)
                                                         net135 (net)
                      0.073635    0.000404    6.791057 v input40/A (sky130_fd_sc_hd__clkbuf_4)
     1    0.017628    0.050662    0.161152    6.952209 v input40/X (sky130_fd_sc_hd__clkbuf_4)
                                                         net40 (net)
                      0.050723    0.001454    6.953662 v hold38/A (sky130_fd_sc_hd__dlygate4sd3_1)
     1    0.070912    0.347371    0.778134    7.731796 v hold38/X (sky130_fd_sc_hd__dlygate4sd3_1)
                                                         net136 (net)
                      0.348694    0.017549    7.749344 v i_sram/DI[5] (CF_SRAM_1024x32)
                                              7.749344   data arrival time

                                  0.000000    0.000000   clock clk (rise edge)
                                  5.570000    5.570000   clock source latency
     1    0.057273    0.610000    0.000000    5.570000 ^ wb_clk_i (in)
                                                         wb_clk_i (net)
                      0.633517    0.012347    5.582347 ^ clkbuf_0_wb_clk_i/A (sky130_fd_sc_hd__clkbuf_16)
     2    0.068881    0.096181    0.315734    5.898081 ^ clkbuf_0_wb_clk_i/X (sky130_fd_sc_hd__clkbuf_16)
                                                         clknet_0_wb_clk_i (net)
                      0.096457    0.004116    5.902197 ^ clkbuf_1_1__f_wb_clk_i/A (sky130_fd_sc_hd__clkbuf_16)
     1    0.137055    0.151250    0.228270    6.130466 ^ clkbuf_1_1__f_wb_clk_i/X (sky130_fd_sc_hd__clkbuf_16)
                                                         clknet_1_1__leaf_wb_clk_i (net)
                      0.156057    0.022239    6.152706 ^ i_sram/CLKin (CF_SRAM_1024x32)
                                  0.100000    6.252706   clock uncertainty
                                  0.000000    6.252706   clock reconvergence pessimism
                                  0.534393    6.787098   library hold time
                                              6.787098   data required time
---------------------------------------------------------------------------------------------
                                              6.787098   data required time
                                             -7.749344   data arrival time
---------------------------------------------------------------------------------------------
                                              0.962246   slack (MET)


Startpoint: _45_ (rising edge-triggered flip-flop clocked by clk)
Endpoint: wbs_ack_o (output port clocked by clk)
Path Group: clk
Path Type: min

Fanout         Cap        Slew       Delay        Time   Description
---------------------------------------------------------------------------------------------
                                  0.000000    0.000000   clock clk (rise edge)
                                  4.650000    4.650000   clock source latency
     1    0.057273    0.610000    0.000000    4.650000 ^ wb_clk_i (in)
                                                         wb_clk_i (net)
                      0.633517    0.011171    4.661170 ^ clkbuf_0_wb_clk_i/A (sky130_fd_sc_hd__clkbuf_16)
     2    0.068881    0.096181    0.285664    4.946835 ^ clkbuf_0_wb_clk_i/X (sky130_fd_sc_hd__clkbuf_16)
                                                         clknet_0_wb_clk_i (net)
                      0.098700    0.011511    4.958346 ^ clkbuf_1_0__f_wb_clk_i/A (sky130_fd_sc_hd__clkbuf_16)
     2    0.054658    0.073303    0.162640    5.120986 ^ clkbuf_1_0__f_wb_clk_i/X (sky130_fd_sc_hd__clkbuf_16)
                                                         clknet_1_0__leaf_wb_clk_i (net)
                      0.073552    0.002861    5.123847 ^ _45_/CLK (sky130_fd_sc_hd__dfrtp_1)
     1    0.017354    0.103302    0.409351    5.533198 v _45_/Q (sky130_fd_sc_hd__dfrtp_1)
                                                         net51 (net)
                      0.103351    0.001981    5.535179 v output51/A (sky130_fd_sc_hd__buf_12)
     1    0.190864    0.104643    0.205081    5.740260 v output51/X (sky130_fd_sc_hd__buf_12)
                                                         wbs_ack_o (net)
                      0.105687    0.007937    5.748197 v wbs_ack_o (out)
                                              5.748197   data arrival time

                                  0.000000    0.000000   clock clk (rise edge)
                                  5.570000    5.570000   clock network delay (propagated)
                                  0.100000    5.670000   clock uncertainty
                                  0.000000    5.670000   clock reconvergence pessimism
                                 -1.370000    4.300000   output external delay
                                              4.300000   data required time
---------------------------------------------------------------------------------------------
                                              4.300000   data required time
                                             -5.748197   data arrival time
---------------------------------------------------------------------------------------------
                                              1.448197   slack (MET)


Startpoint: wbs_cyc_i (input port clocked by clk)
Endpoint: wbs_dat_o[31] (output port clocked by clk)
Path Group: clk
Path Type: min

Fanout         Cap        Slew       Delay        Time   Description
---------------------------------------------------------------------------------------------
                                  0.000000    0.000000   clock clk (rise edge)
                                  4.650000    4.650000   clock network delay (propagated)
                                  1.690000    6.340000 v input external delay
     1    0.003038    0.090000    0.000000    6.340000 v wbs_cyc_i (in)
                                                         wbs_cyc_i (net)
                      0.090162    0.000077    6.340076 v input12/A (sky130_fd_sc_hd__buf_2)
     5    0.059738    0.143394    0.222938    6.563015 v input12/X (sky130_fd_sc_hd__buf_2)
                                                         net12 (net)
                      0.146152    0.015108    6.578123 v _38_/B (sky130_fd_sc_hd__and4b_1)
     1    0.011698    0.073369    0.242927    6.821049 v _38_/X (sky130_fd_sc_hd__and4b_1)
                                                         net76 (net)
                      0.073381    0.000929    6.821979 v output76/A (sky130_fd_sc_hd__buf_12)
     1    0.191026    0.104812    0.191601    7.013579 v output76/X (sky130_fd_sc_hd__buf_12)
                                                         wbs_dat_o[31] (net)
                      0.105973    0.008372    7.021951 v wbs_dat_o[31] (out)
                                              7.021951   data arrival time

                                  0.000000    0.000000   clock clk (rise edge)
                                  5.570000    5.570000   clock network delay (propagated)
                                  0.100000    5.670000   clock uncertainty
                                  0.000000    5.670000   clock reconvergence pessimism
                                 -1.130000    4.540000   output external delay
                                              4.540000   data required time
---------------------------------------------------------------------------------------------
                                              4.540000   data required time
                                             -7.021951   data arrival time
---------------------------------------------------------------------------------------------
                                              2.481951   slack (MET)


Startpoint: wbs_cyc_i (input port clocked by clk)
Endpoint: wbs_dat_o[29] (output port clocked by clk)
Path Group: clk
Path Type: min

Fanout         Cap        Slew       Delay        Time   Description
---------------------------------------------------------------------------------------------
                                  0.000000    0.000000   clock clk (rise edge)
                                  4.650000    4.650000   clock network delay (propagated)
                                  1.690000    6.340000 v input external delay
     1    0.003038    0.090000    0.000000    6.340000 v wbs_cyc_i (in)
                                                         wbs_cyc_i (net)
                      0.090162    0.000077    6.340076 v input12/A (sky130_fd_sc_hd__buf_2)
     5    0.059738    0.143394    0.222938    6.563015 v input12/X (sky130_fd_sc_hd__buf_2)
                                                         net12 (net)
                      0.146046    0.014829    6.577843 v _36_/B (sky130_fd_sc_hd__and4b_1)
     1    0.012455    0.076609    0.245608    6.823452 v _36_/X (sky130_fd_sc_hd__and4b_1)
                                                         net73 (net)
                      0.076624    0.001000    6.824451 v output73/A (sky130_fd_sc_hd__buf_12)
     1    0.192820    0.106247    0.192169    7.016621 v output73/X (sky130_fd_sc_hd__buf_12)
                                                         wbs_dat_o[29] (net)
                      0.107927    0.010117    7.026738 v wbs_dat_o[29] (out)
                                              7.026738   data arrival time

                                  0.000000    0.000000   clock clk (rise edge)
                                  5.570000    5.570000   clock network delay (propagated)
                                  0.100000    5.670000   clock uncertainty
                                  0.000000    5.670000   clock reconvergence pessimism
                                 -1.130000    4.540000   output external delay
                                              4.540000   data required time
---------------------------------------------------------------------------------------------
                                              4.540000   data required time
                                             -7.026738   data arrival time
---------------------------------------------------------------------------------------------
                                              2.486737   slack (MET)


Startpoint: wbs_cyc_i (input port clocked by clk)
Endpoint: wbs_dat_o[30] (output port clocked by clk)
Path Group: clk
Path Type: min

Fanout         Cap        Slew       Delay        Time   Description
---------------------------------------------------------------------------------------------
                                  0.000000    0.000000   clock clk (rise edge)
                                  4.650000    4.650000   clock network delay (propagated)
                                  1.690000    6.340000 v input external delay
     1    0.003038    0.090000    0.000000    6.340000 v wbs_cyc_i (in)
                                                         wbs_cyc_i (net)
                      0.090162    0.000077    6.340076 v input12/A (sky130_fd_sc_hd__buf_2)
     5    0.059738    0.143394    0.222938    6.563015 v input12/X (sky130_fd_sc_hd__buf_2)
                                                         net12 (net)
                      0.146064    0.014877    6.577892 v _37_/B (sky130_fd_sc_hd__and4b_1)
     1    0.012981    0.078866    0.247530    6.825422 v _37_/X (sky130_fd_sc_hd__and4b_1)
                                                         net75 (net)
                      0.078884    0.001086    6.826508 v output75/A (sky130_fd_sc_hd__buf_12)
     1    0.191271    0.104982    0.193867    7.020375 v output75/X (sky130_fd_sc_hd__buf_12)
                                                         wbs_dat_o[30] (net)
                      0.106187    0.008536    7.028911 v wbs_dat_o[30] (out)
                                              7.028911   data arrival time

                                  0.000000    0.000000   clock clk (rise edge)
                                  5.570000    5.570000   clock network delay (propagated)
                                  0.100000    5.670000   clock uncertainty
                                  0.000000    5.670000   clock reconvergence pessimism
                                 -1.130000    4.540000   output external delay
                                              4.540000   data required time
---------------------------------------------------------------------------------------------
                                              4.540000   data required time
                                             -7.028911   data arrival time
---------------------------------------------------------------------------------------------
                                              2.488911   slack (MET)


Startpoint: wbs_cyc_i (input port clocked by clk)
Endpoint: wbs_dat_o[28] (output port clocked by clk)
Path Group: clk
Path Type: min

Fanout         Cap        Slew       Delay        Time   Description
---------------------------------------------------------------------------------------------
                                  0.000000    0.000000   clock clk (rise edge)
                                  4.650000    4.650000   clock network delay (propagated)
                                  1.690000    6.340000 v input external delay
     1    0.003038    0.090000    0.000000    6.340000 v wbs_cyc_i (in)
                                                         wbs_cyc_i (net)
                      0.090162    0.000077    6.340076 v input12/A (sky130_fd_sc_hd__buf_2)
     5    0.059738    0.143394    0.222938    6.563015 v input12/X (sky130_fd_sc_hd__buf_2)
                                                         net12 (net)
                      0.146030    0.014787    6.577801 v _35_/B (sky130_fd_sc_hd__and4b_1)
     1    0.014359    0.084834    0.252500    6.830301 v _35_/X (sky130_fd_sc_hd__and4b_1)
                                                         net72 (net)
                      0.084854    0.001218    6.831519 v output72/A (sky130_fd_sc_hd__buf_12)
     1    0.193255    0.106518    0.195757    7.027277 v output72/X (sky130_fd_sc_hd__buf_12)
                                                         wbs_dat_o[28] (net)
                      0.108283    0.010373    7.037650 v wbs_dat_o[28] (out)
                                              7.037650   data arrival time

                                  0.000000    0.000000   clock clk (rise edge)
                                  5.570000    5.570000   clock network delay (propagated)
                                  0.100000    5.670000   clock uncertainty
                                  0.000000    5.670000   clock reconvergence pessimism
                                 -1.130000    4.540000   output external delay
                                              4.540000   data required time
---------------------------------------------------------------------------------------------
                                              4.540000   data required time
                                             -7.037650   data arrival time
---------------------------------------------------------------------------------------------
                                              2.497650   slack (MET)


Startpoint: wbs_cyc_i (input port clocked by clk)
Endpoint: wbs_dat_o[20] (output port clocked by clk)
Path Group: clk
Path Type: min

Fanout         Cap        Slew       Delay        Time   Description
---------------------------------------------------------------------------------------------
                                  0.000000    0.000000   clock clk (rise edge)
                                  4.650000    4.650000   clock network delay (propagated)
                                  1.690000    6.340000 v input external delay
     1    0.003038    0.090000    0.000000    6.340000 v wbs_cyc_i (in)
                                                         wbs_cyc_i (net)
                      0.090162    0.000077    6.340076 v input12/A (sky130_fd_sc_hd__buf_2)
     5    0.059738    0.143394    0.222938    6.563015 v input12/X (sky130_fd_sc_hd__buf_2)
                                                         net12 (net)
                      0.143829    0.006298    6.569313 v fanout89/A (sky130_fd_sc_hd__clkbuf_4)
    15    0.065031    0.134129    0.250956    6.820269 v fanout89/X (sky130_fd_sc_hd__clkbuf_4)
                                                         net89 (net)
                      0.136396    0.013256    6.833524 v _27_/B (sky130_fd_sc_hd__and4b_1)
     1    0.013008    0.078887    0.243260    7.076784 v _27_/X (sky130_fd_sc_hd__and4b_1)
                                                         net64 (net)
                      0.078904    0.001100    7.077884 v output64/A (sky130_fd_sc_hd__buf_12)
     1    0.191333    0.104959    0.194014    7.271898 v output64/X (sky130_fd_sc_hd__buf_12)
                                                         wbs_dat_o[20] (net)
                      0.106123    0.008389    7.280287 v wbs_dat_o[20] (out)
                                              7.280287   data arrival time

                                  0.000000    0.000000   clock clk (rise edge)
                                  5.570000    5.570000   clock network delay (propagated)
                                  0.100000    5.670000   clock uncertainty
                                  0.000000    5.670000   clock reconvergence pessimism
                                 -1.130000    4.540000   output external delay
                                              4.540000   data required time
---------------------------------------------------------------------------------------------
                                              4.540000   data required time
                                             -7.280287   data arrival time
---------------------------------------------------------------------------------------------
                                              2.740287   slack (MET)


Startpoint: wbs_cyc_i (input port clocked by clk)
Endpoint: wbs_dat_o[23] (output port clocked by clk)
Path Group: clk
Path Type: min

Fanout         Cap        Slew       Delay        Time   Description
---------------------------------------------------------------------------------------------
                                  0.000000    0.000000   clock clk (rise edge)
                                  4.650000    4.650000   clock network delay (propagated)
                                  1.690000    6.340000 v input external delay
     1    0.003038    0.090000    0.000000    6.340000 v wbs_cyc_i (in)
                                                         wbs_cyc_i (net)
                      0.090162    0.000077    6.340076 v input12/A (sky130_fd_sc_hd__buf_2)
     5    0.059738    0.143394    0.222938    6.563015 v input12/X (sky130_fd_sc_hd__buf_2)
                                                         net12 (net)
                      0.143829    0.006298    6.569313 v fanout89/A (sky130_fd_sc_hd__clkbuf_4)
    15    0.065031    0.134129    0.250956    6.820269 v fanout89/X (sky130_fd_sc_hd__clkbuf_4)
                                                         net89 (net)
                      0.136801    0.014342    6.834611 v _30_/B (sky130_fd_sc_hd__and4b_1)
     1    0.012995    0.078826    0.243408    7.078019 v _30_/X (sky130_fd_sc_hd__and4b_1)
                                                         net67 (net)
                      0.078843    0.001079    7.079098 v output67/A (sky130_fd_sc_hd__buf_12)
     1    0.191114    0.104807    0.194032    7.273131 v output67/X (sky130_fd_sc_hd__buf_12)
                                                         wbs_dat_o[23] (net)
                      0.105931    0.008241    7.281372 v wbs_dat_o[23] (out)
                                              7.281372   data arrival time

                                  0.000000    0.000000   clock clk (rise edge)
                                  5.570000    5.570000   clock network delay (propagated)
                                  0.100000    5.670000   clock uncertainty
                                  0.000000    5.670000   clock reconvergence pessimism
                                 -1.130000    4.540000   output external delay
                                              4.540000   data required time
---------------------------------------------------------------------------------------------
                                              4.540000   data required time
                                             -7.281372   data arrival time
---------------------------------------------------------------------------------------------
                                              2.741372   slack (MET)


Startpoint: wbs_cyc_i (input port clocked by clk)
Endpoint: wbs_dat_o[27] (output port clocked by clk)
Path Group: clk
Path Type: min

Fanout         Cap        Slew       Delay        Time   Description
---------------------------------------------------------------------------------------------
                                  0.000000    0.000000   clock clk (rise edge)
                                  4.650000    4.650000   clock network delay (propagated)
                                  1.690000    6.340000 v input external delay
     1    0.003038    0.090000    0.000000    6.340000 v wbs_cyc_i (in)
                                                         wbs_cyc_i (net)
                      0.090162    0.000077    6.340076 v input12/A (sky130_fd_sc_hd__buf_2)
     5    0.059738    0.143394    0.222938    6.563015 v input12/X (sky130_fd_sc_hd__buf_2)
                                                         net12 (net)
                      0.143829    0.006298    6.569313 v fanout89/A (sky130_fd_sc_hd__clkbuf_4)
    15    0.065031    0.134129    0.250956    6.820269 v fanout89/X (sky130_fd_sc_hd__clkbuf_4)
                                                         net89 (net)
                      0.137102    0.015097    6.835366 v _34_/B (sky130_fd_sc_hd__and4b_1)
     1    0.012867    0.078274    0.243084    7.078450 v _34_/X (sky130_fd_sc_hd__and4b_1)
                                                         net71 (net)
                      0.078290    0.001051    7.079500 v output71/A (sky130_fd_sc_hd__buf_12)
     1    0.192538    0.105979    0.193093    7.272593 v output71/X (sky130_fd_sc_hd__buf_12)
                                                         wbs_dat_o[27] (net)
                      0.107532    0.009721    7.282314 v wbs_dat_o[27] (out)
                                              7.282314   data arrival time

                                  0.000000    0.000000   clock clk (rise edge)
                                  5.570000    5.570000   clock network delay (propagated)
                                  0.100000    5.670000   clock uncertainty
                                  0.000000    5.670000   clock reconvergence pessimism
                                 -1.130000    4.540000   output external delay
                                              4.540000   data required time
---------------------------------------------------------------------------------------------
                                              4.540000   data required time
                                             -7.282314   data arrival time
---------------------------------------------------------------------------------------------
                                              2.742314   slack (MET)


Startpoint: wbs_cyc_i (input port clocked by clk)
Endpoint: wbs_dat_o[16] (output port clocked by clk)
Path Group: clk
Path Type: min

Fanout         Cap        Slew       Delay        Time   Description
---------------------------------------------------------------------------------------------
                                  0.000000    0.000000   clock clk (rise edge)
                                  4.650000    4.650000   clock network delay (propagated)
                                  1.690000    6.340000 v input external delay
     1    0.003038    0.090000    0.000000    6.340000 v wbs_cyc_i (in)
                                                         wbs_cyc_i (net)
                      0.090162    0.000077    6.340076 v input12/A (sky130_fd_sc_hd__buf_2)
     5    0.059738    0.143394    0.222938    6.563015 v input12/X (sky130_fd_sc_hd__buf_2)
                                                         net12 (net)
                      0.143829    0.006298    6.569313 v fanout89/A (sky130_fd_sc_hd__clkbuf_4)
    15    0.065031    0.134129    0.250956    6.820269 v fanout89/X (sky130_fd_sc_hd__clkbuf_4)
                                                         net89 (net)
                      0.135465    0.010318    6.830586 v _23_/B (sky130_fd_sc_hd__and4b_1)
     1    0.014052    0.083347    0.246728    7.077314 v _23_/X (sky130_fd_sc_hd__and4b_1)
                                                         net59 (net)
                      0.083364    0.001106    7.078420 v output59/A (sky130_fd_sc_hd__buf_12)
     1    0.191491    0.105044    0.196032    7.274452 v output59/X (sky130_fd_sc_hd__buf_12)
                                                         wbs_dat_o[16] (net)
                      0.106209    0.008399    7.282851 v wbs_dat_o[16] (out)
                                              7.282851   data arrival time

                                  0.000000    0.000000   clock clk (rise edge)
                                  5.570000    5.570000   clock network delay (propagated)
                                  0.100000    5.670000   clock uncertainty
                                  0.000000    5.670000   clock reconvergence pessimism
                                 -1.130000    4.540000   output external delay
                                              4.540000   data required time
---------------------------------------------------------------------------------------------
                                              4.540000   data required time
                                             -7.282851   data arrival time
---------------------------------------------------------------------------------------------
                                              2.742851   slack (MET)


Startpoint: wbs_cyc_i (input port clocked by clk)
Endpoint: wbs_dat_o[22] (output port clocked by clk)
Path Group: clk
Path Type: min

Fanout         Cap        Slew       Delay        Time   Description
---------------------------------------------------------------------------------------------
                                  0.000000    0.000000   clock clk (rise edge)
                                  4.650000    4.650000   clock network delay (propagated)
                                  1.690000    6.340000 v input external delay
     1    0.003038    0.090000    0.000000    6.340000 v wbs_cyc_i (in)
                                                         wbs_cyc_i (net)
                      0.090162    0.000077    6.340076 v input12/A (sky130_fd_sc_hd__buf_2)
     5    0.059738    0.143394    0.222938    6.563015 v input12/X (sky130_fd_sc_hd__buf_2)
                                                         net12 (net)
                      0.143829    0.006298    6.569313 v fanout89/A (sky130_fd_sc_hd__clkbuf_4)
    15    0.065031    0.134129    0.250956    6.820269 v fanout89/X (sky130_fd_sc_hd__clkbuf_4)
                                                         net89 (net)
                      0.136748    0.014204    6.834473 v _29_/B (sky130_fd_sc_hd__and4b_1)
     1    0.012204    0.075424    0.240522    7.074995 v _29_/X (sky130_fd_sc_hd__and4b_1)
                                                         net66 (net)
                      0.075438    0.000980    7.075974 v output66/A (sky130_fd_sc_hd__buf_12)
     1    0.192893    0.110533    0.197064    7.273038 v output66/X (sky130_fd_sc_hd__buf_12)
                                                         wbs_dat_o[22] (net)
                      0.112102    0.010075    7.283114 v wbs_dat_o[22] (out)
                                              7.283114   data arrival time

                                  0.000000    0.000000   clock clk (rise edge)
                                  5.570000    5.570000   clock network delay (propagated)
                                  0.100000    5.670000   clock uncertainty
                                  0.000000    5.670000   clock reconvergence pessimism
                                 -1.130000    4.540000   output external delay
                                              4.540000   data required time
---------------------------------------------------------------------------------------------
                                              4.540000   data required time
                                             -7.283114   data arrival time
---------------------------------------------------------------------------------------------
                                              2.743114   slack (MET)


Startpoint: wbs_cyc_i (input port clocked by clk)
Endpoint: wbs_dat_o[18] (output port clocked by clk)
Path Group: clk
Path Type: min

Fanout         Cap        Slew       Delay        Time   Description
---------------------------------------------------------------------------------------------
                                  0.000000    0.000000   clock clk (rise edge)
                                  4.650000    4.650000   clock network delay (propagated)
                                  1.690000    6.340000 v input external delay
     1    0.003038    0.090000    0.000000    6.340000 v wbs_cyc_i (in)
                                                         wbs_cyc_i (net)
                      0.090162    0.000077    6.340076 v input12/A (sky130_fd_sc_hd__buf_2)
     5    0.059738    0.143394    0.222938    6.563015 v input12/X (sky130_fd_sc_hd__buf_2)
                                                         net12 (net)
                      0.143829    0.006298    6.569313 v fanout89/A (sky130_fd_sc_hd__clkbuf_4)
    15    0.065031    0.134129    0.250956    6.820269 v fanout89/X (sky130_fd_sc_hd__clkbuf_4)
                                                         net89 (net)
                      0.135944    0.011924    6.832192 v _25_/B (sky130_fd_sc_hd__and4b_1)
     1    0.013760    0.082191    0.245675    7.077868 v _25_/X (sky130_fd_sc_hd__and4b_1)
                                                         net61 (net)
                      0.082221    0.001423    7.079291 v output61/A (sky130_fd_sc_hd__buf_12)
     1    0.191305    0.104952    0.195469    7.274760 v output61/X (sky130_fd_sc_hd__buf_12)
                                                         wbs_dat_o[18] (net)
                      0.106115    0.008388    7.283148 v wbs_dat_o[18] (out)
                                              7.283148   data arrival time

                                  0.000000    0.000000   clock clk (rise edge)
                                  5.570000    5.570000   clock network delay (propagated)
                                  0.100000    5.670000   clock uncertainty
                                  0.000000    5.670000   clock reconvergence pessimism
                                 -1.130000    4.540000   output external delay
                                              4.540000   data required time
---------------------------------------------------------------------------------------------
                                              4.540000   data required time
                                             -7.283148   data arrival time
---------------------------------------------------------------------------------------------
                                              2.743148   slack (MET)


Startpoint: wbs_cyc_i (input port clocked by clk)
Endpoint: wbs_dat_o[25] (output port clocked by clk)
Path Group: clk
Path Type: min

Fanout         Cap        Slew       Delay        Time   Description
---------------------------------------------------------------------------------------------
                                  0.000000    0.000000   clock clk (rise edge)
                                  4.650000    4.650000   clock network delay (propagated)
                                  1.690000    6.340000 v input external delay
     1    0.003038    0.090000    0.000000    6.340000 v wbs_cyc_i (in)
                                                         wbs_cyc_i (net)
                      0.090162    0.000077    6.340076 v input12/A (sky130_fd_sc_hd__buf_2)
     5    0.059738    0.143394    0.222938    6.563015 v input12/X (sky130_fd_sc_hd__buf_2)
                                                         net12 (net)
                      0.143829    0.006298    6.569313 v fanout89/A (sky130_fd_sc_hd__clkbuf_4)
    15    0.065031    0.134129    0.250956    6.820269 v fanout89/X (sky130_fd_sc_hd__clkbuf_4)
                                                         net89 (net)
                      0.137069    0.015017    6.835285 v _32_/B (sky130_fd_sc_hd__and4b_1)
     1    0.013633    0.081566    0.245875    7.081160 v _32_/X (sky130_fd_sc_hd__and4b_1)
                                                         net69 (net)
                      0.081583    0.001095    7.082255 v output69/A (sky130_fd_sc_hd__buf_12)
     1    0.191934    0.105419    0.194985    7.277240 v output69/X (sky130_fd_sc_hd__buf_12)
                                                         wbs_dat_o[25] (net)
                      0.106728    0.008911    7.286150 v wbs_dat_o[25] (out)
                                              7.286150   data arrival time

                                  0.000000    0.000000   clock clk (rise edge)
                                  5.570000    5.570000   clock network delay (propagated)
                                  0.100000    5.670000   clock uncertainty
                                  0.000000    5.670000   clock reconvergence pessimism
                                 -1.130000    4.540000   output external delay
                                              4.540000   data required time
---------------------------------------------------------------------------------------------
                                              4.540000   data required time
                                             -7.286150   data arrival time
---------------------------------------------------------------------------------------------
                                              2.746150   slack (MET)


Startpoint: wbs_cyc_i (input port clocked by clk)
Endpoint: wbs_dat_o[19] (output port clocked by clk)
Path Group: clk
Path Type: min

Fanout         Cap        Slew       Delay        Time   Description
---------------------------------------------------------------------------------------------
                                  0.000000    0.000000   clock clk (rise edge)
                                  4.650000    4.650000   clock network delay (propagated)
                                  1.690000    6.340000 v input external delay
     1    0.003038    0.090000    0.000000    6.340000 v wbs_cyc_i (in)
                                                         wbs_cyc_i (net)
                      0.090162    0.000077    6.340076 v input12/A (sky130_fd_sc_hd__buf_2)
     5    0.059738    0.143394    0.222938    6.563015 v input12/X (sky130_fd_sc_hd__buf_2)
                                                         net12 (net)
                      0.143829    0.006298    6.569313 v fanout89/A (sky130_fd_sc_hd__clkbuf_4)
    15    0.065031    0.134129    0.250956    6.820269 v fanout89/X (sky130_fd_sc_hd__clkbuf_4)
                                                         net89 (net)
                      0.136319    0.013039    6.833308 v _26_/B (sky130_fd_sc_hd__and4b_1)
     1    0.014333    0.084552    0.248163    7.081471 v _26_/X (sky130_fd_sc_hd__and4b_1)
                                                         net62 (net)
                      0.084568    0.001111    7.082582 v output62/A (sky130_fd_sc_hd__buf_12)
     1    0.191563    0.105150    0.196433    7.279015 v output62/X (sky130_fd_sc_hd__buf_12)
                                                         wbs_dat_o[19] (net)
                      0.106370    0.008596    7.287611 v wbs_dat_o[19] (out)
                                              7.287611   data arrival time

                                  0.000000    0.000000   clock clk (rise edge)
                                  5.570000    5.570000   clock network delay (propagated)
                                  0.100000    5.670000   clock uncertainty
                                  0.000000    5.670000   clock reconvergence pessimism
                                 -1.130000    4.540000   output external delay
                                              4.540000   data required time
---------------------------------------------------------------------------------------------
                                              4.540000   data required time
                                             -7.287611   data arrival time
---------------------------------------------------------------------------------------------
                                              2.747611   slack (MET)


Startpoint: wbs_cyc_i (input port clocked by clk)
Endpoint: wbs_dat_o[26] (output port clocked by clk)
Path Group: clk
Path Type: min

Fanout         Cap        Slew       Delay        Time   Description
---------------------------------------------------------------------------------------------
                                  0.000000    0.000000   clock clk (rise edge)
                                  4.650000    4.650000   clock network delay (propagated)
                                  1.690000    6.340000 v input external delay
     1    0.003038    0.090000    0.000000    6.340000 v wbs_cyc_i (in)
                                                         wbs_cyc_i (net)
                      0.090162    0.000077    6.340076 v input12/A (sky130_fd_sc_hd__buf_2)
     5    0.059738    0.143394    0.222938    6.563015 v input12/X (sky130_fd_sc_hd__buf_2)
                                                         net12 (net)
                      0.143829    0.006298    6.569313 v fanout89/A (sky130_fd_sc_hd__clkbuf_4)
    15    0.065031    0.134129    0.250956    6.820269 v fanout89/X (sky130_fd_sc_hd__clkbuf_4)
                                                         net89 (net)
                      0.137106    0.015108    6.835377 v _33_/B (sky130_fd_sc_hd__and4b_1)
     1    0.012940    0.078621    0.243277    7.078654 v _33_/X (sky130_fd_sc_hd__and4b_1)
                                                         net70 (net)
                      0.078645    0.001263    7.079917 v output70/A (sky130_fd_sc_hd__buf_12)
     1    0.192224    0.110087    0.198234    7.278151 v output70/X (sky130_fd_sc_hd__buf_12)
                                                         wbs_dat_o[26] (net)
                      0.111597    0.009874    7.288025 v wbs_dat_o[26] (out)
                                              7.288025   data arrival time

                                  0.000000    0.000000   clock clk (rise edge)
                                  5.570000    5.570000   clock network delay (propagated)
                                  0.100000    5.670000   clock uncertainty
                                  0.000000    5.670000   clock reconvergence pessimism
                                 -1.130000    4.540000   output external delay
                                              4.540000   data required time
---------------------------------------------------------------------------------------------
                                              4.540000   data required time
                                             -7.288025   data arrival time
---------------------------------------------------------------------------------------------
                                              2.748025   slack (MET)


Startpoint: wbs_cyc_i (input port clocked by clk)
Endpoint: wbs_dat_o[17] (output port clocked by clk)
Path Group: clk
Path Type: min

Fanout         Cap        Slew       Delay        Time   Description
---------------------------------------------------------------------------------------------
                                  0.000000    0.000000   clock clk (rise edge)
                                  4.650000    4.650000   clock network delay (propagated)
                                  1.690000    6.340000 v input external delay
     1    0.003038    0.090000    0.000000    6.340000 v wbs_cyc_i (in)
                                                         wbs_cyc_i (net)
                      0.090162    0.000077    6.340076 v input12/A (sky130_fd_sc_hd__buf_2)
     5    0.059738    0.143394    0.222938    6.563015 v input12/X (sky130_fd_sc_hd__buf_2)
                                                         net12 (net)
                      0.143829    0.006298    6.569313 v fanout89/A (sky130_fd_sc_hd__clkbuf_4)
    15    0.065031    0.134129    0.250956    6.820269 v fanout89/X (sky130_fd_sc_hd__clkbuf_4)
                                                         net89 (net)
                      0.135868    0.011685    6.831954 v _24_/B (sky130_fd_sc_hd__and4b_1)
     1    0.015467    0.089679    0.251715    7.083669 v _24_/X (sky130_fd_sc_hd__and4b_1)
                                                         net60 (net)
                      0.089721    0.001702    7.085370 v output60/A (sky130_fd_sc_hd__buf_12)
     1    0.191715    0.105420    0.198355    7.283725 v output60/X (sky130_fd_sc_hd__buf_12)
                                                         wbs_dat_o[17] (net)
                      0.106791    0.009118    7.292843 v wbs_dat_o[17] (out)
                                              7.292843   data arrival time

                                  0.000000    0.000000   clock clk (rise edge)
                                  5.570000    5.570000   clock network delay (propagated)
                                  0.100000    5.670000   clock uncertainty
                                  0.000000    5.670000   clock reconvergence pessimism
                                 -1.130000    4.540000   output external delay
                                              4.540000   data required time
---------------------------------------------------------------------------------------------
                                              4.540000   data required time
                                             -7.292843   data arrival time
---------------------------------------------------------------------------------------------
                                              2.752843   slack (MET)


Startpoint: wbs_cyc_i (input port clocked by clk)
Endpoint: wbs_dat_o[21] (output port clocked by clk)
Path Group: clk
Path Type: min

Fanout         Cap        Slew       Delay        Time   Description
---------------------------------------------------------------------------------------------
                                  0.000000    0.000000   clock clk (rise edge)
                                  4.650000    4.650000   clock network delay (propagated)
                                  1.690000    6.340000 v input external delay
     1    0.003038    0.090000    0.000000    6.340000 v wbs_cyc_i (in)
                                                         wbs_cyc_i (net)
                      0.090162    0.000077    6.340076 v input12/A (sky130_fd_sc_hd__buf_2)
     5    0.059738    0.143394    0.222938    6.563015 v input12/X (sky130_fd_sc_hd__buf_2)
                                                         net12 (net)
                      0.143829    0.006298    6.569313 v fanout89/A (sky130_fd_sc_hd__clkbuf_4)
    15    0.065031    0.134129    0.250956    6.820269 v fanout89/X (sky130_fd_sc_hd__clkbuf_4)
                                                         net89 (net)
                      0.136692    0.014059    6.834327 v _28_/B (sky130_fd_sc_hd__and4b_1)
     1    0.015318    0.088902    0.251795    7.086122 v _28_/X (sky130_fd_sc_hd__and4b_1)
                                                         net65 (net)
                      0.088925    0.001297    7.087419 v output65/A (sky130_fd_sc_hd__buf_12)
     1    0.193114    0.106357    0.197783    7.285202 v output65/X (sky130_fd_sc_hd__buf_12)
                                                         wbs_dat_o[21] (net)
                      0.107990    0.009983    7.295184 v wbs_dat_o[21] (out)
                                              7.295184   data arrival time

                                  0.000000    0.000000   clock clk (rise edge)
                                  5.570000    5.570000   clock network delay (propagated)
                                  0.100000    5.670000   clock uncertainty
                                  0.000000    5.670000   clock reconvergence pessimism
                                 -1.130000    4.540000   output external delay
                                              4.540000   data required time
---------------------------------------------------------------------------------------------
                                              4.540000   data required time
                                             -7.295184   data arrival time
---------------------------------------------------------------------------------------------
                                              2.755184   slack (MET)


Startpoint: wbs_cyc_i (input port clocked by clk)
Endpoint: wbs_dat_o[24] (output port clocked by clk)
Path Group: clk
Path Type: min

Fanout         Cap        Slew       Delay        Time   Description
---------------------------------------------------------------------------------------------
                                  0.000000    0.000000   clock clk (rise edge)
                                  4.650000    4.650000   clock network delay (propagated)
                                  1.690000    6.340000 v input external delay
     1    0.003038    0.090000    0.000000    6.340000 v wbs_cyc_i (in)
                                                         wbs_cyc_i (net)
                      0.090162    0.000077    6.340076 v input12/A (sky130_fd_sc_hd__buf_2)
     5    0.059738    0.143394    0.222938    6.563015 v input12/X (sky130_fd_sc_hd__buf_2)
                                                         net12 (net)
                      0.143829    0.006298    6.569313 v fanout89/A (sky130_fd_sc_hd__clkbuf_4)
    15    0.065031    0.134129    0.250956    6.820269 v fanout89/X (sky130_fd_sc_hd__clkbuf_4)
                                                         net89 (net)
                      0.136833    0.014424    6.834692 v _31_/B (sky130_fd_sc_hd__and4b_1)
     1    0.015853    0.091189    0.253900    7.088592 v _31_/X (sky130_fd_sc_hd__and4b_1)
                                                         net68 (net)
                      0.091209    0.001262    7.089854 v output68/A (sky130_fd_sc_hd__buf_12)
     1    0.193296    0.106454    0.198833    7.288687 v output68/X (sky130_fd_sc_hd__buf_12)
                                                         wbs_dat_o[24] (net)
                      0.108112    0.010062    7.298749 v wbs_dat_o[24] (out)
                                              7.298749   data arrival time

                                  0.000000    0.000000   clock clk (rise edge)
                                  5.570000    5.570000   clock network delay (propagated)
                                  0.100000    5.670000   clock uncertainty
                                  0.000000    5.670000   clock reconvergence pessimism
                                 -1.130000    4.540000   output external delay
                                              4.540000   data required time
---------------------------------------------------------------------------------------------
                                              4.540000   data required time
                                             -7.298749   data arrival time
---------------------------------------------------------------------------------------------
                                              2.758749   slack (MET)


Startpoint: wbs_cyc_i (input port clocked by clk)
Endpoint: wbs_dat_o[1] (output port clocked by clk)
Path Group: clk
Path Type: min

Fanout         Cap        Slew       Delay        Time   Description
---------------------------------------------------------------------------------------------
                                  0.000000    0.000000   clock clk (rise edge)
                                  4.650000    4.650000   clock network delay (propagated)
                                  1.690000    6.340000 v input external delay
     1    0.003038    0.090000    0.000000    6.340000 v wbs_cyc_i (in)
                                                         wbs_cyc_i (net)
                      0.090162    0.000077    6.340076 v input12/A (sky130_fd_sc_hd__buf_2)
     5    0.059738    0.143394    0.222938    6.563015 v input12/X (sky130_fd_sc_hd__buf_2)
                                                         net12 (net)
                      0.143829    0.006298    6.569313 v fanout89/A (sky130_fd_sc_hd__clkbuf_4)
    15    0.065031    0.134129    0.250956    6.820269 v fanout89/X (sky130_fd_sc_hd__clkbuf_4)
                                                         net89 (net)
                      0.134443    0.005204    6.825473 v _40_/B (sky130_fd_sc_hd__and4b_1)
     1    0.018325    0.102263    0.261426    7.086899 v _40_/X (sky130_fd_sc_hd__and4b_1)
                                                         net63 (net)
                      0.102316    0.002041    7.088940 v output63/A (sky130_fd_sc_hd__buf_12)
     1    0.190593    0.104352    0.204897    7.293837 v output63/X (sky130_fd_sc_hd__buf_12)
                                                         wbs_dat_o[1] (net)
                      0.105280    0.007474    7.301311 v wbs_dat_o[1] (out)
                                              7.301311   data arrival time

                                  0.000000    0.000000   clock clk (rise edge)
                                  5.570000    5.570000   clock network delay (propagated)
                                  0.100000    5.670000   clock uncertainty
                                  0.000000    5.670000   clock reconvergence pessimism
                                 -1.130000    4.540000   output external delay
                                              4.540000   data required time
---------------------------------------------------------------------------------------------
                                              4.540000   data required time
                                             -7.301311   data arrival time
---------------------------------------------------------------------------------------------
                                              2.761311   slack (MET)


Startpoint: i_sram (rising edge-triggered flip-flop clocked by clk)
Endpoint: wbs_dat_o[3] (output port clocked by clk)
Path Group: clk
Path Type: min

Fanout         Cap        Slew       Delay        Time   Description
---------------------------------------------------------------------------------------------
                                  0.000000    0.000000   clock clk (rise edge)
                                  4.650000    4.650000   clock source latency
     1    0.057273    0.610000    0.000000    4.650000 ^ wb_clk_i (in)
                                                         wb_clk_i (net)
                      0.633517    0.011171    4.661170 ^ clkbuf_0_wb_clk_i/A (sky130_fd_sc_hd__clkbuf_16)
     2    0.068881    0.096181    0.285664    4.946835 ^ clkbuf_0_wb_clk_i/X (sky130_fd_sc_hd__clkbuf_16)
                                                         clknet_0_wb_clk_i (net)
                      0.096457    0.003724    4.950559 ^ clkbuf_1_1__f_wb_clk_i/A (sky130_fd_sc_hd__clkbuf_16)
     1    0.137055    0.151250    0.206530    5.157089 ^ clkbuf_1_1__f_wb_clk_i/X (sky130_fd_sc_hd__clkbuf_16)
                                                         clknet_1_1__leaf_wb_clk_i (net)
                      0.156057    0.020121    5.177210 ^ i_sram/CLKin (CF_SRAM_1024x32)
     2    0.074994    0.052711    1.854686    7.031896 v i_sram/DO[3] (CF_SRAM_1024x32)
                                                         i_ram_wb_controller.DO[3] (net)
                      0.062238    0.012736    7.044632 v _42_/D (sky130_fd_sc_hd__and4b_1)
     1    0.010765    0.069269    0.229223    7.273855 v _42_/X (sky130_fd_sc_hd__and4b_1)
                                                         net77 (net)
                      0.069278    0.000786    7.274642 v output77/A (sky130_fd_sc_hd__buf_12)
     1    0.191552    0.104966    0.190239    7.464880 v output77/X (sky130_fd_sc_hd__buf_12)
                                                         wbs_dat_o[3] (net)
                      0.106062    0.008145    7.473025 v wbs_dat_o[3] (out)
                                              7.473025   data arrival time

                                  0.000000    0.000000   clock clk (rise edge)
                                  5.570000    5.570000   clock network delay (propagated)
                                  0.100000    5.670000   clock uncertainty
                                  0.000000    5.670000   clock reconvergence pessimism
                                 -1.130000    4.540000   output external delay
                                              4.540000   data required time
---------------------------------------------------------------------------------------------
                                              4.540000   data required time
                                             -7.473025   data arrival time
---------------------------------------------------------------------------------------------
                                              2.933025   slack (MET)


Startpoint: i_sram (rising edge-triggered flip-flop clocked by clk)
Endpoint: wbs_dat_o[6] (output port clocked by clk)
Path Group: clk
Path Type: min

Fanout         Cap        Slew       Delay        Time   Description
---------------------------------------------------------------------------------------------
                                  0.000000    0.000000   clock clk (rise edge)
                                  4.650000    4.650000   clock source latency
     1    0.057273    0.610000    0.000000    4.650000 ^ wb_clk_i (in)
                                                         wb_clk_i (net)
                      0.633517    0.011171    4.661170 ^ clkbuf_0_wb_clk_i/A (sky130_fd_sc_hd__clkbuf_16)
     2    0.068881    0.096181    0.285664    4.946835 ^ clkbuf_0_wb_clk_i/X (sky130_fd_sc_hd__clkbuf_16)
                                                         clknet_0_wb_clk_i (net)
                      0.096457    0.003724    4.950559 ^ clkbuf_1_1__f_wb_clk_i/A (sky130_fd_sc_hd__clkbuf_16)
     1    0.137055    0.151250    0.206530    5.157089 ^ clkbuf_1_1__f_wb_clk_i/X (sky130_fd_sc_hd__clkbuf_16)
                                                         clknet_1_1__leaf_wb_clk_i (net)
                      0.156057    0.020121    5.177210 ^ i_sram/CLKin (CF_SRAM_1024x32)
     2    0.057182    0.042955    1.849821    7.027031 v i_sram/DO[6] (CF_SRAM_1024x32)
                                                         i_ram_wb_controller.DO[6] (net)
                      0.047819    0.008199    7.035230 v _13_/D (sky130_fd_sc_hd__and4b_1)
     1    0.014190    0.084062    0.235440    7.270670 v _13_/X (sky130_fd_sc_hd__and4b_1)
                                                         net80 (net)
                      0.084096    0.001499    7.272169 v output80/A (sky130_fd_sc_hd__buf_12)
     1    0.191488    0.105136    0.196146    7.468315 v output80/X (sky130_fd_sc_hd__buf_12)
                                                         wbs_dat_o[6] (net)
                      0.106377    0.008666    7.476981 v wbs_dat_o[6] (out)
                                              7.476981   data arrival time

                                  0.000000    0.000000   clock clk (rise edge)
                                  5.570000    5.570000   clock network delay (propagated)
                                  0.100000    5.670000   clock uncertainty
                                  0.000000    5.670000   clock reconvergence pessimism
                                 -1.130000    4.540000   output external delay
                                              4.540000   data required time
---------------------------------------------------------------------------------------------
                                              4.540000   data required time
                                             -7.476981   data arrival time
---------------------------------------------------------------------------------------------
                                              2.936981   slack (MET)


Startpoint: i_sram (rising edge-triggered flip-flop clocked by clk)
Endpoint: wbs_dat_o[2] (output port clocked by clk)
Path Group: clk
Path Type: min

Fanout         Cap        Slew       Delay        Time   Description
---------------------------------------------------------------------------------------------
                                  0.000000    0.000000   clock clk (rise edge)
                                  4.650000    4.650000   clock source latency
     1    0.057273    0.610000    0.000000    4.650000 ^ wb_clk_i (in)
                                                         wb_clk_i (net)
                      0.633517    0.011171    4.661170 ^ clkbuf_0_wb_clk_i/A (sky130_fd_sc_hd__clkbuf_16)
     2    0.068881    0.096181    0.285664    4.946835 ^ clkbuf_0_wb_clk_i/X (sky130_fd_sc_hd__clkbuf_16)
                                                         clknet_0_wb_clk_i (net)
                      0.096457    0.003724    4.950559 ^ clkbuf_1_1__f_wb_clk_i/A (sky130_fd_sc_hd__clkbuf_16)
     1    0.137055    0.151250    0.206530    5.157089 ^ clkbuf_1_1__f_wb_clk_i/X (sky130_fd_sc_hd__clkbuf_16)
                                                         clknet_1_1__leaf_wb_clk_i (net)
                      0.156057    0.020121    5.177210 ^ i_sram/CLKin (CF_SRAM_1024x32)
     2    0.062615    0.048116    1.850948    7.028159 v i_sram/DO[2] (CF_SRAM_1024x32)
                                                         i_ram_wb_controller.DO[2] (net)
                      0.056897    0.013958    7.042117 v _41_/D (sky130_fd_sc_hd__and4b_1)
     1    0.013315    0.080177    0.236165    7.278281 v _41_/X (sky130_fd_sc_hd__and4b_1)
                                                         net74 (net)
                      0.080194    0.001090    7.279371 v output74/A (sky130_fd_sc_hd__buf_12)
     1    0.191334    0.104889    0.194735    7.474106 v output74/X (sky130_fd_sc_hd__buf_12)
                                                         wbs_dat_o[2] (net)
                      0.105999    0.008192    7.482298 v wbs_dat_o[2] (out)
                                              7.482298   data arrival time

                                  0.000000    0.000000   clock clk (rise edge)
                                  5.570000    5.570000   clock network delay (propagated)
                                  0.100000    5.670000   clock uncertainty
                                  0.000000    5.670000   clock reconvergence pessimism
                                 -1.130000    4.540000   output external delay
                                              4.540000   data required time
---------------------------------------------------------------------------------------------
                                              4.540000   data required time
                                             -7.482298   data arrival time
---------------------------------------------------------------------------------------------
                                              2.942298   slack (MET)


Startpoint: i_sram (rising edge-triggered flip-flop clocked by clk)
Endpoint: wbs_dat_o[5] (output port clocked by clk)
Path Group: clk
Path Type: min

Fanout         Cap        Slew       Delay        Time   Description
---------------------------------------------------------------------------------------------
                                  0.000000    0.000000   clock clk (rise edge)
                                  4.650000    4.650000   clock source latency
     1    0.057273    0.610000    0.000000    4.650000 ^ wb_clk_i (in)
                                                         wb_clk_i (net)
                      0.633517    0.011171    4.661170 ^ clkbuf_0_wb_clk_i/A (sky130_fd_sc_hd__clkbuf_16)
     2    0.068881    0.096181    0.285664    4.946835 ^ clkbuf_0_wb_clk_i/X (sky130_fd_sc_hd__clkbuf_16)
                                                         clknet_0_wb_clk_i (net)
                      0.096457    0.003724    4.950559 ^ clkbuf_1_1__f_wb_clk_i/A (sky130_fd_sc_hd__clkbuf_16)
     1    0.137055    0.151250    0.206530    5.157089 ^ clkbuf_1_1__f_wb_clk_i/X (sky130_fd_sc_hd__clkbuf_16)
                                                         clknet_1_1__leaf_wb_clk_i (net)
                      0.156057    0.020121    5.177210 ^ i_sram/CLKin (CF_SRAM_1024x32)
     2    0.068508    0.052124    1.852512    7.029723 v i_sram/DO[5] (CF_SRAM_1024x32)
                                                         i_ram_wb_controller.DO[5] (net)
                      0.060939    0.014755    7.044477 v _44_/D (sky130_fd_sc_hd__and4b_1)
     1    0.013507    0.080865    0.238477    7.282954 v _44_/X (sky130_fd_sc_hd__and4b_1)
                                                         net79 (net)
                      0.080899    0.001469    7.284424 v output79/A (sky130_fd_sc_hd__buf_12)
     1    0.191469    0.105105    0.194755    7.479179 v output79/X (sky130_fd_sc_hd__buf_12)
                                                         wbs_dat_o[5] (net)
                      0.106329    0.008609    7.487788 v wbs_dat_o[5] (out)
                                              7.487788   data arrival time

                                  0.000000    0.000000   clock clk (rise edge)
                                  5.570000    5.570000   clock network delay (propagated)
                                  0.100000    5.670000   clock uncertainty
                                  0.000000    5.670000   clock reconvergence pessimism
                                 -1.130000    4.540000   output external delay
                                              4.540000   data required time
---------------------------------------------------------------------------------------------
                                              4.540000   data required time
                                             -7.487788   data arrival time
---------------------------------------------------------------------------------------------
                                              2.947788   slack (MET)


Startpoint: i_sram (rising edge-triggered flip-flop clocked by clk)
Endpoint: wbs_dat_o[4] (output port clocked by clk)
Path Group: clk
Path Type: min

Fanout         Cap        Slew       Delay        Time   Description
---------------------------------------------------------------------------------------------
                                  0.000000    0.000000   clock clk (rise edge)
                                  4.650000    4.650000   clock source latency
     1    0.057273    0.610000    0.000000    4.650000 ^ wb_clk_i (in)
                                                         wb_clk_i (net)
                      0.633517    0.011171    4.661170 ^ clkbuf_0_wb_clk_i/A (sky130_fd_sc_hd__clkbuf_16)
     2    0.068881    0.096181    0.285664    4.946835 ^ clkbuf_0_wb_clk_i/X (sky130_fd_sc_hd__clkbuf_16)
                                                         clknet_0_wb_clk_i (net)
                      0.096457    0.003724    4.950559 ^ clkbuf_1_1__f_wb_clk_i/A (sky130_fd_sc_hd__clkbuf_16)
     1    0.137055    0.151250    0.206530    5.157089 ^ clkbuf_1_1__f_wb_clk_i/X (sky130_fd_sc_hd__clkbuf_16)
                                                         clknet_1_1__leaf_wb_clk_i (net)
                      0.156057    0.020121    5.177210 ^ i_sram/CLKin (CF_SRAM_1024x32)
     2    0.074988    0.056276    1.853704    7.030914 v i_sram/DO[4] (CF_SRAM_1024x32)
                                                         i_ram_wb_controller.DO[4] (net)
                      0.066848    0.018426    7.049340 v _43_/D (sky130_fd_sc_hd__and4b_1)
     1    0.012267    0.075662    0.236766    7.286106 v _43_/X (sky130_fd_sc_hd__and4b_1)
                                                         net78 (net)
                      0.075675    0.000959    7.287065 v output78/A (sky130_fd_sc_hd__buf_12)
     1    0.191561    0.105059    0.192735    7.479800 v output78/X (sky130_fd_sc_hd__buf_12)
                                                         wbs_dat_o[4] (net)
                      0.106222    0.008393    7.488194 v wbs_dat_o[4] (out)
                                              7.488194   data arrival time

                                  0.000000    0.000000   clock clk (rise edge)
                                  5.570000    5.570000   clock network delay (propagated)
                                  0.100000    5.670000   clock uncertainty
                                  0.000000    5.670000   clock reconvergence pessimism
                                 -1.130000    4.540000   output external delay
                                              4.540000   data required time
---------------------------------------------------------------------------------------------
                                              4.540000   data required time
                                             -7.488194   data arrival time
---------------------------------------------------------------------------------------------
                                              2.948193   slack (MET)


Startpoint: i_sram (rising edge-triggered flip-flop clocked by clk)
Endpoint: wbs_dat_o[12] (output port clocked by clk)
Path Group: clk
Path Type: min

Fanout         Cap        Slew       Delay        Time   Description
---------------------------------------------------------------------------------------------
                                  0.000000    0.000000   clock clk (rise edge)
                                  4.650000    4.650000   clock source latency
     1    0.057273    0.610000    0.000000    4.650000 ^ wb_clk_i (in)
                                                         wb_clk_i (net)
                      0.633517    0.011171    4.661170 ^ clkbuf_0_wb_clk_i/A (sky130_fd_sc_hd__clkbuf_16)
     2    0.068881    0.096181    0.285664    4.946835 ^ clkbuf_0_wb_clk_i/X (sky130_fd_sc_hd__clkbuf_16)
                                                         clknet_0_wb_clk_i (net)
                      0.096457    0.003724    4.950559 ^ clkbuf_1_1__f_wb_clk_i/A (sky130_fd_sc_hd__clkbuf_16)
     1    0.137055    0.151250    0.206530    5.157089 ^ clkbuf_1_1__f_wb_clk_i/X (sky130_fd_sc_hd__clkbuf_16)
                                                         clknet_1_1__leaf_wb_clk_i (net)
                      0.156057    0.020121    5.177210 ^ i_sram/CLKin (CF_SRAM_1024x32)
     3    0.052070    0.039403    1.848398    7.025609 v i_sram/DO[12] (CF_SRAM_1024x32)
                                                         i_ram_wb_controller.DO[12] (net)
                      0.043576    0.007590    7.033199 v _19_/D (sky130_fd_sc_hd__and4b_2)
     1    0.021484    0.080154    0.271476    7.304675 v _19_/X (sky130_fd_sc_hd__and4b_2)
                                                         net55 (net)
                      0.080362    0.003376    7.308051 v output55/A (sky130_fd_sc_hd__buf_12)
     1    0.191568    0.105027    0.194824    7.502875 v output55/X (sky130_fd_sc_hd__buf_12)
                                                         wbs_dat_o[12] (net)
                      0.106156    0.008269    7.511144 v wbs_dat_o[12] (out)
                                              7.511144   data arrival time

                                  0.000000    0.000000   clock clk (rise edge)
                                  5.570000    5.570000   clock network delay (propagated)
                                  0.100000    5.670000   clock uncertainty
                                  0.000000    5.670000   clock reconvergence pessimism
                                 -1.130000    4.540000   output external delay
                                              4.540000   data required time
---------------------------------------------------------------------------------------------
                                              4.540000   data required time
                                             -7.511144   data arrival time
---------------------------------------------------------------------------------------------
                                              2.971144   slack (MET)


Startpoint: i_sram (rising edge-triggered flip-flop clocked by clk)
Endpoint: wbs_dat_o[7] (output port clocked by clk)
Path Group: clk
Path Type: min

Fanout         Cap        Slew       Delay        Time   Description
---------------------------------------------------------------------------------------------
                                  0.000000    0.000000   clock clk (rise edge)
                                  4.650000    4.650000   clock source latency
     1    0.057273    0.610000    0.000000    4.650000 ^ wb_clk_i (in)
                                                         wb_clk_i (net)
                      0.633517    0.011171    4.661170 ^ clkbuf_0_wb_clk_i/A (sky130_fd_sc_hd__clkbuf_16)
     2    0.068881    0.096181    0.285664    4.946835 ^ clkbuf_0_wb_clk_i/X (sky130_fd_sc_hd__clkbuf_16)
                                                         clknet_0_wb_clk_i (net)
                      0.096457    0.003724    4.950559 ^ clkbuf_1_1__f_wb_clk_i/A (sky130_fd_sc_hd__clkbuf_16)
     1    0.137055    0.151250    0.206530    5.157089 ^ clkbuf_1_1__f_wb_clk_i/X (sky130_fd_sc_hd__clkbuf_16)
                                                         clknet_1_1__leaf_wb_clk_i (net)
                      0.156057    0.020121    5.177210 ^ i_sram/CLKin (CF_SRAM_1024x32)
     2    0.079492    0.054601    1.856613    7.033823 v i_sram/DO[7] (CF_SRAM_1024x32)
                                                         i_ram_wb_controller.DO[7] (net)
                      0.063748    0.012676    7.046500 v _14_/D (sky130_fd_sc_hd__and4b_1)
     1    0.018182    0.101645    0.256805    7.303305 v _14_/X (sky130_fd_sc_hd__and4b_1)
                                                         net81 (net)
                      0.101700    0.002060    7.305365 v output81/A (sky130_fd_sc_hd__buf_12)
     1    0.191316    0.104937    0.204290    7.509655 v output81/X (sky130_fd_sc_hd__buf_12)
                                                         wbs_dat_o[7] (net)
                      0.106047    0.008195    7.517849 v wbs_dat_o[7] (out)
                                              7.517849   data arrival time

                                  0.000000    0.000000   clock clk (rise edge)
                                  5.570000    5.570000   clock network delay (propagated)
                                  0.100000    5.670000   clock uncertainty
                                  0.000000    5.670000   clock reconvergence pessimism
                                 -1.130000    4.540000   output external delay
                                              4.540000   data required time
---------------------------------------------------------------------------------------------
                                              4.540000   data required time
                                             -7.517849   data arrival time
---------------------------------------------------------------------------------------------
                                              2.977850   slack (MET)


Startpoint: i_sram (rising edge-triggered flip-flop clocked by clk)
Endpoint: wbs_dat_o[11] (output port clocked by clk)
Path Group: clk
Path Type: min

Fanout         Cap        Slew       Delay        Time   Description
---------------------------------------------------------------------------------------------
                                  0.000000    0.000000   clock clk (rise edge)
                                  4.650000    4.650000   clock source latency
     1    0.057273    0.610000    0.000000    4.650000 ^ wb_clk_i (in)
                                                         wb_clk_i (net)
                      0.633517    0.011171    4.661170 ^ clkbuf_0_wb_clk_i/A (sky130_fd_sc_hd__clkbuf_16)
     2    0.068881    0.096181    0.285664    4.946835 ^ clkbuf_0_wb_clk_i/X (sky130_fd_sc_hd__clkbuf_16)
                                                         clknet_0_wb_clk_i (net)
                      0.096457    0.003724    4.950559 ^ clkbuf_1_1__f_wb_clk_i/A (sky130_fd_sc_hd__clkbuf_16)
     1    0.137055    0.151250    0.206530    5.157089 ^ clkbuf_1_1__f_wb_clk_i/X (sky130_fd_sc_hd__clkbuf_16)
                                                         clknet_1_1__leaf_wb_clk_i (net)
                      0.156057    0.020121    5.177210 ^ i_sram/CLKin (CF_SRAM_1024x32)
     3    0.058688    0.043500    1.851051    7.028261 v i_sram/DO[11] (CF_SRAM_1024x32)
                                                         i_ram_wb_controller.DO[11] (net)
                      0.047284    0.008352    7.036614 v _18_/D (sky130_fd_sc_hd__and4b_1)
     1    0.021772    0.117595    0.262904    7.299518 v _18_/X (sky130_fd_sc_hd__and4b_1)
                                                         net54 (net)
                      0.117671    0.002576    7.302094 v output54/A (sky130_fd_sc_hd__buf_12)
     1    0.191521    0.105172    0.211238    7.513332 v output54/X (sky130_fd_sc_hd__buf_12)
                                                         wbs_dat_o[11] (net)
                      0.106358    0.008479    7.521812 v wbs_dat_o[11] (out)
                                              7.521812   data arrival time

                                  0.000000    0.000000   clock clk (rise edge)
                                  5.570000    5.570000   clock network delay (propagated)
                                  0.100000    5.670000   clock uncertainty
                                  0.000000    5.670000   clock reconvergence pessimism
                                 -1.130000    4.540000   output external delay
                                              4.540000   data required time
---------------------------------------------------------------------------------------------
                                              4.540000   data required time
                                             -7.521812   data arrival time
---------------------------------------------------------------------------------------------
                                              2.981812   slack (MET)


Startpoint: i_sram (rising edge-triggered flip-flop clocked by clk)
Endpoint: wbs_dat_o[9] (output port clocked by clk)
Path Group: clk
Path Type: min

Fanout         Cap        Slew       Delay        Time   Description
---------------------------------------------------------------------------------------------
                                  0.000000    0.000000   clock clk (rise edge)
                                  4.650000    4.650000   clock source latency
     1    0.057273    0.610000    0.000000    4.650000 ^ wb_clk_i (in)
                                                         wb_clk_i (net)
                      0.633517    0.011171    4.661170 ^ clkbuf_0_wb_clk_i/A (sky130_fd_sc_hd__clkbuf_16)
     2    0.068881    0.096181    0.285664    4.946835 ^ clkbuf_0_wb_clk_i/X (sky130_fd_sc_hd__clkbuf_16)
                                                         clknet_0_wb_clk_i (net)
                      0.096457    0.003724    4.950559 ^ clkbuf_1_1__f_wb_clk_i/A (sky130_fd_sc_hd__clkbuf_16)
     1    0.137055    0.151250    0.206530    5.157089 ^ clkbuf_1_1__f_wb_clk_i/X (sky130_fd_sc_hd__clkbuf_16)
                                                         clknet_1_1__leaf_wb_clk_i (net)
                      0.156057    0.020121    5.177210 ^ i_sram/CLKin (CF_SRAM_1024x32)
     2    0.068532    0.051185    1.852608    7.029819 v i_sram/DO[9] (CF_SRAM_1024x32)
                                                         i_ram_wb_controller.DO[9] (net)
                      0.060461    0.014460    7.044278 v _16_/D (sky130_fd_sc_hd__and4b_1)
     1    0.020232    0.110815    0.262697    7.306975 v _16_/X (sky130_fd_sc_hd__and4b_1)
                                                         net83 (net)
                      0.110896    0.002568    7.309544 v output83/A (sky130_fd_sc_hd__buf_12)
     1    0.192862    0.106102    0.207913    7.517456 v output83/X (sky130_fd_sc_hd__buf_12)
                                                         wbs_dat_o[9] (net)
                      0.107571    0.009464    7.526921 v wbs_dat_o[9] (out)
                                              7.526921   data arrival time

                                  0.000000    0.000000   clock clk (rise edge)
                                  5.570000    5.570000   clock network delay (propagated)
                                  0.100000    5.670000   clock uncertainty
                                  0.000000    5.670000   clock reconvergence pessimism
                                 -1.130000    4.540000   output external delay
                                              4.540000   data required time
---------------------------------------------------------------------------------------------
                                              4.540000   data required time
                                             -7.526921   data arrival time
---------------------------------------------------------------------------------------------
                                              2.986921   slack (MET)


Startpoint: i_sram (rising edge-triggered flip-flop clocked by clk)
Endpoint: wbs_dat_o[8] (output port clocked by clk)
Path Group: clk
Path Type: min

Fanout         Cap        Slew       Delay        Time   Description
---------------------------------------------------------------------------------------------
                                  0.000000    0.000000   clock clk (rise edge)
                                  4.650000    4.650000   clock source latency
     1    0.057273    0.610000    0.000000    4.650000 ^ wb_clk_i (in)
                                                         wb_clk_i (net)
                      0.633517    0.011171    4.661170 ^ clkbuf_0_wb_clk_i/A (sky130_fd_sc_hd__clkbuf_16)
     2    0.068881    0.096181    0.285664    4.946835 ^ clkbuf_0_wb_clk_i/X (sky130_fd_sc_hd__clkbuf_16)
                                                         clknet_0_wb_clk_i (net)
                      0.096457    0.003724    4.950559 ^ clkbuf_1_1__f_wb_clk_i/A (sky130_fd_sc_hd__clkbuf_16)
     1    0.137055    0.151250    0.206530    5.157089 ^ clkbuf_1_1__f_wb_clk_i/X (sky130_fd_sc_hd__clkbuf_16)
                                                         clknet_1_1__leaf_wb_clk_i (net)
                      0.156057    0.020121    5.177210 ^ i_sram/CLKin (CF_SRAM_1024x32)
     3    0.071469    0.052650    1.853305    7.030515 v i_sram/DO[8] (CF_SRAM_1024x32)
                                                         i_ram_wb_controller.DO[8] (net)
                      0.062505    0.014829    7.045344 v _15_/D (sky130_fd_sc_hd__and4b_1)
     1    0.021255    0.115243    0.267614    7.312958 v _15_/X (sky130_fd_sc_hd__and4b_1)
                                                         net82 (net)
                      0.115299    0.002215    7.315173 v output82/A (sky130_fd_sc_hd__buf_12)
     1    0.191509    0.105116    0.210279    7.525453 v output82/X (sky130_fd_sc_hd__buf_12)
                                                         wbs_dat_o[8] (net)
                      0.106265    0.008347    7.533800 v wbs_dat_o[8] (out)
                                              7.533800   data arrival time

                                  0.000000    0.000000   clock clk (rise edge)
                                  5.570000    5.570000   clock network delay (propagated)
                                  0.100000    5.670000   clock uncertainty
                                  0.000000    5.670000   clock reconvergence pessimism
                                 -1.130000    4.540000   output external delay
                                              4.540000   data required time
---------------------------------------------------------------------------------------------
                                              4.540000   data required time
                                             -7.533800   data arrival time
---------------------------------------------------------------------------------------------
                                              2.993799   slack (MET)


Startpoint: wbs_cyc_i (input port clocked by clk)
Endpoint: wbs_dat_o[0] (output port clocked by clk)
Path Group: clk
Path Type: min

Fanout         Cap        Slew       Delay        Time   Description
---------------------------------------------------------------------------------------------
                                  0.000000    0.000000   clock clk (rise edge)
                                  4.650000    4.650000   clock network delay (propagated)
                                  1.690000    6.340000 v input external delay
     1    0.003038    0.090000    0.000000    6.340000 v wbs_cyc_i (in)
                                                         wbs_cyc_i (net)
                      0.090162    0.000077    6.340076 v input12/A (sky130_fd_sc_hd__buf_2)
     5    0.059738    0.143394    0.222938    6.563015 v input12/X (sky130_fd_sc_hd__buf_2)
                                                         net12 (net)
                      0.143829    0.006298    6.569313 v fanout89/A (sky130_fd_sc_hd__clkbuf_4)
    15    0.065031    0.134129    0.250956    6.820269 v fanout89/X (sky130_fd_sc_hd__clkbuf_4)
                                                         net89 (net)
                      0.134154    0.001501    6.821770 v fanout88/A (sky130_fd_sc_hd__clkbuf_2)
    15    0.038482    0.146679    0.224799    7.046569 v fanout88/X (sky130_fd_sc_hd__clkbuf_2)
                                                         net88 (net)
                      0.146963    0.004681    7.051250 v _39_/B (sky130_fd_sc_hd__and4b_1)
     1    0.018612    0.103531    0.268054    7.319303 v _39_/X (sky130_fd_sc_hd__and4b_1)
                                                         net52 (net)
                      0.103586    0.002079    7.321382 v output52/A (sky130_fd_sc_hd__buf_12)
     1    0.191498    0.105180    0.204842    7.526224 v output52/X (sky130_fd_sc_hd__buf_12)
                                                         wbs_dat_o[0] (net)
                      0.106411    0.008635    7.534859 v wbs_dat_o[0] (out)
                                              7.534859   data arrival time

                                  0.000000    0.000000   clock clk (rise edge)
                                  5.570000    5.570000   clock network delay (propagated)
                                  0.100000    5.670000   clock uncertainty
                                  0.000000    5.670000   clock reconvergence pessimism
                                 -1.130000    4.540000   output external delay
                                              4.540000   data required time
---------------------------------------------------------------------------------------------
                                              4.540000   data required time
                                             -7.534859   data arrival time
---------------------------------------------------------------------------------------------
                                              2.994859   slack (MET)


Startpoint: i_sram (rising edge-triggered flip-flop clocked by clk)
Endpoint: wbs_dat_o[13] (output port clocked by clk)
Path Group: clk
Path Type: min

Fanout         Cap        Slew       Delay        Time   Description
---------------------------------------------------------------------------------------------
                                  0.000000    0.000000   clock clk (rise edge)
                                  4.650000    4.650000   clock source latency
     1    0.057273    0.610000    0.000000    4.650000 ^ wb_clk_i (in)
                                                         wb_clk_i (net)
                      0.633517    0.011171    4.661170 ^ clkbuf_0_wb_clk_i/A (sky130_fd_sc_hd__clkbuf_16)
     2    0.068881    0.096181    0.285664    4.946835 ^ clkbuf_0_wb_clk_i/X (sky130_fd_sc_hd__clkbuf_16)
                                                         clknet_0_wb_clk_i (net)
                      0.096457    0.003724    4.950559 ^ clkbuf_1_1__f_wb_clk_i/A (sky130_fd_sc_hd__clkbuf_16)
     1    0.137055    0.151250    0.206530    5.157089 ^ clkbuf_1_1__f_wb_clk_i/X (sky130_fd_sc_hd__clkbuf_16)
                                                         clknet_1_1__leaf_wb_clk_i (net)
                      0.156057    0.020121    5.177210 ^ i_sram/CLKin (CF_SRAM_1024x32)
     2    0.058096    0.046465    1.849885    7.027095 v i_sram/DO[13] (CF_SRAM_1024x32)
                                                         i_ram_wb_controller.DO[13] (net)
                      0.052982    0.006720    7.033815 v _20_/D (sky130_fd_sc_hd__and4b_2)
     1    0.027316    0.094153    0.288032    7.321847 v _20_/X (sky130_fd_sc_hd__and4b_2)
                                                         net56 (net)
                      0.094373    0.003769    7.325615 v output56/A (sky130_fd_sc_hd__buf_12)
     1    0.192458    0.105780    0.200651    7.526267 v output56/X (sky130_fd_sc_hd__buf_12)
                                                         wbs_dat_o[13] (net)
                      0.107154    0.009146    7.535413 v wbs_dat_o[13] (out)
                                              7.535413   data arrival time

                                  0.000000    0.000000   clock clk (rise edge)
                                  5.570000    5.570000   clock network delay (propagated)
                                  0.100000    5.670000   clock uncertainty
                                  0.000000    5.670000   clock reconvergence pessimism
                                 -1.130000    4.540000   output external delay
                                              4.540000   data required time
---------------------------------------------------------------------------------------------
                                              4.540000   data required time
                                             -7.535413   data arrival time
---------------------------------------------------------------------------------------------
                                              2.995413   slack (MET)


Startpoint: i_sram (rising edge-triggered flip-flop clocked by clk)
Endpoint: wbs_dat_o[14] (output port clocked by clk)
Path Group: clk
Path Type: min

Fanout         Cap        Slew       Delay        Time   Description
---------------------------------------------------------------------------------------------
                                  0.000000    0.000000   clock clk (rise edge)
                                  4.650000    4.650000   clock source latency
     1    0.057273    0.610000    0.000000    4.650000 ^ wb_clk_i (in)
                                                         wb_clk_i (net)
                      0.633517    0.011171    4.661170 ^ clkbuf_0_wb_clk_i/A (sky130_fd_sc_hd__clkbuf_16)
     2    0.068881    0.096181    0.285664    4.946835 ^ clkbuf_0_wb_clk_i/X (sky130_fd_sc_hd__clkbuf_16)
                                                         clknet_0_wb_clk_i (net)
                      0.096457    0.003724    4.950559 ^ clkbuf_1_1__f_wb_clk_i/A (sky130_fd_sc_hd__clkbuf_16)
     1    0.137055    0.151250    0.206530    5.157089 ^ clkbuf_1_1__f_wb_clk_i/X (sky130_fd_sc_hd__clkbuf_16)
                                                         clknet_1_1__leaf_wb_clk_i (net)
                      0.156057    0.020121    5.177210 ^ i_sram/CLKin (CF_SRAM_1024x32)
     1    0.056418    0.043344    1.851062    7.028272 v i_sram/DO[14] (CF_SRAM_1024x32)
                                                         i_ram_wb_controller.DO[14] (net)
                      0.044952    0.008412    7.036685 v _21_/D (sky130_fd_sc_hd__and4b_2)
     1    0.027893    0.095788    0.285611    7.322295 v _21_/X (sky130_fd_sc_hd__and4b_2)
                                                         net57 (net)
                      0.096103    0.004516    7.326812 v output57/A (sky130_fd_sc_hd__buf_12)
     1    0.191393    0.105029    0.201669    7.528481 v output57/X (sky130_fd_sc_hd__buf_12)
                                                         wbs_dat_o[14] (net)
                      0.106192    0.008392    7.536873 v wbs_dat_o[14] (out)
                                              7.536873   data arrival time

                                  0.000000    0.000000   clock clk (rise edge)
                                  5.570000    5.570000   clock network delay (propagated)
                                  0.100000    5.670000   clock uncertainty
                                  0.000000    5.670000   clock reconvergence pessimism
                                 -1.130000    4.540000   output external delay
                                              4.540000   data required time
---------------------------------------------------------------------------------------------
                                              4.540000   data required time
                                             -7.536873   data arrival time
---------------------------------------------------------------------------------------------
                                              2.996874   slack (MET)


Startpoint: i_sram (rising edge-triggered flip-flop clocked by clk)
Endpoint: wbs_dat_o[10] (output port clocked by clk)
Path Group: clk
Path Type: min

Fanout         Cap        Slew       Delay        Time   Description
---------------------------------------------------------------------------------------------
                                  0.000000    0.000000   clock clk (rise edge)
                                  4.650000    4.650000   clock source latency
     1    0.057273    0.610000    0.000000    4.650000 ^ wb_clk_i (in)
                                                         wb_clk_i (net)
                      0.633517    0.011171    4.661170 ^ clkbuf_0_wb_clk_i/A (sky130_fd_sc_hd__clkbuf_16)
     2    0.068881    0.096181    0.285664    4.946835 ^ clkbuf_0_wb_clk_i/X (sky130_fd_sc_hd__clkbuf_16)
                                                         clknet_0_wb_clk_i (net)
                      0.096457    0.003724    4.950559 ^ clkbuf_1_1__f_wb_clk_i/A (sky130_fd_sc_hd__clkbuf_16)
     1    0.137055    0.151250    0.206530    5.157089 ^ clkbuf_1_1__f_wb_clk_i/X (sky130_fd_sc_hd__clkbuf_16)
                                                         clknet_1_1__leaf_wb_clk_i (net)
                      0.156057    0.020121    5.177210 ^ i_sram/CLKin (CF_SRAM_1024x32)
     2    0.075382    0.052821    1.856844    7.034054 v i_sram/DO[10] (CF_SRAM_1024x32)
                                                         i_ram_wb_controller.DO[10] (net)
                      0.055041    0.006934    7.040988 v _17_/D (sky130_fd_sc_hd__and4b_1)
     1    0.024277    0.124444    0.274345    7.315333 v _17_/X (sky130_fd_sc_hd__and4b_1)
                                                         net53 (net)
                      0.124598    0.003705    7.319038 v output53/A (sky130_fd_sc_hd__buf_12)
     1    0.191578    0.105190    0.214396    7.533433 v output53/X (sky130_fd_sc_hd__buf_12)
                                                         wbs_dat_o[10] (net)
                      0.106354    0.008404    7.541838 v wbs_dat_o[10] (out)
                                              7.541838   data arrival time

                                  0.000000    0.000000   clock clk (rise edge)
                                  5.570000    5.570000   clock network delay (propagated)
                                  0.100000    5.670000   clock uncertainty
                                  0.000000    5.670000   clock reconvergence pessimism
                                 -1.130000    4.540000   output external delay
                                              4.540000   data required time
---------------------------------------------------------------------------------------------
                                              4.540000   data required time
                                             -7.541838   data arrival time
---------------------------------------------------------------------------------------------
                                              3.001837   slack (MET)


Startpoint: i_sram (rising edge-triggered flip-flop clocked by clk)
Endpoint: wbs_dat_o[15] (output port clocked by clk)
Path Group: clk
Path Type: min

Fanout         Cap        Slew       Delay        Time   Description
---------------------------------------------------------------------------------------------
                                  0.000000    0.000000   clock clk (rise edge)
                                  4.650000    4.650000   clock source latency
     1    0.057273    0.610000    0.000000    4.650000 ^ wb_clk_i (in)
                                                         wb_clk_i (net)
                      0.633517    0.011171    4.661170 ^ clkbuf_0_wb_clk_i/A (sky130_fd_sc_hd__clkbuf_16)
     2    0.068881    0.096181    0.285664    4.946835 ^ clkbuf_0_wb_clk_i/X (sky130_fd_sc_hd__clkbuf_16)
                                                         clknet_0_wb_clk_i (net)
                      0.096457    0.003724    4.950559 ^ clkbuf_1_1__f_wb_clk_i/A (sky130_fd_sc_hd__clkbuf_16)
     1    0.137055    0.151250    0.206530    5.157089 ^ clkbuf_1_1__f_wb_clk_i/X (sky130_fd_sc_hd__clkbuf_16)
                                                         clknet_1_1__leaf_wb_clk_i (net)
                      0.156057    0.020121    5.177210 ^ i_sram/CLKin (CF_SRAM_1024x32)
     1    0.047221    0.038481    1.846916    7.024127 v i_sram/DO[15] (CF_SRAM_1024x32)
                                                         i_ram_wb_controller.DO[15] (net)
                      0.040722    0.007936    7.032063 v _22_/D (sky130_fd_sc_hd__and4b_2)
     1    0.032628    0.107104    0.294412    7.326475 v _22_/X (sky130_fd_sc_hd__and4b_2)
                                                         net58 (net)
                      0.107432    0.004866    7.331341 v output58/A (sky130_fd_sc_hd__buf_12)
     1    0.191801    0.105382    0.206532    7.537873 v output58/X (sky130_fd_sc_hd__buf_12)
                                                         wbs_dat_o[15] (net)
                      0.106656    0.008790    7.546663 v wbs_dat_o[15] (out)
                                              7.546663   data arrival time

                                  0.000000    0.000000   clock clk (rise edge)
                                  5.570000    5.570000   clock network delay (propagated)
                                  0.100000    5.670000   clock uncertainty
                                  0.000000    5.670000   clock reconvergence pessimism
                                 -1.130000    4.540000   output external delay
                                              4.540000   data required time
---------------------------------------------------------------------------------------------
                                              4.540000   data required time
                                             -7.546663   data arrival time
---------------------------------------------------------------------------------------------
                                              3.006663   slack (MET)


Startpoint: wb_rst_i (input port clocked by clk)
Endpoint: _45_ (removal check against rising-edge clock clk)
Path Group: asynchronous
Path Type: min

Fanout         Cap        Slew       Delay        Time   Description
---------------------------------------------------------------------------------------------
                                  0.000000    0.000000   clock clk (rise edge)
                                  4.650000    4.650000   clock network delay (propagated)
                                 12.500000   17.150000 v input external delay
     1    0.002423    0.000000    0.000000   17.150000 v wb_rst_i (in)
                                                         wb_rst_i (net)
                      0.000128    0.000060   17.150059 v input1/A (sky130_fd_sc_hd__buf_1)
     1    0.009877    0.063883    0.095774   17.245834 v input1/X (sky130_fd_sc_hd__buf_1)
                                                         net1 (net)
                      0.063889    0.000648   17.246483 v _11_/A (sky130_fd_sc_hd__inv_2)
     1    0.009004    0.049374    0.064713   17.311195 ^ _11_/Y (sky130_fd_sc_hd__inv_2)
                                                         _00_ (net)
                      0.049403    0.000508   17.311703 ^ _45_/RESET_B (sky130_fd_sc_hd__dfrtp_1)
                                             17.311703   data arrival time

                                  0.000000    0.000000   clock clk (rise edge)
                                  5.570000    5.570000   clock source latency
     1    0.057273    0.610000    0.000000    5.570000 ^ wb_clk_i (in)
                                                         wb_clk_i (net)
                      0.633517    0.012347    5.582347 ^ clkbuf_0_wb_clk_i/A (sky130_fd_sc_hd__clkbuf_16)
     2    0.068881    0.096181    0.315734    5.898081 ^ clkbuf_0_wb_clk_i/X (sky130_fd_sc_hd__clkbuf_16)
                                                         clknet_0_wb_clk_i (net)
                      0.098700    0.012722    5.910803 ^ clkbuf_1_0__f_wb_clk_i/A (sky130_fd_sc_hd__clkbuf_16)
     2    0.054658    0.073303    0.179760    6.090563 ^ clkbuf_1_0__f_wb_clk_i/X (sky130_fd_sc_hd__clkbuf_16)
                                                         clknet_1_0__leaf_wb_clk_i (net)
                      0.073552    0.003162    6.093726 ^ _45_/CLK (sky130_fd_sc_hd__dfrtp_1)
                                  0.100000    6.193726   clock uncertainty
                                  0.000000    6.193726   clock reconvergence pessimism
                                  0.329242    6.522968   library removal time
                                              6.522968   data required time
---------------------------------------------------------------------------------------------
                                              6.522968   data required time
                                            -17.311703   data arrival time
---------------------------------------------------------------------------------------------
                                             10.788734   slack (MET)



