
===========================================================================
report_checks -path_delay min (Hold)
============================================================================
======================= min_ff_n40C_1v95 Corner ===================================

Startpoint: wbs_sel_i[1] (input port clocked by clk)
Endpoint: i_sram (rising edge-triggered flip-flop clocked by clk)
Path Group: clk
Path Type: min

Fanout         Cap        Slew       Delay        Time   Description
---------------------------------------------------------------------------------------------
                                  0.000000    0.000000   clock clk (rise edge)
                                  4.650000    4.650000   clock network delay (propagated)
                                  1.190000    5.840000 v input external delay
     1    0.004880    0.090000    0.000000    5.840000 v wbs_sel_i[1] (in)
                                                         wbs_sel_i[1] (net)
                      0.090114    0.000054    5.840055 v hold87/A (sky130_fd_sc_hd__dlygate4sd3_1)
     1    0.002015    0.035424    0.359785    6.199839 v hold87/X (sky130_fd_sc_hd__dlygate4sd3_1)
                                                         net185 (net)
                      0.035424    0.000017    6.199856 v hold85/A (sky130_fd_sc_hd__dlygate4sd3_1)
     1    0.010226    0.062874    0.375485    6.575340 v hold85/X (sky130_fd_sc_hd__dlygate4sd3_1)
                                                         net183 (net)
                      0.062874    0.000141    6.575482 v input46/A (sky130_fd_sc_hd__buf_12)
     1    0.023880    0.022750    0.092136    6.667618 v input46/X (sky130_fd_sc_hd__buf_12)
                                                         net46 (net)
                      0.022858    0.001473    6.669090 v hold86/A (sky130_fd_sc_hd__buf_12)
     8    0.195577    0.081366    0.112105    6.781195 v hold86/X (sky130_fd_sc_hd__buf_12)
                                                         net184 (net)
                      0.085039    0.012847    6.794042 v i_sram/BEN[15] (CF_SRAM_1024x32)
                                              6.794042   data arrival time

                                  0.000000    0.000000   clock clk (rise edge)
                                  5.570000    5.570000   clock source latency
     1    0.049890    0.610000    0.000000    5.570000 ^ wb_clk_i (in)
                                                         wb_clk_i (net)
                      0.623604    0.007142    5.577142 ^ clkbuf_0_wb_clk_i/A (sky130_fd_sc_hd__clkbuf_16)
     2    0.059415    0.071220    0.173432    5.750574 ^ clkbuf_0_wb_clk_i/X (sky130_fd_sc_hd__clkbuf_16)
                                                         clknet_0_wb_clk_i (net)
                      0.071254    0.000989    5.751563 ^ clkbuf_1_1__f_wb_clk_i/A (sky130_fd_sc_hd__clkbuf_16)
     1    0.133983    0.113878    0.160765    5.912327 ^ clkbuf_1_1__f_wb_clk_i/X (sky130_fd_sc_hd__clkbuf_16)
                                                         clknet_1_1__leaf_wb_clk_i (net)
                      0.115574    0.011577    5.923904 ^ i_sram/CLKin (CF_SRAM_1024x32)
                                  0.100000    6.023905   clock uncertainty
                                  0.000000    6.023905   clock reconvergence pessimism
                                  0.579806    6.603710   library hold time
                                              6.603710   data required time
---------------------------------------------------------------------------------------------
                                              6.603710   data required time
                                             -6.794042   data arrival time
---------------------------------------------------------------------------------------------
                                              0.190332   slack (MET)


Startpoint: wbs_sel_i[1] (input port clocked by clk)
Endpoint: i_sram (rising edge-triggered flip-flop clocked by clk)
Path Group: clk
Path Type: min

Fanout         Cap        Slew       Delay        Time   Description
---------------------------------------------------------------------------------------------
                                  0.000000    0.000000   clock clk (rise edge)
                                  4.650000    4.650000   clock network delay (propagated)
                                  1.190000    5.840000 v input external delay
     1    0.004880    0.090000    0.000000    5.840000 v wbs_sel_i[1] (in)
                                                         wbs_sel_i[1] (net)
                      0.090114    0.000054    5.840055 v hold87/A (sky130_fd_sc_hd__dlygate4sd3_1)
     1    0.002015    0.035424    0.359785    6.199839 v hold87/X (sky130_fd_sc_hd__dlygate4sd3_1)
                                                         net185 (net)
                      0.035424    0.000017    6.199856 v hold85/A (sky130_fd_sc_hd__dlygate4sd3_1)
     1    0.010226    0.062874    0.375485    6.575340 v hold85/X (sky130_fd_sc_hd__dlygate4sd3_1)
                                                         net183 (net)
                      0.062874    0.000141    6.575482 v input46/A (sky130_fd_sc_hd__buf_12)
     1    0.023880    0.022750    0.092136    6.667618 v input46/X (sky130_fd_sc_hd__buf_12)
                                                         net46 (net)
                      0.022858    0.001473    6.669090 v hold86/A (sky130_fd_sc_hd__buf_12)
     8    0.195577    0.081366    0.112105    6.781195 v hold86/X (sky130_fd_sc_hd__buf_12)
                                                         net184 (net)
                      0.086090    0.014396    6.795591 v i_sram/BEN[14] (CF_SRAM_1024x32)
                                              6.795591   data arrival time

                                  0.000000    0.000000   clock clk (rise edge)
                                  5.570000    5.570000   clock source latency
     1    0.049890    0.610000    0.000000    5.570000 ^ wb_clk_i (in)
                                                         wb_clk_i (net)
                      0.623604    0.007142    5.577142 ^ clkbuf_0_wb_clk_i/A (sky130_fd_sc_hd__clkbuf_16)
     2    0.059415    0.071220    0.173432    5.750574 ^ clkbuf_0_wb_clk_i/X (sky130_fd_sc_hd__clkbuf_16)
                                                         clknet_0_wb_clk_i (net)
                      0.071254    0.000989    5.751563 ^ clkbuf_1_1__f_wb_clk_i/A (sky130_fd_sc_hd__clkbuf_16)
     1    0.133983    0.113878    0.160765    5.912327 ^ clkbuf_1_1__f_wb_clk_i/X (sky130_fd_sc_hd__clkbuf_16)
                                                         clknet_1_1__leaf_wb_clk_i (net)
                      0.115574    0.011577    5.923904 ^ i_sram/CLKin (CF_SRAM_1024x32)
                                  0.100000    6.023905   clock uncertainty
                                  0.000000    6.023905   clock reconvergence pessimism
                                  0.579561    6.603466   library hold time
                                              6.603466   data required time
---------------------------------------------------------------------------------------------
                                              6.603466   data required time
                                             -6.795591   data arrival time
---------------------------------------------------------------------------------------------
                                              0.192125   slack (MET)


Startpoint: wbs_sel_i[1] (input port clocked by clk)
Endpoint: i_sram (rising edge-triggered flip-flop clocked by clk)
Path Group: clk
Path Type: min

Fanout         Cap        Slew       Delay        Time   Description
---------------------------------------------------------------------------------------------
                                  0.000000    0.000000   clock clk (rise edge)
                                  4.650000    4.650000   clock network delay (propagated)
                                  1.190000    5.840000 v input external delay
     1    0.004880    0.090000    0.000000    5.840000 v wbs_sel_i[1] (in)
                                                         wbs_sel_i[1] (net)
                      0.090114    0.000054    5.840055 v hold87/A (sky130_fd_sc_hd__dlygate4sd3_1)
     1    0.002015    0.035424    0.359785    6.199839 v hold87/X (sky130_fd_sc_hd__dlygate4sd3_1)
                                                         net185 (net)
                      0.035424    0.000017    6.199856 v hold85/A (sky130_fd_sc_hd__dlygate4sd3_1)
     1    0.010226    0.062874    0.375485    6.575340 v hold85/X (sky130_fd_sc_hd__dlygate4sd3_1)
                                                         net183 (net)
                      0.062874    0.000141    6.575482 v input46/A (sky130_fd_sc_hd__buf_12)
     1    0.023880    0.022750    0.092136    6.667618 v input46/X (sky130_fd_sc_hd__buf_12)
                                                         net46 (net)
                      0.022858    0.001473    6.669090 v hold86/A (sky130_fd_sc_hd__buf_12)
     8    0.195577    0.081366    0.112105    6.781195 v hold86/X (sky130_fd_sc_hd__buf_12)
                                                         net184 (net)
                      0.087715    0.016517    6.797712 v i_sram/BEN[13] (CF_SRAM_1024x32)
                                              6.797712   data arrival time

                                  0.000000    0.000000   clock clk (rise edge)
                                  5.570000    5.570000   clock source latency
     1    0.049890    0.610000    0.000000    5.570000 ^ wb_clk_i (in)
                                                         wb_clk_i (net)
                      0.623604    0.007142    5.577142 ^ clkbuf_0_wb_clk_i/A (sky130_fd_sc_hd__clkbuf_16)
     2    0.059415    0.071220    0.173432    5.750574 ^ clkbuf_0_wb_clk_i/X (sky130_fd_sc_hd__clkbuf_16)
                                                         clknet_0_wb_clk_i (net)
                      0.071254    0.000989    5.751563 ^ clkbuf_1_1__f_wb_clk_i/A (sky130_fd_sc_hd__clkbuf_16)
     1    0.133983    0.113878    0.160765    5.912327 ^ clkbuf_1_1__f_wb_clk_i/X (sky130_fd_sc_hd__clkbuf_16)
                                                         clknet_1_1__leaf_wb_clk_i (net)
                      0.115574    0.011577    5.923904 ^ i_sram/CLKin (CF_SRAM_1024x32)
                                  0.100000    6.023905   clock uncertainty
                                  0.000000    6.023905   clock reconvergence pessimism
                                  0.579184    6.603088   library hold time
                                              6.603088   data required time
---------------------------------------------------------------------------------------------
                                              6.603088   data required time
                                             -6.797712   data arrival time
---------------------------------------------------------------------------------------------
                                              0.194624   slack (MET)


Startpoint: wbs_sel_i[1] (input port clocked by clk)
Endpoint: i_sram (rising edge-triggered flip-flop clocked by clk)
Path Group: clk
Path Type: min

Fanout         Cap        Slew       Delay        Time   Description
---------------------------------------------------------------------------------------------
                                  0.000000    0.000000   clock clk (rise edge)
                                  4.650000    4.650000   clock network delay (propagated)
                                  1.190000    5.840000 v input external delay
     1    0.004880    0.090000    0.000000    5.840000 v wbs_sel_i[1] (in)
                                                         wbs_sel_i[1] (net)
                      0.090114    0.000054    5.840055 v hold87/A (sky130_fd_sc_hd__dlygate4sd3_1)
     1    0.002015    0.035424    0.359785    6.199839 v hold87/X (sky130_fd_sc_hd__dlygate4sd3_1)
                                                         net185 (net)
                      0.035424    0.000017    6.199856 v hold85/A (sky130_fd_sc_hd__dlygate4sd3_1)
     1    0.010226    0.062874    0.375485    6.575340 v hold85/X (sky130_fd_sc_hd__dlygate4sd3_1)
                                                         net183 (net)
                      0.062874    0.000141    6.575482 v input46/A (sky130_fd_sc_hd__buf_12)
     1    0.023880    0.022750    0.092136    6.667618 v input46/X (sky130_fd_sc_hd__buf_12)
                                                         net46 (net)
                      0.022858    0.001473    6.669090 v hold86/A (sky130_fd_sc_hd__buf_12)
     8    0.195577    0.081366    0.112105    6.781195 v hold86/X (sky130_fd_sc_hd__buf_12)
                                                         net184 (net)
                      0.088413    0.017375    6.798570 v i_sram/BEN[12] (CF_SRAM_1024x32)
                                              6.798570   data arrival time

                                  0.000000    0.000000   clock clk (rise edge)
                                  5.570000    5.570000   clock source latency
     1    0.049890    0.610000    0.000000    5.570000 ^ wb_clk_i (in)
                                                         wb_clk_i (net)
                      0.623604    0.007142    5.577142 ^ clkbuf_0_wb_clk_i/A (sky130_fd_sc_hd__clkbuf_16)
     2    0.059415    0.071220    0.173432    5.750574 ^ clkbuf_0_wb_clk_i/X (sky130_fd_sc_hd__clkbuf_16)
                                                         clknet_0_wb_clk_i (net)
                      0.071254    0.000989    5.751563 ^ clkbuf_1_1__f_wb_clk_i/A (sky130_fd_sc_hd__clkbuf_16)
     1    0.133983    0.113878    0.160765    5.912327 ^ clkbuf_1_1__f_wb_clk_i/X (sky130_fd_sc_hd__clkbuf_16)
                                                         clknet_1_1__leaf_wb_clk_i (net)
                      0.115574    0.011577    5.923904 ^ i_sram/CLKin (CF_SRAM_1024x32)
                                  0.100000    6.023905   clock uncertainty
                                  0.000000    6.023905   clock reconvergence pessimism
                                  0.579021    6.602926   library hold time
                                              6.602926   data required time
---------------------------------------------------------------------------------------------
                                              6.602926   data required time
                                             -6.798570   data arrival time
---------------------------------------------------------------------------------------------
                                              0.195644   slack (MET)


Startpoint: wbs_sel_i[1] (input port clocked by clk)
Endpoint: i_sram (rising edge-triggered flip-flop clocked by clk)
Path Group: clk
Path Type: min

Fanout         Cap        Slew       Delay        Time   Description
---------------------------------------------------------------------------------------------
                                  0.000000    0.000000   clock clk (rise edge)
                                  4.650000    4.650000   clock network delay (propagated)
                                  1.190000    5.840000 v input external delay
     1    0.004880    0.090000    0.000000    5.840000 v wbs_sel_i[1] (in)
                                                         wbs_sel_i[1] (net)
                      0.090114    0.000054    5.840055 v hold87/A (sky130_fd_sc_hd__dlygate4sd3_1)
     1    0.002015    0.035424    0.359785    6.199839 v hold87/X (sky130_fd_sc_hd__dlygate4sd3_1)
                                                         net185 (net)
                      0.035424    0.000017    6.199856 v hold85/A (sky130_fd_sc_hd__dlygate4sd3_1)
     1    0.010226    0.062874    0.375485    6.575340 v hold85/X (sky130_fd_sc_hd__dlygate4sd3_1)
                                                         net183 (net)
                      0.062874    0.000141    6.575482 v input46/A (sky130_fd_sc_hd__buf_12)
     1    0.023880    0.022750    0.092136    6.667618 v input46/X (sky130_fd_sc_hd__buf_12)
                                                         net46 (net)
                      0.022858    0.001473    6.669090 v hold86/A (sky130_fd_sc_hd__buf_12)
     8    0.195577    0.081366    0.112105    6.781195 v hold86/X (sky130_fd_sc_hd__buf_12)
                                                         net184 (net)
                      0.088945    0.018013    6.799208 v i_sram/BEN[11] (CF_SRAM_1024x32)
                                              6.799208   data arrival time

                                  0.000000    0.000000   clock clk (rise edge)
                                  5.570000    5.570000   clock source latency
     1    0.049890    0.610000    0.000000    5.570000 ^ wb_clk_i (in)
                                                         wb_clk_i (net)
                      0.623604    0.007142    5.577142 ^ clkbuf_0_wb_clk_i/A (sky130_fd_sc_hd__clkbuf_16)
     2    0.059415    0.071220    0.173432    5.750574 ^ clkbuf_0_wb_clk_i/X (sky130_fd_sc_hd__clkbuf_16)
                                                         clknet_0_wb_clk_i (net)
                      0.071254    0.000989    5.751563 ^ clkbuf_1_1__f_wb_clk_i/A (sky130_fd_sc_hd__clkbuf_16)
     1    0.133983    0.113878    0.160765    5.912327 ^ clkbuf_1_1__f_wb_clk_i/X (sky130_fd_sc_hd__clkbuf_16)
                                                         clknet_1_1__leaf_wb_clk_i (net)
                      0.115574    0.011577    5.923904 ^ i_sram/CLKin (CF_SRAM_1024x32)
                                  0.100000    6.023905   clock uncertainty
                                  0.000000    6.023905   clock reconvergence pessimism
                                  0.578898    6.602802   library hold time
                                              6.602802   data required time
---------------------------------------------------------------------------------------------
                                              6.602802   data required time
                                             -6.799208   data arrival time
---------------------------------------------------------------------------------------------
                                              0.196405   slack (MET)


Startpoint: wbs_sel_i[1] (input port clocked by clk)
Endpoint: i_sram (rising edge-triggered flip-flop clocked by clk)
Path Group: clk
Path Type: min

Fanout         Cap        Slew       Delay        Time   Description
---------------------------------------------------------------------------------------------
                                  0.000000    0.000000   clock clk (rise edge)
                                  4.650000    4.650000   clock network delay (propagated)
                                  1.190000    5.840000 v input external delay
     1    0.004880    0.090000    0.000000    5.840000 v wbs_sel_i[1] (in)
                                                         wbs_sel_i[1] (net)
                      0.090114    0.000054    5.840055 v hold87/A (sky130_fd_sc_hd__dlygate4sd3_1)
     1    0.002015    0.035424    0.359785    6.199839 v hold87/X (sky130_fd_sc_hd__dlygate4sd3_1)
                                                         net185 (net)
                      0.035424    0.000017    6.199856 v hold85/A (sky130_fd_sc_hd__dlygate4sd3_1)
     1    0.010226    0.062874    0.375485    6.575340 v hold85/X (sky130_fd_sc_hd__dlygate4sd3_1)
                                                         net183 (net)
                      0.062874    0.000141    6.575482 v input46/A (sky130_fd_sc_hd__buf_12)
     1    0.023880    0.022750    0.092136    6.667618 v input46/X (sky130_fd_sc_hd__buf_12)
                                                         net46 (net)
                      0.022858    0.001473    6.669090 v hold86/A (sky130_fd_sc_hd__buf_12)
     8    0.195577    0.081366    0.112105    6.781195 v hold86/X (sky130_fd_sc_hd__buf_12)
                                                         net184 (net)
                      0.089232    0.018351    6.799546 v i_sram/BEN[10] (CF_SRAM_1024x32)
                                              6.799546   data arrival time

                                  0.000000    0.000000   clock clk (rise edge)
                                  5.570000    5.570000   clock source latency
     1    0.049890    0.610000    0.000000    5.570000 ^ wb_clk_i (in)
                                                         wb_clk_i (net)
                      0.623604    0.007142    5.577142 ^ clkbuf_0_wb_clk_i/A (sky130_fd_sc_hd__clkbuf_16)
     2    0.059415    0.071220    0.173432    5.750574 ^ clkbuf_0_wb_clk_i/X (sky130_fd_sc_hd__clkbuf_16)
                                                         clknet_0_wb_clk_i (net)
                      0.071254    0.000989    5.751563 ^ clkbuf_1_1__f_wb_clk_i/A (sky130_fd_sc_hd__clkbuf_16)
     1    0.133983    0.113878    0.160765    5.912327 ^ clkbuf_1_1__f_wb_clk_i/X (sky130_fd_sc_hd__clkbuf_16)
                                                         clknet_1_1__leaf_wb_clk_i (net)
                      0.115574    0.011577    5.923904 ^ i_sram/CLKin (CF_SRAM_1024x32)
                                  0.100000    6.023905   clock uncertainty
                                  0.000000    6.023905   clock reconvergence pessimism
                                  0.578831    6.602736   library hold time
                                              6.602736   data required time
---------------------------------------------------------------------------------------------
                                              6.602736   data required time
                                             -6.799546   data arrival time
---------------------------------------------------------------------------------------------
                                              0.196810   slack (MET)


Startpoint: wbs_sel_i[1] (input port clocked by clk)
Endpoint: i_sram (rising edge-triggered flip-flop clocked by clk)
Path Group: clk
Path Type: min

Fanout         Cap        Slew       Delay        Time   Description
---------------------------------------------------------------------------------------------
                                  0.000000    0.000000   clock clk (rise edge)
                                  4.650000    4.650000   clock network delay (propagated)
                                  1.190000    5.840000 v input external delay
     1    0.004880    0.090000    0.000000    5.840000 v wbs_sel_i[1] (in)
                                                         wbs_sel_i[1] (net)
                      0.090114    0.000054    5.840055 v hold87/A (sky130_fd_sc_hd__dlygate4sd3_1)
     1    0.002015    0.035424    0.359785    6.199839 v hold87/X (sky130_fd_sc_hd__dlygate4sd3_1)
                                                         net185 (net)
                      0.035424    0.000017    6.199856 v hold85/A (sky130_fd_sc_hd__dlygate4sd3_1)
     1    0.010226    0.062874    0.375485    6.575340 v hold85/X (sky130_fd_sc_hd__dlygate4sd3_1)
                                                         net183 (net)
                      0.062874    0.000141    6.575482 v input46/A (sky130_fd_sc_hd__buf_12)
     1    0.023880    0.022750    0.092136    6.667618 v input46/X (sky130_fd_sc_hd__buf_12)
                                                         net46 (net)
                      0.022858    0.001473    6.669090 v hold86/A (sky130_fd_sc_hd__buf_12)
     8    0.195577    0.081366    0.112105    6.781195 v hold86/X (sky130_fd_sc_hd__buf_12)
                                                         net184 (net)
                      0.089482    0.018643    6.799838 v i_sram/BEN[9] (CF_SRAM_1024x32)
                                              6.799838   data arrival time

                                  0.000000    0.000000   clock clk (rise edge)
                                  5.570000    5.570000   clock source latency
     1    0.049890    0.610000    0.000000    5.570000 ^ wb_clk_i (in)
                                                         wb_clk_i (net)
                      0.623604    0.007142    5.577142 ^ clkbuf_0_wb_clk_i/A (sky130_fd_sc_hd__clkbuf_16)
     2    0.059415    0.071220    0.173432    5.750574 ^ clkbuf_0_wb_clk_i/X (sky130_fd_sc_hd__clkbuf_16)
                                                         clknet_0_wb_clk_i (net)
                      0.071254    0.000989    5.751563 ^ clkbuf_1_1__f_wb_clk_i/A (sky130_fd_sc_hd__clkbuf_16)
     1    0.133983    0.113878    0.160765    5.912327 ^ clkbuf_1_1__f_wb_clk_i/X (sky130_fd_sc_hd__clkbuf_16)
                                                         clknet_1_1__leaf_wb_clk_i (net)
                      0.115574    0.011577    5.923904 ^ i_sram/CLKin (CF_SRAM_1024x32)
                                  0.100000    6.023905   clock uncertainty
                                  0.000000    6.023905   clock reconvergence pessimism
                                  0.578773    6.602678   library hold time
                                              6.602678   data required time
---------------------------------------------------------------------------------------------
                                              6.602678   data required time
                                             -6.799838   data arrival time
---------------------------------------------------------------------------------------------
                                              0.197160   slack (MET)


Startpoint: wbs_sel_i[1] (input port clocked by clk)
Endpoint: i_sram (rising edge-triggered flip-flop clocked by clk)
Path Group: clk
Path Type: min

Fanout         Cap        Slew       Delay        Time   Description
---------------------------------------------------------------------------------------------
                                  0.000000    0.000000   clock clk (rise edge)
                                  4.650000    4.650000   clock network delay (propagated)
                                  1.190000    5.840000 v input external delay
     1    0.004880    0.090000    0.000000    5.840000 v wbs_sel_i[1] (in)
                                                         wbs_sel_i[1] (net)
                      0.090114    0.000054    5.840055 v hold87/A (sky130_fd_sc_hd__dlygate4sd3_1)
     1    0.002015    0.035424    0.359785    6.199839 v hold87/X (sky130_fd_sc_hd__dlygate4sd3_1)
                                                         net185 (net)
                      0.035424    0.000017    6.199856 v hold85/A (sky130_fd_sc_hd__dlygate4sd3_1)
     1    0.010226    0.062874    0.375485    6.575340 v hold85/X (sky130_fd_sc_hd__dlygate4sd3_1)
                                                         net183 (net)
                      0.062874    0.000141    6.575482 v input46/A (sky130_fd_sc_hd__buf_12)
     1    0.023880    0.022750    0.092136    6.667618 v input46/X (sky130_fd_sc_hd__buf_12)
                                                         net46 (net)
                      0.022858    0.001473    6.669090 v hold86/A (sky130_fd_sc_hd__buf_12)
     8    0.195577    0.081366    0.112105    6.781195 v hold86/X (sky130_fd_sc_hd__buf_12)
                                                         net184 (net)
                      0.089618    0.018801    6.799996 v i_sram/BEN[8] (CF_SRAM_1024x32)
                                              6.799996   data arrival time

                                  0.000000    0.000000   clock clk (rise edge)
                                  5.570000    5.570000   clock source latency
     1    0.049890    0.610000    0.000000    5.570000 ^ wb_clk_i (in)
                                                         wb_clk_i (net)
                      0.623604    0.007142    5.577142 ^ clkbuf_0_wb_clk_i/A (sky130_fd_sc_hd__clkbuf_16)
     2    0.059415    0.071220    0.173432    5.750574 ^ clkbuf_0_wb_clk_i/X (sky130_fd_sc_hd__clkbuf_16)
                                                         clknet_0_wb_clk_i (net)
                      0.071254    0.000989    5.751563 ^ clkbuf_1_1__f_wb_clk_i/A (sky130_fd_sc_hd__clkbuf_16)
     1    0.133983    0.113878    0.160765    5.912327 ^ clkbuf_1_1__f_wb_clk_i/X (sky130_fd_sc_hd__clkbuf_16)
                                                         clknet_1_1__leaf_wb_clk_i (net)
                      0.115574    0.011577    5.923904 ^ i_sram/CLKin (CF_SRAM_1024x32)
                                  0.100000    6.023905   clock uncertainty
                                  0.000000    6.023905   clock reconvergence pessimism
                                  0.578741    6.602646   library hold time
                                              6.602646   data required time
---------------------------------------------------------------------------------------------
                                              6.602646   data required time
                                             -6.799996   data arrival time
---------------------------------------------------------------------------------------------
                                              0.197350   slack (MET)


Startpoint: wbs_sel_i[0] (input port clocked by clk)
Endpoint: i_sram (rising edge-triggered flip-flop clocked by clk)
Path Group: clk
Path Type: min

Fanout         Cap        Slew       Delay        Time   Description
---------------------------------------------------------------------------------------------
                                  0.000000    0.000000   clock clk (rise edge)
                                  4.650000    4.650000   clock network delay (propagated)
                                  1.190000    5.840000 v input external delay
     1    0.003732    0.090000    0.000000    5.840000 v wbs_sel_i[0] (in)
                                                         wbs_sel_i[0] (net)
                      0.090071    0.000033    5.840034 v hold90/A (sky130_fd_sc_hd__dlygate4sd3_1)
     1    0.002581    0.037301    0.363003    6.203036 v hold90/X (sky130_fd_sc_hd__dlygate4sd3_1)
                                                         net188 (net)
                      0.037301    0.000025    6.203062 v hold88/A (sky130_fd_sc_hd__dlygate4sd3_1)
     1    0.009910    0.061885    0.375067    6.578128 v hold88/X (sky130_fd_sc_hd__dlygate4sd3_1)
                                                         net186 (net)
                      0.061885    0.000116    6.578244 v input45/A (sky130_fd_sc_hd__buf_12)
     1    0.025455    0.023224    0.092362    6.670606 v input45/X (sky130_fd_sc_hd__buf_12)
                                                         net45 (net)
                      0.023464    0.001520    6.672126 v hold89/A (sky130_fd_sc_hd__buf_12)
     8    0.203786    0.084012    0.104059    6.776185 v hold89/X (sky130_fd_sc_hd__buf_12)
                                                         net187 (net)
                      0.102531    0.028416    6.804601 v i_sram/BEN[7] (CF_SRAM_1024x32)
                                              6.804601   data arrival time

                                  0.000000    0.000000   clock clk (rise edge)
                                  5.570000    5.570000   clock source latency
     1    0.049890    0.610000    0.000000    5.570000 ^ wb_clk_i (in)
                                                         wb_clk_i (net)
                      0.623604    0.007142    5.577142 ^ clkbuf_0_wb_clk_i/A (sky130_fd_sc_hd__clkbuf_16)
     2    0.059415    0.071220    0.173432    5.750574 ^ clkbuf_0_wb_clk_i/X (sky130_fd_sc_hd__clkbuf_16)
                                                         clknet_0_wb_clk_i (net)
                      0.071254    0.000989    5.751563 ^ clkbuf_1_1__f_wb_clk_i/A (sky130_fd_sc_hd__clkbuf_16)
     1    0.133983    0.113878    0.160765    5.912327 ^ clkbuf_1_1__f_wb_clk_i/X (sky130_fd_sc_hd__clkbuf_16)
                                                         clknet_1_1__leaf_wb_clk_i (net)
                      0.115574    0.011577    5.923904 ^ i_sram/CLKin (CF_SRAM_1024x32)
                                  0.100000    6.023905   clock uncertainty
                                  0.000000    6.023905   clock reconvergence pessimism
                                  0.575740    6.599645   library hold time
                                              6.599645   data required time
---------------------------------------------------------------------------------------------
                                              6.599645   data required time
                                             -6.804601   data arrival time
---------------------------------------------------------------------------------------------
                                              0.204956   slack (MET)


Startpoint: wbs_sel_i[0] (input port clocked by clk)
Endpoint: i_sram (rising edge-triggered flip-flop clocked by clk)
Path Group: clk
Path Type: min

Fanout         Cap        Slew       Delay        Time   Description
---------------------------------------------------------------------------------------------
                                  0.000000    0.000000   clock clk (rise edge)
                                  4.650000    4.650000   clock network delay (propagated)
                                  1.190000    5.840000 v input external delay
     1    0.003732    0.090000    0.000000    5.840000 v wbs_sel_i[0] (in)
                                                         wbs_sel_i[0] (net)
                      0.090071    0.000033    5.840034 v hold90/A (sky130_fd_sc_hd__dlygate4sd3_1)
     1    0.002581    0.037301    0.363003    6.203036 v hold90/X (sky130_fd_sc_hd__dlygate4sd3_1)
                                                         net188 (net)
                      0.037301    0.000025    6.203062 v hold88/A (sky130_fd_sc_hd__dlygate4sd3_1)
     1    0.009910    0.061885    0.375067    6.578128 v hold88/X (sky130_fd_sc_hd__dlygate4sd3_1)
                                                         net186 (net)
                      0.061885    0.000116    6.578244 v input45/A (sky130_fd_sc_hd__buf_12)
     1    0.025455    0.023224    0.092362    6.670606 v input45/X (sky130_fd_sc_hd__buf_12)
                                                         net45 (net)
                      0.023464    0.001520    6.672126 v hold89/A (sky130_fd_sc_hd__buf_12)
     8    0.203786    0.084012    0.104059    6.776185 v hold89/X (sky130_fd_sc_hd__buf_12)
                                                         net187 (net)
                      0.104003    0.029705    6.805890 v i_sram/BEN[6] (CF_SRAM_1024x32)
                                              6.805890   data arrival time

                                  0.000000    0.000000   clock clk (rise edge)
                                  5.570000    5.570000   clock source latency
     1    0.049890    0.610000    0.000000    5.570000 ^ wb_clk_i (in)
                                                         wb_clk_i (net)
                      0.623604    0.007142    5.577142 ^ clkbuf_0_wb_clk_i/A (sky130_fd_sc_hd__clkbuf_16)
     2    0.059415    0.071220    0.173432    5.750574 ^ clkbuf_0_wb_clk_i/X (sky130_fd_sc_hd__clkbuf_16)
                                                         clknet_0_wb_clk_i (net)
                      0.071254    0.000989    5.751563 ^ clkbuf_1_1__f_wb_clk_i/A (sky130_fd_sc_hd__clkbuf_16)
     1    0.133983    0.113878    0.160765    5.912327 ^ clkbuf_1_1__f_wb_clk_i/X (sky130_fd_sc_hd__clkbuf_16)
                                                         clknet_1_1__leaf_wb_clk_i (net)
                      0.115574    0.011577    5.923904 ^ i_sram/CLKin (CF_SRAM_1024x32)
                                  0.100000    6.023905   clock uncertainty
                                  0.000000    6.023905   clock reconvergence pessimism
                                  0.575398    6.599303   library hold time
                                              6.599303   data required time
---------------------------------------------------------------------------------------------
                                              6.599303   data required time
                                             -6.805890   data arrival time
---------------------------------------------------------------------------------------------
                                              0.206587   slack (MET)


Startpoint: wbs_sel_i[0] (input port clocked by clk)
Endpoint: i_sram (rising edge-triggered flip-flop clocked by clk)
Path Group: clk
Path Type: min

Fanout         Cap        Slew       Delay        Time   Description
---------------------------------------------------------------------------------------------
                                  0.000000    0.000000   clock clk (rise edge)
                                  4.650000    4.650000   clock network delay (propagated)
                                  1.190000    5.840000 v input external delay
     1    0.003732    0.090000    0.000000    5.840000 v wbs_sel_i[0] (in)
                                                         wbs_sel_i[0] (net)
                      0.090071    0.000033    5.840034 v hold90/A (sky130_fd_sc_hd__dlygate4sd3_1)
     1    0.002581    0.037301    0.363003    6.203036 v hold90/X (sky130_fd_sc_hd__dlygate4sd3_1)
                                                         net188 (net)
                      0.037301    0.000025    6.203062 v hold88/A (sky130_fd_sc_hd__dlygate4sd3_1)
     1    0.009910    0.061885    0.375067    6.578128 v hold88/X (sky130_fd_sc_hd__dlygate4sd3_1)
                                                         net186 (net)
                      0.061885    0.000116    6.578244 v input45/A (sky130_fd_sc_hd__buf_12)
     1    0.025455    0.023224    0.092362    6.670606 v input45/X (sky130_fd_sc_hd__buf_12)
                                                         net45 (net)
                      0.023464    0.001520    6.672126 v hold89/A (sky130_fd_sc_hd__buf_12)
     8    0.203786    0.084012    0.104059    6.776185 v hold89/X (sky130_fd_sc_hd__buf_12)
                                                         net187 (net)
                      0.106267    0.031676    6.807861 v i_sram/BEN[5] (CF_SRAM_1024x32)
                                              6.807861   data arrival time

                                  0.000000    0.000000   clock clk (rise edge)
                                  5.570000    5.570000   clock source latency
     1    0.049890    0.610000    0.000000    5.570000 ^ wb_clk_i (in)
                                                         wb_clk_i (net)
                      0.623604    0.007142    5.577142 ^ clkbuf_0_wb_clk_i/A (sky130_fd_sc_hd__clkbuf_16)
     2    0.059415    0.071220    0.173432    5.750574 ^ clkbuf_0_wb_clk_i/X (sky130_fd_sc_hd__clkbuf_16)
                                                         clknet_0_wb_clk_i (net)
                      0.071254    0.000989    5.751563 ^ clkbuf_1_1__f_wb_clk_i/A (sky130_fd_sc_hd__clkbuf_16)
     1    0.133983    0.113878    0.160765    5.912327 ^ clkbuf_1_1__f_wb_clk_i/X (sky130_fd_sc_hd__clkbuf_16)
                                                         clknet_1_1__leaf_wb_clk_i (net)
                      0.115574    0.011577    5.923904 ^ i_sram/CLKin (CF_SRAM_1024x32)
                                  0.100000    6.023905   clock uncertainty
                                  0.000000    6.023905   clock reconvergence pessimism
                                  0.574872    6.598776   library hold time
                                              6.598776   data required time
---------------------------------------------------------------------------------------------
                                              6.598776   data required time
                                             -6.807861   data arrival time
---------------------------------------------------------------------------------------------
                                              0.209084   slack (MET)


Startpoint: wbs_sel_i[0] (input port clocked by clk)
Endpoint: i_sram (rising edge-triggered flip-flop clocked by clk)
Path Group: clk
Path Type: min

Fanout         Cap        Slew       Delay        Time   Description
---------------------------------------------------------------------------------------------
                                  0.000000    0.000000   clock clk (rise edge)
                                  4.650000    4.650000   clock network delay (propagated)
                                  1.190000    5.840000 v input external delay
     1    0.003732    0.090000    0.000000    5.840000 v wbs_sel_i[0] (in)
                                                         wbs_sel_i[0] (net)
                      0.090071    0.000033    5.840034 v hold90/A (sky130_fd_sc_hd__dlygate4sd3_1)
     1    0.002581    0.037301    0.363003    6.203036 v hold90/X (sky130_fd_sc_hd__dlygate4sd3_1)
                                                         net188 (net)
                      0.037301    0.000025    6.203062 v hold88/A (sky130_fd_sc_hd__dlygate4sd3_1)
     1    0.009910    0.061885    0.375067    6.578128 v hold88/X (sky130_fd_sc_hd__dlygate4sd3_1)
                                                         net186 (net)
                      0.061885    0.000116    6.578244 v input45/A (sky130_fd_sc_hd__buf_12)
     1    0.025455    0.023224    0.092362    6.670606 v input45/X (sky130_fd_sc_hd__buf_12)
                                                         net45 (net)
                      0.023464    0.001520    6.672126 v hold89/A (sky130_fd_sc_hd__buf_12)
     8    0.203786    0.084012    0.104059    6.776185 v hold89/X (sky130_fd_sc_hd__buf_12)
                                                         net187 (net)
                      0.107596    0.032804    6.808989 v i_sram/BEN[4] (CF_SRAM_1024x32)
                                              6.808989   data arrival time

                                  0.000000    0.000000   clock clk (rise edge)
                                  5.570000    5.570000   clock source latency
     1    0.049890    0.610000    0.000000    5.570000 ^ wb_clk_i (in)
                                                         wb_clk_i (net)
                      0.623604    0.007142    5.577142 ^ clkbuf_0_wb_clk_i/A (sky130_fd_sc_hd__clkbuf_16)
     2    0.059415    0.071220    0.173432    5.750574 ^ clkbuf_0_wb_clk_i/X (sky130_fd_sc_hd__clkbuf_16)
                                                         clknet_0_wb_clk_i (net)
                      0.071254    0.000989    5.751563 ^ clkbuf_1_1__f_wb_clk_i/A (sky130_fd_sc_hd__clkbuf_16)
     1    0.133983    0.113878    0.160765    5.912327 ^ clkbuf_1_1__f_wb_clk_i/X (sky130_fd_sc_hd__clkbuf_16)
                                                         clknet_1_1__leaf_wb_clk_i (net)
                      0.115574    0.011577    5.923904 ^ i_sram/CLKin (CF_SRAM_1024x32)
                                  0.100000    6.023905   clock uncertainty
                                  0.000000    6.023905   clock reconvergence pessimism
                                  0.574563    6.598468   library hold time
                                              6.598468   data required time
---------------------------------------------------------------------------------------------
                                              6.598468   data required time
                                             -6.808989   data arrival time
---------------------------------------------------------------------------------------------
                                              0.210521   slack (MET)


Startpoint: wbs_sel_i[0] (input port clocked by clk)
Endpoint: i_sram (rising edge-triggered flip-flop clocked by clk)
Path Group: clk
Path Type: min

Fanout         Cap        Slew       Delay        Time   Description
---------------------------------------------------------------------------------------------
                                  0.000000    0.000000   clock clk (rise edge)
                                  4.650000    4.650000   clock network delay (propagated)
                                  1.190000    5.840000 v input external delay
     1    0.003732    0.090000    0.000000    5.840000 v wbs_sel_i[0] (in)
                                                         wbs_sel_i[0] (net)
                      0.090071    0.000033    5.840034 v hold90/A (sky130_fd_sc_hd__dlygate4sd3_1)
     1    0.002581    0.037301    0.363003    6.203036 v hold90/X (sky130_fd_sc_hd__dlygate4sd3_1)
                                                         net188 (net)
                      0.037301    0.000025    6.203062 v hold88/A (sky130_fd_sc_hd__dlygate4sd3_1)
     1    0.009910    0.061885    0.375067    6.578128 v hold88/X (sky130_fd_sc_hd__dlygate4sd3_1)
                                                         net186 (net)
                      0.061885    0.000116    6.578244 v input45/A (sky130_fd_sc_hd__buf_12)
     1    0.025455    0.023224    0.092362    6.670606 v input45/X (sky130_fd_sc_hd__buf_12)
                                                         net45 (net)
                      0.023464    0.001520    6.672126 v hold89/A (sky130_fd_sc_hd__buf_12)
     8    0.203786    0.084012    0.104059    6.776185 v hold89/X (sky130_fd_sc_hd__buf_12)
                                                         net187 (net)
                      0.108302    0.033396    6.809581 v i_sram/BEN[3] (CF_SRAM_1024x32)
                                              6.809581   data arrival time

                                  0.000000    0.000000   clock clk (rise edge)
                                  5.570000    5.570000   clock source latency
     1    0.049890    0.610000    0.000000    5.570000 ^ wb_clk_i (in)
                                                         wb_clk_i (net)
                      0.623604    0.007142    5.577142 ^ clkbuf_0_wb_clk_i/A (sky130_fd_sc_hd__clkbuf_16)
     2    0.059415    0.071220    0.173432    5.750574 ^ clkbuf_0_wb_clk_i/X (sky130_fd_sc_hd__clkbuf_16)
                                                         clknet_0_wb_clk_i (net)
                      0.071254    0.000989    5.751563 ^ clkbuf_1_1__f_wb_clk_i/A (sky130_fd_sc_hd__clkbuf_16)
     1    0.133983    0.113878    0.160765    5.912327 ^ clkbuf_1_1__f_wb_clk_i/X (sky130_fd_sc_hd__clkbuf_16)
                                                         clknet_1_1__leaf_wb_clk_i (net)
                      0.115574    0.011577    5.923904 ^ i_sram/CLKin (CF_SRAM_1024x32)
                                  0.100000    6.023905   clock uncertainty
                                  0.000000    6.023905   clock reconvergence pessimism
                                  0.574399    6.598304   library hold time
                                              6.598304   data required time
---------------------------------------------------------------------------------------------
                                              6.598304   data required time
                                             -6.809581   data arrival time
---------------------------------------------------------------------------------------------
                                              0.211277   slack (MET)


Startpoint: wbs_sel_i[0] (input port clocked by clk)
Endpoint: i_sram (rising edge-triggered flip-flop clocked by clk)
Path Group: clk
Path Type: min

Fanout         Cap        Slew       Delay        Time   Description
---------------------------------------------------------------------------------------------
                                  0.000000    0.000000   clock clk (rise edge)
                                  4.650000    4.650000   clock network delay (propagated)
                                  1.190000    5.840000 v input external delay
     1    0.003732    0.090000    0.000000    5.840000 v wbs_sel_i[0] (in)
                                                         wbs_sel_i[0] (net)
                      0.090071    0.000033    5.840034 v hold90/A (sky130_fd_sc_hd__dlygate4sd3_1)
     1    0.002581    0.037301    0.363003    6.203036 v hold90/X (sky130_fd_sc_hd__dlygate4sd3_1)
                                                         net188 (net)
                      0.037301    0.000025    6.203062 v hold88/A (sky130_fd_sc_hd__dlygate4sd3_1)
     1    0.009910    0.061885    0.375067    6.578128 v hold88/X (sky130_fd_sc_hd__dlygate4sd3_1)
                                                         net186 (net)
                      0.061885    0.000116    6.578244 v input45/A (sky130_fd_sc_hd__buf_12)
     1    0.025455    0.023224    0.092362    6.670606 v input45/X (sky130_fd_sc_hd__buf_12)
                                                         net45 (net)
                      0.023464    0.001520    6.672126 v hold89/A (sky130_fd_sc_hd__buf_12)
     8    0.203786    0.084012    0.104059    6.776185 v hold89/X (sky130_fd_sc_hd__buf_12)
                                                         net187 (net)
                      0.108859    0.033860    6.810045 v i_sram/BEN[2] (CF_SRAM_1024x32)
                                              6.810045   data arrival time

                                  0.000000    0.000000   clock clk (rise edge)
                                  5.570000    5.570000   clock source latency
     1    0.049890    0.610000    0.000000    5.570000 ^ wb_clk_i (in)
                                                         wb_clk_i (net)
                      0.623604    0.007142    5.577142 ^ clkbuf_0_wb_clk_i/A (sky130_fd_sc_hd__clkbuf_16)
     2    0.059415    0.071220    0.173432    5.750574 ^ clkbuf_0_wb_clk_i/X (sky130_fd_sc_hd__clkbuf_16)
                                                         clknet_0_wb_clk_i (net)
                      0.071254    0.000989    5.751563 ^ clkbuf_1_1__f_wb_clk_i/A (sky130_fd_sc_hd__clkbuf_16)
     1    0.133983    0.113878    0.160765    5.912327 ^ clkbuf_1_1__f_wb_clk_i/X (sky130_fd_sc_hd__clkbuf_16)
                                                         clknet_1_1__leaf_wb_clk_i (net)
                      0.115574    0.011577    5.923904 ^ i_sram/CLKin (CF_SRAM_1024x32)
                                  0.100000    6.023905   clock uncertainty
                                  0.000000    6.023905   clock reconvergence pessimism
                                  0.574270    6.598174   library hold time
                                              6.598174   data required time
---------------------------------------------------------------------------------------------
                                              6.598174   data required time
                                             -6.810045   data arrival time
---------------------------------------------------------------------------------------------
                                              0.211871   slack (MET)


Startpoint: wbs_sel_i[0] (input port clocked by clk)
Endpoint: i_sram (rising edge-triggered flip-flop clocked by clk)
Path Group: clk
Path Type: min

Fanout         Cap        Slew       Delay        Time   Description
---------------------------------------------------------------------------------------------
                                  0.000000    0.000000   clock clk (rise edge)
                                  4.650000    4.650000   clock network delay (propagated)
                                  1.190000    5.840000 v input external delay
     1    0.003732    0.090000    0.000000    5.840000 v wbs_sel_i[0] (in)
                                                         wbs_sel_i[0] (net)
                      0.090071    0.000033    5.840034 v hold90/A (sky130_fd_sc_hd__dlygate4sd3_1)
     1    0.002581    0.037301    0.363003    6.203036 v hold90/X (sky130_fd_sc_hd__dlygate4sd3_1)
                                                         net188 (net)
                      0.037301    0.000025    6.203062 v hold88/A (sky130_fd_sc_hd__dlygate4sd3_1)
     1    0.009910    0.061885    0.375067    6.578128 v hold88/X (sky130_fd_sc_hd__dlygate4sd3_1)
                                                         net186 (net)
                      0.061885    0.000116    6.578244 v input45/A (sky130_fd_sc_hd__buf_12)
     1    0.025455    0.023224    0.092362    6.670606 v input45/X (sky130_fd_sc_hd__buf_12)
                                                         net45 (net)
                      0.023464    0.001520    6.672126 v hold89/A (sky130_fd_sc_hd__buf_12)
     8    0.203786    0.084012    0.104059    6.776185 v hold89/X (sky130_fd_sc_hd__buf_12)
                                                         net187 (net)
                      0.109340    0.034259    6.810444 v i_sram/BEN[1] (CF_SRAM_1024x32)
                                              6.810444   data arrival time

                                  0.000000    0.000000   clock clk (rise edge)
                                  5.570000    5.570000   clock source latency
     1    0.049890    0.610000    0.000000    5.570000 ^ wb_clk_i (in)
                                                         wb_clk_i (net)
                      0.623604    0.007142    5.577142 ^ clkbuf_0_wb_clk_i/A (sky130_fd_sc_hd__clkbuf_16)
     2    0.059415    0.071220    0.173432    5.750574 ^ clkbuf_0_wb_clk_i/X (sky130_fd_sc_hd__clkbuf_16)
                                                         clknet_0_wb_clk_i (net)
                      0.071254    0.000989    5.751563 ^ clkbuf_1_1__f_wb_clk_i/A (sky130_fd_sc_hd__clkbuf_16)
     1    0.133983    0.113878    0.160765    5.912327 ^ clkbuf_1_1__f_wb_clk_i/X (sky130_fd_sc_hd__clkbuf_16)
                                                         clknet_1_1__leaf_wb_clk_i (net)
                      0.115574    0.011577    5.923904 ^ i_sram/CLKin (CF_SRAM_1024x32)
                                  0.100000    6.023905   clock uncertainty
                                  0.000000    6.023905   clock reconvergence pessimism
                                  0.574158    6.598063   library hold time
                                              6.598063   data required time
---------------------------------------------------------------------------------------------
                                              6.598063   data required time
                                             -6.810444   data arrival time
---------------------------------------------------------------------------------------------
                                              0.212382   slack (MET)


Startpoint: wbs_sel_i[0] (input port clocked by clk)
Endpoint: i_sram (rising edge-triggered flip-flop clocked by clk)
Path Group: clk
Path Type: min

Fanout         Cap        Slew       Delay        Time   Description
---------------------------------------------------------------------------------------------
                                  0.000000    0.000000   clock clk (rise edge)
                                  4.650000    4.650000   clock network delay (propagated)
                                  1.190000    5.840000 v input external delay
     1    0.003732    0.090000    0.000000    5.840000 v wbs_sel_i[0] (in)
                                                         wbs_sel_i[0] (net)
                      0.090071    0.000033    5.840034 v hold90/A (sky130_fd_sc_hd__dlygate4sd3_1)
     1    0.002581    0.037301    0.363003    6.203036 v hold90/X (sky130_fd_sc_hd__dlygate4sd3_1)
                                                         net188 (net)
                      0.037301    0.000025    6.203062 v hold88/A (sky130_fd_sc_hd__dlygate4sd3_1)
     1    0.009910    0.061885    0.375067    6.578128 v hold88/X (sky130_fd_sc_hd__dlygate4sd3_1)
                                                         net186 (net)
                      0.061885    0.000116    6.578244 v input45/A (sky130_fd_sc_hd__buf_12)
     1    0.025455    0.023224    0.092362    6.670606 v input45/X (sky130_fd_sc_hd__buf_12)
                                                         net45 (net)
                      0.023464    0.001520    6.672126 v hold89/A (sky130_fd_sc_hd__buf_12)
     8    0.203786    0.084012    0.104059    6.776185 v hold89/X (sky130_fd_sc_hd__buf_12)
                                                         net187 (net)
                      0.109645    0.034510    6.810695 v i_sram/BEN[0] (CF_SRAM_1024x32)
                                              6.810695   data arrival time

                                  0.000000    0.000000   clock clk (rise edge)
                                  5.570000    5.570000   clock source latency
     1    0.049890    0.610000    0.000000    5.570000 ^ wb_clk_i (in)
                                                         wb_clk_i (net)
                      0.623604    0.007142    5.577142 ^ clkbuf_0_wb_clk_i/A (sky130_fd_sc_hd__clkbuf_16)
     2    0.059415    0.071220    0.173432    5.750574 ^ clkbuf_0_wb_clk_i/X (sky130_fd_sc_hd__clkbuf_16)
                                                         clknet_0_wb_clk_i (net)
                      0.071254    0.000989    5.751563 ^ clkbuf_1_1__f_wb_clk_i/A (sky130_fd_sc_hd__clkbuf_16)
     1    0.133983    0.113878    0.160765    5.912327 ^ clkbuf_1_1__f_wb_clk_i/X (sky130_fd_sc_hd__clkbuf_16)
                                                         clknet_1_1__leaf_wb_clk_i (net)
                      0.115574    0.011577    5.923904 ^ i_sram/CLKin (CF_SRAM_1024x32)
                                  0.100000    6.023905   clock uncertainty
                                  0.000000    6.023905   clock reconvergence pessimism
                                  0.574087    6.597991   library hold time
                                              6.597991   data required time
---------------------------------------------------------------------------------------------
                                              6.597991   data required time
                                             -6.810695   data arrival time
---------------------------------------------------------------------------------------------
                                              0.212703   slack (MET)


Startpoint: wbs_sel_i[2] (input port clocked by clk)
Endpoint: i_sram (rising edge-triggered flip-flop clocked by clk)
Path Group: clk
Path Type: min

Fanout         Cap        Slew       Delay        Time   Description
---------------------------------------------------------------------------------------------
                                  0.000000    0.000000   clock clk (rise edge)
                                  4.650000    4.650000   clock network delay (propagated)
                                  1.190000    5.840000 v input external delay
     1    0.005285    0.090000    0.000000    5.840000 v wbs_sel_i[2] (in)
                                                         wbs_sel_i[2] (net)
                      0.090143    0.000068    5.840068 v hold93/A (sky130_fd_sc_hd__dlygate4sd3_1)
     1    0.003838    0.042655    0.369987    6.210055 v hold93/X (sky130_fd_sc_hd__dlygate4sd3_1)
                                                         net191 (net)
                      0.042655    0.000064    6.210119 v hold91/A (sky130_fd_sc_hd__dlygate4sd3_1)
     1    0.011463    0.066207    0.381710    6.591829 v hold91/X (sky130_fd_sc_hd__dlygate4sd3_1)
                                                         net189 (net)
                      0.066207    0.000195    6.592024 v input47/A (sky130_fd_sc_hd__buf_12)
     1    0.058335    0.033576    0.104384    6.696408 v input47/X (sky130_fd_sc_hd__buf_12)
                                                         net47 (net)
                      0.037147    0.008103    6.704511 v hold92/A (sky130_fd_sc_hd__buf_12)
     8    0.186909    0.078845    0.112466    6.816978 v hold92/X (sky130_fd_sc_hd__buf_12)
                                                         net190 (net)
                      0.086828    0.017974    6.834952 v i_sram/BEN[16] (CF_SRAM_1024x32)
                                              6.834952   data arrival time

                                  0.000000    0.000000   clock clk (rise edge)
                                  5.570000    5.570000   clock source latency
     1    0.049890    0.610000    0.000000    5.570000 ^ wb_clk_i (in)
                                                         wb_clk_i (net)
                      0.623604    0.007142    5.577142 ^ clkbuf_0_wb_clk_i/A (sky130_fd_sc_hd__clkbuf_16)
     2    0.059415    0.071220    0.173432    5.750574 ^ clkbuf_0_wb_clk_i/X (sky130_fd_sc_hd__clkbuf_16)
                                                         clknet_0_wb_clk_i (net)
                      0.071254    0.000989    5.751563 ^ clkbuf_1_1__f_wb_clk_i/A (sky130_fd_sc_hd__clkbuf_16)
     1    0.133983    0.113878    0.160765    5.912327 ^ clkbuf_1_1__f_wb_clk_i/X (sky130_fd_sc_hd__clkbuf_16)
                                                         clknet_1_1__leaf_wb_clk_i (net)
                      0.115574    0.011577    5.923904 ^ i_sram/CLKin (CF_SRAM_1024x32)
                                  0.100000    6.023905   clock uncertainty
                                  0.000000    6.023905   clock reconvergence pessimism
                                  0.579390    6.603294   library hold time
                                              6.603294   data required time
---------------------------------------------------------------------------------------------
                                              6.603294   data required time
                                             -6.834952   data arrival time
---------------------------------------------------------------------------------------------
                                              0.231657   slack (MET)


Startpoint: wbs_sel_i[2] (input port clocked by clk)
Endpoint: i_sram (rising edge-triggered flip-flop clocked by clk)
Path Group: clk
Path Type: min

Fanout         Cap        Slew       Delay        Time   Description
---------------------------------------------------------------------------------------------
                                  0.000000    0.000000   clock clk (rise edge)
                                  4.650000    4.650000   clock network delay (propagated)
                                  1.190000    5.840000 v input external delay
     1    0.005285    0.090000    0.000000    5.840000 v wbs_sel_i[2] (in)
                                                         wbs_sel_i[2] (net)
                      0.090143    0.000068    5.840068 v hold93/A (sky130_fd_sc_hd__dlygate4sd3_1)
     1    0.003838    0.042655    0.369987    6.210055 v hold93/X (sky130_fd_sc_hd__dlygate4sd3_1)
                                                         net191 (net)
                      0.042655    0.000064    6.210119 v hold91/A (sky130_fd_sc_hd__dlygate4sd3_1)
     1    0.011463    0.066207    0.381710    6.591829 v hold91/X (sky130_fd_sc_hd__dlygate4sd3_1)
                                                         net189 (net)
                      0.066207    0.000195    6.592024 v input47/A (sky130_fd_sc_hd__buf_12)
     1    0.058335    0.033576    0.104384    6.696408 v input47/X (sky130_fd_sc_hd__buf_12)
                                                         net47 (net)
                      0.037147    0.008103    6.704511 v hold92/A (sky130_fd_sc_hd__buf_12)
     8    0.186909    0.078845    0.112466    6.816978 v hold92/X (sky130_fd_sc_hd__buf_12)
                                                         net190 (net)
                      0.088144    0.019428    6.836405 v i_sram/BEN[17] (CF_SRAM_1024x32)
                                              6.836405   data arrival time

                                  0.000000    0.000000   clock clk (rise edge)
                                  5.570000    5.570000   clock source latency
     1    0.049890    0.610000    0.000000    5.570000 ^ wb_clk_i (in)
                                                         wb_clk_i (net)
                      0.623604    0.007142    5.577142 ^ clkbuf_0_wb_clk_i/A (sky130_fd_sc_hd__clkbuf_16)
     2    0.059415    0.071220    0.173432    5.750574 ^ clkbuf_0_wb_clk_i/X (sky130_fd_sc_hd__clkbuf_16)
                                                         clknet_0_wb_clk_i (net)
                      0.071254    0.000989    5.751563 ^ clkbuf_1_1__f_wb_clk_i/A (sky130_fd_sc_hd__clkbuf_16)
     1    0.133983    0.113878    0.160765    5.912327 ^ clkbuf_1_1__f_wb_clk_i/X (sky130_fd_sc_hd__clkbuf_16)
                                                         clknet_1_1__leaf_wb_clk_i (net)
                      0.115574    0.011577    5.923904 ^ i_sram/CLKin (CF_SRAM_1024x32)
                                  0.100000    6.023905   clock uncertainty
                                  0.000000    6.023905   clock reconvergence pessimism
                                  0.579084    6.602989   library hold time
                                              6.602989   data required time
---------------------------------------------------------------------------------------------
                                              6.602989   data required time
                                             -6.836405   data arrival time
---------------------------------------------------------------------------------------------
                                              0.233417   slack (MET)


Startpoint: wbs_sel_i[2] (input port clocked by clk)
Endpoint: i_sram (rising edge-triggered flip-flop clocked by clk)
Path Group: clk
Path Type: min

Fanout         Cap        Slew       Delay        Time   Description
---------------------------------------------------------------------------------------------
                                  0.000000    0.000000   clock clk (rise edge)
                                  4.650000    4.650000   clock network delay (propagated)
                                  1.190000    5.840000 v input external delay
     1    0.005285    0.090000    0.000000    5.840000 v wbs_sel_i[2] (in)
                                                         wbs_sel_i[2] (net)
                      0.090143    0.000068    5.840068 v hold93/A (sky130_fd_sc_hd__dlygate4sd3_1)
     1    0.003838    0.042655    0.369987    6.210055 v hold93/X (sky130_fd_sc_hd__dlygate4sd3_1)
                                                         net191 (net)
                      0.042655    0.000064    6.210119 v hold91/A (sky130_fd_sc_hd__dlygate4sd3_1)
     1    0.011463    0.066207    0.381710    6.591829 v hold91/X (sky130_fd_sc_hd__dlygate4sd3_1)
                                                         net189 (net)
                      0.066207    0.000195    6.592024 v input47/A (sky130_fd_sc_hd__buf_12)
     1    0.058335    0.033576    0.104384    6.696408 v input47/X (sky130_fd_sc_hd__buf_12)
                                                         net47 (net)
                      0.037147    0.008103    6.704511 v hold92/A (sky130_fd_sc_hd__buf_12)
     8    0.186909    0.078845    0.112466    6.816978 v hold92/X (sky130_fd_sc_hd__buf_12)
                                                         net190 (net)
                      0.088947    0.020287    6.837265 v i_sram/BEN[18] (CF_SRAM_1024x32)
                                              6.837265   data arrival time

                                  0.000000    0.000000   clock clk (rise edge)
                                  5.570000    5.570000   clock source latency
     1    0.049890    0.610000    0.000000    5.570000 ^ wb_clk_i (in)
                                                         wb_clk_i (net)
                      0.623604    0.007142    5.577142 ^ clkbuf_0_wb_clk_i/A (sky130_fd_sc_hd__clkbuf_16)
     2    0.059415    0.071220    0.173432    5.750574 ^ clkbuf_0_wb_clk_i/X (sky130_fd_sc_hd__clkbuf_16)
                                                         clknet_0_wb_clk_i (net)
                      0.071254    0.000989    5.751563 ^ clkbuf_1_1__f_wb_clk_i/A (sky130_fd_sc_hd__clkbuf_16)
     1    0.133983    0.113878    0.160765    5.912327 ^ clkbuf_1_1__f_wb_clk_i/X (sky130_fd_sc_hd__clkbuf_16)
                                                         clknet_1_1__leaf_wb_clk_i (net)
                      0.115574    0.011577    5.923904 ^ i_sram/CLKin (CF_SRAM_1024x32)
                                  0.100000    6.023905   clock uncertainty
                                  0.000000    6.023905   clock reconvergence pessimism
                                  0.578897    6.602802   library hold time
                                              6.602802   data required time
---------------------------------------------------------------------------------------------
                                              6.602802   data required time
                                             -6.837265   data arrival time
---------------------------------------------------------------------------------------------
                                              0.234463   slack (MET)


Startpoint: wbs_sel_i[2] (input port clocked by clk)
Endpoint: i_sram (rising edge-triggered flip-flop clocked by clk)
Path Group: clk
Path Type: min

Fanout         Cap        Slew       Delay        Time   Description
---------------------------------------------------------------------------------------------
                                  0.000000    0.000000   clock clk (rise edge)
                                  4.650000    4.650000   clock network delay (propagated)
                                  1.190000    5.840000 v input external delay
     1    0.005285    0.090000    0.000000    5.840000 v wbs_sel_i[2] (in)
                                                         wbs_sel_i[2] (net)
                      0.090143    0.000068    5.840068 v hold93/A (sky130_fd_sc_hd__dlygate4sd3_1)
     1    0.003838    0.042655    0.369987    6.210055 v hold93/X (sky130_fd_sc_hd__dlygate4sd3_1)
                                                         net191 (net)
                      0.042655    0.000064    6.210119 v hold91/A (sky130_fd_sc_hd__dlygate4sd3_1)
     1    0.011463    0.066207    0.381710    6.591829 v hold91/X (sky130_fd_sc_hd__dlygate4sd3_1)
                                                         net189 (net)
                      0.066207    0.000195    6.592024 v input47/A (sky130_fd_sc_hd__buf_12)
     1    0.058335    0.033576    0.104384    6.696408 v input47/X (sky130_fd_sc_hd__buf_12)
                                                         net47 (net)
                      0.037147    0.008103    6.704511 v hold92/A (sky130_fd_sc_hd__buf_12)
     8    0.186909    0.078845    0.112466    6.816978 v hold92/X (sky130_fd_sc_hd__buf_12)
                                                         net190 (net)
                      0.089720    0.021099    6.838077 v i_sram/BEN[19] (CF_SRAM_1024x32)
                                              6.838077   data arrival time

                                  0.000000    0.000000   clock clk (rise edge)
                                  5.570000    5.570000   clock source latency
     1    0.049890    0.610000    0.000000    5.570000 ^ wb_clk_i (in)
                                                         wb_clk_i (net)
                      0.623604    0.007142    5.577142 ^ clkbuf_0_wb_clk_i/A (sky130_fd_sc_hd__clkbuf_16)
     2    0.059415    0.071220    0.173432    5.750574 ^ clkbuf_0_wb_clk_i/X (sky130_fd_sc_hd__clkbuf_16)
                                                         clknet_0_wb_clk_i (net)
                      0.071254    0.000989    5.751563 ^ clkbuf_1_1__f_wb_clk_i/A (sky130_fd_sc_hd__clkbuf_16)
     1    0.133983    0.113878    0.160765    5.912327 ^ clkbuf_1_1__f_wb_clk_i/X (sky130_fd_sc_hd__clkbuf_16)
                                                         clknet_1_1__leaf_wb_clk_i (net)
                      0.115574    0.011577    5.923904 ^ i_sram/CLKin (CF_SRAM_1024x32)
                                  0.100000    6.023905   clock uncertainty
                                  0.000000    6.023905   clock reconvergence pessimism
                                  0.578718    6.602622   library hold time
                                              6.602622   data required time
---------------------------------------------------------------------------------------------
                                              6.602622   data required time
                                             -6.838077   data arrival time
---------------------------------------------------------------------------------------------
                                              0.235455   slack (MET)


Startpoint: wbs_sel_i[2] (input port clocked by clk)
Endpoint: i_sram (rising edge-triggered flip-flop clocked by clk)
Path Group: clk
Path Type: min

Fanout         Cap        Slew       Delay        Time   Description
---------------------------------------------------------------------------------------------
                                  0.000000    0.000000   clock clk (rise edge)
                                  4.650000    4.650000   clock network delay (propagated)
                                  1.190000    5.840000 v input external delay
     1    0.005285    0.090000    0.000000    5.840000 v wbs_sel_i[2] (in)
                                                         wbs_sel_i[2] (net)
                      0.090143    0.000068    5.840068 v hold93/A (sky130_fd_sc_hd__dlygate4sd3_1)
     1    0.003838    0.042655    0.369987    6.210055 v hold93/X (sky130_fd_sc_hd__dlygate4sd3_1)
                                                         net191 (net)
                      0.042655    0.000064    6.210119 v hold91/A (sky130_fd_sc_hd__dlygate4sd3_1)
     1    0.011463    0.066207    0.381710    6.591829 v hold91/X (sky130_fd_sc_hd__dlygate4sd3_1)
                                                         net189 (net)
                      0.066207    0.000195    6.592024 v input47/A (sky130_fd_sc_hd__buf_12)
     1    0.058335    0.033576    0.104384    6.696408 v input47/X (sky130_fd_sc_hd__buf_12)
                                                         net47 (net)
                      0.037147    0.008103    6.704511 v hold92/A (sky130_fd_sc_hd__buf_12)
     8    0.186909    0.078845    0.112466    6.816978 v hold92/X (sky130_fd_sc_hd__buf_12)
                                                         net190 (net)
                      0.090265    0.021661    6.838639 v i_sram/BEN[20] (CF_SRAM_1024x32)
                                              6.838639   data arrival time

                                  0.000000    0.000000   clock clk (rise edge)
                                  5.570000    5.570000   clock source latency
     1    0.049890    0.610000    0.000000    5.570000 ^ wb_clk_i (in)
                                                         wb_clk_i (net)
                      0.623604    0.007142    5.577142 ^ clkbuf_0_wb_clk_i/A (sky130_fd_sc_hd__clkbuf_16)
     2    0.059415    0.071220    0.173432    5.750574 ^ clkbuf_0_wb_clk_i/X (sky130_fd_sc_hd__clkbuf_16)
                                                         clknet_0_wb_clk_i (net)
                      0.071254    0.000989    5.751563 ^ clkbuf_1_1__f_wb_clk_i/A (sky130_fd_sc_hd__clkbuf_16)
     1    0.133983    0.113878    0.160765    5.912327 ^ clkbuf_1_1__f_wb_clk_i/X (sky130_fd_sc_hd__clkbuf_16)
                                                         clknet_1_1__leaf_wb_clk_i (net)
                      0.115574    0.011577    5.923904 ^ i_sram/CLKin (CF_SRAM_1024x32)
                                  0.100000    6.023905   clock uncertainty
                                  0.000000    6.023905   clock reconvergence pessimism
                                  0.578591    6.602496   library hold time
                                              6.602496   data required time
---------------------------------------------------------------------------------------------
                                              6.602496   data required time
                                             -6.838639   data arrival time
---------------------------------------------------------------------------------------------
                                              0.236143   slack (MET)


Startpoint: wbs_sel_i[2] (input port clocked by clk)
Endpoint: i_sram (rising edge-triggered flip-flop clocked by clk)
Path Group: clk
Path Type: min

Fanout         Cap        Slew       Delay        Time   Description
---------------------------------------------------------------------------------------------
                                  0.000000    0.000000   clock clk (rise edge)
                                  4.650000    4.650000   clock network delay (propagated)
                                  1.190000    5.840000 v input external delay
     1    0.005285    0.090000    0.000000    5.840000 v wbs_sel_i[2] (in)
                                                         wbs_sel_i[2] (net)
                      0.090143    0.000068    5.840068 v hold93/A (sky130_fd_sc_hd__dlygate4sd3_1)
     1    0.003838    0.042655    0.369987    6.210055 v hold93/X (sky130_fd_sc_hd__dlygate4sd3_1)
                                                         net191 (net)
                      0.042655    0.000064    6.210119 v hold91/A (sky130_fd_sc_hd__dlygate4sd3_1)
     1    0.011463    0.066207    0.381710    6.591829 v hold91/X (sky130_fd_sc_hd__dlygate4sd3_1)
                                                         net189 (net)
                      0.066207    0.000195    6.592024 v input47/A (sky130_fd_sc_hd__buf_12)
     1    0.058335    0.033576    0.104384    6.696408 v input47/X (sky130_fd_sc_hd__buf_12)
                                                         net47 (net)
                      0.037147    0.008103    6.704511 v hold92/A (sky130_fd_sc_hd__buf_12)
     8    0.186909    0.078845    0.112466    6.816978 v hold92/X (sky130_fd_sc_hd__buf_12)
                                                         net190 (net)
                      0.090708    0.022113    6.839091 v i_sram/BEN[21] (CF_SRAM_1024x32)
                                              6.839091   data arrival time

                                  0.000000    0.000000   clock clk (rise edge)
                                  5.570000    5.570000   clock source latency
     1    0.049890    0.610000    0.000000    5.570000 ^ wb_clk_i (in)
                                                         wb_clk_i (net)
                      0.623604    0.007142    5.577142 ^ clkbuf_0_wb_clk_i/A (sky130_fd_sc_hd__clkbuf_16)
     2    0.059415    0.071220    0.173432    5.750574 ^ clkbuf_0_wb_clk_i/X (sky130_fd_sc_hd__clkbuf_16)
                                                         clknet_0_wb_clk_i (net)
                      0.071254    0.000989    5.751563 ^ clkbuf_1_1__f_wb_clk_i/A (sky130_fd_sc_hd__clkbuf_16)
     1    0.133983    0.113878    0.160765    5.912327 ^ clkbuf_1_1__f_wb_clk_i/X (sky130_fd_sc_hd__clkbuf_16)
                                                         clknet_1_1__leaf_wb_clk_i (net)
                      0.115574    0.011577    5.923904 ^ i_sram/CLKin (CF_SRAM_1024x32)
                                  0.100000    6.023905   clock uncertainty
                                  0.000000    6.023905   clock reconvergence pessimism
                                  0.578488    6.602393   library hold time
                                              6.602393   data required time
---------------------------------------------------------------------------------------------
                                              6.602393   data required time
                                             -6.839091   data arrival time
---------------------------------------------------------------------------------------------
                                              0.236699   slack (MET)


Startpoint: wbs_sel_i[2] (input port clocked by clk)
Endpoint: i_sram (rising edge-triggered flip-flop clocked by clk)
Path Group: clk
Path Type: min

Fanout         Cap        Slew       Delay        Time   Description
---------------------------------------------------------------------------------------------
                                  0.000000    0.000000   clock clk (rise edge)
                                  4.650000    4.650000   clock network delay (propagated)
                                  1.190000    5.840000 v input external delay
     1    0.005285    0.090000    0.000000    5.840000 v wbs_sel_i[2] (in)
                                                         wbs_sel_i[2] (net)
                      0.090143    0.000068    5.840068 v hold93/A (sky130_fd_sc_hd__dlygate4sd3_1)
     1    0.003838    0.042655    0.369987    6.210055 v hold93/X (sky130_fd_sc_hd__dlygate4sd3_1)
                                                         net191 (net)
                      0.042655    0.000064    6.210119 v hold91/A (sky130_fd_sc_hd__dlygate4sd3_1)
     1    0.011463    0.066207    0.381710    6.591829 v hold91/X (sky130_fd_sc_hd__dlygate4sd3_1)
                                                         net189 (net)
                      0.066207    0.000195    6.592024 v input47/A (sky130_fd_sc_hd__buf_12)
     1    0.058335    0.033576    0.104384    6.696408 v input47/X (sky130_fd_sc_hd__buf_12)
                                                         net47 (net)
                      0.037147    0.008103    6.704511 v hold92/A (sky130_fd_sc_hd__buf_12)
     8    0.186909    0.078845    0.112466    6.816978 v hold92/X (sky130_fd_sc_hd__buf_12)
                                                         net190 (net)
                      0.091087    0.022496    6.839474 v i_sram/BEN[22] (CF_SRAM_1024x32)
                                              6.839474   data arrival time

                                  0.000000    0.000000   clock clk (rise edge)
                                  5.570000    5.570000   clock source latency
     1    0.049890    0.610000    0.000000    5.570000 ^ wb_clk_i (in)
                                                         wb_clk_i (net)
                      0.623604    0.007142    5.577142 ^ clkbuf_0_wb_clk_i/A (sky130_fd_sc_hd__clkbuf_16)
     2    0.059415    0.071220    0.173432    5.750574 ^ clkbuf_0_wb_clk_i/X (sky130_fd_sc_hd__clkbuf_16)
                                                         clknet_0_wb_clk_i (net)
                      0.071254    0.000989    5.751563 ^ clkbuf_1_1__f_wb_clk_i/A (sky130_fd_sc_hd__clkbuf_16)
     1    0.133983    0.113878    0.160765    5.912327 ^ clkbuf_1_1__f_wb_clk_i/X (sky130_fd_sc_hd__clkbuf_16)
                                                         clknet_1_1__leaf_wb_clk_i (net)
                      0.115574    0.011577    5.923904 ^ i_sram/CLKin (CF_SRAM_1024x32)
                                  0.100000    6.023905   clock uncertainty
                                  0.000000    6.023905   clock reconvergence pessimism
                                  0.578400    6.602304   library hold time
                                              6.602304   data required time
---------------------------------------------------------------------------------------------
                                              6.602304   data required time
                                             -6.839474   data arrival time
---------------------------------------------------------------------------------------------
                                              0.237169   slack (MET)


Startpoint: wbs_sel_i[2] (input port clocked by clk)
Endpoint: i_sram (rising edge-triggered flip-flop clocked by clk)
Path Group: clk
Path Type: min

Fanout         Cap        Slew       Delay        Time   Description
---------------------------------------------------------------------------------------------
                                  0.000000    0.000000   clock clk (rise edge)
                                  4.650000    4.650000   clock network delay (propagated)
                                  1.190000    5.840000 v input external delay
     1    0.005285    0.090000    0.000000    5.840000 v wbs_sel_i[2] (in)
                                                         wbs_sel_i[2] (net)
                      0.090143    0.000068    5.840068 v hold93/A (sky130_fd_sc_hd__dlygate4sd3_1)
     1    0.003838    0.042655    0.369987    6.210055 v hold93/X (sky130_fd_sc_hd__dlygate4sd3_1)
                                                         net191 (net)
                      0.042655    0.000064    6.210119 v hold91/A (sky130_fd_sc_hd__dlygate4sd3_1)
     1    0.011463    0.066207    0.381710    6.591829 v hold91/X (sky130_fd_sc_hd__dlygate4sd3_1)
                                                         net189 (net)
                      0.066207    0.000195    6.592024 v input47/A (sky130_fd_sc_hd__buf_12)
     1    0.058335    0.033576    0.104384    6.696408 v input47/X (sky130_fd_sc_hd__buf_12)
                                                         net47 (net)
                      0.037147    0.008103    6.704511 v hold92/A (sky130_fd_sc_hd__buf_12)
     8    0.186909    0.078845    0.112466    6.816978 v hold92/X (sky130_fd_sc_hd__buf_12)
                                                         net190 (net)
                      0.091336    0.022747    6.839725 v i_sram/BEN[23] (CF_SRAM_1024x32)
                                              6.839725   data arrival time

                                  0.000000    0.000000   clock clk (rise edge)
                                  5.570000    5.570000   clock source latency
     1    0.049890    0.610000    0.000000    5.570000 ^ wb_clk_i (in)
                                                         wb_clk_i (net)
                      0.623604    0.007142    5.577142 ^ clkbuf_0_wb_clk_i/A (sky130_fd_sc_hd__clkbuf_16)
     2    0.059415    0.071220    0.173432    5.750574 ^ clkbuf_0_wb_clk_i/X (sky130_fd_sc_hd__clkbuf_16)
                                                         clknet_0_wb_clk_i (net)
                      0.071254    0.000989    5.751563 ^ clkbuf_1_1__f_wb_clk_i/A (sky130_fd_sc_hd__clkbuf_16)
     1    0.133983    0.113878    0.160765    5.912327 ^ clkbuf_1_1__f_wb_clk_i/X (sky130_fd_sc_hd__clkbuf_16)
                                                         clknet_1_1__leaf_wb_clk_i (net)
                      0.115574    0.011577    5.923904 ^ i_sram/CLKin (CF_SRAM_1024x32)
                                  0.100000    6.023905   clock uncertainty
                                  0.000000    6.023905   clock reconvergence pessimism
                                  0.578342    6.602247   library hold time
                                              6.602247   data required time
---------------------------------------------------------------------------------------------
                                              6.602247   data required time
                                             -6.839725   data arrival time
---------------------------------------------------------------------------------------------
                                              0.237478   slack (MET)


Startpoint: wbs_sel_i[3] (input port clocked by clk)
Endpoint: i_sram (rising edge-triggered flip-flop clocked by clk)
Path Group: clk
Path Type: min

Fanout         Cap        Slew       Delay        Time   Description
---------------------------------------------------------------------------------------------
                                  0.000000    0.000000   clock clk (rise edge)
                                  4.650000    4.650000   clock network delay (propagated)
                                  1.190000    5.840000 v input external delay
     1    0.006853    0.090000    0.000000    5.840000 v wbs_sel_i[3] (in)
                                                         wbs_sel_i[3] (net)
                      0.090220    0.000104    5.840105 v hold96/A (sky130_fd_sc_hd__dlygate4sd3_1)
     1    0.004642    0.044557    0.373352    6.213457 v hold96/X (sky130_fd_sc_hd__dlygate4sd3_1)
                                                         net194 (net)
                      0.044557    0.000076    6.213533 v hold94/A (sky130_fd_sc_hd__dlygate4sd3_1)
     1    0.011151    0.065287    0.381475    6.595008 v hold94/X (sky130_fd_sc_hd__dlygate4sd3_1)
                                                         net192 (net)
                      0.065287    0.000197    6.595205 v input48/A (sky130_fd_sc_hd__buf_12)
     1    0.069507    0.037172    0.108916    6.704121 v input48/X (sky130_fd_sc_hd__buf_12)
                                                         net48 (net)
                      0.037416    0.002173    6.706294 v hold95/A (sky130_fd_sc_hd__buf_12)
     8    0.191314    0.080240    0.108688    6.814982 v hold95/X (sky130_fd_sc_hd__buf_12)
                                                         net193 (net)
                      0.094394    0.024087    6.839069 v i_sram/BEN[24] (CF_SRAM_1024x32)
                                              6.839069   data arrival time

                                  0.000000    0.000000   clock clk (rise edge)
                                  5.570000    5.570000   clock source latency
     1    0.049890    0.610000    0.000000    5.570000 ^ wb_clk_i (in)
                                                         wb_clk_i (net)
                      0.623604    0.007142    5.577142 ^ clkbuf_0_wb_clk_i/A (sky130_fd_sc_hd__clkbuf_16)
     2    0.059415    0.071220    0.173432    5.750574 ^ clkbuf_0_wb_clk_i/X (sky130_fd_sc_hd__clkbuf_16)
                                                         clknet_0_wb_clk_i (net)
                      0.071254    0.000989    5.751563 ^ clkbuf_1_1__f_wb_clk_i/A (sky130_fd_sc_hd__clkbuf_16)
     1    0.133983    0.113878    0.160765    5.912327 ^ clkbuf_1_1__f_wb_clk_i/X (sky130_fd_sc_hd__clkbuf_16)
                                                         clknet_1_1__leaf_wb_clk_i (net)
                      0.115574    0.011577    5.923904 ^ i_sram/CLKin (CF_SRAM_1024x32)
                                  0.100000    6.023905   clock uncertainty
                                  0.000000    6.023905   clock reconvergence pessimism
                                  0.577631    6.601536   library hold time
                                              6.601536   data required time
---------------------------------------------------------------------------------------------
                                              6.601536   data required time
                                             -6.839069   data arrival time
---------------------------------------------------------------------------------------------
                                              0.237534   slack (MET)


Startpoint: wbs_sel_i[3] (input port clocked by clk)
Endpoint: i_sram (rising edge-triggered flip-flop clocked by clk)
Path Group: clk
Path Type: min

Fanout         Cap        Slew       Delay        Time   Description
---------------------------------------------------------------------------------------------
                                  0.000000    0.000000   clock clk (rise edge)
                                  4.650000    4.650000   clock network delay (propagated)
                                  1.190000    5.840000 v input external delay
     1    0.006853    0.090000    0.000000    5.840000 v wbs_sel_i[3] (in)
                                                         wbs_sel_i[3] (net)
                      0.090220    0.000104    5.840105 v hold96/A (sky130_fd_sc_hd__dlygate4sd3_1)
     1    0.004642    0.044557    0.373352    6.213457 v hold96/X (sky130_fd_sc_hd__dlygate4sd3_1)
                                                         net194 (net)
                      0.044557    0.000076    6.213533 v hold94/A (sky130_fd_sc_hd__dlygate4sd3_1)
     1    0.011151    0.065287    0.381475    6.595008 v hold94/X (sky130_fd_sc_hd__dlygate4sd3_1)
                                                         net192 (net)
                      0.065287    0.000197    6.595205 v input48/A (sky130_fd_sc_hd__buf_12)
     1    0.069507    0.037172    0.108916    6.704121 v input48/X (sky130_fd_sc_hd__buf_12)
                                                         net48 (net)
                      0.037416    0.002173    6.706294 v hold95/A (sky130_fd_sc_hd__buf_12)
     8    0.191314    0.080240    0.108688    6.814982 v hold95/X (sky130_fd_sc_hd__buf_12)
                                                         net193 (net)
                      0.096233    0.025799    6.840781 v i_sram/BEN[25] (CF_SRAM_1024x32)
                                              6.840781   data arrival time

                                  0.000000    0.000000   clock clk (rise edge)
                                  5.570000    5.570000   clock source latency
     1    0.049890    0.610000    0.000000    5.570000 ^ wb_clk_i (in)
                                                         wb_clk_i (net)
                      0.623604    0.007142    5.577142 ^ clkbuf_0_wb_clk_i/A (sky130_fd_sc_hd__clkbuf_16)
     2    0.059415    0.071220    0.173432    5.750574 ^ clkbuf_0_wb_clk_i/X (sky130_fd_sc_hd__clkbuf_16)
                                                         clknet_0_wb_clk_i (net)
                      0.071254    0.000989    5.751563 ^ clkbuf_1_1__f_wb_clk_i/A (sky130_fd_sc_hd__clkbuf_16)
     1    0.133983    0.113878    0.160765    5.912327 ^ clkbuf_1_1__f_wb_clk_i/X (sky130_fd_sc_hd__clkbuf_16)
                                                         clknet_1_1__leaf_wb_clk_i (net)
                      0.115574    0.011577    5.923904 ^ i_sram/CLKin (CF_SRAM_1024x32)
                                  0.100000    6.023905   clock uncertainty
                                  0.000000    6.023905   clock reconvergence pessimism
                                  0.577204    6.601109   library hold time
                                              6.601109   data required time
---------------------------------------------------------------------------------------------
                                              6.601109   data required time
                                             -6.840781   data arrival time
---------------------------------------------------------------------------------------------
                                              0.239672   slack (MET)


Startpoint: wbs_sel_i[3] (input port clocked by clk)
Endpoint: i_sram (rising edge-triggered flip-flop clocked by clk)
Path Group: clk
Path Type: min

Fanout         Cap        Slew       Delay        Time   Description
---------------------------------------------------------------------------------------------
                                  0.000000    0.000000   clock clk (rise edge)
                                  4.650000    4.650000   clock network delay (propagated)
                                  1.190000    5.840000 v input external delay
     1    0.006853    0.090000    0.000000    5.840000 v wbs_sel_i[3] (in)
                                                         wbs_sel_i[3] (net)
                      0.090220    0.000104    5.840105 v hold96/A (sky130_fd_sc_hd__dlygate4sd3_1)
     1    0.004642    0.044557    0.373352    6.213457 v hold96/X (sky130_fd_sc_hd__dlygate4sd3_1)
                                                         net194 (net)
                      0.044557    0.000076    6.213533 v hold94/A (sky130_fd_sc_hd__dlygate4sd3_1)
     1    0.011151    0.065287    0.381475    6.595008 v hold94/X (sky130_fd_sc_hd__dlygate4sd3_1)
                                                         net192 (net)
                      0.065287    0.000197    6.595205 v input48/A (sky130_fd_sc_hd__buf_12)
     1    0.069507    0.037172    0.108916    6.704121 v input48/X (sky130_fd_sc_hd__buf_12)
                                                         net48 (net)
                      0.037416    0.002173    6.706294 v hold95/A (sky130_fd_sc_hd__buf_12)
     8    0.191314    0.080240    0.108688    6.814982 v hold95/X (sky130_fd_sc_hd__buf_12)
                                                         net193 (net)
                      0.097591    0.027044    6.842026 v i_sram/BEN[26] (CF_SRAM_1024x32)
                                              6.842026   data arrival time

                                  0.000000    0.000000   clock clk (rise edge)
                                  5.570000    5.570000   clock source latency
     1    0.049890    0.610000    0.000000    5.570000 ^ wb_clk_i (in)
                                                         wb_clk_i (net)
                      0.623604    0.007142    5.577142 ^ clkbuf_0_wb_clk_i/A (sky130_fd_sc_hd__clkbuf_16)
     2    0.059415    0.071220    0.173432    5.750574 ^ clkbuf_0_wb_clk_i/X (sky130_fd_sc_hd__clkbuf_16)
                                                         clknet_0_wb_clk_i (net)
                      0.071254    0.000989    5.751563 ^ clkbuf_1_1__f_wb_clk_i/A (sky130_fd_sc_hd__clkbuf_16)
     1    0.133983    0.113878    0.160765    5.912327 ^ clkbuf_1_1__f_wb_clk_i/X (sky130_fd_sc_hd__clkbuf_16)
                                                         clknet_1_1__leaf_wb_clk_i (net)
                      0.115574    0.011577    5.923904 ^ i_sram/CLKin (CF_SRAM_1024x32)
                                  0.100000    6.023905   clock uncertainty
                                  0.000000    6.023905   clock reconvergence pessimism
                                  0.576888    6.600793   library hold time
                                              6.600793   data required time
---------------------------------------------------------------------------------------------
                                              6.600793   data required time
                                             -6.842026   data arrival time
---------------------------------------------------------------------------------------------
                                              0.241233   slack (MET)


Startpoint: wbs_sel_i[3] (input port clocked by clk)
Endpoint: i_sram (rising edge-triggered flip-flop clocked by clk)
Path Group: clk
Path Type: min

Fanout         Cap        Slew       Delay        Time   Description
---------------------------------------------------------------------------------------------
                                  0.000000    0.000000   clock clk (rise edge)
                                  4.650000    4.650000   clock network delay (propagated)
                                  1.190000    5.840000 v input external delay
     1    0.006853    0.090000    0.000000    5.840000 v wbs_sel_i[3] (in)
                                                         wbs_sel_i[3] (net)
                      0.090220    0.000104    5.840105 v hold96/A (sky130_fd_sc_hd__dlygate4sd3_1)
     1    0.004642    0.044557    0.373352    6.213457 v hold96/X (sky130_fd_sc_hd__dlygate4sd3_1)
                                                         net194 (net)
                      0.044557    0.000076    6.213533 v hold94/A (sky130_fd_sc_hd__dlygate4sd3_1)
     1    0.011151    0.065287    0.381475    6.595008 v hold94/X (sky130_fd_sc_hd__dlygate4sd3_1)
                                                         net192 (net)
                      0.065287    0.000197    6.595205 v input48/A (sky130_fd_sc_hd__buf_12)
     1    0.069507    0.037172    0.108916    6.704121 v input48/X (sky130_fd_sc_hd__buf_12)
                                                         net48 (net)
                      0.037416    0.002173    6.706294 v hold95/A (sky130_fd_sc_hd__buf_12)
     8    0.191314    0.080240    0.108688    6.814982 v hold95/X (sky130_fd_sc_hd__buf_12)
                                                         net193 (net)
                      0.098719    0.028056    6.843038 v i_sram/BEN[27] (CF_SRAM_1024x32)
                                              6.843038   data arrival time

                                  0.000000    0.000000   clock clk (rise edge)
                                  5.570000    5.570000   clock source latency
     1    0.049890    0.610000    0.000000    5.570000 ^ wb_clk_i (in)
                                                         wb_clk_i (net)
                      0.623604    0.007142    5.577142 ^ clkbuf_0_wb_clk_i/A (sky130_fd_sc_hd__clkbuf_16)
     2    0.059415    0.071220    0.173432    5.750574 ^ clkbuf_0_wb_clk_i/X (sky130_fd_sc_hd__clkbuf_16)
                                                         clknet_0_wb_clk_i (net)
                      0.071254    0.000989    5.751563 ^ clkbuf_1_1__f_wb_clk_i/A (sky130_fd_sc_hd__clkbuf_16)
     1    0.133983    0.113878    0.160765    5.912327 ^ clkbuf_1_1__f_wb_clk_i/X (sky130_fd_sc_hd__clkbuf_16)
                                                         clknet_1_1__leaf_wb_clk_i (net)
                      0.115574    0.011577    5.923904 ^ i_sram/CLKin (CF_SRAM_1024x32)
                                  0.100000    6.023905   clock uncertainty
                                  0.000000    6.023905   clock reconvergence pessimism
                                  0.576626    6.600531   library hold time
                                              6.600531   data required time
---------------------------------------------------------------------------------------------
                                              6.600531   data required time
                                             -6.843038   data arrival time
---------------------------------------------------------------------------------------------
                                              0.242507   slack (MET)


Startpoint: wbs_sel_i[3] (input port clocked by clk)
Endpoint: i_sram (rising edge-triggered flip-flop clocked by clk)
Path Group: clk
Path Type: min

Fanout         Cap        Slew       Delay        Time   Description
---------------------------------------------------------------------------------------------
                                  0.000000    0.000000   clock clk (rise edge)
                                  4.650000    4.650000   clock network delay (propagated)
                                  1.190000    5.840000 v input external delay
     1    0.006853    0.090000    0.000000    5.840000 v wbs_sel_i[3] (in)
                                                         wbs_sel_i[3] (net)
                      0.090220    0.000104    5.840105 v hold96/A (sky130_fd_sc_hd__dlygate4sd3_1)
     1    0.004642    0.044557    0.373352    6.213457 v hold96/X (sky130_fd_sc_hd__dlygate4sd3_1)
                                                         net194 (net)
                      0.044557    0.000076    6.213533 v hold94/A (sky130_fd_sc_hd__dlygate4sd3_1)
     1    0.011151    0.065287    0.381475    6.595008 v hold94/X (sky130_fd_sc_hd__dlygate4sd3_1)
                                                         net192 (net)
                      0.065287    0.000197    6.595205 v input48/A (sky130_fd_sc_hd__buf_12)
     1    0.069507    0.037172    0.108916    6.704121 v input48/X (sky130_fd_sc_hd__buf_12)
                                                         net48 (net)
                      0.037416    0.002173    6.706294 v hold95/A (sky130_fd_sc_hd__buf_12)
     8    0.191314    0.080240    0.108688    6.814982 v hold95/X (sky130_fd_sc_hd__buf_12)
                                                         net193 (net)
                      0.099937    0.029131    6.844113 v i_sram/BEN[28] (CF_SRAM_1024x32)
                                              6.844113   data arrival time

                                  0.000000    0.000000   clock clk (rise edge)
                                  5.570000    5.570000   clock source latency
     1    0.049890    0.610000    0.000000    5.570000 ^ wb_clk_i (in)
                                                         wb_clk_i (net)
                      0.623604    0.007142    5.577142 ^ clkbuf_0_wb_clk_i/A (sky130_fd_sc_hd__clkbuf_16)
     2    0.059415    0.071220    0.173432    5.750574 ^ clkbuf_0_wb_clk_i/X (sky130_fd_sc_hd__clkbuf_16)
                                                         clknet_0_wb_clk_i (net)
                      0.071254    0.000989    5.751563 ^ clkbuf_1_1__f_wb_clk_i/A (sky130_fd_sc_hd__clkbuf_16)
     1    0.133983    0.113878    0.160765    5.912327 ^ clkbuf_1_1__f_wb_clk_i/X (sky130_fd_sc_hd__clkbuf_16)
                                                         clknet_1_1__leaf_wb_clk_i (net)
                      0.115574    0.011577    5.923904 ^ i_sram/CLKin (CF_SRAM_1024x32)
                                  0.100000    6.023905   clock uncertainty
                                  0.000000    6.023905   clock reconvergence pessimism
                                  0.576343    6.600248   library hold time
                                              6.600248   data required time
---------------------------------------------------------------------------------------------
                                              6.600248   data required time
                                             -6.844113   data arrival time
---------------------------------------------------------------------------------------------
                                              0.243866   slack (MET)


Startpoint: wbs_sel_i[3] (input port clocked by clk)
Endpoint: i_sram (rising edge-triggered flip-flop clocked by clk)
Path Group: clk
Path Type: min

Fanout         Cap        Slew       Delay        Time   Description
---------------------------------------------------------------------------------------------
                                  0.000000    0.000000   clock clk (rise edge)
                                  4.650000    4.650000   clock network delay (propagated)
                                  1.190000    5.840000 v input external delay
     1    0.006853    0.090000    0.000000    5.840000 v wbs_sel_i[3] (in)
                                                         wbs_sel_i[3] (net)
                      0.090220    0.000104    5.840105 v hold96/A (sky130_fd_sc_hd__dlygate4sd3_1)
     1    0.004642    0.044557    0.373352    6.213457 v hold96/X (sky130_fd_sc_hd__dlygate4sd3_1)
                                                         net194 (net)
                      0.044557    0.000076    6.213533 v hold94/A (sky130_fd_sc_hd__dlygate4sd3_1)
     1    0.011151    0.065287    0.381475    6.595008 v hold94/X (sky130_fd_sc_hd__dlygate4sd3_1)
                                                         net192 (net)
                      0.065287    0.000197    6.595205 v input48/A (sky130_fd_sc_hd__buf_12)
     1    0.069507    0.037172    0.108916    6.704121 v input48/X (sky130_fd_sc_hd__buf_12)
                                                         net48 (net)
                      0.037416    0.002173    6.706294 v hold95/A (sky130_fd_sc_hd__buf_12)
     8    0.191314    0.080240    0.108688    6.814982 v hold95/X (sky130_fd_sc_hd__buf_12)
                                                         net193 (net)
                      0.100730    0.029821    6.844804 v i_sram/BEN[29] (CF_SRAM_1024x32)
                                              6.844804   data arrival time

                                  0.000000    0.000000   clock clk (rise edge)
                                  5.570000    5.570000   clock source latency
     1    0.049890    0.610000    0.000000    5.570000 ^ wb_clk_i (in)
                                                         wb_clk_i (net)
                      0.623604    0.007142    5.577142 ^ clkbuf_0_wb_clk_i/A (sky130_fd_sc_hd__clkbuf_16)
     2    0.059415    0.071220    0.173432    5.750574 ^ clkbuf_0_wb_clk_i/X (sky130_fd_sc_hd__clkbuf_16)
                                                         clknet_0_wb_clk_i (net)
                      0.071254    0.000989    5.751563 ^ clkbuf_1_1__f_wb_clk_i/A (sky130_fd_sc_hd__clkbuf_16)
     1    0.133983    0.113878    0.160765    5.912327 ^ clkbuf_1_1__f_wb_clk_i/X (sky130_fd_sc_hd__clkbuf_16)
                                                         clknet_1_1__leaf_wb_clk_i (net)
                      0.115574    0.011577    5.923904 ^ i_sram/CLKin (CF_SRAM_1024x32)
                                  0.100000    6.023905   clock uncertainty
                                  0.000000    6.023905   clock reconvergence pessimism
                                  0.576159    6.600063   library hold time
                                              6.600063   data required time
---------------------------------------------------------------------------------------------
                                              6.600063   data required time
                                             -6.844804   data arrival time
---------------------------------------------------------------------------------------------
                                              0.244740   slack (MET)


Startpoint: wbs_sel_i[3] (input port clocked by clk)
Endpoint: i_sram (rising edge-triggered flip-flop clocked by clk)
Path Group: clk
Path Type: min

Fanout         Cap        Slew       Delay        Time   Description
---------------------------------------------------------------------------------------------
                                  0.000000    0.000000   clock clk (rise edge)
                                  4.650000    4.650000   clock network delay (propagated)
                                  1.190000    5.840000 v input external delay
     1    0.006853    0.090000    0.000000    5.840000 v wbs_sel_i[3] (in)
                                                         wbs_sel_i[3] (net)
                      0.090220    0.000104    5.840105 v hold96/A (sky130_fd_sc_hd__dlygate4sd3_1)
     1    0.004642    0.044557    0.373352    6.213457 v hold96/X (sky130_fd_sc_hd__dlygate4sd3_1)
                                                         net194 (net)
                      0.044557    0.000076    6.213533 v hold94/A (sky130_fd_sc_hd__dlygate4sd3_1)
     1    0.011151    0.065287    0.381475    6.595008 v hold94/X (sky130_fd_sc_hd__dlygate4sd3_1)
                                                         net192 (net)
                      0.065287    0.000197    6.595205 v input48/A (sky130_fd_sc_hd__buf_12)
     1    0.069507    0.037172    0.108916    6.704121 v input48/X (sky130_fd_sc_hd__buf_12)
                                                         net48 (net)
                      0.037416    0.002173    6.706294 v hold95/A (sky130_fd_sc_hd__buf_12)
     8    0.191314    0.080240    0.108688    6.814982 v hold95/X (sky130_fd_sc_hd__buf_12)
                                                         net193 (net)
                      0.101121    0.030159    6.845141 v i_sram/BEN[30] (CF_SRAM_1024x32)
                                              6.845141   data arrival time

                                  0.000000    0.000000   clock clk (rise edge)
                                  5.570000    5.570000   clock source latency
     1    0.049890    0.610000    0.000000    5.570000 ^ wb_clk_i (in)
                                                         wb_clk_i (net)
                      0.623604    0.007142    5.577142 ^ clkbuf_0_wb_clk_i/A (sky130_fd_sc_hd__clkbuf_16)
     2    0.059415    0.071220    0.173432    5.750574 ^ clkbuf_0_wb_clk_i/X (sky130_fd_sc_hd__clkbuf_16)
                                                         clknet_0_wb_clk_i (net)
                      0.071254    0.000989    5.751563 ^ clkbuf_1_1__f_wb_clk_i/A (sky130_fd_sc_hd__clkbuf_16)
     1    0.133983    0.113878    0.160765    5.912327 ^ clkbuf_1_1__f_wb_clk_i/X (sky130_fd_sc_hd__clkbuf_16)
                                                         clknet_1_1__leaf_wb_clk_i (net)
                      0.115574    0.011577    5.923904 ^ i_sram/CLKin (CF_SRAM_1024x32)
                                  0.100000    6.023905   clock uncertainty
                                  0.000000    6.023905   clock reconvergence pessimism
                                  0.576068    6.599973   library hold time
                                              6.599973   data required time
---------------------------------------------------------------------------------------------
                                              6.599973   data required time
                                             -6.845141   data arrival time
---------------------------------------------------------------------------------------------
                                              0.245168   slack (MET)


Startpoint: wbs_sel_i[3] (input port clocked by clk)
Endpoint: i_sram (rising edge-triggered flip-flop clocked by clk)
Path Group: clk
Path Type: min

Fanout         Cap        Slew       Delay        Time   Description
---------------------------------------------------------------------------------------------
                                  0.000000    0.000000   clock clk (rise edge)
                                  4.650000    4.650000   clock network delay (propagated)
                                  1.190000    5.840000 v input external delay
     1    0.006853    0.090000    0.000000    5.840000 v wbs_sel_i[3] (in)
                                                         wbs_sel_i[3] (net)
                      0.090220    0.000104    5.840105 v hold96/A (sky130_fd_sc_hd__dlygate4sd3_1)
     1    0.004642    0.044557    0.373352    6.213457 v hold96/X (sky130_fd_sc_hd__dlygate4sd3_1)
                                                         net194 (net)
                      0.044557    0.000076    6.213533 v hold94/A (sky130_fd_sc_hd__dlygate4sd3_1)
     1    0.011151    0.065287    0.381475    6.595008 v hold94/X (sky130_fd_sc_hd__dlygate4sd3_1)
                                                         net192 (net)
                      0.065287    0.000197    6.595205 v input48/A (sky130_fd_sc_hd__buf_12)
     1    0.069507    0.037172    0.108916    6.704121 v input48/X (sky130_fd_sc_hd__buf_12)
                                                         net48 (net)
                      0.037416    0.002173    6.706294 v hold95/A (sky130_fd_sc_hd__buf_12)
     8    0.191314    0.080240    0.108688    6.814982 v hold95/X (sky130_fd_sc_hd__buf_12)
                                                         net193 (net)
                      0.101239    0.030261    6.845243 v i_sram/BEN[31] (CF_SRAM_1024x32)
                                              6.845243   data arrival time

                                  0.000000    0.000000   clock clk (rise edge)
                                  5.570000    5.570000   clock source latency
     1    0.049890    0.610000    0.000000    5.570000 ^ wb_clk_i (in)
                                                         wb_clk_i (net)
                      0.623604    0.007142    5.577142 ^ clkbuf_0_wb_clk_i/A (sky130_fd_sc_hd__clkbuf_16)
     2    0.059415    0.071220    0.173432    5.750574 ^ clkbuf_0_wb_clk_i/X (sky130_fd_sc_hd__clkbuf_16)
                                                         clknet_0_wb_clk_i (net)
                      0.071254    0.000989    5.751563 ^ clkbuf_1_1__f_wb_clk_i/A (sky130_fd_sc_hd__clkbuf_16)
     1    0.133983    0.113878    0.160765    5.912327 ^ clkbuf_1_1__f_wb_clk_i/X (sky130_fd_sc_hd__clkbuf_16)
                                                         clknet_1_1__leaf_wb_clk_i (net)
                      0.115574    0.011577    5.923904 ^ i_sram/CLKin (CF_SRAM_1024x32)
                                  0.100000    6.023905   clock uncertainty
                                  0.000000    6.023905   clock reconvergence pessimism
                                  0.576041    6.599945   library hold time
                                              6.599945   data required time
---------------------------------------------------------------------------------------------
                                              6.599945   data required time
                                             -6.845243   data arrival time
---------------------------------------------------------------------------------------------
                                              0.245298   slack (MET)


Startpoint: wbs_dat_i[15] (input port clocked by clk)
Endpoint: i_sram (rising edge-triggered flip-flop clocked by clk)
Path Group: clk
Path Type: min

Fanout         Cap        Slew       Delay        Time   Description
---------------------------------------------------------------------------------------------
                                  0.000000    0.000000   clock clk (rise edge)
                                  4.650000    4.650000   clock network delay (propagated)
                                  1.040000    5.690000 v input external delay
     1    0.003189    0.070000    0.000000    5.690000 v wbs_dat_i[15] (in)
                                                         wbs_dat_i[15] (net)
                      0.070049    0.000023    5.690023 v hold97/A (sky130_fd_sc_hd__dlygate4sd3_1)
     1    0.001960    0.035255    0.351684    6.041708 v hold97/X (sky130_fd_sc_hd__dlygate4sd3_1)
                                                         net195 (net)
                      0.035255    0.000016    6.041723 v hold1/A (sky130_fd_sc_hd__dlygate4sd3_1)
     1    0.001807    0.035164    0.337785    6.379508 v hold1/X (sky130_fd_sc_hd__dlygate4sd3_1)
                                                         net99 (net)
                      0.035164    0.000006    6.379515 v input19/A (sky130_fd_sc_hd__buf_2)
     1    0.010818    0.029332    0.083574    6.463089 v input19/X (sky130_fd_sc_hd__buf_2)
                                                         net19 (net)
                      0.029336    0.000365    6.463454 v hold2/A (sky130_fd_sc_hd__dlygate4sd3_1)
     1    0.031326    0.123879    0.432318    6.895772 v hold2/X (sky130_fd_sc_hd__dlygate4sd3_1)
                                                         net100 (net)
                      0.123900    0.001555    6.897327 v i_sram/DI[15] (CF_SRAM_1024x32)
                                              6.897327   data arrival time

                                  0.000000    0.000000   clock clk (rise edge)
                                  5.570000    5.570000   clock source latency
     1    0.049890    0.610000    0.000000    5.570000 ^ wb_clk_i (in)
                                                         wb_clk_i (net)
                      0.623604    0.007142    5.577142 ^ clkbuf_0_wb_clk_i/A (sky130_fd_sc_hd__clkbuf_16)
     2    0.059415    0.071220    0.173432    5.750574 ^ clkbuf_0_wb_clk_i/X (sky130_fd_sc_hd__clkbuf_16)
                                                         clknet_0_wb_clk_i (net)
                      0.071254    0.000989    5.751563 ^ clkbuf_1_1__f_wb_clk_i/A (sky130_fd_sc_hd__clkbuf_16)
     1    0.133983    0.113878    0.160765    5.912327 ^ clkbuf_1_1__f_wb_clk_i/X (sky130_fd_sc_hd__clkbuf_16)
                                                         clknet_1_1__leaf_wb_clk_i (net)
                      0.115574    0.011577    5.923904 ^ i_sram/CLKin (CF_SRAM_1024x32)
                                  0.100000    6.023905   clock uncertainty
                                  0.000000    6.023905   clock reconvergence pessimism
                                  0.582260    6.606165   library hold time
                                              6.606165   data required time
---------------------------------------------------------------------------------------------
                                              6.606165   data required time
                                             -6.897327   data arrival time
---------------------------------------------------------------------------------------------
                                              0.291162   slack (MET)


Startpoint: wbs_dat_i[13] (input port clocked by clk)
Endpoint: i_sram (rising edge-triggered flip-flop clocked by clk)
Path Group: clk
Path Type: min

Fanout         Cap        Slew       Delay        Time   Description
---------------------------------------------------------------------------------------------
                                  0.000000    0.000000   clock clk (rise edge)
                                  4.650000    4.650000   clock network delay (propagated)
                                  1.040000    5.690000 v input external delay
     1    0.002453    0.070000    0.000000    5.690000 v wbs_dat_i[13] (in)
                                                         wbs_dat_i[13] (net)
                      0.070027    0.000012    5.690012 v hold99/A (sky130_fd_sc_hd__dlygate4sd3_1)
     1    0.002280    0.036392    0.353503    6.043516 v hold99/X (sky130_fd_sc_hd__dlygate4sd3_1)
                                                         net197 (net)
                      0.036392    0.000021    6.043537 v hold21/A (sky130_fd_sc_hd__dlygate4sd3_1)
     1    0.002014    0.035385    0.339378    6.382915 v hold21/X (sky130_fd_sc_hd__dlygate4sd3_1)
                                                         net119 (net)
                      0.035385    0.000016    6.382930 v input17/A (sky130_fd_sc_hd__buf_2)
     1    0.010297    0.028496    0.082800    6.465730 v input17/X (sky130_fd_sc_hd__buf_2)
                                                         net17 (net)
                      0.028501    0.000369    6.466099 v hold22/A (sky130_fd_sc_hd__dlygate4sd3_1)
     1    0.036720    0.139608    0.444332    6.910431 v hold22/X (sky130_fd_sc_hd__dlygate4sd3_1)
                                                         net120 (net)
                      0.139664    0.002481    6.912913 v i_sram/DI[13] (CF_SRAM_1024x32)
                                              6.912913   data arrival time

                                  0.000000    0.000000   clock clk (rise edge)
                                  5.570000    5.570000   clock source latency
     1    0.049890    0.610000    0.000000    5.570000 ^ wb_clk_i (in)
                                                         wb_clk_i (net)
                      0.623604    0.007142    5.577142 ^ clkbuf_0_wb_clk_i/A (sky130_fd_sc_hd__clkbuf_16)
     2    0.059415    0.071220    0.173432    5.750574 ^ clkbuf_0_wb_clk_i/X (sky130_fd_sc_hd__clkbuf_16)
                                                         clknet_0_wb_clk_i (net)
                      0.071254    0.000989    5.751563 ^ clkbuf_1_1__f_wb_clk_i/A (sky130_fd_sc_hd__clkbuf_16)
     1    0.133983    0.113878    0.160765    5.912327 ^ clkbuf_1_1__f_wb_clk_i/X (sky130_fd_sc_hd__clkbuf_16)
                                                         clknet_1_1__leaf_wb_clk_i (net)
                      0.115574    0.011577    5.923904 ^ i_sram/CLKin (CF_SRAM_1024x32)
                                  0.100000    6.023905   clock uncertainty
                                  0.000000    6.023905   clock reconvergence pessimism
                                  0.578097    6.602001   library hold time
                                              6.602001   data required time
---------------------------------------------------------------------------------------------
                                              6.602001   data required time
                                             -6.912913   data arrival time
---------------------------------------------------------------------------------------------
                                              0.310911   slack (MET)


Startpoint: wbs_dat_i[14] (input port clocked by clk)
Endpoint: i_sram (rising edge-triggered flip-flop clocked by clk)
Path Group: clk
Path Type: min

Fanout         Cap        Slew       Delay        Time   Description
---------------------------------------------------------------------------------------------
                                  0.000000    0.000000   clock clk (rise edge)
                                  4.650000    4.650000   clock network delay (propagated)
                                  1.040000    5.690000 v input external delay
     1    0.002713    0.070000    0.000000    5.690000 v wbs_dat_i[14] (in)
                                                         wbs_dat_i[14] (net)
                      0.070034    0.000016    5.690016 v hold98/A (sky130_fd_sc_hd__dlygate4sd3_1)
     1    0.003531    0.041369    0.360656    6.050672 v hold98/X (sky130_fd_sc_hd__dlygate4sd3_1)
                                                         net196 (net)
                      0.041369    0.000048    6.050720 v hold17/A (sky130_fd_sc_hd__dlygate4sd3_1)
     1    0.003280    0.040198    0.348407    6.399127 v hold17/X (sky130_fd_sc_hd__dlygate4sd3_1)
                                                         net115 (net)
                      0.040198    0.000042    6.399169 v input18/A (sky130_fd_sc_hd__buf_2)
     1    0.010519    0.028841    0.084993    6.484162 v input18/X (sky130_fd_sc_hd__buf_2)
                                                         net18 (net)
                      0.028846    0.000373    6.484535 v hold18/A (sky130_fd_sc_hd__dlygate4sd3_1)
     1    0.032486    0.127152    0.435243    6.919777 v hold18/X (sky130_fd_sc_hd__dlygate4sd3_1)
                                                         net116 (net)
                      0.127157    0.000911    6.920689 v i_sram/DI[14] (CF_SRAM_1024x32)
                                              6.920689   data arrival time

                                  0.000000    0.000000   clock clk (rise edge)
                                  5.570000    5.570000   clock source latency
     1    0.049890    0.610000    0.000000    5.570000 ^ wb_clk_i (in)
                                                         wb_clk_i (net)
                      0.623604    0.007142    5.577142 ^ clkbuf_0_wb_clk_i/A (sky130_fd_sc_hd__clkbuf_16)
     2    0.059415    0.071220    0.173432    5.750574 ^ clkbuf_0_wb_clk_i/X (sky130_fd_sc_hd__clkbuf_16)
                                                         clknet_0_wb_clk_i (net)
                      0.071254    0.000989    5.751563 ^ clkbuf_1_1__f_wb_clk_i/A (sky130_fd_sc_hd__clkbuf_16)
     1    0.133983    0.113878    0.160765    5.912327 ^ clkbuf_1_1__f_wb_clk_i/X (sky130_fd_sc_hd__clkbuf_16)
                                                         clknet_1_1__leaf_wb_clk_i (net)
                      0.115574    0.011577    5.923904 ^ i_sram/CLKin (CF_SRAM_1024x32)
                                  0.100000    6.023905   clock uncertainty
                                  0.000000    6.023905   clock reconvergence pessimism
                                  0.581400    6.605305   library hold time
                                              6.605305   data required time
---------------------------------------------------------------------------------------------
                                              6.605305   data required time
                                             -6.920689   data arrival time
---------------------------------------------------------------------------------------------
                                              0.315384   slack (MET)


Startpoint: wbs_dat_i[12] (input port clocked by clk)
Endpoint: i_sram (rising edge-triggered flip-flop clocked by clk)
Path Group: clk
Path Type: min

Fanout         Cap        Slew       Delay        Time   Description
---------------------------------------------------------------------------------------------
                                  0.000000    0.000000   clock clk (rise edge)
                                  4.650000    4.650000   clock network delay (propagated)
                                  1.040000    5.690000 v input external delay
     1    0.004269    0.070000    0.000000    5.690000 v wbs_dat_i[12] (in)
                                                         wbs_dat_i[12] (net)
                      0.070089    0.000043    5.690043 v hold100/A (sky130_fd_sc_hd__dlygate4sd3_1)
     1    0.003436    0.040900    0.360135    6.050179 v hold100/X (sky130_fd_sc_hd__dlygate4sd3_1)
                                                         net198 (net)
                      0.040900    0.000043    6.050221 v hold27/A (sky130_fd_sc_hd__dlygate4sd3_1)
     1    0.001807    0.035206    0.339826    6.390048 v hold27/X (sky130_fd_sc_hd__dlygate4sd3_1)
                                                         net125 (net)
                      0.035206    0.000006    6.390054 v input16/A (sky130_fd_sc_hd__buf_2)
     1    0.010949    0.029588    0.083743    6.473797 v input16/X (sky130_fd_sc_hd__buf_2)
                                                         net16 (net)
                      0.029595    0.000425    6.474222 v hold28/A (sky130_fd_sc_hd__dlygate4sd3_1)
     1    0.038073    0.143656    0.447658    6.921880 v hold28/X (sky130_fd_sc_hd__dlygate4sd3_1)
                                                         net126 (net)
                      0.143740    0.003050    6.924930 v i_sram/DI[12] (CF_SRAM_1024x32)
                                              6.924930   data arrival time

                                  0.000000    0.000000   clock clk (rise edge)
                                  5.570000    5.570000   clock source latency
     1    0.049890    0.610000    0.000000    5.570000 ^ wb_clk_i (in)
                                                         wb_clk_i (net)
                      0.623604    0.007142    5.577142 ^ clkbuf_0_wb_clk_i/A (sky130_fd_sc_hd__clkbuf_16)
     2    0.059415    0.071220    0.173432    5.750574 ^ clkbuf_0_wb_clk_i/X (sky130_fd_sc_hd__clkbuf_16)
                                                         clknet_0_wb_clk_i (net)
                      0.071254    0.000989    5.751563 ^ clkbuf_1_1__f_wb_clk_i/A (sky130_fd_sc_hd__clkbuf_16)
     1    0.133983    0.113878    0.160765    5.912327 ^ clkbuf_1_1__f_wb_clk_i/X (sky130_fd_sc_hd__clkbuf_16)
                                                         clknet_1_1__leaf_wb_clk_i (net)
                      0.115574    0.011577    5.923904 ^ i_sram/CLKin (CF_SRAM_1024x32)
                                  0.100000    6.023905   clock uncertainty
                                  0.000000    6.023905   clock reconvergence pessimism
                                  0.577020    6.600924   library hold time
                                              6.600924   data required time
---------------------------------------------------------------------------------------------
                                              6.600924   data required time
                                             -6.924930   data arrival time
---------------------------------------------------------------------------------------------
                                              0.324006   slack (MET)


Startpoint: wbs_dat_i[11] (input port clocked by clk)
Endpoint: i_sram (rising edge-triggered flip-flop clocked by clk)
Path Group: clk
Path Type: min

Fanout         Cap        Slew       Delay        Time   Description
---------------------------------------------------------------------------------------------
                                  0.000000    0.000000   clock clk (rise edge)
                                  4.650000    4.650000   clock network delay (propagated)
                                  1.040000    5.690000 v input external delay
     1    0.004437    0.070000    0.000000    5.690000 v wbs_dat_i[11] (in)
                                                         wbs_dat_i[11] (net)
                      0.070098    0.000047    5.690047 v hold101/A (sky130_fd_sc_hd__dlygate4sd3_1)
     1    0.003563    0.041535    0.360868    6.050915 v hold101/X (sky130_fd_sc_hd__dlygate4sd3_1)
                                                         net199 (net)
                      0.041535    0.000044    6.050959 v hold35/A (sky130_fd_sc_hd__dlygate4sd3_1)
     1    0.002314    0.036496    0.342955    6.393914 v hold35/X (sky130_fd_sc_hd__dlygate4sd3_1)
                                                         net133 (net)
                      0.036496    0.000013    6.393927 v input15/A (sky130_fd_sc_hd__buf_2)
     1    0.011913    0.031154    0.085821    6.479747 v input15/X (sky130_fd_sc_hd__buf_2)
                                                         net15 (net)
                      0.031161    0.000431    6.480178 v hold36/A (sky130_fd_sc_hd__dlygate4sd3_1)
     1    0.043367    0.159497    0.460332    6.940510 v hold36/X (sky130_fd_sc_hd__dlygate4sd3_1)
                                                         net134 (net)
                      0.159621    0.003830    6.944340 v i_sram/DI[11] (CF_SRAM_1024x32)
                                              6.944340   data arrival time

                                  0.000000    0.000000   clock clk (rise edge)
                                  5.570000    5.570000   clock source latency
     1    0.049890    0.610000    0.000000    5.570000 ^ wb_clk_i (in)
                                                         wb_clk_i (net)
                      0.623604    0.007142    5.577142 ^ clkbuf_0_wb_clk_i/A (sky130_fd_sc_hd__clkbuf_16)
     2    0.059415    0.071220    0.173432    5.750574 ^ clkbuf_0_wb_clk_i/X (sky130_fd_sc_hd__clkbuf_16)
                                                         clknet_0_wb_clk_i (net)
                      0.071254    0.000989    5.751563 ^ clkbuf_1_1__f_wb_clk_i/A (sky130_fd_sc_hd__clkbuf_16)
     1    0.133983    0.113878    0.160765    5.912327 ^ clkbuf_1_1__f_wb_clk_i/X (sky130_fd_sc_hd__clkbuf_16)
                                                         clknet_1_1__leaf_wb_clk_i (net)
                      0.115574    0.011577    5.923904 ^ i_sram/CLKin (CF_SRAM_1024x32)
                                  0.100000    6.023905   clock uncertainty
                                  0.000000    6.023905   clock reconvergence pessimism
                                  0.572825    6.596730   library hold time
                                              6.596730   data required time
---------------------------------------------------------------------------------------------
                                              6.596730   data required time
                                             -6.944340   data arrival time
---------------------------------------------------------------------------------------------
                                              0.347610   slack (MET)


Startpoint: wbs_dat_i[9] (input port clocked by clk)
Endpoint: i_sram (rising edge-triggered flip-flop clocked by clk)
Path Group: clk
Path Type: min

Fanout         Cap        Slew       Delay        Time   Description
---------------------------------------------------------------------------------------------
                                  0.000000    0.000000   clock clk (rise edge)
                                  4.650000    4.650000   clock network delay (propagated)
                                  1.040000    5.690000 v input external delay
     1    0.003545    0.070000    0.000000    5.690000 v wbs_dat_i[9] (in)
                                                         wbs_dat_i[9] (net)
                      0.070059    0.000028    5.690028 v hold103/A (sky130_fd_sc_hd__dlygate4sd3_1)
     1    0.002255    0.036305    0.353376    6.043404 v hold103/X (sky130_fd_sc_hd__dlygate4sd3_1)
                                                         net201 (net)
                      0.036305    0.000020    6.043424 v hold13/A (sky130_fd_sc_hd__dlygate4sd3_1)
     1    0.002626    0.037412    0.342843    6.386267 v hold13/X (sky130_fd_sc_hd__dlygate4sd3_1)
                                                         net111 (net)
                      0.037412    0.000024    6.386291 v input44/A (sky130_fd_sc_hd__clkbuf_4)
     1    0.014237    0.033338    0.097616    6.483907 v input44/X (sky130_fd_sc_hd__clkbuf_4)
                                                         net44 (net)
                      0.033353    0.000630    6.484537 v hold14/A (sky130_fd_sc_hd__dlygate4sd3_1)
     1    0.044604    0.163635    0.464574    6.949111 v hold14/X (sky130_fd_sc_hd__dlygate4sd3_1)
                                                         net112 (net)
                      0.163702    0.002951    6.952061 v i_sram/DI[9] (CF_SRAM_1024x32)
                                              6.952061   data arrival time

                                  0.000000    0.000000   clock clk (rise edge)
                                  5.570000    5.570000   clock source latency
     1    0.049890    0.610000    0.000000    5.570000 ^ wb_clk_i (in)
                                                         wb_clk_i (net)
                      0.623604    0.007142    5.577142 ^ clkbuf_0_wb_clk_i/A (sky130_fd_sc_hd__clkbuf_16)
     2    0.059415    0.071220    0.173432    5.750574 ^ clkbuf_0_wb_clk_i/X (sky130_fd_sc_hd__clkbuf_16)
                                                         clknet_0_wb_clk_i (net)
                      0.071254    0.000989    5.751563 ^ clkbuf_1_1__f_wb_clk_i/A (sky130_fd_sc_hd__clkbuf_16)
     1    0.133983    0.113878    0.160765    5.912327 ^ clkbuf_1_1__f_wb_clk_i/X (sky130_fd_sc_hd__clkbuf_16)
                                                         clknet_1_1__leaf_wb_clk_i (net)
                      0.115574    0.011577    5.923904 ^ i_sram/CLKin (CF_SRAM_1024x32)
                                  0.100000    6.023905   clock uncertainty
                                  0.000000    6.023905   clock reconvergence pessimism
                                  0.571747    6.595652   library hold time
                                              6.595652   data required time
---------------------------------------------------------------------------------------------
                                              6.595652   data required time
                                             -6.952061   data arrival time
---------------------------------------------------------------------------------------------
                                              0.356410   slack (MET)


Startpoint: wbs_dat_i[8] (input port clocked by clk)
Endpoint: i_sram (rising edge-triggered flip-flop clocked by clk)
Path Group: clk
Path Type: min

Fanout         Cap        Slew       Delay        Time   Description
---------------------------------------------------------------------------------------------
                                  0.000000    0.000000   clock clk (rise edge)
                                  4.650000    4.650000   clock network delay (propagated)
                                  1.040000    5.690000 v input external delay
     1    0.003324    0.070000    0.000000    5.690000 v wbs_dat_i[8] (in)
                                                         wbs_dat_i[8] (net)
                      0.070054    0.000025    5.690025 v hold104/A (sky130_fd_sc_hd__dlygate4sd3_1)
     1    0.001761    0.035065    0.350551    6.040576 v hold104/X (sky130_fd_sc_hd__dlygate4sd3_1)
                                                         net202 (net)
                      0.035065    0.000006    6.040583 v hold23/A (sky130_fd_sc_hd__dlygate4sd3_1)
     1    0.002182    0.036785    0.339859    6.380442 v hold23/X (sky130_fd_sc_hd__dlygate4sd3_1)
                                                         net121 (net)
                      0.036785    0.000008    6.380450 v input43/A (sky130_fd_sc_hd__clkbuf_4)
     1    0.015861    0.035538    0.099583    6.480033 v input43/X (sky130_fd_sc_hd__clkbuf_4)
                                                         net43 (net)
                      0.035556    0.000703    6.480736 v hold24/A (sky130_fd_sc_hd__dlygate4sd3_1)
     1    0.045745    0.166673    0.467014    6.947750 v hold24/X (sky130_fd_sc_hd__dlygate4sd3_1)
                                                         net122 (net)
                      0.166853    0.004665    6.952415 v i_sram/DI[8] (CF_SRAM_1024x32)
                                              6.952415   data arrival time

                                  0.000000    0.000000   clock clk (rise edge)
                                  5.570000    5.570000   clock source latency
     1    0.049890    0.610000    0.000000    5.570000 ^ wb_clk_i (in)
                                                         wb_clk_i (net)
                      0.623604    0.007142    5.577142 ^ clkbuf_0_wb_clk_i/A (sky130_fd_sc_hd__clkbuf_16)
     2    0.059415    0.071220    0.173432    5.750574 ^ clkbuf_0_wb_clk_i/X (sky130_fd_sc_hd__clkbuf_16)
                                                         clknet_0_wb_clk_i (net)
                      0.071254    0.000989    5.751563 ^ clkbuf_1_1__f_wb_clk_i/A (sky130_fd_sc_hd__clkbuf_16)
     1    0.133983    0.113878    0.160765    5.912327 ^ clkbuf_1_1__f_wb_clk_i/X (sky130_fd_sc_hd__clkbuf_16)
                                                         clknet_1_1__leaf_wb_clk_i (net)
                      0.115574    0.011577    5.923904 ^ i_sram/CLKin (CF_SRAM_1024x32)
                                  0.100000    6.023905   clock uncertainty
                                  0.000000    6.023905   clock reconvergence pessimism
                                  0.570915    6.594820   library hold time
                                              6.594820   data required time
---------------------------------------------------------------------------------------------
                                              6.594820   data required time
                                             -6.952415   data arrival time
---------------------------------------------------------------------------------------------
                                              0.357596   slack (MET)


Startpoint: wbs_dat_i[10] (input port clocked by clk)
Endpoint: i_sram (rising edge-triggered flip-flop clocked by clk)
Path Group: clk
Path Type: min

Fanout         Cap        Slew       Delay        Time   Description
---------------------------------------------------------------------------------------------
                                  0.000000    0.000000   clock clk (rise edge)
                                  4.650000    4.650000   clock network delay (propagated)
                                  1.040000    5.690000 v input external delay
     1    0.003709    0.070000    0.000000    5.690000 v wbs_dat_i[10] (in)
                                                         wbs_dat_i[10] (net)
                      0.070062    0.000029    5.690030 v hold102/A (sky130_fd_sc_hd__dlygate4sd3_1)
     1    0.001930    0.035147    0.351516    6.041546 v hold102/X (sky130_fd_sc_hd__dlygate4sd3_1)
                                                         net200 (net)
                      0.035147    0.000015    6.041561 v hold5/A (sky130_fd_sc_hd__dlygate4sd3_1)
     1    0.002599    0.037336    0.342271    6.383832 v hold5/X (sky130_fd_sc_hd__dlygate4sd3_1)
                                                         net103 (net)
                      0.037336    0.000024    6.383855 v input14/A (sky130_fd_sc_hd__clkbuf_4)
     1    0.013400    0.032138    0.096576    6.480432 v input14/X (sky130_fd_sc_hd__clkbuf_4)
                                                         net14 (net)
                      0.032143    0.000417    6.480848 v hold6/A (sky130_fd_sc_hd__dlygate4sd3_1)
     1    0.046202    0.168020    0.467128    6.947976 v hold6/X (sky130_fd_sc_hd__dlygate4sd3_1)
                                                         net104 (net)
                      0.168180    0.004452    6.952428 v i_sram/DI[10] (CF_SRAM_1024x32)
                                              6.952428   data arrival time

                                  0.000000    0.000000   clock clk (rise edge)
                                  5.570000    5.570000   clock source latency
     1    0.049890    0.610000    0.000000    5.570000 ^ wb_clk_i (in)
                                                         wb_clk_i (net)
                      0.623604    0.007142    5.577142 ^ clkbuf_0_wb_clk_i/A (sky130_fd_sc_hd__clkbuf_16)
     2    0.059415    0.071220    0.173432    5.750574 ^ clkbuf_0_wb_clk_i/X (sky130_fd_sc_hd__clkbuf_16)
                                                         clknet_0_wb_clk_i (net)
                      0.071254    0.000989    5.751563 ^ clkbuf_1_1__f_wb_clk_i/A (sky130_fd_sc_hd__clkbuf_16)
     1    0.133983    0.113878    0.160765    5.912327 ^ clkbuf_1_1__f_wb_clk_i/X (sky130_fd_sc_hd__clkbuf_16)
                                                         clknet_1_1__leaf_wb_clk_i (net)
                      0.115574    0.011577    5.923904 ^ i_sram/CLKin (CF_SRAM_1024x32)
                                  0.100000    6.023905   clock uncertainty
                                  0.000000    6.023905   clock reconvergence pessimism
                                  0.570564    6.594469   library hold time
                                              6.594469   data required time
---------------------------------------------------------------------------------------------
                                              6.594469   data required time
                                             -6.952428   data arrival time
---------------------------------------------------------------------------------------------
                                              0.357959   slack (MET)


Startpoint: wbs_dat_i[28] (input port clocked by clk)
Endpoint: i_sram (rising edge-triggered flip-flop clocked by clk)
Path Group: clk
Path Type: min

Fanout         Cap        Slew       Delay        Time   Description
---------------------------------------------------------------------------------------------
                                  0.000000    0.000000   clock clk (rise edge)
                                  4.650000    4.650000   clock network delay (propagated)
                                  1.040000    5.690000 v input external delay
     1    0.002232    0.070000    0.000000    5.690000 v wbs_dat_i[28] (in)
                                                         wbs_dat_i[28] (net)
                      0.070020    0.000009    5.690010 v hold123/A (sky130_fd_sc_hd__dlygate4sd3_1)
     1    0.003043    0.039075    0.357859    6.047868 v hold123/X (sky130_fd_sc_hd__dlygate4sd3_1)
                                                         net221 (net)
                      0.039075    0.000039    6.047907 v hold11/A (sky130_fd_sc_hd__dlygate4sd3_1)
     1    0.002960    0.038756    0.345755    6.393662 v hold11/X (sky130_fd_sc_hd__dlygate4sd3_1)
                                                         net109 (net)
                      0.038756    0.000027    6.393689 v input33/A (sky130_fd_sc_hd__buf_4)
     1    0.027901    0.038452    0.102880    6.496569 v input33/X (sky130_fd_sc_hd__buf_4)
                                                         net33 (net)
                      0.038964    0.003248    6.499817 v hold12/A (sky130_fd_sc_hd__dlygate4sd3_1)
     1    0.041252    0.153123    0.457782    6.957599 v hold12/X (sky130_fd_sc_hd__dlygate4sd3_1)
                                                         net110 (net)
                      0.153321    0.004680    6.962279 v i_sram/DI[28] (CF_SRAM_1024x32)
                                              6.962279   data arrival time

                                  0.000000    0.000000   clock clk (rise edge)
                                  5.570000    5.570000   clock source latency
     1    0.049890    0.610000    0.000000    5.570000 ^ wb_clk_i (in)
                                                         wb_clk_i (net)
                      0.623604    0.007142    5.577142 ^ clkbuf_0_wb_clk_i/A (sky130_fd_sc_hd__clkbuf_16)
     2    0.059415    0.071220    0.173432    5.750574 ^ clkbuf_0_wb_clk_i/X (sky130_fd_sc_hd__clkbuf_16)
                                                         clknet_0_wb_clk_i (net)
                      0.071254    0.000989    5.751563 ^ clkbuf_1_1__f_wb_clk_i/A (sky130_fd_sc_hd__clkbuf_16)
     1    0.133983    0.113878    0.160765    5.912327 ^ clkbuf_1_1__f_wb_clk_i/X (sky130_fd_sc_hd__clkbuf_16)
                                                         clknet_1_1__leaf_wb_clk_i (net)
                      0.115574    0.011577    5.923904 ^ i_sram/CLKin (CF_SRAM_1024x32)
                                  0.100000    6.023905   clock uncertainty
                                  0.000000    6.023905   clock reconvergence pessimism
                                  0.574489    6.598394   library hold time
                                              6.598394   data required time
---------------------------------------------------------------------------------------------
                                              6.598394   data required time
                                             -6.962279   data arrival time
---------------------------------------------------------------------------------------------
                                              0.363885   slack (MET)


Startpoint: wbs_dat_i[17] (input port clocked by clk)
Endpoint: i_sram (rising edge-triggered flip-flop clocked by clk)
Path Group: clk
Path Type: min

Fanout         Cap        Slew       Delay        Time   Description
---------------------------------------------------------------------------------------------
                                  0.000000    0.000000   clock clk (rise edge)
                                  4.650000    4.650000   clock network delay (propagated)
                                  1.040000    5.690000 v input external delay
     1    0.003709    0.070000    0.000000    5.690000 v wbs_dat_i[17] (in)
                                                         wbs_dat_i[17] (net)
                      0.070065    0.000031    5.690031 v hold110/A (sky130_fd_sc_hd__dlygate4sd3_1)
     1    0.002657    0.037488    0.355675    6.045706 v hold110/X (sky130_fd_sc_hd__dlygate4sd3_1)
                                                         net208 (net)
                      0.037488    0.000028    6.045733 v hold43/A (sky130_fd_sc_hd__dlygate4sd3_1)
     1    0.002183    0.036797    0.340741    6.386475 v hold43/X (sky130_fd_sc_hd__dlygate4sd3_1)
                                                         net141 (net)
                      0.036797    0.000008    6.386483 v input21/A (sky130_fd_sc_hd__clkbuf_4)
     1    0.033547    0.056152    0.117124    6.503607 v input21/X (sky130_fd_sc_hd__clkbuf_4)
                                                         net21 (net)
                      0.056515    0.003442    6.507049 v hold44/A (sky130_fd_sc_hd__dlygate4sd3_1)
     1    0.038888    0.145723    0.459165    6.966213 v hold44/X (sky130_fd_sc_hd__dlygate4sd3_1)
                                                         net142 (net)
                      0.145843    0.003608    6.969821 v i_sram/DI[17] (CF_SRAM_1024x32)
                                              6.969821   data arrival time

                                  0.000000    0.000000   clock clk (rise edge)
                                  5.570000    5.570000   clock source latency
     1    0.049890    0.610000    0.000000    5.570000 ^ wb_clk_i (in)
                                                         wb_clk_i (net)
                      0.623604    0.007142    5.577142 ^ clkbuf_0_wb_clk_i/A (sky130_fd_sc_hd__clkbuf_16)
     2    0.059415    0.071220    0.173432    5.750574 ^ clkbuf_0_wb_clk_i/X (sky130_fd_sc_hd__clkbuf_16)
                                                         clknet_0_wb_clk_i (net)
                      0.071254    0.000989    5.751563 ^ clkbuf_1_1__f_wb_clk_i/A (sky130_fd_sc_hd__clkbuf_16)
     1    0.133983    0.113878    0.160765    5.912327 ^ clkbuf_1_1__f_wb_clk_i/X (sky130_fd_sc_hd__clkbuf_16)
                                                         clknet_1_1__leaf_wb_clk_i (net)
                      0.115574    0.011577    5.923904 ^ i_sram/CLKin (CF_SRAM_1024x32)
                                  0.100000    6.023905   clock uncertainty
                                  0.000000    6.023905   clock reconvergence pessimism
                                  0.576464    6.600369   library hold time
                                              6.600369   data required time
---------------------------------------------------------------------------------------------
                                              6.600369   data required time
                                             -6.969821   data arrival time
---------------------------------------------------------------------------------------------
                                              0.369452   slack (MET)


Startpoint: wbs_dat_i[18] (input port clocked by clk)
Endpoint: i_sram (rising edge-triggered flip-flop clocked by clk)
Path Group: clk
Path Type: min

Fanout         Cap        Slew       Delay        Time   Description
---------------------------------------------------------------------------------------------
                                  0.000000    0.000000   clock clk (rise edge)
                                  4.650000    4.650000   clock network delay (propagated)
                                  1.040000    5.690000 v input external delay
     1    0.003475    0.070000    0.000000    5.690000 v wbs_dat_i[18] (in)
                                                         wbs_dat_i[18] (net)
                      0.070049    0.000023    5.690023 v hold107/A (sky130_fd_sc_hd__dlygate4sd3_1)
     1    0.002661    0.037498    0.355688    6.045712 v hold107/X (sky130_fd_sc_hd__dlygate4sd3_1)
                                                         net205 (net)
                      0.037498    0.000030    6.045742 v hold39/A (sky130_fd_sc_hd__dlygate4sd3_1)
     1    0.002200    0.036871    0.340842    6.386584 v hold39/X (sky130_fd_sc_hd__dlygate4sd3_1)
                                                         net137 (net)
                      0.036871    0.000008    6.386592 v input22/A (sky130_fd_sc_hd__clkbuf_4)
     1    0.033892    0.056597    0.117443    6.504035 v input22/X (sky130_fd_sc_hd__clkbuf_4)
                                                         net22 (net)
                      0.056960    0.003457    6.507493 v hold40/A (sky130_fd_sc_hd__dlygate4sd3_1)
     1    0.038913    0.145835    0.459191    6.966684 v hold40/X (sky130_fd_sc_hd__dlygate4sd3_1)
                                                         net138 (net)
                      0.145978    0.003924    6.970608 v i_sram/DI[18] (CF_SRAM_1024x32)
                                              6.970608   data arrival time

                                  0.000000    0.000000   clock clk (rise edge)
                                  5.570000    5.570000   clock source latency
     1    0.049890    0.610000    0.000000    5.570000 ^ wb_clk_i (in)
                                                         wb_clk_i (net)
                      0.623604    0.007142    5.577142 ^ clkbuf_0_wb_clk_i/A (sky130_fd_sc_hd__clkbuf_16)
     2    0.059415    0.071220    0.173432    5.750574 ^ clkbuf_0_wb_clk_i/X (sky130_fd_sc_hd__clkbuf_16)
                                                         clknet_0_wb_clk_i (net)
                      0.071254    0.000989    5.751563 ^ clkbuf_1_1__f_wb_clk_i/A (sky130_fd_sc_hd__clkbuf_16)
     1    0.133983    0.113878    0.160765    5.912327 ^ clkbuf_1_1__f_wb_clk_i/X (sky130_fd_sc_hd__clkbuf_16)
                                                         clknet_1_1__leaf_wb_clk_i (net)
                      0.115574    0.011577    5.923904 ^ i_sram/CLKin (CF_SRAM_1024x32)
                                  0.100000    6.023905   clock uncertainty
                                  0.000000    6.023905   clock reconvergence pessimism
                                  0.576429    6.600333   library hold time
                                              6.600333   data required time
---------------------------------------------------------------------------------------------
                                              6.600333   data required time
                                             -6.970608   data arrival time
---------------------------------------------------------------------------------------------
                                              0.370274   slack (MET)


Startpoint: wbs_dat_i[29] (input port clocked by clk)
Endpoint: i_sram (rising edge-triggered flip-flop clocked by clk)
Path Group: clk
Path Type: min

Fanout         Cap        Slew       Delay        Time   Description
---------------------------------------------------------------------------------------------
                                  0.000000    0.000000   clock clk (rise edge)
                                  4.650000    4.650000   clock network delay (propagated)
                                  1.040000    5.690000 v input external delay
     1    0.003085    0.070000    0.000000    5.690000 v wbs_dat_i[29] (in)
                                                         wbs_dat_i[29] (net)
                      0.070046    0.000022    5.690022 v hold126/A (sky130_fd_sc_hd__dlygate4sd3_1)
     1    0.002304    0.036477    0.353646    6.043668 v hold126/X (sky130_fd_sc_hd__dlygate4sd3_1)
                                                         net224 (net)
                      0.036477    0.000022    6.043690 v hold19/A (sky130_fd_sc_hd__dlygate4sd3_1)
     1    0.003352    0.040606    0.347057    6.390747 v hold19/X (sky130_fd_sc_hd__dlygate4sd3_1)
                                                         net117 (net)
                      0.040606    0.000034    6.390780 v input34/A (sky130_fd_sc_hd__buf_4)
     1    0.034653    0.044194    0.107509    6.498289 v input34/X (sky130_fd_sc_hd__buf_4)
                                                         net34 (net)
                      0.045015    0.004486    6.502775 v hold20/A (sky130_fd_sc_hd__dlygate4sd3_1)
     1    0.042347    0.157308    0.461755    6.964530 v hold20/X (sky130_fd_sc_hd__dlygate4sd3_1)
                                                         net118 (net)
                      0.157576    0.005482    6.970012 v i_sram/DI[29] (CF_SRAM_1024x32)
                                              6.970012   data arrival time

                                  0.000000    0.000000   clock clk (rise edge)
                                  5.570000    5.570000   clock source latency
     1    0.049890    0.610000    0.000000    5.570000 ^ wb_clk_i (in)
                                                         wb_clk_i (net)
                      0.623604    0.007142    5.577142 ^ clkbuf_0_wb_clk_i/A (sky130_fd_sc_hd__clkbuf_16)
     2    0.059415    0.071220    0.173432    5.750574 ^ clkbuf_0_wb_clk_i/X (sky130_fd_sc_hd__clkbuf_16)
                                                         clknet_0_wb_clk_i (net)
                      0.071254    0.000989    5.751563 ^ clkbuf_1_1__f_wb_clk_i/A (sky130_fd_sc_hd__clkbuf_16)
     1    0.133983    0.113878    0.160765    5.912327 ^ clkbuf_1_1__f_wb_clk_i/X (sky130_fd_sc_hd__clkbuf_16)
                                                         clknet_1_1__leaf_wb_clk_i (net)
                      0.115574    0.011577    5.923904 ^ i_sram/CLKin (CF_SRAM_1024x32)
                                  0.100000    6.023905   clock uncertainty
                                  0.000000    6.023905   clock reconvergence pessimism
                                  0.573365    6.597270   library hold time
                                              6.597270   data required time
---------------------------------------------------------------------------------------------
                                              6.597270   data required time
                                             -6.970012   data arrival time
---------------------------------------------------------------------------------------------
                                              0.372742   slack (MET)


Startpoint: wbs_dat_i[26] (input port clocked by clk)
Endpoint: i_sram (rising edge-triggered flip-flop clocked by clk)
Path Group: clk
Path Type: min

Fanout         Cap        Slew       Delay        Time   Description
---------------------------------------------------------------------------------------------
                                  0.000000    0.000000   clock clk (rise edge)
                                  4.650000    4.650000   clock network delay (propagated)
                                  1.040000    5.690000 v input external delay
     1    0.003073    0.070000    0.000000    5.690000 v wbs_dat_i[26] (in)
                                                         wbs_dat_i[26] (net)
                      0.070044    0.000021    5.690021 v hold124/A (sky130_fd_sc_hd__dlygate4sd3_1)
     1    0.002143    0.035908    0.352732    6.042753 v hold124/X (sky130_fd_sc_hd__dlygate4sd3_1)
                                                         net222 (net)
                      0.035908    0.000018    6.042770 v hold75/A (sky130_fd_sc_hd__dlygate4sd3_1)
     1    0.002867    0.038365    0.344078    6.386848 v hold75/X (sky130_fd_sc_hd__dlygate4sd3_1)
                                                         net173 (net)
                      0.038365    0.000028    6.386877 v input31/A (sky130_fd_sc_hd__clkbuf_4)
     1    0.029428    0.051163    0.113432    6.500309 v input31/X (sky130_fd_sc_hd__clkbuf_4)
                                                         net31 (net)
                      0.051546    0.003348    6.503657 v hold76/A (sky130_fd_sc_hd__dlygate4sd3_1)
     1    0.041487    0.153696    0.462538    6.966195 v hold76/X (sky130_fd_sc_hd__dlygate4sd3_1)
                                                         net174 (net)
                      0.153910    0.004875    6.971070 v i_sram/DI[26] (CF_SRAM_1024x32)
                                              6.971070   data arrival time

                                  0.000000    0.000000   clock clk (rise edge)
                                  5.570000    5.570000   clock source latency
     1    0.049890    0.610000    0.000000    5.570000 ^ wb_clk_i (in)
                                                         wb_clk_i (net)
                      0.623604    0.007142    5.577142 ^ clkbuf_0_wb_clk_i/A (sky130_fd_sc_hd__clkbuf_16)
     2    0.059415    0.071220    0.173432    5.750574 ^ clkbuf_0_wb_clk_i/X (sky130_fd_sc_hd__clkbuf_16)
                                                         clknet_0_wb_clk_i (net)
                      0.071254    0.000989    5.751563 ^ clkbuf_1_1__f_wb_clk_i/A (sky130_fd_sc_hd__clkbuf_16)
     1    0.133983    0.113878    0.160765    5.912327 ^ clkbuf_1_1__f_wb_clk_i/X (sky130_fd_sc_hd__clkbuf_16)
                                                         clknet_1_1__leaf_wb_clk_i (net)
                      0.115574    0.011577    5.923904 ^ i_sram/CLKin (CF_SRAM_1024x32)
                                  0.100000    6.023905   clock uncertainty
                                  0.000000    6.023905   clock reconvergence pessimism
                                  0.574334    6.598238   library hold time
                                              6.598238   data required time
---------------------------------------------------------------------------------------------
                                              6.598238   data required time
                                             -6.971070   data arrival time
---------------------------------------------------------------------------------------------
                                              0.372832   slack (MET)


Startpoint: wbs_dat_i[19] (input port clocked by clk)
Endpoint: i_sram (rising edge-triggered flip-flop clocked by clk)
Path Group: clk
Path Type: min

Fanout         Cap        Slew       Delay        Time   Description
---------------------------------------------------------------------------------------------
                                  0.000000    0.000000   clock clk (rise edge)
                                  4.650000    4.650000   clock network delay (propagated)
                                  1.040000    5.690000 v input external delay
     1    0.003022    0.070000    0.000000    5.690000 v wbs_dat_i[19] (in)
                                                         wbs_dat_i[19] (net)
                      0.070042    0.000020    5.690020 v hold111/A (sky130_fd_sc_hd__dlygate4sd3_1)
     1    0.002221    0.036184    0.353173    6.043194 v hold111/X (sky130_fd_sc_hd__dlygate4sd3_1)
                                                         net209 (net)
                      0.036184    0.000020    6.043213 v hold45/A (sky130_fd_sc_hd__dlygate4sd3_1)
     1    0.002331    0.036549    0.341113    6.384326 v hold45/X (sky130_fd_sc_hd__dlygate4sd3_1)
                                                         net143 (net)
                      0.036549    0.000019    6.384345 v input23/A (sky130_fd_sc_hd__clkbuf_4)
     1    0.033250    0.055762    0.116825    6.501170 v input23/X (sky130_fd_sc_hd__clkbuf_4)
                                                         net23 (net)
                      0.056077    0.003198    6.504368 v hold46/A (sky130_fd_sc_hd__dlygate4sd3_1)
     1    0.041056    0.152344    0.463536    6.967904 v hold46/X (sky130_fd_sc_hd__dlygate4sd3_1)
                                                         net144 (net)
                      0.152497    0.004126    6.972030 v i_sram/DI[19] (CF_SRAM_1024x32)
                                              6.972030   data arrival time

                                  0.000000    0.000000   clock clk (rise edge)
                                  5.570000    5.570000   clock source latency
     1    0.049890    0.610000    0.000000    5.570000 ^ wb_clk_i (in)
                                                         wb_clk_i (net)
                      0.623604    0.007142    5.577142 ^ clkbuf_0_wb_clk_i/A (sky130_fd_sc_hd__clkbuf_16)
     2    0.059415    0.071220    0.173432    5.750574 ^ clkbuf_0_wb_clk_i/X (sky130_fd_sc_hd__clkbuf_16)
                                                         clknet_0_wb_clk_i (net)
                      0.071254    0.000989    5.751563 ^ clkbuf_1_1__f_wb_clk_i/A (sky130_fd_sc_hd__clkbuf_16)
     1    0.133983    0.113878    0.160765    5.912327 ^ clkbuf_1_1__f_wb_clk_i/X (sky130_fd_sc_hd__clkbuf_16)
                                                         clknet_1_1__leaf_wb_clk_i (net)
                      0.115574    0.011577    5.923904 ^ i_sram/CLKin (CF_SRAM_1024x32)
                                  0.100000    6.023905   clock uncertainty
                                  0.000000    6.023905   clock reconvergence pessimism
                                  0.574707    6.598612   library hold time
                                              6.598612   data required time
---------------------------------------------------------------------------------------------
                                              6.598612   data required time
                                             -6.972030   data arrival time
---------------------------------------------------------------------------------------------
                                              0.373419   slack (MET)


Startpoint: wbs_dat_i[6] (input port clocked by clk)
Endpoint: i_sram (rising edge-triggered flip-flop clocked by clk)
Path Group: clk
Path Type: min

Fanout         Cap        Slew       Delay        Time   Description
---------------------------------------------------------------------------------------------
                                  0.000000    0.000000   clock clk (rise edge)
                                  4.650000    4.650000   clock network delay (propagated)
                                  1.040000    5.690000 v input external delay
     1    0.003322    0.070000    0.000000    5.690000 v wbs_dat_i[6] (in)
                                                         wbs_dat_i[6] (net)
                      0.070051    0.000024    5.690024 v hold106/A (sky130_fd_sc_hd__dlygate4sd3_1)
     1    0.002057    0.035600    0.352239    6.042264 v hold106/X (sky130_fd_sc_hd__dlygate4sd3_1)
                                                         net204 (net)
                      0.035600    0.000017    6.042280 v hold33/A (sky130_fd_sc_hd__dlygate4sd3_1)
     1    0.003101    0.039415    0.345299    6.387579 v hold33/X (sky130_fd_sc_hd__dlygate4sd3_1)
                                                         net131 (net)
                      0.039415    0.000035    6.387614 v input41/A (sky130_fd_sc_hd__clkbuf_4)
     1    0.015401    0.034896    0.100003    6.487617 v input41/X (sky130_fd_sc_hd__clkbuf_4)
                                                         net41 (net)
                      0.034912    0.000682    6.488298 v hold34/A (sky130_fd_sc_hd__dlygate4sd3_1)
     1    0.049213    0.177256    0.474235    6.962533 v hold34/X (sky130_fd_sc_hd__dlygate4sd3_1)
                                                         net132 (net)
                      0.177520    0.005766    6.968299 v i_sram/DI[6] (CF_SRAM_1024x32)
                                              6.968299   data arrival time

                                  0.000000    0.000000   clock clk (rise edge)
                                  5.570000    5.570000   clock source latency
     1    0.049890    0.610000    0.000000    5.570000 ^ wb_clk_i (in)
                                                         wb_clk_i (net)
                      0.623604    0.007142    5.577142 ^ clkbuf_0_wb_clk_i/A (sky130_fd_sc_hd__clkbuf_16)
     2    0.059415    0.071220    0.173432    5.750574 ^ clkbuf_0_wb_clk_i/X (sky130_fd_sc_hd__clkbuf_16)
                                                         clknet_0_wb_clk_i (net)
                      0.071254    0.000989    5.751563 ^ clkbuf_1_1__f_wb_clk_i/A (sky130_fd_sc_hd__clkbuf_16)
     1    0.133983    0.113878    0.160765    5.912327 ^ clkbuf_1_1__f_wb_clk_i/X (sky130_fd_sc_hd__clkbuf_16)
                                                         clknet_1_1__leaf_wb_clk_i (net)
                      0.115574    0.011577    5.923904 ^ i_sram/CLKin (CF_SRAM_1024x32)
                                  0.100000    6.023905   clock uncertainty
                                  0.000000    6.023905   clock reconvergence pessimism
                                  0.568097    6.592002   library hold time
                                              6.592002   data required time
---------------------------------------------------------------------------------------------
                                              6.592002   data required time
                                             -6.968299   data arrival time
---------------------------------------------------------------------------------------------
                                              0.376298   slack (MET)


Startpoint: wbs_dat_i[24] (input port clocked by clk)
Endpoint: i_sram (rising edge-triggered flip-flop clocked by clk)
Path Group: clk
Path Type: min

Fanout         Cap        Slew       Delay        Time   Description
---------------------------------------------------------------------------------------------
                                  0.000000    0.000000   clock clk (rise edge)
                                  4.650000    4.650000   clock network delay (propagated)
                                  1.040000    5.690000 v input external delay
     1    0.002673    0.070000    0.000000    5.690000 v wbs_dat_i[24] (in)
                                                         wbs_dat_i[24] (net)
                      0.070032    0.000015    5.690015 v hold117/A (sky130_fd_sc_hd__dlygate4sd3_1)
     1    0.001927    0.035137    0.351492    6.041507 v hold117/X (sky130_fd_sc_hd__dlygate4sd3_1)
                                                         net215 (net)
                      0.035137    0.000008    6.041515 v hold63/A (sky130_fd_sc_hd__dlygate4sd3_1)
     1    0.002499    0.037045    0.341692    6.383207 v hold63/X (sky130_fd_sc_hd__dlygate4sd3_1)
                                                         net161 (net)
                      0.037045    0.000021    6.383228 v input29/A (sky130_fd_sc_hd__clkbuf_4)
     1    0.027979    0.049293    0.111860    6.495089 v input29/X (sky130_fd_sc_hd__clkbuf_4)
                                                         net29 (net)
                      0.049600    0.002928    6.498017 v hold64/A (sky130_fd_sc_hd__dlygate4sd3_1)
     1    0.045397    0.166513    0.470516    6.968533 v hold64/X (sky130_fd_sc_hd__dlygate4sd3_1)
                                                         net162 (net)
                      0.166756    0.005362    6.973895 v i_sram/DI[24] (CF_SRAM_1024x32)
                                              6.973895   data arrival time

                                  0.000000    0.000000   clock clk (rise edge)
                                  5.570000    5.570000   clock source latency
     1    0.049890    0.610000    0.000000    5.570000 ^ wb_clk_i (in)
                                                         wb_clk_i (net)
                      0.623604    0.007142    5.577142 ^ clkbuf_0_wb_clk_i/A (sky130_fd_sc_hd__clkbuf_16)
     2    0.059415    0.071220    0.173432    5.750574 ^ clkbuf_0_wb_clk_i/X (sky130_fd_sc_hd__clkbuf_16)
                                                         clknet_0_wb_clk_i (net)
                      0.071254    0.000989    5.751563 ^ clkbuf_1_1__f_wb_clk_i/A (sky130_fd_sc_hd__clkbuf_16)
     1    0.133983    0.113878    0.160765    5.912327 ^ clkbuf_1_1__f_wb_clk_i/X (sky130_fd_sc_hd__clkbuf_16)
                                                         clknet_1_1__leaf_wb_clk_i (net)
                      0.115574    0.011577    5.923904 ^ i_sram/CLKin (CF_SRAM_1024x32)
                                  0.100000    6.023905   clock uncertainty
                                  0.000000    6.023905   clock reconvergence pessimism
                                  0.570941    6.594845   library hold time
                                              6.594845   data required time
---------------------------------------------------------------------------------------------
                                              6.594845   data required time
                                             -6.973895   data arrival time
---------------------------------------------------------------------------------------------
                                              0.379050   slack (MET)


Startpoint: wbs_dat_i[20] (input port clocked by clk)
Endpoint: i_sram (rising edge-triggered flip-flop clocked by clk)
Path Group: clk
Path Type: min

Fanout         Cap        Slew       Delay        Time   Description
---------------------------------------------------------------------------------------------
                                  0.000000    0.000000   clock clk (rise edge)
                                  4.650000    4.650000   clock network delay (propagated)
                                  1.040000    5.690000 v input external delay
     1    0.003263    0.070000    0.000000    5.690000 v wbs_dat_i[20] (in)
                                                         wbs_dat_i[20] (net)
                      0.070044    0.000021    5.690021 v hold109/A (sky130_fd_sc_hd__dlygate4sd3_1)
     1    0.002616    0.037370    0.355431    6.045452 v hold109/X (sky130_fd_sc_hd__dlygate4sd3_1)
                                                         net207 (net)
                      0.037370    0.000028    6.045480 v hold51/A (sky130_fd_sc_hd__dlygate4sd3_1)
     1    0.002182    0.036794    0.340695    6.386176 v hold51/X (sky130_fd_sc_hd__dlygate4sd3_1)
                                                         net149 (net)
                      0.036794    0.000008    6.386184 v input25/A (sky130_fd_sc_hd__clkbuf_4)
     1    0.034514    0.057383    0.117960    6.504144 v input25/X (sky130_fd_sc_hd__clkbuf_4)
                                                         net25 (net)
                      0.057765    0.003572    6.507716 v hold52/A (sky130_fd_sc_hd__dlygate4sd3_1)
     1    0.042487    0.156692    0.467357    6.975073 v hold52/X (sky130_fd_sc_hd__dlygate4sd3_1)
                                                         net150 (net)
                      0.156864    0.004421    6.979494 v i_sram/DI[20] (CF_SRAM_1024x32)
                                              6.979494   data arrival time

                                  0.000000    0.000000   clock clk (rise edge)
                                  5.570000    5.570000   clock source latency
     1    0.049890    0.610000    0.000000    5.570000 ^ wb_clk_i (in)
                                                         wb_clk_i (net)
                      0.623604    0.007142    5.577142 ^ clkbuf_0_wb_clk_i/A (sky130_fd_sc_hd__clkbuf_16)
     2    0.059415    0.071220    0.173432    5.750574 ^ clkbuf_0_wb_clk_i/X (sky130_fd_sc_hd__clkbuf_16)
                                                         clknet_0_wb_clk_i (net)
                      0.071254    0.000989    5.751563 ^ clkbuf_1_1__f_wb_clk_i/A (sky130_fd_sc_hd__clkbuf_16)
     1    0.133983    0.113878    0.160765    5.912327 ^ clkbuf_1_1__f_wb_clk_i/X (sky130_fd_sc_hd__clkbuf_16)
                                                         clknet_1_1__leaf_wb_clk_i (net)
                      0.115574    0.011577    5.923904 ^ i_sram/CLKin (CF_SRAM_1024x32)
                                  0.100000    6.023905   clock uncertainty
                                  0.000000    6.023905   clock reconvergence pessimism
                                  0.573553    6.597458   library hold time
                                              6.597458   data required time
---------------------------------------------------------------------------------------------
                                              6.597458   data required time
                                             -6.979494   data arrival time
---------------------------------------------------------------------------------------------
                                              0.382036   slack (MET)


Startpoint: wbs_dat_i[31] (input port clocked by clk)
Endpoint: i_sram (rising edge-triggered flip-flop clocked by clk)
Path Group: clk
Path Type: min

Fanout         Cap        Slew       Delay        Time   Description
---------------------------------------------------------------------------------------------
                                  0.000000    0.000000   clock clk (rise edge)
                                  4.650000    4.650000   clock network delay (propagated)
                                  1.040000    5.690000 v input external delay
     1    0.002740    0.070000    0.000000    5.690000 v wbs_dat_i[31] (in)
                                                         wbs_dat_i[31] (net)
                      0.070034    0.000016    5.690016 v hold128/A (sky130_fd_sc_hd__dlygate4sd3_1)
     1    0.002286    0.036415    0.353547    6.043563 v hold128/X (sky130_fd_sc_hd__dlygate4sd3_1)
                                                         net226 (net)
                      0.036415    0.000014    6.043577 v hold29/A (sky130_fd_sc_hd__dlygate4sd3_1)
     1    0.003363    0.040656    0.347093    6.390670 v hold29/X (sky130_fd_sc_hd__dlygate4sd3_1)
                                                         net127 (net)
                      0.040656    0.000040    6.390709 v input37/A (sky130_fd_sc_hd__buf_4)
     1    0.036982    0.046185    0.108833    6.499543 v input37/X (sky130_fd_sc_hd__buf_4)
                                                         net37 (net)
                      0.047170    0.005035    6.504578 v hold30/A (sky130_fd_sc_hd__dlygate4sd3_1)
     1    0.044534    0.163942    0.467480    6.972058 v hold30/X (sky130_fd_sc_hd__dlygate4sd3_1)
                                                         net128 (net)
                      0.164265    0.006120    6.978178 v i_sram/DI[31] (CF_SRAM_1024x32)
                                              6.978178   data arrival time

                                  0.000000    0.000000   clock clk (rise edge)
                                  5.570000    5.570000   clock source latency
     1    0.049890    0.610000    0.000000    5.570000 ^ wb_clk_i (in)
                                                         wb_clk_i (net)
                      0.623604    0.007142    5.577142 ^ clkbuf_0_wb_clk_i/A (sky130_fd_sc_hd__clkbuf_16)
     2    0.059415    0.071220    0.173432    5.750574 ^ clkbuf_0_wb_clk_i/X (sky130_fd_sc_hd__clkbuf_16)
                                                         clknet_0_wb_clk_i (net)
                      0.071254    0.000989    5.751563 ^ clkbuf_1_1__f_wb_clk_i/A (sky130_fd_sc_hd__clkbuf_16)
     1    0.133983    0.113878    0.160765    5.912327 ^ clkbuf_1_1__f_wb_clk_i/X (sky130_fd_sc_hd__clkbuf_16)
                                                         clknet_1_1__leaf_wb_clk_i (net)
                      0.115574    0.011577    5.923904 ^ i_sram/CLKin (CF_SRAM_1024x32)
                                  0.100000    6.023905   clock uncertainty
                                  0.000000    6.023905   clock reconvergence pessimism
                                  0.571599    6.595503   library hold time
                                              6.595503   data required time
---------------------------------------------------------------------------------------------
                                              6.595503   data required time
                                             -6.978178   data arrival time
---------------------------------------------------------------------------------------------
                                              0.382675   slack (MET)


Startpoint: wbs_dat_i[23] (input port clocked by clk)
Endpoint: i_sram (rising edge-triggered flip-flop clocked by clk)
Path Group: clk
Path Type: min

Fanout         Cap        Slew       Delay        Time   Description
---------------------------------------------------------------------------------------------
                                  0.000000    0.000000   clock clk (rise edge)
                                  4.650000    4.650000   clock network delay (propagated)
                                  1.040000    5.690000 v input external delay
     1    0.003068    0.070000    0.000000    5.690000 v wbs_dat_i[23] (in)
                                                         wbs_dat_i[23] (net)
                      0.070043    0.000020    5.690021 v hold116/A (sky130_fd_sc_hd__dlygate4sd3_1)
     1    0.002516    0.037093    0.354857    6.044878 v hold116/X (sky130_fd_sc_hd__dlygate4sd3_1)
                                                         net214 (net)
                      0.037093    0.000027    6.044904 v hold59/A (sky130_fd_sc_hd__dlygate4sd3_1)
     1    0.002150    0.036655    0.340412    6.385316 v hold59/X (sky130_fd_sc_hd__dlygate4sd3_1)
                                                         net157 (net)
                      0.036655    0.000008    6.385324 v input28/A (sky130_fd_sc_hd__clkbuf_4)
     1    0.031421    0.053597    0.114746    6.500071 v input28/X (sky130_fd_sc_hd__clkbuf_4)
                                                         net28 (net)
                      0.053999    0.003525    6.503595 v hold60/A (sky130_fd_sc_hd__dlygate4sd3_1)
     1    0.044607    0.163144    0.470464    6.974059 v hold60/X (sky130_fd_sc_hd__dlygate4sd3_1)
                                                         net158 (net)
                      0.163365    0.005071    6.979131 v i_sram/DI[23] (CF_SRAM_1024x32)
                                              6.979131   data arrival time

                                  0.000000    0.000000   clock clk (rise edge)
                                  5.570000    5.570000   clock source latency
     1    0.049890    0.610000    0.000000    5.570000 ^ wb_clk_i (in)
                                                         wb_clk_i (net)
                      0.623604    0.007142    5.577142 ^ clkbuf_0_wb_clk_i/A (sky130_fd_sc_hd__clkbuf_16)
     2    0.059415    0.071220    0.173432    5.750574 ^ clkbuf_0_wb_clk_i/X (sky130_fd_sc_hd__clkbuf_16)
                                                         clknet_0_wb_clk_i (net)
                      0.071254    0.000989    5.751563 ^ clkbuf_1_1__f_wb_clk_i/A (sky130_fd_sc_hd__clkbuf_16)
     1    0.133983    0.113878    0.160765    5.912327 ^ clkbuf_1_1__f_wb_clk_i/X (sky130_fd_sc_hd__clkbuf_16)
                                                         clknet_1_1__leaf_wb_clk_i (net)
                      0.115574    0.011577    5.923904 ^ i_sram/CLKin (CF_SRAM_1024x32)
                                  0.100000    6.023905   clock uncertainty
                                  0.000000    6.023905   clock reconvergence pessimism
                                  0.571836    6.595741   library hold time
                                              6.595741   data required time
---------------------------------------------------------------------------------------------
                                              6.595741   data required time
                                             -6.979131   data arrival time
---------------------------------------------------------------------------------------------
                                              0.383390   slack (MET)


Startpoint: wbs_dat_i[27] (input port clocked by clk)
Endpoint: i_sram (rising edge-triggered flip-flop clocked by clk)
Path Group: clk
Path Type: min

Fanout         Cap        Slew       Delay        Time   Description
---------------------------------------------------------------------------------------------
                                  0.000000    0.000000   clock clk (rise edge)
                                  4.650000    4.650000   clock network delay (propagated)
                                  1.040000    5.690000 v input external delay
     1    0.003624    0.070000    0.000000    5.690000 v wbs_dat_i[27] (in)
                                                         wbs_dat_i[27] (net)
                      0.070065    0.000031    5.690031 v hold121/A (sky130_fd_sc_hd__dlygate4sd3_1)
     1    0.002665    0.037512    0.355722    6.045753 v hold121/X (sky130_fd_sc_hd__dlygate4sd3_1)
                                                         net219 (net)
                      0.037512    0.000028    6.045781 v hold7/A (sky130_fd_sc_hd__dlygate4sd3_1)
     1    0.003396    0.040810    0.347681    6.393462 v hold7/X (sky130_fd_sc_hd__dlygate4sd3_1)
                                                         net105 (net)
                      0.040810    0.000038    6.393499 v input32/A (sky130_fd_sc_hd__buf_4)
     1    0.030974    0.040933    0.105562    6.499061 v input32/X (sky130_fd_sc_hd__buf_4)
                                                         net32 (net)
                      0.041528    0.003654    6.502715 v hold8/A (sky130_fd_sc_hd__dlygate4sd3_1)
     1    0.046507    0.170160    0.469751    6.972466 v hold8/X (sky130_fd_sc_hd__dlygate4sd3_1)
                                                         net106 (net)
                      0.170452    0.005927    6.978392 v i_sram/DI[27] (CF_SRAM_1024x32)
                                              6.978392   data arrival time

                                  0.000000    0.000000   clock clk (rise edge)
                                  5.570000    5.570000   clock source latency
     1    0.049890    0.610000    0.000000    5.570000 ^ wb_clk_i (in)
                                                         wb_clk_i (net)
                      0.623604    0.007142    5.577142 ^ clkbuf_0_wb_clk_i/A (sky130_fd_sc_hd__clkbuf_16)
     2    0.059415    0.071220    0.173432    5.750574 ^ clkbuf_0_wb_clk_i/X (sky130_fd_sc_hd__clkbuf_16)
                                                         clknet_0_wb_clk_i (net)
                      0.071254    0.000989    5.751563 ^ clkbuf_1_1__f_wb_clk_i/A (sky130_fd_sc_hd__clkbuf_16)
     1    0.133983    0.113878    0.160765    5.912327 ^ clkbuf_1_1__f_wb_clk_i/X (sky130_fd_sc_hd__clkbuf_16)
                                                         clknet_1_1__leaf_wb_clk_i (net)
                      0.115574    0.011577    5.923904 ^ i_sram/CLKin (CF_SRAM_1024x32)
                                  0.100000    6.023905   clock uncertainty
                                  0.000000    6.023905   clock reconvergence pessimism
                                  0.569964    6.593869   library hold time
                                              6.593869   data required time
---------------------------------------------------------------------------------------------
                                              6.593869   data required time
                                             -6.978392   data arrival time
---------------------------------------------------------------------------------------------
                                              0.384524   slack (MET)


Startpoint: wbs_dat_i[30] (input port clocked by clk)
Endpoint: i_sram (rising edge-triggered flip-flop clocked by clk)
Path Group: clk
Path Type: min

Fanout         Cap        Slew       Delay        Time   Description
---------------------------------------------------------------------------------------------
                                  0.000000    0.000000   clock clk (rise edge)
                                  4.650000    4.650000   clock network delay (propagated)
                                  1.040000    5.690000 v input external delay
     1    0.003011    0.070000    0.000000    5.690000 v wbs_dat_i[30] (in)
                                                         wbs_dat_i[30] (net)
                      0.070044    0.000021    5.690021 v hold127/A (sky130_fd_sc_hd__dlygate4sd3_1)
     1    0.003323    0.040356    0.359471    6.049492 v hold127/X (sky130_fd_sc_hd__dlygate4sd3_1)
                                                         net225 (net)
                      0.040356    0.000040    6.049532 v hold25/A (sky130_fd_sc_hd__dlygate4sd3_1)
     1    0.002417    0.037807    0.343120    6.392652 v hold25/X (sky130_fd_sc_hd__dlygate4sd3_1)
                                                         net123 (net)
                      0.037807    0.000008    6.392660 v input36/A (sky130_fd_sc_hd__buf_4)
     1    0.034968    0.044376    0.106707    6.499367 v input36/X (sky130_fd_sc_hd__buf_4)
                                                         net36 (net)
                      0.045202    0.004509    6.503877 v hold26/A (sky130_fd_sc_hd__dlygate4sd3_1)
     1    0.046737    0.170893    0.471426    6.975303 v hold26/X (sky130_fd_sc_hd__dlygate4sd3_1)
                                                         net124 (net)
                      0.171231    0.006369    6.981671 v i_sram/DI[30] (CF_SRAM_1024x32)
                                              6.981671   data arrival time

                                  0.000000    0.000000   clock clk (rise edge)
                                  5.570000    5.570000   clock source latency
     1    0.049890    0.610000    0.000000    5.570000 ^ wb_clk_i (in)
                                                         wb_clk_i (net)
                      0.623604    0.007142    5.577142 ^ clkbuf_0_wb_clk_i/A (sky130_fd_sc_hd__clkbuf_16)
     2    0.059415    0.071220    0.173432    5.750574 ^ clkbuf_0_wb_clk_i/X (sky130_fd_sc_hd__clkbuf_16)
                                                         clknet_0_wb_clk_i (net)
                      0.071254    0.000989    5.751563 ^ clkbuf_1_1__f_wb_clk_i/A (sky130_fd_sc_hd__clkbuf_16)
     1    0.133983    0.113878    0.160765    5.912327 ^ clkbuf_1_1__f_wb_clk_i/X (sky130_fd_sc_hd__clkbuf_16)
                                                         clknet_1_1__leaf_wb_clk_i (net)
                      0.115574    0.011577    5.923904 ^ i_sram/CLKin (CF_SRAM_1024x32)
                                  0.100000    6.023905   clock uncertainty
                                  0.000000    6.023905   clock reconvergence pessimism
                                  0.569758    6.593663   library hold time
                                              6.593663   data required time
---------------------------------------------------------------------------------------------
                                              6.593663   data required time
                                             -6.981671   data arrival time
---------------------------------------------------------------------------------------------
                                              0.388008   slack (MET)


Startpoint: wbs_dat_i[4] (input port clocked by clk)
Endpoint: i_sram (rising edge-triggered flip-flop clocked by clk)
Path Group: clk
Path Type: min

Fanout         Cap        Slew       Delay        Time   Description
---------------------------------------------------------------------------------------------
                                  0.000000    0.000000   clock clk (rise edge)
                                  4.650000    4.650000   clock network delay (propagated)
                                  1.040000    5.690000 v input external delay
     1    0.003615    0.070000    0.000000    5.690000 v wbs_dat_i[4] (in)
                                                         wbs_dat_i[4] (net)
                      0.070059    0.000028    5.690029 v hold115/A (sky130_fd_sc_hd__dlygate4sd3_1)
     1    0.001788    0.035177    0.350705    6.040734 v hold115/X (sky130_fd_sc_hd__dlygate4sd3_1)
                                                         net213 (net)
                      0.035177    0.000006    6.040740 v hold47/A (sky130_fd_sc_hd__dlygate4sd3_1)
     1    0.003077    0.039308    0.345009    6.385749 v hold47/X (sky130_fd_sc_hd__dlygate4sd3_1)
                                                         net145 (net)
                      0.039308    0.000033    6.385782 v input39/A (sky130_fd_sc_hd__clkbuf_4)
     2    0.015994    0.035695    0.100634    6.486416 v input39/X (sky130_fd_sc_hd__clkbuf_4)
                                                         net39 (net)
                      0.035727    0.000925    6.487340 v hold48/A (sky130_fd_sc_hd__dlygate4sd3_1)
     1    0.054000    0.192996    0.484970    6.972311 v hold48/X (sky130_fd_sc_hd__dlygate4sd3_1)
                                                         net146 (net)
                      0.193371    0.007109    6.979419 v i_sram/DI[4] (CF_SRAM_1024x32)
                                              6.979419   data arrival time

                                  0.000000    0.000000   clock clk (rise edge)
                                  5.570000    5.570000   clock source latency
     1    0.049890    0.610000    0.000000    5.570000 ^ wb_clk_i (in)
                                                         wb_clk_i (net)
                      0.623604    0.007142    5.577142 ^ clkbuf_0_wb_clk_i/A (sky130_fd_sc_hd__clkbuf_16)
     2    0.059415    0.071220    0.173432    5.750574 ^ clkbuf_0_wb_clk_i/X (sky130_fd_sc_hd__clkbuf_16)
                                                         clknet_0_wb_clk_i (net)
                      0.071254    0.000989    5.751563 ^ clkbuf_1_1__f_wb_clk_i/A (sky130_fd_sc_hd__clkbuf_16)
     1    0.133983    0.113878    0.160765    5.912327 ^ clkbuf_1_1__f_wb_clk_i/X (sky130_fd_sc_hd__clkbuf_16)
                                                         clknet_1_1__leaf_wb_clk_i (net)
                      0.115574    0.011577    5.923904 ^ i_sram/CLKin (CF_SRAM_1024x32)
                                  0.100000    6.023905   clock uncertainty
                                  0.000000    6.023905   clock reconvergence pessimism
                                  0.563910    6.587815   library hold time
                                              6.587815   data required time
---------------------------------------------------------------------------------------------
                                              6.587815   data required time
                                             -6.979419   data arrival time
---------------------------------------------------------------------------------------------
                                              0.391605   slack (MET)


Startpoint: wbs_dat_i[7] (input port clocked by clk)
Endpoint: i_sram (rising edge-triggered flip-flop clocked by clk)
Path Group: clk
Path Type: min

Fanout         Cap        Slew       Delay        Time   Description
---------------------------------------------------------------------------------------------
                                  0.000000    0.000000   clock clk (rise edge)
                                  4.650000    4.650000   clock network delay (propagated)
                                  1.040000    5.690000 v input external delay
     1    0.003019    0.070000    0.000000    5.690000 v wbs_dat_i[7] (in)
                                                         wbs_dat_i[7] (net)
                      0.070043    0.000020    5.690021 v hold105/A (sky130_fd_sc_hd__dlygate4sd3_1)
     1    0.001875    0.034951    0.351194    6.041214 v hold105/X (sky130_fd_sc_hd__dlygate4sd3_1)
                                                         net203 (net)
                      0.034951    0.000015    6.041229 v hold31/A (sky130_fd_sc_hd__dlygate4sd3_1)
     1    0.002561    0.037225    0.341982    6.383211 v hold31/X (sky130_fd_sc_hd__dlygate4sd3_1)
                                                         net129 (net)
                      0.037225    0.000023    6.383234 v input42/A (sky130_fd_sc_hd__clkbuf_4)
     1    0.015338    0.034805    0.099072    6.482306 v input42/X (sky130_fd_sc_hd__clkbuf_4)
                                                         net42 (net)
                      0.034821    0.000659    6.482965 v hold32/A (sky130_fd_sc_hd__dlygate4sd3_1)
     1    0.055777    0.198339    0.488932    6.971898 v hold32/X (sky130_fd_sc_hd__dlygate4sd3_1)
                                                         net130 (net)
                      0.198708    0.007140    6.979038 v i_sram/DI[7] (CF_SRAM_1024x32)
                                              6.979038   data arrival time

                                  0.000000    0.000000   clock clk (rise edge)
                                  5.570000    5.570000   clock source latency
     1    0.049890    0.610000    0.000000    5.570000 ^ wb_clk_i (in)
                                                         wb_clk_i (net)
                      0.623604    0.007142    5.577142 ^ clkbuf_0_wb_clk_i/A (sky130_fd_sc_hd__clkbuf_16)
     2    0.059415    0.071220    0.173432    5.750574 ^ clkbuf_0_wb_clk_i/X (sky130_fd_sc_hd__clkbuf_16)
                                                         clknet_0_wb_clk_i (net)
                      0.071254    0.000989    5.751563 ^ clkbuf_1_1__f_wb_clk_i/A (sky130_fd_sc_hd__clkbuf_16)
     1    0.133983    0.113878    0.160765    5.912327 ^ clkbuf_1_1__f_wb_clk_i/X (sky130_fd_sc_hd__clkbuf_16)
                                                         clknet_1_1__leaf_wb_clk_i (net)
                      0.115574    0.011577    5.923904 ^ i_sram/CLKin (CF_SRAM_1024x32)
                                  0.100000    6.023905   clock uncertainty
                                  0.000000    6.023905   clock reconvergence pessimism
                                  0.562501    6.586405   library hold time
                                              6.586405   data required time
---------------------------------------------------------------------------------------------
                                              6.586405   data required time
                                             -6.979038   data arrival time
---------------------------------------------------------------------------------------------
                                              0.392633   slack (MET)


Startpoint: wbs_dat_i[22] (input port clocked by clk)
Endpoint: i_sram (rising edge-triggered flip-flop clocked by clk)
Path Group: clk
Path Type: min

Fanout         Cap        Slew       Delay        Time   Description
---------------------------------------------------------------------------------------------
                                  0.000000    0.000000   clock clk (rise edge)
                                  4.650000    4.650000   clock network delay (propagated)
                                  1.040000    5.690000 v input external delay
     1    0.003473    0.070000    0.000000    5.690000 v wbs_dat_i[22] (in)
                                                         wbs_dat_i[22] (net)
                      0.070055    0.000026    5.690026 v hold112/A (sky130_fd_sc_hd__dlygate4sd3_1)
     1    0.002634    0.037424    0.355540    6.045567 v hold112/X (sky130_fd_sc_hd__dlygate4sd3_1)
                                                         net210 (net)
                      0.037424    0.000017    6.045584 v hold57/A (sky130_fd_sc_hd__dlygate4sd3_1)
     1    0.003197    0.039847    0.346509    6.392093 v hold57/X (sky130_fd_sc_hd__dlygate4sd3_1)
                                                         net155 (net)
                      0.039847    0.000035    6.392128 v input27/A (sky130_fd_sc_hd__clkbuf_4)
     1    0.033220    0.055797    0.117823    6.509951 v input27/X (sky130_fd_sc_hd__clkbuf_4)
                                                         net27 (net)
                      0.056206    0.003637    6.513587 v hold58/A (sky130_fd_sc_hd__dlygate4sd3_1)
     1    0.044581    0.163068    0.471298    6.984885 v hold58/X (sky130_fd_sc_hd__dlygate4sd3_1)
                                                         net156 (net)
                      0.163279    0.004960    6.989845 v i_sram/DI[22] (CF_SRAM_1024x32)
                                              6.989845   data arrival time

                                  0.000000    0.000000   clock clk (rise edge)
                                  5.570000    5.570000   clock source latency
     1    0.049890    0.610000    0.000000    5.570000 ^ wb_clk_i (in)
                                                         wb_clk_i (net)
                      0.623604    0.007142    5.577142 ^ clkbuf_0_wb_clk_i/A (sky130_fd_sc_hd__clkbuf_16)
     2    0.059415    0.071220    0.173432    5.750574 ^ clkbuf_0_wb_clk_i/X (sky130_fd_sc_hd__clkbuf_16)
                                                         clknet_0_wb_clk_i (net)
                      0.071254    0.000989    5.751563 ^ clkbuf_1_1__f_wb_clk_i/A (sky130_fd_sc_hd__clkbuf_16)
     1    0.133983    0.113878    0.160765    5.912327 ^ clkbuf_1_1__f_wb_clk_i/X (sky130_fd_sc_hd__clkbuf_16)
                                                         clknet_1_1__leaf_wb_clk_i (net)
                      0.115574    0.011577    5.923904 ^ i_sram/CLKin (CF_SRAM_1024x32)
                                  0.100000    6.023905   clock uncertainty
                                  0.000000    6.023905   clock reconvergence pessimism
                                  0.571859    6.595764   library hold time
                                              6.595764   data required time
---------------------------------------------------------------------------------------------
                                              6.595764   data required time
                                             -6.989845   data arrival time
---------------------------------------------------------------------------------------------
                                              0.394082   slack (MET)


Startpoint: wbs_dat_i[21] (input port clocked by clk)
Endpoint: i_sram (rising edge-triggered flip-flop clocked by clk)
Path Group: clk
Path Type: min

Fanout         Cap        Slew       Delay        Time   Description
---------------------------------------------------------------------------------------------
                                  0.000000    0.000000   clock clk (rise edge)
                                  4.650000    4.650000   clock network delay (propagated)
                                  1.040000    5.690000 v input external delay
     1    0.002866    0.070000    0.000000    5.690000 v wbs_dat_i[21] (in)
                                                         wbs_dat_i[21] (net)
                      0.070038    0.000018    5.690018 v hold114/A (sky130_fd_sc_hd__dlygate4sd3_1)
     1    0.003201    0.039787    0.358769    6.048787 v hold114/X (sky130_fd_sc_hd__dlygate4sd3_1)
                                                         net212 (net)
                      0.039787    0.000040    6.048827 v hold55/A (sky130_fd_sc_hd__dlygate4sd3_1)
     1    0.003631    0.041969    0.349845    6.398672 v hold55/X (sky130_fd_sc_hd__dlygate4sd3_1)
                                                         net153 (net)
                      0.041969    0.000044    6.398716 v input26/A (sky130_fd_sc_hd__clkbuf_4)
     1    0.032254    0.054556    0.117893    6.516609 v input26/X (sky130_fd_sc_hd__clkbuf_4)
                                                         net26 (net)
                      0.054902    0.003307    6.519917 v hold56/A (sky130_fd_sc_hd__dlygate4sd3_1)
     1    0.043316    0.159198    0.468074    6.987991 v hold56/X (sky130_fd_sc_hd__dlygate4sd3_1)
                                                         net154 (net)
                      0.159385    0.004635    6.992625 v i_sram/DI[21] (CF_SRAM_1024x32)
                                              6.992625   data arrival time

                                  0.000000    0.000000   clock clk (rise edge)
                                  5.570000    5.570000   clock source latency
     1    0.049890    0.610000    0.000000    5.570000 ^ wb_clk_i (in)
                                                         wb_clk_i (net)
                      0.623604    0.007142    5.577142 ^ clkbuf_0_wb_clk_i/A (sky130_fd_sc_hd__clkbuf_16)
     2    0.059415    0.071220    0.173432    5.750574 ^ clkbuf_0_wb_clk_i/X (sky130_fd_sc_hd__clkbuf_16)
                                                         clknet_0_wb_clk_i (net)
                      0.071254    0.000989    5.751563 ^ clkbuf_1_1__f_wb_clk_i/A (sky130_fd_sc_hd__clkbuf_16)
     1    0.133983    0.113878    0.160765    5.912327 ^ clkbuf_1_1__f_wb_clk_i/X (sky130_fd_sc_hd__clkbuf_16)
                                                         clknet_1_1__leaf_wb_clk_i (net)
                      0.115574    0.011577    5.923904 ^ i_sram/CLKin (CF_SRAM_1024x32)
                                  0.100000    6.023905   clock uncertainty
                                  0.000000    6.023905   clock reconvergence pessimism
                                  0.572887    6.596792   library hold time
                                              6.596792   data required time
---------------------------------------------------------------------------------------------
                                              6.596792   data required time
                                             -6.992625   data arrival time
---------------------------------------------------------------------------------------------
                                              0.395833   slack (MET)


Startpoint: wbs_dat_i[16] (input port clocked by clk)
Endpoint: i_sram (rising edge-triggered flip-flop clocked by clk)
Path Group: clk
Path Type: min

Fanout         Cap        Slew       Delay        Time   Description
---------------------------------------------------------------------------------------------
                                  0.000000    0.000000   clock clk (rise edge)
                                  4.650000    4.650000   clock network delay (propagated)
                                  1.040000    5.690000 v input external delay
     1    0.002602    0.070000    0.000000    5.690000 v wbs_dat_i[16] (in)
                                                         wbs_dat_i[16] (net)
                      0.070030    0.000014    5.690014 v hold113/A (sky130_fd_sc_hd__dlygate4sd3_1)
     1    0.003544    0.041433    0.360725    6.050740 v hold113/X (sky130_fd_sc_hd__dlygate4sd3_1)
                                                         net211 (net)
                      0.041433    0.000048    6.050788 v hold49/A (sky130_fd_sc_hd__dlygate4sd3_1)
     1    0.003615    0.041875    0.350352    6.401140 v hold49/X (sky130_fd_sc_hd__dlygate4sd3_1)
                                                         net147 (net)
                      0.041875    0.000042    6.401182 v input20/A (sky130_fd_sc_hd__clkbuf_4)
     1    0.036326    0.059579    0.121749    6.522931 v input20/X (sky130_fd_sc_hd__clkbuf_4)
                                                         net20 (net)
                      0.060017    0.003711    6.526642 v hold50/A (sky130_fd_sc_hd__dlygate4sd3_1)
     1    0.040741    0.151361    0.464575    6.991218 v hold50/X (sky130_fd_sc_hd__dlygate4sd3_1)
                                                         net148 (net)
                      0.151484    0.003715    6.994932 v i_sram/DI[16] (CF_SRAM_1024x32)
                                              6.994932   data arrival time

                                  0.000000    0.000000   clock clk (rise edge)
                                  5.570000    5.570000   clock source latency
     1    0.049890    0.610000    0.000000    5.570000 ^ wb_clk_i (in)
                                                         wb_clk_i (net)
                      0.623604    0.007142    5.577142 ^ clkbuf_0_wb_clk_i/A (sky130_fd_sc_hd__clkbuf_16)
     2    0.059415    0.071220    0.173432    5.750574 ^ clkbuf_0_wb_clk_i/X (sky130_fd_sc_hd__clkbuf_16)
                                                         clknet_0_wb_clk_i (net)
                      0.071254    0.000989    5.751563 ^ clkbuf_1_1__f_wb_clk_i/A (sky130_fd_sc_hd__clkbuf_16)
     1    0.133983    0.113878    0.160765    5.912327 ^ clkbuf_1_1__f_wb_clk_i/X (sky130_fd_sc_hd__clkbuf_16)
                                                         clknet_1_1__leaf_wb_clk_i (net)
                      0.115574    0.011577    5.923904 ^ i_sram/CLKin (CF_SRAM_1024x32)
                                  0.100000    6.023905   clock uncertainty
                                  0.000000    6.023905   clock reconvergence pessimism
                                  0.574974    6.598879   library hold time
                                              6.598879   data required time
---------------------------------------------------------------------------------------------
                                              6.598879   data required time
                                             -6.994932   data arrival time
---------------------------------------------------------------------------------------------
                                              0.396053   slack (MET)


Startpoint: wbs_adr_i[11] (input port clocked by clk)
Endpoint: i_sram (rising edge-triggered flip-flop clocked by clk)
Path Group: clk
Path Type: min

Fanout         Cap        Slew       Delay        Time   Description
---------------------------------------------------------------------------------------------
                                  0.000000    0.000000   clock clk (rise edge)
                                  4.650000    4.650000   clock network delay (propagated)
                                  0.790000    5.440000 v input external delay
     1    0.003117    0.070000    0.000000    5.440000 v wbs_adr_i[11] (in)
                                                         wbs_adr_i[11] (net)
                      0.070043    0.000020    5.440021 v hold129/A (sky130_fd_sc_hd__dlygate4sd3_1)
     1    0.001761    0.035066    0.350548    5.790569 v hold129/X (sky130_fd_sc_hd__dlygate4sd3_1)
                                                         net227 (net)
                      0.035066    0.000006    5.790576 v hold41/A (sky130_fd_sc_hd__dlygate4sd3_1)
     1    0.002691    0.037613    0.342769    6.133344 v hold41/X (sky130_fd_sc_hd__dlygate4sd3_1)
                                                         net139 (net)
                      0.037613    0.000022    6.133367 v input3/A (sky130_fd_sc_hd__buf_4)
     1    0.040142    0.047449    0.111999    6.245365 v input3/X (sky130_fd_sc_hd__buf_4)
                                                         net3 (net)
                      0.047497    0.001300    6.246665 v hold42/A (sky130_fd_sc_hd__dlygate4sd3_1)
     1    0.042434    0.156392    0.464339    6.711004 v hold42/X (sky130_fd_sc_hd__dlygate4sd3_1)
                                                         net140 (net)
                      0.156484    0.003310    6.714314 v i_sram/AD[9] (CF_SRAM_1024x32)
                                              6.714314   data arrival time

                                  0.000000    0.000000   clock clk (rise edge)
                                  5.570000    5.570000   clock source latency
     1    0.049890    0.610000    0.000000    5.570000 ^ wb_clk_i (in)
                                                         wb_clk_i (net)
                      0.623604    0.007142    5.577142 ^ clkbuf_0_wb_clk_i/A (sky130_fd_sc_hd__clkbuf_16)
     2    0.059415    0.071220    0.173432    5.750574 ^ clkbuf_0_wb_clk_i/X (sky130_fd_sc_hd__clkbuf_16)
                                                         clknet_0_wb_clk_i (net)
                      0.071254    0.000989    5.751563 ^ clkbuf_1_1__f_wb_clk_i/A (sky130_fd_sc_hd__clkbuf_16)
     1    0.133983    0.113878    0.160765    5.912327 ^ clkbuf_1_1__f_wb_clk_i/X (sky130_fd_sc_hd__clkbuf_16)
                                                         clknet_1_1__leaf_wb_clk_i (net)
                      0.115574    0.011577    5.923904 ^ i_sram/CLKin (CF_SRAM_1024x32)
                                  0.100000    6.023905   clock uncertainty
                                  0.000000    6.023905   clock reconvergence pessimism
                                  0.292599    6.316504   library hold time
                                              6.316504   data required time
---------------------------------------------------------------------------------------------
                                              6.316504   data required time
                                             -6.714314   data arrival time
---------------------------------------------------------------------------------------------
                                              0.397811   slack (MET)


Startpoint: wbs_we_i (input port clocked by clk)
Endpoint: i_sram (rising edge-triggered flip-flop clocked by clk)
Path Group: clk
Path Type: min

Fanout         Cap        Slew       Delay        Time   Description
---------------------------------------------------------------------------------------------
                                  0.000000    0.000000   clock clk (rise edge)
                                  4.650000    4.650000   clock network delay (propagated)
                                  1.650000    6.300000 v input external delay
     1    0.003555    0.090000    0.000000    6.300000 v wbs_we_i (in)
                                                         wbs_we_i (net)
                      0.090062    0.000029    6.300029 v input50/A (sky130_fd_sc_hd__buf_2)
     5    0.049727    0.084502    0.150550    6.450579 v input50/X (sky130_fd_sc_hd__buf_2)
                                                         net50 (net)
                      0.084544    0.001518    6.452097 v fanout85/A (sky130_fd_sc_hd__buf_4)
    15    0.069275    0.068280    0.150024    6.602120 v fanout85/X (sky130_fd_sc_hd__buf_4)
                                                         net85 (net)
                      0.068434    0.002505    6.604625 v _10_/A (sky130_fd_sc_hd__clkinv_4)
     1    0.075943    0.114656    0.102339    6.706964 ^ _10_/Y (sky130_fd_sc_hd__clkinv_4)
                                                         i_ram_wb_controller.R_WB (net)
                      0.115974    0.009366    6.716330 ^ i_sram/R_WB (CF_SRAM_1024x32)
                                              6.716330   data arrival time

                                  0.000000    0.000000   clock clk (rise edge)
                                  5.570000    5.570000   clock source latency
     1    0.049890    0.610000    0.000000    5.570000 ^ wb_clk_i (in)
                                                         wb_clk_i (net)
                      0.623604    0.007142    5.577142 ^ clkbuf_0_wb_clk_i/A (sky130_fd_sc_hd__clkbuf_16)
     2    0.059415    0.071220    0.173432    5.750574 ^ clkbuf_0_wb_clk_i/X (sky130_fd_sc_hd__clkbuf_16)
                                                         clknet_0_wb_clk_i (net)
                      0.071254    0.000989    5.751563 ^ clkbuf_1_1__f_wb_clk_i/A (sky130_fd_sc_hd__clkbuf_16)
     1    0.133983    0.113878    0.160765    5.912327 ^ clkbuf_1_1__f_wb_clk_i/X (sky130_fd_sc_hd__clkbuf_16)
                                                         clknet_1_1__leaf_wb_clk_i (net)
                      0.115574    0.011577    5.923904 ^ i_sram/CLKin (CF_SRAM_1024x32)
                                  0.100000    6.023905   clock uncertainty
                                  0.000000    6.023905   clock reconvergence pessimism
                                  0.293413    6.317317   library hold time
                                              6.317317   data required time
---------------------------------------------------------------------------------------------
                                              6.317317   data required time
                                             -6.716330   data arrival time
---------------------------------------------------------------------------------------------
                                              0.399012   slack (MET)


Startpoint: wbs_adr_i[9] (input port clocked by clk)
Endpoint: i_sram (rising edge-triggered flip-flop clocked by clk)
Path Group: clk
Path Type: min

Fanout         Cap        Slew       Delay        Time   Description
---------------------------------------------------------------------------------------------
                                  0.000000    0.000000   clock clk (rise edge)
                                  4.650000    4.650000   clock network delay (propagated)
                                  0.790000    5.440000 v input external delay
     1    0.003461    0.070000    0.000000    5.440000 v wbs_adr_i[9] (in)
                                                         wbs_adr_i[9] (net)
                      0.070055    0.000026    5.440026 v hold131/A (sky130_fd_sc_hd__dlygate4sd3_1)
     1    0.001858    0.034890    0.351102    5.791129 v hold131/X (sky130_fd_sc_hd__dlygate4sd3_1)
                                                         net229 (net)
                      0.034890    0.000014    5.791143 v hold61/A (sky130_fd_sc_hd__dlygate4sd3_1)
     1    0.002677    0.037571    0.342624    6.133767 v hold61/X (sky130_fd_sc_hd__dlygate4sd3_1)
                                                         net159 (net)
                      0.037571    0.000022    6.133789 v input11/A (sky130_fd_sc_hd__buf_4)
     1    0.041653    0.049497    0.111466    6.245255 v input11/X (sky130_fd_sc_hd__buf_4)
                                                         net11 (net)
                      0.050378    0.004983    6.250238 v hold62/A (sky130_fd_sc_hd__dlygate4sd3_1)
     1    0.042960    0.157988    0.466343    6.716580 v hold62/X (sky130_fd_sc_hd__dlygate4sd3_1)
                                                         net160 (net)
                      0.158103    0.003686    6.720267 v i_sram/AD[7] (CF_SRAM_1024x32)
                                              6.720267   data arrival time

                                  0.000000    0.000000   clock clk (rise edge)
                                  5.570000    5.570000   clock source latency
     1    0.049890    0.610000    0.000000    5.570000 ^ wb_clk_i (in)
                                                         wb_clk_i (net)
                      0.623604    0.007142    5.577142 ^ clkbuf_0_wb_clk_i/A (sky130_fd_sc_hd__clkbuf_16)
     2    0.059415    0.071220    0.173432    5.750574 ^ clkbuf_0_wb_clk_i/X (sky130_fd_sc_hd__clkbuf_16)
                                                         clknet_0_wb_clk_i (net)
                      0.071254    0.000989    5.751563 ^ clkbuf_1_1__f_wb_clk_i/A (sky130_fd_sc_hd__clkbuf_16)
     1    0.133983    0.113878    0.160765    5.912327 ^ clkbuf_1_1__f_wb_clk_i/X (sky130_fd_sc_hd__clkbuf_16)
                                                         clknet_1_1__leaf_wb_clk_i (net)
                      0.115574    0.011577    5.923904 ^ i_sram/CLKin (CF_SRAM_1024x32)
                                  0.100000    6.023905   clock uncertainty
                                  0.000000    6.023905   clock reconvergence pessimism
                                  0.292603    6.316507   library hold time
                                              6.316507   data required time
---------------------------------------------------------------------------------------------
                                              6.316507   data required time
                                             -6.720267   data arrival time
---------------------------------------------------------------------------------------------
                                              0.403759   slack (MET)


Startpoint: wbs_adr_i[7] (input port clocked by clk)
Endpoint: i_sram (rising edge-triggered flip-flop clocked by clk)
Path Group: clk
Path Type: min

Fanout         Cap        Slew       Delay        Time   Description
---------------------------------------------------------------------------------------------
                                  0.000000    0.000000   clock clk (rise edge)
                                  4.650000    4.650000   clock network delay (propagated)
                                  0.790000    5.440000 v input external delay
     1    0.002887    0.070000    0.000000    5.440000 v wbs_adr_i[7] (in)
                                                         wbs_adr_i[7] (net)
                      0.070039    0.000019    5.440019 v hold133/A (sky130_fd_sc_hd__dlygate4sd3_1)
     1    0.002016    0.035456    0.352002    5.792021 v hold133/X (sky130_fd_sc_hd__dlygate4sd3_1)
                                                         net231 (net)
                      0.035456    0.000016    5.792037 v hold69/A (sky130_fd_sc_hd__dlygate4sd3_1)
     1    0.002687    0.037597    0.342883    6.134920 v hold69/X (sky130_fd_sc_hd__dlygate4sd3_1)
                                                         net167 (net)
                      0.037597    0.000023    6.134943 v input9/A (sky130_fd_sc_hd__buf_4)
     1    0.049712    0.055099    0.118678    6.253621 v input9/X (sky130_fd_sc_hd__buf_4)
                                                         net9 (net)
                      0.055168    0.001684    6.255305 v hold70/A (sky130_fd_sc_hd__dlygate4sd3_1)
     1    0.040596    0.150855    0.462602    6.717907 v hold70/X (sky130_fd_sc_hd__dlygate4sd3_1)
                                                         net168 (net)
                      0.150961    0.003475    6.721382 v i_sram/AD[5] (CF_SRAM_1024x32)
                                              6.721382   data arrival time

                                  0.000000    0.000000   clock clk (rise edge)
                                  5.570000    5.570000   clock source latency
     1    0.049890    0.610000    0.000000    5.570000 ^ wb_clk_i (in)
                                                         wb_clk_i (net)
                      0.623604    0.007142    5.577142 ^ clkbuf_0_wb_clk_i/A (sky130_fd_sc_hd__clkbuf_16)
     2    0.059415    0.071220    0.173432    5.750574 ^ clkbuf_0_wb_clk_i/X (sky130_fd_sc_hd__clkbuf_16)
                                                         clknet_0_wb_clk_i (net)
                      0.071254    0.000989    5.751563 ^ clkbuf_1_1__f_wb_clk_i/A (sky130_fd_sc_hd__clkbuf_16)
     1    0.133983    0.113878    0.160765    5.912327 ^ clkbuf_1_1__f_wb_clk_i/X (sky130_fd_sc_hd__clkbuf_16)
                                                         clknet_1_1__leaf_wb_clk_i (net)
                      0.115574    0.011577    5.923904 ^ i_sram/CLKin (CF_SRAM_1024x32)
                                  0.100000    6.023905   clock uncertainty
                                  0.000000    6.023905   clock reconvergence pessimism
                                  0.292586    6.316490   library hold time
                                              6.316490   data required time
---------------------------------------------------------------------------------------------
                                              6.316490   data required time
                                             -6.721382   data arrival time
---------------------------------------------------------------------------------------------
                                              0.404892   slack (MET)


Startpoint: wbs_adr_i[8] (input port clocked by clk)
Endpoint: i_sram (rising edge-triggered flip-flop clocked by clk)
Path Group: clk
Path Type: min

Fanout         Cap        Slew       Delay        Time   Description
---------------------------------------------------------------------------------------------
                                  0.000000    0.000000   clock clk (rise edge)
                                  4.650000    4.650000   clock network delay (propagated)
                                  0.790000    5.440000 v input external delay
     1    0.002973    0.070000    0.000000    5.440000 v wbs_adr_i[8] (in)
                                                         wbs_adr_i[8] (net)
                      0.070041    0.000020    5.440020 v hold132/A (sky130_fd_sc_hd__dlygate4sd3_1)
     1    0.002769    0.037904    0.356305    5.796325 v hold132/X (sky130_fd_sc_hd__dlygate4sd3_1)
                                                         net230 (net)
                      0.037904    0.000029    5.796354 v hold67/A (sky130_fd_sc_hd__dlygate4sd3_1)
     1    0.002843    0.038249    0.344661    6.141016 v hold67/X (sky130_fd_sc_hd__dlygate4sd3_1)
                                                         net165 (net)
                      0.038249    0.000025    6.141040 v input10/A (sky130_fd_sc_hd__buf_4)
     1    0.048532    0.054238    0.118336    6.259376 v input10/X (sky130_fd_sc_hd__buf_4)
                                                         net10 (net)
                      0.054334    0.001452    6.260828 v hold68/A (sky130_fd_sc_hd__dlygate4sd3_1)
     1    0.042195    0.155675    0.465925    6.726753 v hold68/X (sky130_fd_sc_hd__dlygate4sd3_1)
                                                         net166 (net)
                      0.155791    0.003664    6.730417 v i_sram/AD[6] (CF_SRAM_1024x32)
                                              6.730417   data arrival time

                                  0.000000    0.000000   clock clk (rise edge)
                                  5.570000    5.570000   clock source latency
     1    0.049890    0.610000    0.000000    5.570000 ^ wb_clk_i (in)
                                                         wb_clk_i (net)
                      0.623604    0.007142    5.577142 ^ clkbuf_0_wb_clk_i/A (sky130_fd_sc_hd__clkbuf_16)
     2    0.059415    0.071220    0.173432    5.750574 ^ clkbuf_0_wb_clk_i/X (sky130_fd_sc_hd__clkbuf_16)
                                                         clknet_0_wb_clk_i (net)
                      0.071254    0.000989    5.751563 ^ clkbuf_1_1__f_wb_clk_i/A (sky130_fd_sc_hd__clkbuf_16)
     1    0.133983    0.113878    0.160765    5.912327 ^ clkbuf_1_1__f_wb_clk_i/X (sky130_fd_sc_hd__clkbuf_16)
                                                         clknet_1_1__leaf_wb_clk_i (net)
                      0.115574    0.011577    5.923904 ^ i_sram/CLKin (CF_SRAM_1024x32)
                                  0.100000    6.023905   clock uncertainty
                                  0.000000    6.023905   clock reconvergence pessimism
                                  0.292597    6.316502   library hold time
                                              6.316502   data required time
---------------------------------------------------------------------------------------------
                                              6.316502   data required time
                                             -6.730417   data arrival time
---------------------------------------------------------------------------------------------
                                              0.413915   slack (MET)


Startpoint: wbs_dat_i[25] (input port clocked by clk)
Endpoint: i_sram (rising edge-triggered flip-flop clocked by clk)
Path Group: clk
Path Type: min

Fanout         Cap        Slew       Delay        Time   Description
---------------------------------------------------------------------------------------------
                                  0.000000    0.000000   clock clk (rise edge)
                                  4.650000    4.650000   clock network delay (propagated)
                                  1.040000    5.690000 v input external delay
     1    0.005085    0.070000    0.000000    5.690000 v wbs_dat_i[25] (in)
                                                         wbs_dat_i[25] (net)
                      0.070105    0.000050    5.690050 v hold120/A (sky130_fd_sc_hd__dlygate4sd3_1)
     1    0.003915    0.042689    0.362531    6.052581 v hold120/X (sky130_fd_sc_hd__dlygate4sd3_1)
                                                         net218 (net)
                      0.042689    0.000061    6.052642 v hold73/A (sky130_fd_sc_hd__dlygate4sd3_1)
     1    0.005522    0.047597    0.358825    6.411467 v hold73/X (sky130_fd_sc_hd__dlygate4sd3_1)
                                                         net171 (net)
                      0.047597    0.000103    6.411571 v input30/A (sky130_fd_sc_hd__clkbuf_4)
     1    0.030401    0.052404    0.117848    6.529418 v input30/X (sky130_fd_sc_hd__clkbuf_4)
                                                         net30 (net)
                      0.052803    0.003470    6.532888 v hold74/A (sky130_fd_sc_hd__dlygate4sd3_1)
     1    0.046197    0.168925    0.473460    7.006349 v hold74/X (sky130_fd_sc_hd__dlygate4sd3_1)
                                                         net172 (net)
                      0.169180    0.005532    7.011881 v i_sram/DI[25] (CF_SRAM_1024x32)
                                              7.011881   data arrival time

                                  0.000000    0.000000   clock clk (rise edge)
                                  5.570000    5.570000   clock source latency
     1    0.049890    0.610000    0.000000    5.570000 ^ wb_clk_i (in)
                                                         wb_clk_i (net)
                      0.623604    0.007142    5.577142 ^ clkbuf_0_wb_clk_i/A (sky130_fd_sc_hd__clkbuf_16)
     2    0.059415    0.071220    0.173432    5.750574 ^ clkbuf_0_wb_clk_i/X (sky130_fd_sc_hd__clkbuf_16)
                                                         clknet_0_wb_clk_i (net)
                      0.071254    0.000989    5.751563 ^ clkbuf_1_1__f_wb_clk_i/A (sky130_fd_sc_hd__clkbuf_16)
     1    0.133983    0.113878    0.160765    5.912327 ^ clkbuf_1_1__f_wb_clk_i/X (sky130_fd_sc_hd__clkbuf_16)
                                                         clknet_1_1__leaf_wb_clk_i (net)
                      0.115574    0.011577    5.923904 ^ i_sram/CLKin (CF_SRAM_1024x32)
                                  0.100000    6.023905   clock uncertainty
                                  0.000000    6.023905   clock reconvergence pessimism
                                  0.570300    6.594205   library hold time
                                              6.594205   data required time
---------------------------------------------------------------------------------------------
                                              6.594205   data required time
                                             -7.011881   data arrival time
---------------------------------------------------------------------------------------------
                                              0.417676   slack (MET)


Startpoint: wbs_adr_i[10] (input port clocked by clk)
Endpoint: i_sram (rising edge-triggered flip-flop clocked by clk)
Path Group: clk
Path Type: min

Fanout         Cap        Slew       Delay        Time   Description
---------------------------------------------------------------------------------------------
                                  0.000000    0.000000   clock clk (rise edge)
                                  4.650000    4.650000   clock network delay (propagated)
                                  0.790000    5.440000 v input external delay
     1    0.004416    0.070000    0.000000    5.440000 v wbs_adr_i[10] (in)
                                                         wbs_adr_i[10] (net)
                      0.070116    0.000055    5.440055 v hold130/A (sky130_fd_sc_hd__dlygate4sd3_1)
     1    0.003714    0.042225    0.361700    5.801756 v hold130/X (sky130_fd_sc_hd__dlygate4sd3_1)
                                                         net228 (net)
                      0.042225    0.000055    5.801811 v hold53/A (sky130_fd_sc_hd__dlygate4sd3_1)
     1    0.002729    0.037744    0.345571    6.147381 v hold53/X (sky130_fd_sc_hd__dlygate4sd3_1)
                                                         net151 (net)
                      0.037744    0.000023    6.147405 v input2/A (sky130_fd_sc_hd__buf_4)
     1    0.040684    0.048592    0.111220    6.258625 v input2/X (sky130_fd_sc_hd__buf_4)
                                                         net2 (net)
                      0.049208    0.004142    6.262767 v hold54/A (sky130_fd_sc_hd__dlygate4sd3_1)
     1    0.043854    0.160733    0.467864    6.730631 v hold54/X (sky130_fd_sc_hd__dlygate4sd3_1)
                                                         net152 (net)
                      0.160850    0.003744    6.734375 v i_sram/AD[8] (CF_SRAM_1024x32)
                                              6.734375   data arrival time

                                  0.000000    0.000000   clock clk (rise edge)
                                  5.570000    5.570000   clock source latency
     1    0.049890    0.610000    0.000000    5.570000 ^ wb_clk_i (in)
                                                         wb_clk_i (net)
                      0.623604    0.007142    5.577142 ^ clkbuf_0_wb_clk_i/A (sky130_fd_sc_hd__clkbuf_16)
     2    0.059415    0.071220    0.173432    5.750574 ^ clkbuf_0_wb_clk_i/X (sky130_fd_sc_hd__clkbuf_16)
                                                         clknet_0_wb_clk_i (net)
                      0.071254    0.000989    5.751563 ^ clkbuf_1_1__f_wb_clk_i/A (sky130_fd_sc_hd__clkbuf_16)
     1    0.133983    0.113878    0.160765    5.912327 ^ clkbuf_1_1__f_wb_clk_i/X (sky130_fd_sc_hd__clkbuf_16)
                                                         clknet_1_1__leaf_wb_clk_i (net)
                      0.115574    0.011577    5.923904 ^ i_sram/CLKin (CF_SRAM_1024x32)
                                  0.100000    6.023905   clock uncertainty
                                  0.000000    6.023905   clock reconvergence pessimism
                                  0.292609    6.316514   library hold time
                                              6.316514   data required time
---------------------------------------------------------------------------------------------
                                              6.316514   data required time
                                             -6.734375   data arrival time
---------------------------------------------------------------------------------------------
                                              0.417860   slack (MET)


Startpoint: wbs_adr_i[6] (input port clocked by clk)
Endpoint: i_sram (rising edge-triggered flip-flop clocked by clk)
Path Group: clk
Path Type: min

Fanout         Cap        Slew       Delay        Time   Description
---------------------------------------------------------------------------------------------
                                  0.000000    0.000000   clock clk (rise edge)
                                  4.650000    4.650000   clock network delay (propagated)
                                  0.790000    5.440000 v input external delay
     1    0.003738    0.070000    0.000000    5.440000 v wbs_adr_i[6] (in)
                                                         wbs_adr_i[6] (net)
                      0.070064    0.000030    5.440031 v hold135/A (sky130_fd_sc_hd__dlygate4sd3_1)
     1    0.002137    0.035885    0.352701    5.792732 v hold135/X (sky130_fd_sc_hd__dlygate4sd3_1)
                                                         net233 (net)
                      0.035885    0.000018    5.792750 v hold77/A (sky130_fd_sc_hd__dlygate4sd3_1)
     1    0.003184    0.039803    0.345880    6.138630 v hold77/X (sky130_fd_sc_hd__dlygate4sd3_1)
                                                         net175 (net)
                      0.039803    0.000033    6.138663 v input8/A (sky130_fd_sc_hd__buf_4)
     1    0.053090    0.057862    0.121871    6.260534 v input8/X (sky130_fd_sc_hd__buf_4)
                                                         net8 (net)
                      0.057939    0.001806    6.262340 v hold78/A (sky130_fd_sc_hd__dlygate4sd3_1)
     1    0.044052    0.161297    0.471592    6.733932 v hold78/X (sky130_fd_sc_hd__dlygate4sd3_1)
                                                         net176 (net)
                      0.161415    0.003771    6.737703 v i_sram/AD[4] (CF_SRAM_1024x32)
                                              6.737703   data arrival time

                                  0.000000    0.000000   clock clk (rise edge)
                                  5.570000    5.570000   clock source latency
     1    0.049890    0.610000    0.000000    5.570000 ^ wb_clk_i (in)
                                                         wb_clk_i (net)
                      0.623604    0.007142    5.577142 ^ clkbuf_0_wb_clk_i/A (sky130_fd_sc_hd__clkbuf_16)
     2    0.059415    0.071220    0.173432    5.750574 ^ clkbuf_0_wb_clk_i/X (sky130_fd_sc_hd__clkbuf_16)
                                                         clknet_0_wb_clk_i (net)
                      0.071254    0.000989    5.751563 ^ clkbuf_1_1__f_wb_clk_i/A (sky130_fd_sc_hd__clkbuf_16)
     1    0.133983    0.113878    0.160765    5.912327 ^ clkbuf_1_1__f_wb_clk_i/X (sky130_fd_sc_hd__clkbuf_16)
                                                         clknet_1_1__leaf_wb_clk_i (net)
                      0.115574    0.011577    5.923904 ^ i_sram/CLKin (CF_SRAM_1024x32)
                                  0.100000    6.023905   clock uncertainty
                                  0.000000    6.023905   clock reconvergence pessimism
                                  0.292611    6.316515   library hold time
                                              6.316515   data required time
---------------------------------------------------------------------------------------------
                                              6.316515   data required time
                                             -6.737703   data arrival time
---------------------------------------------------------------------------------------------
                                              0.421188   slack (MET)


Startpoint: wbs_dat_i[1] (input port clocked by clk)
Endpoint: i_sram (rising edge-triggered flip-flop clocked by clk)
Path Group: clk
Path Type: min

Fanout         Cap        Slew       Delay        Time   Description
---------------------------------------------------------------------------------------------
                                  0.000000    0.000000   clock clk (rise edge)
                                  4.650000    4.650000   clock network delay (propagated)
                                  1.040000    5.690000 v input external delay
     1    0.003751    0.070000    0.000000    5.690000 v wbs_dat_i[1] (in)
                                                         wbs_dat_i[1] (net)
                      0.070067    0.000032    5.690032 v hold122/A (sky130_fd_sc_hd__dlygate4sd3_1)
     1    0.002065    0.035630    0.352296    6.042328 v hold122/X (sky130_fd_sc_hd__dlygate4sd3_1)
                                                         net220 (net)
                      0.035630    0.000011    6.042339 v hold9/A (sky130_fd_sc_hd__dlygate4sd3_1)
     1    0.003077    0.039307    0.345177    6.387516 v hold9/X (sky130_fd_sc_hd__dlygate4sd3_1)
                                                         net107 (net)
                      0.039307    0.000032    6.387547 v input24/A (sky130_fd_sc_hd__buf_4)
     1    0.013976    0.027636    0.092203    6.479750 v input24/X (sky130_fd_sc_hd__buf_4)
                                                         net24 (net)
                      0.027670    0.000828    6.480578 v hold10/A (sky130_fd_sc_hd__dlygate4sd3_1)
     1    0.066139    0.230929    0.508178    6.988756 v hold10/X (sky130_fd_sc_hd__dlygate4sd3_1)
                                                         net108 (net)
                      0.231664    0.010730    6.999485 v i_sram/DI[1] (CF_SRAM_1024x32)
                                              6.999485   data arrival time

                                  0.000000    0.000000   clock clk (rise edge)
                                  5.570000    5.570000   clock source latency
     1    0.049890    0.610000    0.000000    5.570000 ^ wb_clk_i (in)
                                                         wb_clk_i (net)
                      0.623604    0.007142    5.577142 ^ clkbuf_0_wb_clk_i/A (sky130_fd_sc_hd__clkbuf_16)
     2    0.059415    0.071220    0.173432    5.750574 ^ clkbuf_0_wb_clk_i/X (sky130_fd_sc_hd__clkbuf_16)
                                                         clknet_0_wb_clk_i (net)
                      0.071254    0.000989    5.751563 ^ clkbuf_1_1__f_wb_clk_i/A (sky130_fd_sc_hd__clkbuf_16)
     1    0.133983    0.113878    0.160765    5.912327 ^ clkbuf_1_1__f_wb_clk_i/X (sky130_fd_sc_hd__clkbuf_16)
                                                         clknet_1_1__leaf_wb_clk_i (net)
                      0.115574    0.011577    5.923904 ^ i_sram/CLKin (CF_SRAM_1024x32)
                                  0.100000    6.023905   clock uncertainty
                                  0.000000    6.023905   clock reconvergence pessimism
                                  0.553796    6.577700   library hold time
                                              6.577700   data required time
---------------------------------------------------------------------------------------------
                                              6.577700   data required time
                                             -6.999485   data arrival time
---------------------------------------------------------------------------------------------
                                              0.421785   slack (MET)


Startpoint: wbs_adr_i[3] (input port clocked by clk)
Endpoint: i_sram (rising edge-triggered flip-flop clocked by clk)
Path Group: clk
Path Type: min

Fanout         Cap        Slew       Delay        Time   Description
---------------------------------------------------------------------------------------------
                                  0.000000    0.000000   clock clk (rise edge)
                                  4.650000    4.650000   clock network delay (propagated)
                                  0.790000    5.440000 v input external delay
     1    0.004337    0.070000    0.000000    5.440000 v wbs_adr_i[3] (in)
                                                         wbs_adr_i[3] (net)
                      0.070091    0.000043    5.440043 v hold137/A (sky130_fd_sc_hd__dlygate4sd3_1)
     1    0.002830    0.038161    0.356674    5.796718 v hold137/X (sky130_fd_sc_hd__dlygate4sd3_1)
                                                         net235 (net)
                      0.038161    0.000029    5.796746 v hold83/A (sky130_fd_sc_hd__dlygate4sd3_1)
     1    0.003237    0.040031    0.347007    6.143754 v hold83/X (sky130_fd_sc_hd__dlygate4sd3_1)
                                                         net181 (net)
                      0.040031    0.000036    6.143790 v input5/A (sky130_fd_sc_hd__buf_4)
     1    0.052433    0.058862    0.119178    6.262969 v input5/X (sky130_fd_sc_hd__buf_4)
                                                         net5 (net)
                      0.059835    0.005767    6.268736 v hold84/A (sky130_fd_sc_hd__dlygate4sd3_1)
     1    0.043768    0.160458    0.471622    6.740358 v hold84/X (sky130_fd_sc_hd__dlygate4sd3_1)
                                                         net182 (net)
                      0.160580    0.003806    6.744164 v i_sram/AD[1] (CF_SRAM_1024x32)
                                              6.744164   data arrival time

                                  0.000000    0.000000   clock clk (rise edge)
                                  5.570000    5.570000   clock source latency
     1    0.049890    0.610000    0.000000    5.570000 ^ wb_clk_i (in)
                                                         wb_clk_i (net)
                      0.623604    0.007142    5.577142 ^ clkbuf_0_wb_clk_i/A (sky130_fd_sc_hd__clkbuf_16)
     2    0.059415    0.071220    0.173432    5.750574 ^ clkbuf_0_wb_clk_i/X (sky130_fd_sc_hd__clkbuf_16)
                                                         clknet_0_wb_clk_i (net)
                      0.071254    0.000989    5.751563 ^ clkbuf_1_1__f_wb_clk_i/A (sky130_fd_sc_hd__clkbuf_16)
     1    0.133983    0.113878    0.160765    5.912327 ^ clkbuf_1_1__f_wb_clk_i/X (sky130_fd_sc_hd__clkbuf_16)
                                                         clknet_1_1__leaf_wb_clk_i (net)
                      0.115574    0.011577    5.923904 ^ i_sram/CLKin (CF_SRAM_1024x32)
                                  0.100000    6.023905   clock uncertainty
                                  0.000000    6.023905   clock reconvergence pessimism
                                  0.292609    6.316513   library hold time
                                              6.316513   data required time
---------------------------------------------------------------------------------------------
                                              6.316513   data required time
                                             -6.744164   data arrival time
---------------------------------------------------------------------------------------------
                                              0.427650   slack (MET)


Startpoint: wbs_adr_i[5] (input port clocked by clk)
Endpoint: i_sram (rising edge-triggered flip-flop clocked by clk)
Path Group: clk
Path Type: min

Fanout         Cap        Slew       Delay        Time   Description
---------------------------------------------------------------------------------------------
                                  0.000000    0.000000   clock clk (rise edge)
                                  4.650000    4.650000   clock network delay (propagated)
                                  0.790000    5.440000 v input external delay
     1    0.006151    0.070000    0.000000    5.440000 v wbs_adr_i[5] (in)
                                                         wbs_adr_i[5] (net)
                      0.070207    0.000099    5.440099 v hold134/A (sky130_fd_sc_hd__dlygate4sd3_1)
     1    0.003252    0.040024    0.359128    5.799227 v hold134/X (sky130_fd_sc_hd__dlygate4sd3_1)
                                                         net232 (net)
                      0.040024    0.000039    5.799266 v hold71/A (sky130_fd_sc_hd__dlygate4sd3_1)
     1    0.005508    0.047596    0.357804    6.157070 v hold71/X (sky130_fd_sc_hd__dlygate4sd3_1)
                                                         net169 (net)
                      0.047596    0.000094    6.157164 v input7/A (sky130_fd_sc_hd__buf_4)
     1    0.044663    0.051877    0.117833    6.274998 v input7/X (sky130_fd_sc_hd__buf_4)
                                                         net7 (net)
                      0.052465    0.004209    6.279207 v hold72/A (sky130_fd_sc_hd__dlygate4sd3_1)
     1    0.040995    0.152049    0.462544    6.741750 v hold72/X (sky130_fd_sc_hd__dlygate4sd3_1)
                                                         net170 (net)
                      0.152144    0.003316    6.745066 v i_sram/AD[3] (CF_SRAM_1024x32)
                                              6.745066   data arrival time

                                  0.000000    0.000000   clock clk (rise edge)
                                  5.570000    5.570000   clock source latency
     1    0.049890    0.610000    0.000000    5.570000 ^ wb_clk_i (in)
                                                         wb_clk_i (net)
                      0.623604    0.007142    5.577142 ^ clkbuf_0_wb_clk_i/A (sky130_fd_sc_hd__clkbuf_16)
     2    0.059415    0.071220    0.173432    5.750574 ^ clkbuf_0_wb_clk_i/X (sky130_fd_sc_hd__clkbuf_16)
                                                         clknet_0_wb_clk_i (net)
                      0.071254    0.000989    5.751563 ^ clkbuf_1_1__f_wb_clk_i/A (sky130_fd_sc_hd__clkbuf_16)
     1    0.133983    0.113878    0.160765    5.912327 ^ clkbuf_1_1__f_wb_clk_i/X (sky130_fd_sc_hd__clkbuf_16)
                                                         clknet_1_1__leaf_wb_clk_i (net)
                      0.115574    0.011577    5.923904 ^ i_sram/CLKin (CF_SRAM_1024x32)
                                  0.100000    6.023905   clock uncertainty
                                  0.000000    6.023905   clock reconvergence pessimism
                                  0.292588    6.316493   library hold time
                                              6.316493   data required time
---------------------------------------------------------------------------------------------
                                              6.316493   data required time
                                             -6.745066   data arrival time
---------------------------------------------------------------------------------------------
                                              0.428573   slack (MET)


Startpoint: wbs_adr_i[4] (input port clocked by clk)
Endpoint: i_sram (rising edge-triggered flip-flop clocked by clk)
Path Group: clk
Path Type: min

Fanout         Cap        Slew       Delay        Time   Description
---------------------------------------------------------------------------------------------
                                  0.000000    0.000000   clock clk (rise edge)
                                  4.650000    4.650000   clock network delay (propagated)
                                  0.790000    5.440000 v input external delay
     1    0.002896    0.070000    0.000000    5.440000 v wbs_adr_i[4] (in)
                                                         wbs_adr_i[4] (net)
                      0.070036    0.000017    5.440018 v hold136/A (sky130_fd_sc_hd__dlygate4sd3_1)
     1    0.002763    0.037878    0.356268    5.796286 v hold136/X (sky130_fd_sc_hd__dlygate4sd3_1)
                                                         net234 (net)
                      0.037878    0.000030    5.796316 v hold79/A (sky130_fd_sc_hd__dlygate4sd3_1)
     1    0.004313    0.043766    0.352089    6.148404 v hold79/X (sky130_fd_sc_hd__dlygate4sd3_1)
                                                         net177 (net)
                      0.043766    0.000044    6.148448 v input6/A (sky130_fd_sc_hd__buf_4)
     2    0.051847    0.058241    0.120529    6.268978 v input6/X (sky130_fd_sc_hd__buf_4)
                                                         net6 (net)
                      0.059253    0.005838    6.274815 v hold80/A (sky130_fd_sc_hd__dlygate4sd3_1)
     1    0.042234    0.155828    0.467857    6.742672 v hold80/X (sky130_fd_sc_hd__dlygate4sd3_1)
                                                         net178 (net)
                      0.155945    0.003686    6.746358 v i_sram/AD[2] (CF_SRAM_1024x32)
                                              6.746358   data arrival time

                                  0.000000    0.000000   clock clk (rise edge)
                                  5.570000    5.570000   clock source latency
     1    0.049890    0.610000    0.000000    5.570000 ^ wb_clk_i (in)
                                                         wb_clk_i (net)
                      0.623604    0.007142    5.577142 ^ clkbuf_0_wb_clk_i/A (sky130_fd_sc_hd__clkbuf_16)
     2    0.059415    0.071220    0.173432    5.750574 ^ clkbuf_0_wb_clk_i/X (sky130_fd_sc_hd__clkbuf_16)
                                                         clknet_0_wb_clk_i (net)
                      0.071254    0.000989    5.751563 ^ clkbuf_1_1__f_wb_clk_i/A (sky130_fd_sc_hd__clkbuf_16)
     1    0.133983    0.113878    0.160765    5.912327 ^ clkbuf_1_1__f_wb_clk_i/X (sky130_fd_sc_hd__clkbuf_16)
                                                         clknet_1_1__leaf_wb_clk_i (net)
                      0.115574    0.011577    5.923904 ^ i_sram/CLKin (CF_SRAM_1024x32)
                                  0.100000    6.023905   clock uncertainty
                                  0.000000    6.023905   clock reconvergence pessimism
                                  0.292598    6.316502   library hold time
                                              6.316502   data required time
---------------------------------------------------------------------------------------------
                                              6.316502   data required time
                                             -6.746358   data arrival time
---------------------------------------------------------------------------------------------
                                              0.429856   slack (MET)


Startpoint: wbs_adr_i[2] (input port clocked by clk)
Endpoint: i_sram (rising edge-triggered flip-flop clocked by clk)
Path Group: clk
Path Type: min

Fanout         Cap        Slew       Delay        Time   Description
---------------------------------------------------------------------------------------------
                                  0.000000    0.000000   clock clk (rise edge)
                                  4.650000    4.650000   clock network delay (propagated)
                                  0.790000    5.440000 v input external delay
     1    0.006513    0.070000    0.000000    5.440000 v wbs_adr_i[2] (in)
                                                         wbs_adr_i[2] (net)
                      0.070176    0.000084    5.440084 v hold138/A (sky130_fd_sc_hd__dlygate4sd3_1)
     1    0.003404    0.040742    0.359980    5.800065 v hold138/X (sky130_fd_sc_hd__dlygate4sd3_1)
                                                         net236 (net)
                      0.040742    0.000047    5.800111 v hold81/A (sky130_fd_sc_hd__dlygate4sd3_1)
     1    0.003135    0.039529    0.347355    6.147466 v hold81/X (sky130_fd_sc_hd__dlygate4sd3_1)
                                                         net179 (net)
                      0.039529    0.000035    6.147501 v input4/A (sky130_fd_sc_hd__buf_4)
     3    0.057002    0.063384    0.120643    6.268144 v input4/X (sky130_fd_sc_hd__buf_4)
                                                         net4 (net)
                      0.065242    0.008182    6.276326 v hold82/A (sky130_fd_sc_hd__dlygate4sd3_1)
     1    0.042559    0.156745    0.471308    6.747634 v hold82/X (sky130_fd_sc_hd__dlygate4sd3_1)
                                                         net180 (net)
                      0.156843    0.003402    6.751036 v i_sram/AD[0] (CF_SRAM_1024x32)
                                              6.751036   data arrival time

                                  0.000000    0.000000   clock clk (rise edge)
                                  5.570000    5.570000   clock source latency
     1    0.049890    0.610000    0.000000    5.570000 ^ wb_clk_i (in)
                                                         wb_clk_i (net)
                      0.623604    0.007142    5.577142 ^ clkbuf_0_wb_clk_i/A (sky130_fd_sc_hd__clkbuf_16)
     2    0.059415    0.071220    0.173432    5.750574 ^ clkbuf_0_wb_clk_i/X (sky130_fd_sc_hd__clkbuf_16)
                                                         clknet_0_wb_clk_i (net)
                      0.071254    0.000989    5.751563 ^ clkbuf_1_1__f_wb_clk_i/A (sky130_fd_sc_hd__clkbuf_16)
     1    0.133983    0.113878    0.160765    5.912327 ^ clkbuf_1_1__f_wb_clk_i/X (sky130_fd_sc_hd__clkbuf_16)
                                                         clknet_1_1__leaf_wb_clk_i (net)
                      0.115574    0.011577    5.923904 ^ i_sram/CLKin (CF_SRAM_1024x32)
                                  0.100000    6.023905   clock uncertainty
                                  0.000000    6.023905   clock reconvergence pessimism
                                  0.292600    6.316504   library hold time
                                              6.316504   data required time
---------------------------------------------------------------------------------------------
                                              6.316504   data required time
                                             -6.751036   data arrival time
---------------------------------------------------------------------------------------------
                                              0.434532   slack (MET)


Startpoint: wbs_dat_i[3] (input port clocked by clk)
Endpoint: i_sram (rising edge-triggered flip-flop clocked by clk)
Path Group: clk
Path Type: min

Fanout         Cap        Slew       Delay        Time   Description
---------------------------------------------------------------------------------------------
                                  0.000000    0.000000   clock clk (rise edge)
                                  4.650000    4.650000   clock network delay (propagated)
                                  1.040000    5.690000 v input external delay
     1    0.005191    0.070000    0.000000    5.690000 v wbs_dat_i[3] (in)
                                                         wbs_dat_i[3] (net)
                      0.070150    0.000071    5.690072 v hold119/A (sky130_fd_sc_hd__dlygate4sd3_1)
     1    0.004591    0.044305    0.365350    6.055421 v hold119/X (sky130_fd_sc_hd__dlygate4sd3_1)
                                                         net217 (net)
                      0.044305    0.000082    6.055503 v hold65/A (sky130_fd_sc_hd__dlygate4sd3_1)
     1    0.002922    0.038555    0.347428    6.402931 v hold65/X (sky130_fd_sc_hd__dlygate4sd3_1)
                                                         net163 (net)
                      0.038555    0.000020    6.402952 v input38/A (sky130_fd_sc_hd__clkbuf_4)
     2    0.020069    0.039585    0.105493    6.508445 v input38/X (sky130_fd_sc_hd__clkbuf_4)
                                                         net38 (net)
                      0.039614    0.000905    6.509350 v hold66/A (sky130_fd_sc_hd__dlygate4sd3_1)
     1    0.063779    0.223191    0.508131    7.017481 v hold66/X (sky130_fd_sc_hd__dlygate4sd3_1)
                                                         net164 (net)
                      0.223788    0.009576    7.027057 v i_sram/DI[3] (CF_SRAM_1024x32)
                                              7.027057   data arrival time

                                  0.000000    0.000000   clock clk (rise edge)
                                  5.570000    5.570000   clock source latency
     1    0.049890    0.610000    0.000000    5.570000 ^ wb_clk_i (in)
                                                         wb_clk_i (net)
                      0.623604    0.007142    5.577142 ^ clkbuf_0_wb_clk_i/A (sky130_fd_sc_hd__clkbuf_16)
     2    0.059415    0.071220    0.173432    5.750574 ^ clkbuf_0_wb_clk_i/X (sky130_fd_sc_hd__clkbuf_16)
                                                         clknet_0_wb_clk_i (net)
                      0.071254    0.000989    5.751563 ^ clkbuf_1_1__f_wb_clk_i/A (sky130_fd_sc_hd__clkbuf_16)
     1    0.133983    0.113878    0.160765    5.912327 ^ clkbuf_1_1__f_wb_clk_i/X (sky130_fd_sc_hd__clkbuf_16)
                                                         clknet_1_1__leaf_wb_clk_i (net)
                      0.115574    0.011577    5.923904 ^ i_sram/CLKin (CF_SRAM_1024x32)
                                  0.100000    6.023905   clock uncertainty
                                  0.000000    6.023905   clock reconvergence pessimism
                                  0.555876    6.579781   library hold time
                                              6.579781   data required time
---------------------------------------------------------------------------------------------
                                              6.579781   data required time
                                             -7.027057   data arrival time
---------------------------------------------------------------------------------------------
                                              0.447276   slack (MET)


Startpoint: wbs_dat_i[5] (input port clocked by clk)
Endpoint: i_sram (rising edge-triggered flip-flop clocked by clk)
Path Group: clk
Path Type: min

Fanout         Cap        Slew       Delay        Time   Description
---------------------------------------------------------------------------------------------
                                  0.000000    0.000000   clock clk (rise edge)
                                  4.650000    4.650000   clock network delay (propagated)
                                  1.040000    5.690000 v input external delay
     1    0.003391    0.070000    0.000000    5.690000 v wbs_dat_i[5] (in)
                                                         wbs_dat_i[5] (net)
                      0.070052    0.000025    5.690025 v hold108/A (sky130_fd_sc_hd__dlygate4sd3_1)
     1    0.004355    0.043722    0.364343    6.054368 v hold108/X (sky130_fd_sc_hd__dlygate4sd3_1)
                                                         net206 (net)
                      0.043722    0.000048    6.054417 v hold37/A (sky130_fd_sc_hd__dlygate4sd3_1)
     1    0.005969    0.049040    0.361034    6.415451 v hold37/X (sky130_fd_sc_hd__dlygate4sd3_1)
                                                         net135 (net)
                      0.049040    0.000133    6.415584 v input40/A (sky130_fd_sc_hd__clkbuf_4)
     1    0.015181    0.034611    0.103434    6.519018 v input40/X (sky130_fd_sc_hd__clkbuf_4)
                                                         net40 (net)
                      0.034627    0.000680    6.519699 v hold38/A (sky130_fd_sc_hd__dlygate4sd3_1)
     1    0.061965    0.217605    0.502298    7.021997 v hold38/X (sky130_fd_sc_hd__dlygate4sd3_1)
                                                         net136 (net)
                      0.218131    0.008872    7.030869 v i_sram/DI[5] (CF_SRAM_1024x32)
                                              7.030869   data arrival time

                                  0.000000    0.000000   clock clk (rise edge)
                                  5.570000    5.570000   clock source latency
     1    0.049890    0.610000    0.000000    5.570000 ^ wb_clk_i (in)
                                                         wb_clk_i (net)
                      0.623604    0.007142    5.577142 ^ clkbuf_0_wb_clk_i/A (sky130_fd_sc_hd__clkbuf_16)
     2    0.059415    0.071220    0.173432    5.750574 ^ clkbuf_0_wb_clk_i/X (sky130_fd_sc_hd__clkbuf_16)
                                                         clknet_0_wb_clk_i (net)
                      0.071254    0.000989    5.751563 ^ clkbuf_1_1__f_wb_clk_i/A (sky130_fd_sc_hd__clkbuf_16)
     1    0.133983    0.113878    0.160765    5.912327 ^ clkbuf_1_1__f_wb_clk_i/X (sky130_fd_sc_hd__clkbuf_16)
                                                         clknet_1_1__leaf_wb_clk_i (net)
                      0.115574    0.011577    5.923904 ^ i_sram/CLKin (CF_SRAM_1024x32)
                                  0.100000    6.023905   clock uncertainty
                                  0.000000    6.023905   clock reconvergence pessimism
                                  0.557370    6.581275   library hold time
                                              6.581275   data required time
---------------------------------------------------------------------------------------------
                                              6.581275   data required time
                                             -7.030869   data arrival time
---------------------------------------------------------------------------------------------
                                              0.449594   slack (MET)


Startpoint: wbs_dat_i[2] (input port clocked by clk)
Endpoint: i_sram (rising edge-triggered flip-flop clocked by clk)
Path Group: clk
Path Type: min

Fanout         Cap        Slew       Delay        Time   Description
---------------------------------------------------------------------------------------------
                                  0.000000    0.000000   clock clk (rise edge)
                                  4.650000    4.650000   clock network delay (propagated)
                                  1.040000    5.690000 v input external delay
     1    0.003922    0.070000    0.000000    5.690000 v wbs_dat_i[2] (in)
                                                         wbs_dat_i[2] (net)
                      0.070076    0.000036    5.690037 v hold118/A (sky130_fd_sc_hd__dlygate4sd3_1)
     1    0.004201    0.043346    0.363707    6.053744 v hold118/X (sky130_fd_sc_hd__dlygate4sd3_1)
                                                         net216 (net)
                      0.043346    0.000069    6.053813 v hold3/A (sky130_fd_sc_hd__dlygate4sd3_1)
     1    0.004652    0.044523    0.355462    6.409275 v hold3/X (sky130_fd_sc_hd__dlygate4sd3_1)
                                                         net101 (net)
                      0.044977    0.000078    6.409352 v input35/A (sky130_fd_sc_hd__buf_4)
     2    0.020733    0.032981    0.101182    6.510534 v input35/X (sky130_fd_sc_hd__buf_4)
                                                         net35 (net)
                      0.033079    0.001322    6.511856 v hold4/A (sky130_fd_sc_hd__dlygate4sd3_1)
     1    0.064984    0.226908    0.508479    7.020335 v hold4/X (sky130_fd_sc_hd__dlygate4sd3_1)
                                                         net102 (net)
                      0.227526    0.009830    7.030166 v i_sram/DI[2] (CF_SRAM_1024x32)
                                              7.030166   data arrival time

                                  0.000000    0.000000   clock clk (rise edge)
                                  5.570000    5.570000   clock source latency
     1    0.049890    0.610000    0.000000    5.570000 ^ wb_clk_i (in)
                                                         wb_clk_i (net)
                      0.623604    0.007142    5.577142 ^ clkbuf_0_wb_clk_i/A (sky130_fd_sc_hd__clkbuf_16)
     2    0.059415    0.071220    0.173432    5.750574 ^ clkbuf_0_wb_clk_i/X (sky130_fd_sc_hd__clkbuf_16)
                                                         clknet_0_wb_clk_i (net)
                      0.071254    0.000989    5.751563 ^ clkbuf_1_1__f_wb_clk_i/A (sky130_fd_sc_hd__clkbuf_16)
     1    0.133983    0.113878    0.160765    5.912327 ^ clkbuf_1_1__f_wb_clk_i/X (sky130_fd_sc_hd__clkbuf_16)
                                                         clknet_1_1__leaf_wb_clk_i (net)
                      0.115574    0.011577    5.923904 ^ i_sram/CLKin (CF_SRAM_1024x32)
                                  0.100000    6.023905   clock uncertainty
                                  0.000000    6.023905   clock reconvergence pessimism
                                  0.554889    6.578794   library hold time
                                              6.578794   data required time
---------------------------------------------------------------------------------------------
                                              6.578794   data required time
                                             -7.030166   data arrival time
---------------------------------------------------------------------------------------------
                                              0.451372   slack (MET)


Startpoint: wbs_dat_i[0] (input port clocked by clk)
Endpoint: i_sram (rising edge-triggered flip-flop clocked by clk)
Path Group: clk
Path Type: min

Fanout         Cap        Slew       Delay        Time   Description
---------------------------------------------------------------------------------------------
                                  0.000000    0.000000   clock clk (rise edge)
                                  4.650000    4.650000   clock network delay (propagated)
                                  1.040000    5.690000 v input external delay
     1    0.002627    0.070000    0.000000    5.690000 v wbs_dat_i[0] (in)
                                                         wbs_dat_i[0] (net)
                      0.070030    0.000014    5.690014 v hold125/A (sky130_fd_sc_hd__dlygate4sd3_1)
     1    0.002726    0.037725    0.356053    6.046067 v hold125/X (sky130_fd_sc_hd__dlygate4sd3_1)
                                                         net223 (net)
                      0.037725    0.000032    6.046099 v hold15/A (sky130_fd_sc_hd__dlygate4sd3_1)
     1    0.003948    0.042905    0.350515    6.396614 v hold15/X (sky130_fd_sc_hd__dlygate4sd3_1)
                                                         net113 (net)
                      0.042905    0.000049    6.396663 v input13/A (sky130_fd_sc_hd__buf_4)
     1    0.019206    0.031800    0.099237    6.495900 v input13/X (sky130_fd_sc_hd__buf_4)
                                                         net13 (net)
                      0.031841    0.000912    6.496812 v hold16/A (sky130_fd_sc_hd__dlygate4sd3_1)
     1    0.069775    0.242021    0.518037    7.014849 v hold16/X (sky130_fd_sc_hd__dlygate4sd3_1)
                                                         net114 (net)
                      0.242926    0.012179    7.027028 v i_sram/DI[0] (CF_SRAM_1024x32)
                                              7.027028   data arrival time

                                  0.000000    0.000000   clock clk (rise edge)
                                  5.570000    5.570000   clock source latency
     1    0.049890    0.610000    0.000000    5.570000 ^ wb_clk_i (in)
                                                         wb_clk_i (net)
                      0.623604    0.007142    5.577142 ^ clkbuf_0_wb_clk_i/A (sky130_fd_sc_hd__clkbuf_16)
     2    0.059415    0.071220    0.173432    5.750574 ^ clkbuf_0_wb_clk_i/X (sky130_fd_sc_hd__clkbuf_16)
                                                         clknet_0_wb_clk_i (net)
                      0.071254    0.000989    5.751563 ^ clkbuf_1_1__f_wb_clk_i/A (sky130_fd_sc_hd__clkbuf_16)
     1    0.133983    0.113878    0.160765    5.912327 ^ clkbuf_1_1__f_wb_clk_i/X (sky130_fd_sc_hd__clkbuf_16)
                                                         clknet_1_1__leaf_wb_clk_i (net)
                      0.115574    0.011577    5.923904 ^ i_sram/CLKin (CF_SRAM_1024x32)
                                  0.100000    6.023905   clock uncertainty
                                  0.000000    6.023905   clock reconvergence pessimism
                                  0.550821    6.574726   library hold time
                                              6.574726   data required time
---------------------------------------------------------------------------------------------
                                              6.574726   data required time
                                             -7.027028   data arrival time
---------------------------------------------------------------------------------------------
                                              0.452302   slack (MET)


Startpoint: wbs_cyc_i (input port clocked by clk)
Endpoint: i_sram (rising edge-triggered flip-flop clocked by clk)
Path Group: clk
Path Type: min

Fanout         Cap        Slew       Delay        Time   Description
---------------------------------------------------------------------------------------------
                                  0.000000    0.000000   clock clk (rise edge)
                                  4.650000    4.650000   clock network delay (propagated)
                                  1.690000    6.340000 v input external delay
     1    0.002839    0.090000    0.000000    6.340000 v wbs_cyc_i (in)
                                                         wbs_cyc_i (net)
                      0.090035    0.000016    6.340016 v input12/A (sky130_fd_sc_hd__buf_2)
     5    0.051429    0.087255    0.151717    6.491734 v input12/X (sky130_fd_sc_hd__buf_2)
                                                         net12 (net)
                      0.087327    0.001999    6.493732 v fanout89/A (sky130_fd_sc_hd__clkbuf_4)
    15    0.059102    0.088458    0.161878    6.655610 v fanout89/X (sky130_fd_sc_hd__clkbuf_4)
                                                         net89 (net)
                      0.088619    0.002614    6.658225 v _12_/A (sky130_fd_sc_hd__and2_4)
     2    0.084170    0.082014    0.161522    6.819746 v _12_/X (sky130_fd_sc_hd__and2_4)
                                                         i_ram_wb_controller.EN (net)
                      0.084761    0.011179    6.830925 v i_sram/EN (CF_SRAM_1024x32)
                                              6.830925   data arrival time

                                  0.000000    0.000000   clock clk (rise edge)
                                  5.570000    5.570000   clock source latency
     1    0.049890    0.610000    0.000000    5.570000 ^ wb_clk_i (in)
                                                         wb_clk_i (net)
                      0.623604    0.007142    5.577142 ^ clkbuf_0_wb_clk_i/A (sky130_fd_sc_hd__clkbuf_16)
     2    0.059415    0.071220    0.173432    5.750574 ^ clkbuf_0_wb_clk_i/X (sky130_fd_sc_hd__clkbuf_16)
                                                         clknet_0_wb_clk_i (net)
                      0.071254    0.000989    5.751563 ^ clkbuf_1_1__f_wb_clk_i/A (sky130_fd_sc_hd__clkbuf_16)
     1    0.133983    0.113878    0.160765    5.912327 ^ clkbuf_1_1__f_wb_clk_i/X (sky130_fd_sc_hd__clkbuf_16)
                                                         clknet_1_1__leaf_wb_clk_i (net)
                      0.115574    0.011577    5.923904 ^ i_sram/CLKin (CF_SRAM_1024x32)
                                  0.100000    6.023905   clock uncertainty
                                  0.000000    6.023905   clock reconvergence pessimism
                                  0.336192    6.360096   library hold time
                                              6.360096   data required time
---------------------------------------------------------------------------------------------
                                              6.360096   data required time
                                             -6.830925   data arrival time
---------------------------------------------------------------------------------------------
                                              0.470829   slack (MET)


Startpoint: wbs_cyc_i (input port clocked by clk)
Endpoint: _45_ (rising edge-triggered flip-flop clocked by clk)
Path Group: clk
Path Type: min

Fanout         Cap        Slew       Delay        Time   Description
---------------------------------------------------------------------------------------------
                                  0.000000    0.000000   clock clk (rise edge)
                                  4.650000    4.650000   clock network delay (propagated)
                                  1.690000    6.340000 v input external delay
     1    0.002839    0.090000    0.000000    6.340000 v wbs_cyc_i (in)
                                                         wbs_cyc_i (net)
                      0.090035    0.000016    6.340016 v input12/A (sky130_fd_sc_hd__buf_2)
     5    0.051429    0.087255    0.151717    6.491734 v input12/X (sky130_fd_sc_hd__buf_2)
                                                         net12 (net)
                      0.087327    0.001999    6.493732 v fanout89/A (sky130_fd_sc_hd__clkbuf_4)
    15    0.059102    0.088458    0.161878    6.655610 v fanout89/X (sky130_fd_sc_hd__clkbuf_4)
                                                         net89 (net)
                      0.088619    0.002614    6.658225 v _12_/A (sky130_fd_sc_hd__and2_4)
     2    0.084170    0.082014    0.161522    6.819746 v _12_/X (sky130_fd_sc_hd__and2_4)
                                                         i_ram_wb_controller.EN (net)
                      0.082016    0.000354    6.820100 v _45_/D (sky130_fd_sc_hd__dfrtp_1)
                                              6.820100   data arrival time

                                  0.000000    0.000000   clock clk (rise edge)
                                  5.570000    5.570000   clock source latency
     1    0.049890    0.610000    0.000000    5.570000 ^ wb_clk_i (in)
                                                         wb_clk_i (net)
                      0.623604    0.007142    5.577142 ^ clkbuf_0_wb_clk_i/A (sky130_fd_sc_hd__clkbuf_16)
     2    0.059415    0.071220    0.173432    5.750574 ^ clkbuf_0_wb_clk_i/X (sky130_fd_sc_hd__clkbuf_16)
                                                         clknet_0_wb_clk_i (net)
                      0.072017    0.006132    5.756706 ^ clkbuf_1_0__f_wb_clk_i/A (sky130_fd_sc_hd__clkbuf_16)
     2    0.052267    0.054060    0.120960    5.877666 ^ clkbuf_1_0__f_wb_clk_i/X (sky130_fd_sc_hd__clkbuf_16)
                                                         clknet_1_0__leaf_wb_clk_i (net)
                      0.054069    0.000710    5.878376 ^ _45_/CLK (sky130_fd_sc_hd__dfrtp_1)
                                  0.100000    5.978376   clock uncertainty
                                  0.000000    5.978376   clock reconvergence pessimism
                                 -0.046373    5.932003   library hold time
                                              5.932003   data required time
---------------------------------------------------------------------------------------------
                                              5.932003   data required time
                                             -6.820100   data arrival time
---------------------------------------------------------------------------------------------
                                              0.888097   slack (MET)


Startpoint: _45_ (rising edge-triggered flip-flop clocked by clk)
Endpoint: wbs_ack_o (output port clocked by clk)
Path Group: clk
Path Type: min

Fanout         Cap        Slew       Delay        Time   Description
---------------------------------------------------------------------------------------------
                                  0.000000    0.000000   clock clk (rise edge)
                                  4.650000    4.650000   clock source latency
     1    0.049890    0.610000    0.000000    4.650000 ^ wb_clk_i (in)
                                                         wb_clk_i (net)
                      0.623604    0.006462    4.656462 ^ clkbuf_0_wb_clk_i/A (sky130_fd_sc_hd__clkbuf_16)
     2    0.059415    0.071220    0.156914    4.813376 ^ clkbuf_0_wb_clk_i/X (sky130_fd_sc_hd__clkbuf_16)
                                                         clknet_0_wb_clk_i (net)
                      0.072017    0.005548    4.818924 ^ clkbuf_1_0__f_wb_clk_i/A (sky130_fd_sc_hd__clkbuf_16)
     2    0.052267    0.054060    0.109440    4.928364 ^ clkbuf_1_0__f_wb_clk_i/X (sky130_fd_sc_hd__clkbuf_16)
                                                         clknet_1_0__leaf_wb_clk_i (net)
                      0.054069    0.000642    4.929006 ^ _45_/CLK (sky130_fd_sc_hd__dfrtp_1)
     1    0.015905    0.067507    0.257546    5.186552 v _45_/Q (sky130_fd_sc_hd__dfrtp_1)
                                                         net51 (net)
                      0.067513    0.000669    5.187221 v output51/A (sky130_fd_sc_hd__buf_12)
     1    0.190676    0.075443    0.141531    5.328752 v output51/X (sky130_fd_sc_hd__buf_12)
                                                         wbs_ack_o (net)
                      0.075482    0.001488    5.330240 v wbs_ack_o (out)
                                              5.330240   data arrival time

                                  0.000000    0.000000   clock clk (rise edge)
                                  5.570000    5.570000   clock network delay (propagated)
                                  0.100000    5.670000   clock uncertainty
                                  0.000000    5.670000   clock reconvergence pessimism
                                 -1.370000    4.300000   output external delay
                                              4.300000   data required time
---------------------------------------------------------------------------------------------
                                              4.300000   data required time
                                             -5.330240   data arrival time
---------------------------------------------------------------------------------------------
                                              1.030240   slack (MET)


Startpoint: wbs_we_i (input port clocked by clk)
Endpoint: wbs_dat_o[31] (output port clocked by clk)
Path Group: clk
Path Type: min

Fanout         Cap        Slew       Delay        Time   Description
---------------------------------------------------------------------------------------------
                                  0.000000    0.000000   clock clk (rise edge)
                                  4.650000    4.650000   clock network delay (propagated)
                                  1.650000    6.300000 ^ input external delay
     1    0.003714    0.090000    0.000000    6.300000 ^ wbs_we_i (in)
                                                         wbs_we_i (net)
                      0.090065    0.000031    6.300030 ^ input50/A (sky130_fd_sc_hd__buf_2)
     5    0.050564    0.186438    0.180929    6.480959 ^ input50/X (sky130_fd_sc_hd__buf_2)
                                                         net50 (net)
                      0.186627    0.004649    6.485608 ^ _38_/A_N (sky130_fd_sc_hd__and4b_1)
     1    0.011188    0.049726    0.147935    6.633543 v _38_/X (sky130_fd_sc_hd__and4b_1)
                                                         net76 (net)
                      0.049726    0.000216    6.633759 v output76/A (sky130_fd_sc_hd__buf_12)
     1    0.190852    0.075543    0.134008    6.767767 v output76/X (sky130_fd_sc_hd__buf_12)
                                                         wbs_dat_o[31] (net)
                      0.075602    0.001810    6.769577 v wbs_dat_o[31] (out)
                                              6.769577   data arrival time

                                  0.000000    0.000000   clock clk (rise edge)
                                  5.570000    5.570000   clock network delay (propagated)
                                  0.100000    5.670000   clock uncertainty
                                  0.000000    5.670000   clock reconvergence pessimism
                                 -1.130000    4.540000   output external delay
                                              4.540000   data required time
---------------------------------------------------------------------------------------------
                                              4.540000   data required time
                                             -6.769577   data arrival time
---------------------------------------------------------------------------------------------
                                              2.229577   slack (MET)


Startpoint: wbs_we_i (input port clocked by clk)
Endpoint: wbs_dat_o[29] (output port clocked by clk)
Path Group: clk
Path Type: min

Fanout         Cap        Slew       Delay        Time   Description
---------------------------------------------------------------------------------------------
                                  0.000000    0.000000   clock clk (rise edge)
                                  4.650000    4.650000   clock network delay (propagated)
                                  1.650000    6.300000 ^ input external delay
     1    0.003714    0.090000    0.000000    6.300000 ^ wbs_we_i (in)
                                                         wbs_we_i (net)
                      0.090065    0.000031    6.300030 ^ input50/A (sky130_fd_sc_hd__buf_2)
     5    0.050564    0.186438    0.180929    6.480959 ^ input50/X (sky130_fd_sc_hd__buf_2)
                                                         net50 (net)
                      0.186620    0.004569    6.485528 ^ _36_/A_N (sky130_fd_sc_hd__and4b_1)
     1    0.011818    0.051534    0.149489    6.635017 v _36_/X (sky130_fd_sc_hd__and4b_1)
                                                         net73 (net)
                      0.051534    0.000229    6.635246 v output73/A (sky130_fd_sc_hd__buf_12)
     1    0.192316    0.076873    0.134084    6.769330 v output73/X (sky130_fd_sc_hd__buf_12)
                                                         wbs_dat_o[29] (net)
                      0.077050    0.003056    6.772386 v wbs_dat_o[29] (out)
                                              6.772386   data arrival time

                                  0.000000    0.000000   clock clk (rise edge)
                                  5.570000    5.570000   clock network delay (propagated)
                                  0.100000    5.670000   clock uncertainty
                                  0.000000    5.670000   clock reconvergence pessimism
                                 -1.130000    4.540000   output external delay
                                              4.540000   data required time
---------------------------------------------------------------------------------------------
                                              4.540000   data required time
                                             -6.772386   data arrival time
---------------------------------------------------------------------------------------------
                                              2.232386   slack (MET)


Startpoint: wbs_we_i (input port clocked by clk)
Endpoint: wbs_dat_o[30] (output port clocked by clk)
Path Group: clk
Path Type: min

Fanout         Cap        Slew       Delay        Time   Description
---------------------------------------------------------------------------------------------
                                  0.000000    0.000000   clock clk (rise edge)
                                  4.650000    4.650000   clock network delay (propagated)
                                  1.650000    6.300000 ^ input external delay
     1    0.003714    0.090000    0.000000    6.300000 ^ wbs_we_i (in)
                                                         wbs_we_i (net)
                      0.090065    0.000031    6.300030 ^ input50/A (sky130_fd_sc_hd__buf_2)
     5    0.050564    0.186438    0.180929    6.480959 ^ input50/X (sky130_fd_sc_hd__buf_2)
                                                         net50 (net)
                      0.186623    0.004603    6.485561 ^ _37_/A_N (sky130_fd_sc_hd__and4b_1)
     1    0.012194    0.052631    0.150399    6.635961 v _37_/X (sky130_fd_sc_hd__and4b_1)
                                                         net75 (net)
                      0.052632    0.000298    6.636259 v output75/A (sky130_fd_sc_hd__buf_12)
     1    0.191077    0.075649    0.135165    6.771424 v output75/X (sky130_fd_sc_hd__buf_12)
                                                         wbs_dat_o[30] (net)
                      0.075716    0.001925    6.773349 v wbs_dat_o[30] (out)
                                              6.773349   data arrival time

                                  0.000000    0.000000   clock clk (rise edge)
                                  5.570000    5.570000   clock network delay (propagated)
                                  0.100000    5.670000   clock uncertainty
                                  0.000000    5.670000   clock reconvergence pessimism
                                 -1.130000    4.540000   output external delay
                                              4.540000   data required time
---------------------------------------------------------------------------------------------
                                              4.540000   data required time
                                             -6.773349   data arrival time
---------------------------------------------------------------------------------------------
                                              2.233349   slack (MET)


Startpoint: wbs_we_i (input port clocked by clk)
Endpoint: wbs_dat_o[28] (output port clocked by clk)
Path Group: clk
Path Type: min

Fanout         Cap        Slew       Delay        Time   Description
---------------------------------------------------------------------------------------------
                                  0.000000    0.000000   clock clk (rise edge)
                                  4.650000    4.650000   clock network delay (propagated)
                                  1.650000    6.300000 ^ input external delay
     1    0.003714    0.090000    0.000000    6.300000 ^ wbs_we_i (in)
                                                         wbs_we_i (net)
                      0.090065    0.000031    6.300030 ^ input50/A (sky130_fd_sc_hd__buf_2)
     5    0.050564    0.186438    0.180929    6.480959 ^ input50/X (sky130_fd_sc_hd__buf_2)
                                                         net50 (net)
                      0.186618    0.004539    6.485497 ^ _35_/A_N (sky130_fd_sc_hd__and4b_1)
     1    0.013330    0.055938    0.153192    6.638690 v _35_/X (sky130_fd_sc_hd__and4b_1)
                                                         net72 (net)
                      0.055939    0.000349    6.639039 v output72/A (sky130_fd_sc_hd__buf_12)
     1    0.192742    0.077099    0.135840    6.774879 v output72/X (sky130_fd_sc_hd__buf_12)
                                                         wbs_dat_o[28] (net)
                      0.077347    0.003272    6.778151 v wbs_dat_o[28] (out)
                                              6.778151   data arrival time

                                  0.000000    0.000000   clock clk (rise edge)
                                  5.570000    5.570000   clock network delay (propagated)
                                  0.100000    5.670000   clock uncertainty
                                  0.000000    5.670000   clock reconvergence pessimism
                                 -1.130000    4.540000   output external delay
                                              4.540000   data required time
---------------------------------------------------------------------------------------------
                                              4.540000   data required time
                                             -6.778151   data arrival time
---------------------------------------------------------------------------------------------
                                              2.238151   slack (MET)


Startpoint: wbs_we_i (input port clocked by clk)
Endpoint: wbs_dat_o[22] (output port clocked by clk)
Path Group: clk
Path Type: min

Fanout         Cap        Slew       Delay        Time   Description
---------------------------------------------------------------------------------------------
                                  0.000000    0.000000   clock clk (rise edge)
                                  4.650000    4.650000   clock network delay (propagated)
                                  1.650000    6.300000 ^ input external delay
     1    0.003714    0.090000    0.000000    6.300000 ^ wbs_we_i (in)
                                                         wbs_we_i (net)
                      0.090065    0.000031    6.300030 ^ input50/A (sky130_fd_sc_hd__buf_2)
     5    0.050564    0.186438    0.180929    6.480959 ^ input50/X (sky130_fd_sc_hd__buf_2)
                                                         net50 (net)
                      0.186458    0.001547    6.482506 ^ fanout85/A (sky130_fd_sc_hd__buf_4)
    15    0.072676    0.153042    0.175211    6.657717 ^ fanout85/X (sky130_fd_sc_hd__buf_4)
                                                         net85 (net)
                      0.153299    0.004875    6.662592 ^ _29_/A_N (sky130_fd_sc_hd__and4b_1)
     1    0.011676    0.051139    0.148186    6.810778 v _29_/X (sky130_fd_sc_hd__and4b_1)
                                                         net66 (net)
                      0.051139    0.000221    6.810999 v output66/A (sky130_fd_sc_hd__buf_12)
     1    0.192291    0.076844    0.133955    6.944954 v output66/X (sky130_fd_sc_hd__buf_12)
                                                         wbs_dat_o[22] (net)
                      0.077015    0.003005    6.947959 v wbs_dat_o[22] (out)
                                              6.947959   data arrival time

                                  0.000000    0.000000   clock clk (rise edge)
                                  5.570000    5.570000   clock network delay (propagated)
                                  0.100000    5.670000   clock uncertainty
                                  0.000000    5.670000   clock reconvergence pessimism
                                 -1.130000    4.540000   output external delay
                                              4.540000   data required time
---------------------------------------------------------------------------------------------
                                              4.540000   data required time
                                             -6.947959   data arrival time
---------------------------------------------------------------------------------------------
                                              2.407959   slack (MET)


Startpoint: wbs_we_i (input port clocked by clk)
Endpoint: wbs_dat_o[20] (output port clocked by clk)
Path Group: clk
Path Type: min

Fanout         Cap        Slew       Delay        Time   Description
---------------------------------------------------------------------------------------------
                                  0.000000    0.000000   clock clk (rise edge)
                                  4.650000    4.650000   clock network delay (propagated)
                                  1.650000    6.300000 ^ input external delay
     1    0.003714    0.090000    0.000000    6.300000 ^ wbs_we_i (in)
                                                         wbs_we_i (net)
                      0.090065    0.000031    6.300030 ^ input50/A (sky130_fd_sc_hd__buf_2)
     5    0.050564    0.186438    0.180929    6.480959 ^ input50/X (sky130_fd_sc_hd__buf_2)
                                                         net50 (net)
                      0.186458    0.001547    6.482506 ^ fanout85/A (sky130_fd_sc_hd__buf_4)
    15    0.072676    0.153042    0.175211    6.657717 ^ fanout85/X (sky130_fd_sc_hd__buf_4)
                                                         net85 (net)
                      0.153265    0.004543    6.662260 ^ _27_/A_N (sky130_fd_sc_hd__and4b_1)
     1    0.012210    0.052687    0.149490    6.811750 v _27_/X (sky130_fd_sc_hd__and4b_1)
                                                         net64 (net)
                      0.052688    0.000278    6.812027 v output64/A (sky130_fd_sc_hd__buf_12)
     1    0.191076    0.075621    0.135280    6.947308 v output64/X (sky130_fd_sc_hd__buf_12)
                                                         wbs_dat_o[20] (net)
                      0.075681    0.001813    6.949121 v wbs_dat_o[20] (out)
                                              6.949121   data arrival time

                                  0.000000    0.000000   clock clk (rise edge)
                                  5.570000    5.570000   clock network delay (propagated)
                                  0.100000    5.670000   clock uncertainty
                                  0.000000    5.670000   clock reconvergence pessimism
                                 -1.130000    4.540000   output external delay
                                              4.540000   data required time
---------------------------------------------------------------------------------------------
                                              4.540000   data required time
                                             -6.949121   data arrival time
---------------------------------------------------------------------------------------------
                                              2.409121   slack (MET)


Startpoint: wbs_we_i (input port clocked by clk)
Endpoint: wbs_dat_o[23] (output port clocked by clk)
Path Group: clk
Path Type: min

Fanout         Cap        Slew       Delay        Time   Description
---------------------------------------------------------------------------------------------
                                  0.000000    0.000000   clock clk (rise edge)
                                  4.650000    4.650000   clock network delay (propagated)
                                  1.650000    6.300000 ^ input external delay
     1    0.003714    0.090000    0.000000    6.300000 ^ wbs_we_i (in)
                                                         wbs_we_i (net)
                      0.090065    0.000031    6.300030 ^ input50/A (sky130_fd_sc_hd__buf_2)
     5    0.050564    0.186438    0.180929    6.480959 ^ input50/X (sky130_fd_sc_hd__buf_2)
                                                         net50 (net)
                      0.186458    0.001547    6.482506 ^ fanout85/A (sky130_fd_sc_hd__buf_4)
    15    0.072676    0.153042    0.175211    6.657717 ^ fanout85/X (sky130_fd_sc_hd__buf_4)
                                                         net85 (net)
                      0.153310    0.004975    6.662692 ^ _30_/A_N (sky130_fd_sc_hd__and4b_1)
     1    0.012132    0.052457    0.149302    6.811994 v _30_/X (sky130_fd_sc_hd__and4b_1)
                                                         net67 (net)
                      0.052458    0.000265    6.812259 v output67/A (sky130_fd_sc_hd__buf_12)
     1    0.190949    0.075556    0.135238    6.947497 v output67/X (sky130_fd_sc_hd__buf_12)
                                                         wbs_dat_o[23] (net)
                      0.075608    0.001709    6.949206 v wbs_dat_o[23] (out)
                                              6.949206   data arrival time

                                  0.000000    0.000000   clock clk (rise edge)
                                  5.570000    5.570000   clock network delay (propagated)
                                  0.100000    5.670000   clock uncertainty
                                  0.000000    5.670000   clock reconvergence pessimism
                                 -1.130000    4.540000   output external delay
                                              4.540000   data required time
---------------------------------------------------------------------------------------------
                                              4.540000   data required time
                                             -6.949206   data arrival time
---------------------------------------------------------------------------------------------
                                              2.409206   slack (MET)


Startpoint: wbs_we_i (input port clocked by clk)
Endpoint: wbs_dat_o[26] (output port clocked by clk)
Path Group: clk
Path Type: min

Fanout         Cap        Slew       Delay        Time   Description
---------------------------------------------------------------------------------------------
                                  0.000000    0.000000   clock clk (rise edge)
                                  4.650000    4.650000   clock network delay (propagated)
                                  1.650000    6.300000 ^ input external delay
     1    0.003714    0.090000    0.000000    6.300000 ^ wbs_we_i (in)
                                                         wbs_we_i (net)
                      0.090065    0.000031    6.300030 ^ input50/A (sky130_fd_sc_hd__buf_2)
     5    0.050564    0.186438    0.180929    6.480959 ^ input50/X (sky130_fd_sc_hd__buf_2)
                                                         net50 (net)
                      0.186458    0.001547    6.482506 ^ fanout85/A (sky130_fd_sc_hd__buf_4)
    15    0.072676    0.153042    0.175211    6.657717 ^ fanout85/X (sky130_fd_sc_hd__buf_4)
                                                         net85 (net)
                      0.153330    0.005145    6.662862 ^ _33_/A_N (sky130_fd_sc_hd__and4b_1)
     1    0.012035    0.052185    0.149051    6.811913 v _33_/X (sky130_fd_sc_hd__and4b_1)
                                                         net70 (net)
                      0.052186    0.000275    6.812189 v output70/A (sky130_fd_sc_hd__buf_12)
     1    0.191780    0.076627    0.134358    6.946547 v output70/X (sky130_fd_sc_hd__buf_12)
                                                         wbs_dat_o[26] (net)
                      0.076783    0.002871    6.949419 v wbs_dat_o[26] (out)
                                              6.949419   data arrival time

                                  0.000000    0.000000   clock clk (rise edge)
                                  5.570000    5.570000   clock network delay (propagated)
                                  0.100000    5.670000   clock uncertainty
                                  0.000000    5.670000   clock reconvergence pessimism
                                 -1.130000    4.540000   output external delay
                                              4.540000   data required time
---------------------------------------------------------------------------------------------
                                              4.540000   data required time
                                             -6.949419   data arrival time
---------------------------------------------------------------------------------------------
                                              2.409419   slack (MET)


Startpoint: wbs_we_i (input port clocked by clk)
Endpoint: wbs_dat_o[27] (output port clocked by clk)
Path Group: clk
Path Type: min

Fanout         Cap        Slew       Delay        Time   Description
---------------------------------------------------------------------------------------------
                                  0.000000    0.000000   clock clk (rise edge)
                                  4.650000    4.650000   clock network delay (propagated)
                                  1.650000    6.300000 ^ input external delay
     1    0.003714    0.090000    0.000000    6.300000 ^ wbs_we_i (in)
                                                         wbs_we_i (net)
                      0.090065    0.000031    6.300030 ^ input50/A (sky130_fd_sc_hd__buf_2)
     5    0.050564    0.186438    0.180929    6.480959 ^ input50/X (sky130_fd_sc_hd__buf_2)
                                                         net50 (net)
                      0.186458    0.001547    6.482506 ^ fanout85/A (sky130_fd_sc_hd__buf_4)
    15    0.072676    0.153042    0.175211    6.657717 ^ fanout85/X (sky130_fd_sc_hd__buf_4)
                                                         net85 (net)
                      0.153330    0.005151    6.662868 ^ _34_/A_N (sky130_fd_sc_hd__and4b_1)
     1    0.012103    0.052373    0.149231    6.812100 v _34_/X (sky130_fd_sc_hd__and4b_1)
                                                         net71 (net)
                      0.052373    0.000250    6.812350 v output71/A (sky130_fd_sc_hd__buf_12)
     1    0.192040    0.076673    0.134583    6.946933 v output71/X (sky130_fd_sc_hd__buf_12)
                                                         wbs_dat_o[27] (net)
                      0.076818    0.002769    6.949702 v wbs_dat_o[27] (out)
                                              6.949702   data arrival time

                                  0.000000    0.000000   clock clk (rise edge)
                                  5.570000    5.570000   clock network delay (propagated)
                                  0.100000    5.670000   clock uncertainty
                                  0.000000    5.670000   clock reconvergence pessimism
                                 -1.130000    4.540000   output external delay
                                              4.540000   data required time
---------------------------------------------------------------------------------------------
                                              4.540000   data required time
                                             -6.949702   data arrival time
---------------------------------------------------------------------------------------------
                                              2.409702   slack (MET)


Startpoint: wbs_we_i (input port clocked by clk)
Endpoint: wbs_dat_o[18] (output port clocked by clk)
Path Group: clk
Path Type: min

Fanout         Cap        Slew       Delay        Time   Description
---------------------------------------------------------------------------------------------
                                  0.000000    0.000000   clock clk (rise edge)
                                  4.650000    4.650000   clock network delay (propagated)
                                  1.650000    6.300000 ^ input external delay
     1    0.003714    0.090000    0.000000    6.300000 ^ wbs_we_i (in)
                                                         wbs_we_i (net)
                      0.090065    0.000031    6.300030 ^ input50/A (sky130_fd_sc_hd__buf_2)
     5    0.050564    0.186438    0.180929    6.480959 ^ input50/X (sky130_fd_sc_hd__buf_2)
                                                         net50 (net)
                      0.186458    0.001547    6.482506 ^ fanout85/A (sky130_fd_sc_hd__buf_4)
    15    0.072676    0.153042    0.175211    6.657717 ^ fanout85/X (sky130_fd_sc_hd__buf_4)
                                                         net85 (net)
                      0.153209    0.003950    6.661667 ^ _25_/A_N (sky130_fd_sc_hd__and4b_1)
     1    0.012823    0.054475    0.150983    6.812650 v _25_/X (sky130_fd_sc_hd__and4b_1)
                                                         net61 (net)
                      0.054476    0.000335    6.812985 v output61/A (sky130_fd_sc_hd__buf_12)
     1    0.191050    0.075617    0.136009    6.948994 v output61/X (sky130_fd_sc_hd__buf_12)
                                                         wbs_dat_o[18] (net)
                      0.075676    0.001813    6.950807 v wbs_dat_o[18] (out)
                                              6.950807   data arrival time

                                  0.000000    0.000000   clock clk (rise edge)
                                  5.570000    5.570000   clock network delay (propagated)
                                  0.100000    5.670000   clock uncertainty
                                  0.000000    5.670000   clock reconvergence pessimism
                                 -1.130000    4.540000   output external delay
                                              4.540000   data required time
---------------------------------------------------------------------------------------------
                                              4.540000   data required time
                                             -6.950807   data arrival time
---------------------------------------------------------------------------------------------
                                              2.410807   slack (MET)


Startpoint: wbs_we_i (input port clocked by clk)
Endpoint: wbs_dat_o[16] (output port clocked by clk)
Path Group: clk
Path Type: min

Fanout         Cap        Slew       Delay        Time   Description
---------------------------------------------------------------------------------------------
                                  0.000000    0.000000   clock clk (rise edge)
                                  4.650000    4.650000   clock network delay (propagated)
                                  1.650000    6.300000 ^ input external delay
     1    0.003714    0.090000    0.000000    6.300000 ^ wbs_we_i (in)
                                                         wbs_we_i (net)
                      0.090065    0.000031    6.300030 ^ input50/A (sky130_fd_sc_hd__buf_2)
     5    0.050564    0.186438    0.180929    6.480959 ^ input50/X (sky130_fd_sc_hd__buf_2)
                                                         net50 (net)
                      0.186458    0.001547    6.482506 ^ fanout85/A (sky130_fd_sc_hd__buf_4)
    15    0.072676    0.153042    0.175211    6.657717 ^ fanout85/X (sky130_fd_sc_hd__buf_4)
                                                         net85 (net)
                      0.153161    0.003355    6.661072 ^ _23_/A_N (sky130_fd_sc_hd__and4b_1)
     1    0.013053    0.055136    0.151566    6.812639 v _23_/X (sky130_fd_sc_hd__and4b_1)
                                                         net59 (net)
                      0.055137    0.000312    6.812951 v output59/A (sky130_fd_sc_hd__buf_12)
     1    0.191195    0.075665    0.136316    6.949266 v output59/X (sky130_fd_sc_hd__buf_12)
                                                         wbs_dat_o[16] (net)
                      0.075725    0.001815    6.951081 v wbs_dat_o[16] (out)
                                              6.951081   data arrival time

                                  0.000000    0.000000   clock clk (rise edge)
                                  5.570000    5.570000   clock network delay (propagated)
                                  0.100000    5.670000   clock uncertainty
                                  0.000000    5.670000   clock reconvergence pessimism
                                 -1.130000    4.540000   output external delay
                                              4.540000   data required time
---------------------------------------------------------------------------------------------
                                              4.540000   data required time
                                             -6.951081   data arrival time
---------------------------------------------------------------------------------------------
                                              2.411081   slack (MET)


Startpoint: wbs_we_i (input port clocked by clk)
Endpoint: wbs_dat_o[25] (output port clocked by clk)
Path Group: clk
Path Type: min

Fanout         Cap        Slew       Delay        Time   Description
---------------------------------------------------------------------------------------------
                                  0.000000    0.000000   clock clk (rise edge)
                                  4.650000    4.650000   clock network delay (propagated)
                                  1.650000    6.300000 ^ input external delay
     1    0.003714    0.090000    0.000000    6.300000 ^ wbs_we_i (in)
                                                         wbs_we_i (net)
                      0.090065    0.000031    6.300030 ^ input50/A (sky130_fd_sc_hd__buf_2)
     5    0.050564    0.186438    0.180929    6.480959 ^ input50/X (sky130_fd_sc_hd__buf_2)
                                                         net50 (net)
                      0.186458    0.001547    6.482506 ^ fanout85/A (sky130_fd_sc_hd__buf_4)
    15    0.072676    0.153042    0.175211    6.657717 ^ fanout85/X (sky130_fd_sc_hd__buf_4)
                                                         net85 (net)
                      0.153325    0.005103    6.662820 ^ _32_/A_N (sky130_fd_sc_hd__and4b_1)
     1    0.012685    0.054067    0.150661    6.813481 v _32_/X (sky130_fd_sc_hd__and4b_1)
                                                         net69 (net)
                      0.054067    0.000283    6.813764 v output69/A (sky130_fd_sc_hd__buf_12)
     1    0.191532    0.076285    0.135603    6.949367 v output69/X (sky130_fd_sc_hd__buf_12)
                                                         wbs_dat_o[25] (net)
                      0.076373    0.002189    6.951556 v wbs_dat_o[25] (out)
                                              6.951556   data arrival time

                                  0.000000    0.000000   clock clk (rise edge)
                                  5.570000    5.570000   clock network delay (propagated)
                                  0.100000    5.670000   clock uncertainty
                                  0.000000    5.670000   clock reconvergence pessimism
                                 -1.130000    4.540000   output external delay
                                              4.540000   data required time
---------------------------------------------------------------------------------------------
                                              4.540000   data required time
                                             -6.951556   data arrival time
---------------------------------------------------------------------------------------------
                                              2.411556   slack (MET)


Startpoint: wbs_we_i (input port clocked by clk)
Endpoint: wbs_dat_o[19] (output port clocked by clk)
Path Group: clk
Path Type: min

Fanout         Cap        Slew       Delay        Time   Description
---------------------------------------------------------------------------------------------
                                  0.000000    0.000000   clock clk (rise edge)
                                  4.650000    4.650000   clock network delay (propagated)
                                  1.650000    6.300000 ^ input external delay
     1    0.003714    0.090000    0.000000    6.300000 ^ wbs_we_i (in)
                                                         wbs_we_i (net)
                      0.090065    0.000031    6.300030 ^ input50/A (sky130_fd_sc_hd__buf_2)
     5    0.050564    0.186438    0.180929    6.480959 ^ input50/X (sky130_fd_sc_hd__buf_2)
                                                         net50 (net)
                      0.186458    0.001547    6.482506 ^ fanout85/A (sky130_fd_sc_hd__buf_4)
    15    0.072676    0.153042    0.175211    6.657717 ^ fanout85/X (sky130_fd_sc_hd__buf_4)
                                                         net85 (net)
                      0.153239    0.004281    6.661998 ^ _26_/A_N (sky130_fd_sc_hd__and4b_1)
     1    0.013293    0.055840    0.152157    6.814155 v _26_/X (sky130_fd_sc_hd__and4b_1)
                                                         net62 (net)
                      0.055841    0.000330    6.814485 v output62/A (sky130_fd_sc_hd__buf_12)
     1    0.191322    0.075742    0.136517    6.951002 v output62/X (sky130_fd_sc_hd__buf_12)
                                                         wbs_dat_o[19] (net)
                      0.075812    0.001961    6.952963 v wbs_dat_o[19] (out)
                                              6.952963   data arrival time

                                  0.000000    0.000000   clock clk (rise edge)
                                  5.570000    5.570000   clock network delay (propagated)
                                  0.100000    5.670000   clock uncertainty
                                  0.000000    5.670000   clock reconvergence pessimism
                                 -1.130000    4.540000   output external delay
                                              4.540000   data required time
---------------------------------------------------------------------------------------------
                                              4.540000   data required time
                                             -6.952963   data arrival time
---------------------------------------------------------------------------------------------
                                              2.412963   slack (MET)


Startpoint: wbs_we_i (input port clocked by clk)
Endpoint: wbs_dat_o[17] (output port clocked by clk)
Path Group: clk
Path Type: min

Fanout         Cap        Slew       Delay        Time   Description
---------------------------------------------------------------------------------------------
                                  0.000000    0.000000   clock clk (rise edge)
                                  4.650000    4.650000   clock network delay (propagated)
                                  1.650000    6.300000 ^ input external delay
     1    0.003714    0.090000    0.000000    6.300000 ^ wbs_we_i (in)
                                                         wbs_we_i (net)
                      0.090065    0.000031    6.300030 ^ input50/A (sky130_fd_sc_hd__buf_2)
     5    0.050564    0.186438    0.180929    6.480959 ^ input50/X (sky130_fd_sc_hd__buf_2)
                                                         net50 (net)
                      0.186458    0.001547    6.482506 ^ fanout85/A (sky130_fd_sc_hd__buf_4)
    15    0.072676    0.153042    0.175211    6.657717 ^ fanout85/X (sky130_fd_sc_hd__buf_4)
                                                         net85 (net)
                      0.153190    0.003725    6.661443 ^ _24_/A_N (sky130_fd_sc_hd__and4b_1)
     1    0.014316    0.058858    0.154646    6.816088 v _24_/X (sky130_fd_sc_hd__and4b_1)
                                                         net60 (net)
                      0.058861    0.000430    6.816519 v output60/A (sky130_fd_sc_hd__buf_12)
     1    0.191460    0.076332    0.137429    6.953948 v output60/X (sky130_fd_sc_hd__buf_12)
                                                         wbs_dat_o[17] (net)
                      0.076434    0.002345    6.956293 v wbs_dat_o[17] (out)
                                              6.956293   data arrival time

                                  0.000000    0.000000   clock clk (rise edge)
                                  5.570000    5.570000   clock network delay (propagated)
                                  0.100000    5.670000   clock uncertainty
                                  0.000000    5.670000   clock reconvergence pessimism
                                 -1.130000    4.540000   output external delay
                                              4.540000   data required time
---------------------------------------------------------------------------------------------
                                              4.540000   data required time
                                             -6.956293   data arrival time
---------------------------------------------------------------------------------------------
                                              2.416293   slack (MET)


Startpoint: wbs_we_i (input port clocked by clk)
Endpoint: wbs_dat_o[21] (output port clocked by clk)
Path Group: clk
Path Type: min

Fanout         Cap        Slew       Delay        Time   Description
---------------------------------------------------------------------------------------------
                                  0.000000    0.000000   clock clk (rise edge)
                                  4.650000    4.650000   clock network delay (propagated)
                                  1.650000    6.300000 ^ input external delay
     1    0.003714    0.090000    0.000000    6.300000 ^ wbs_we_i (in)
                                                         wbs_we_i (net)
                      0.090065    0.000031    6.300030 ^ input50/A (sky130_fd_sc_hd__buf_2)
     5    0.050564    0.186438    0.180929    6.480959 ^ input50/X (sky130_fd_sc_hd__buf_2)
                                                         net50 (net)
                      0.186458    0.001547    6.482506 ^ fanout85/A (sky130_fd_sc_hd__buf_4)
    15    0.072676    0.153042    0.175211    6.657717 ^ fanout85/X (sky130_fd_sc_hd__buf_4)
                                                         net85 (net)
                      0.153288    0.004768    6.662486 ^ _28_/A_N (sky130_fd_sc_hd__and4b_1)
     1    0.014118    0.058272    0.154173    6.816658 v _28_/X (sky130_fd_sc_hd__and4b_1)
                                                         net65 (net)
                      0.058273    0.000385    6.817044 v output65/A (sky130_fd_sc_hd__buf_12)
     1    0.192601    0.076939    0.137008    6.954052 v output65/X (sky130_fd_sc_hd__buf_12)
                                                         wbs_dat_o[21] (net)
                      0.077103    0.002950    6.957002 v wbs_dat_o[21] (out)
                                              6.957002   data arrival time

                                  0.000000    0.000000   clock clk (rise edge)
                                  5.570000    5.570000   clock network delay (propagated)
                                  0.100000    5.670000   clock uncertainty
                                  0.000000    5.670000   clock reconvergence pessimism
                                 -1.130000    4.540000   output external delay
                                              4.540000   data required time
---------------------------------------------------------------------------------------------
                                              4.540000   data required time
                                             -6.957002   data arrival time
---------------------------------------------------------------------------------------------
                                              2.417002   slack (MET)


Startpoint: wbs_we_i (input port clocked by clk)
Endpoint: wbs_dat_o[24] (output port clocked by clk)
Path Group: clk
Path Type: min

Fanout         Cap        Slew       Delay        Time   Description
---------------------------------------------------------------------------------------------
                                  0.000000    0.000000   clock clk (rise edge)
                                  4.650000    4.650000   clock network delay (propagated)
                                  1.650000    6.300000 ^ input external delay
     1    0.003714    0.090000    0.000000    6.300000 ^ wbs_we_i (in)
                                                         wbs_we_i (net)
                      0.090065    0.000031    6.300030 ^ input50/A (sky130_fd_sc_hd__buf_2)
     5    0.050564    0.186438    0.180929    6.480959 ^ input50/X (sky130_fd_sc_hd__buf_2)
                                                         net50 (net)
                      0.186458    0.001547    6.482506 ^ fanout85/A (sky130_fd_sc_hd__buf_4)
    15    0.072676    0.153042    0.175211    6.657717 ^ fanout85/X (sky130_fd_sc_hd__buf_4)
                                                         net85 (net)
                      0.153318    0.005040    6.662757 ^ _31_/A_N (sky130_fd_sc_hd__and4b_1)
     1    0.014583    0.059640    0.155321    6.818078 v _31_/X (sky130_fd_sc_hd__and4b_1)
                                                         net68 (net)
                      0.059642    0.000403    6.818481 v output68/A (sky130_fd_sc_hd__buf_12)
     1    0.192746    0.077021    0.137542    6.956023 v output68/X (sky130_fd_sc_hd__buf_12)
                                                         wbs_dat_o[24] (net)
                      0.077195    0.003035    6.959057 v wbs_dat_o[24] (out)
                                              6.959057   data arrival time

                                  0.000000    0.000000   clock clk (rise edge)
                                  5.570000    5.570000   clock network delay (propagated)
                                  0.100000    5.670000   clock uncertainty
                                  0.000000    5.670000   clock reconvergence pessimism
                                 -1.130000    4.540000   output external delay
                                              4.540000   data required time
---------------------------------------------------------------------------------------------
                                              4.540000   data required time
                                             -6.959057   data arrival time
---------------------------------------------------------------------------------------------
                                              2.419057   slack (MET)


Startpoint: wbs_cyc_i (input port clocked by clk)
Endpoint: wbs_dat_o[1] (output port clocked by clk)
Path Group: clk
Path Type: min

Fanout         Cap        Slew       Delay        Time   Description
---------------------------------------------------------------------------------------------
                                  0.000000    0.000000   clock clk (rise edge)
                                  4.650000    4.650000   clock network delay (propagated)
                                  1.690000    6.340000 v input external delay
     1    0.002839    0.090000    0.000000    6.340000 v wbs_cyc_i (in)
                                                         wbs_cyc_i (net)
                      0.090035    0.000016    6.340016 v input12/A (sky130_fd_sc_hd__buf_2)
     5    0.051429    0.087255    0.151717    6.491734 v input12/X (sky130_fd_sc_hd__buf_2)
                                                         net12 (net)
                      0.087327    0.001999    6.493732 v fanout89/A (sky130_fd_sc_hd__clkbuf_4)
    15    0.059102    0.088458    0.161878    6.655610 v fanout89/X (sky130_fd_sc_hd__clkbuf_4)
                                                         net89 (net)
                      0.088474    0.001184    6.656795 v _40_/B (sky130_fd_sc_hd__and4b_1)
     1    0.016407    0.065063    0.161846    6.818640 v _40_/X (sky130_fd_sc_hd__and4b_1)
                                                         net63 (net)
                      0.065066    0.000508    6.819148 v output63/A (sky130_fd_sc_hd__buf_12)
     1    0.190474    0.076050    0.141229    6.960377 v output63/X (sky130_fd_sc_hd__buf_12)
                                                         wbs_dat_o[1] (net)
                      0.076072    0.001148    6.961525 v wbs_dat_o[1] (out)
                                              6.961525   data arrival time

                                  0.000000    0.000000   clock clk (rise edge)
                                  5.570000    5.570000   clock network delay (propagated)
                                  0.100000    5.670000   clock uncertainty
                                  0.000000    5.670000   clock reconvergence pessimism
                                 -1.130000    4.540000   output external delay
                                              4.540000   data required time
---------------------------------------------------------------------------------------------
                                              4.540000   data required time
                                             -6.961525   data arrival time
---------------------------------------------------------------------------------------------
                                              2.421525   slack (MET)


Startpoint: wbs_cyc_i (input port clocked by clk)
Endpoint: wbs_dat_o[3] (output port clocked by clk)
Path Group: clk
Path Type: min

Fanout         Cap        Slew       Delay        Time   Description
---------------------------------------------------------------------------------------------
                                  0.000000    0.000000   clock clk (rise edge)
                                  4.650000    4.650000   clock network delay (propagated)
                                  1.690000    6.340000 v input external delay
     1    0.002839    0.090000    0.000000    6.340000 v wbs_cyc_i (in)
                                                         wbs_cyc_i (net)
                      0.090035    0.000016    6.340016 v input12/A (sky130_fd_sc_hd__buf_2)
     5    0.051429    0.087255    0.151717    6.491734 v input12/X (sky130_fd_sc_hd__buf_2)
                                                         net12 (net)
                      0.087327    0.001999    6.493732 v fanout89/A (sky130_fd_sc_hd__clkbuf_4)
    15    0.059102    0.088458    0.161878    6.655610 v fanout89/X (sky130_fd_sc_hd__clkbuf_4)
                                                         net89 (net)
                      0.088458    0.000107    6.655717 v fanout88/A (sky130_fd_sc_hd__clkbuf_2)
    15    0.036537    0.097412    0.147074    6.802792 v fanout88/X (sky130_fd_sc_hd__clkbuf_2)
                                                         net88 (net)
                      0.097419    0.000846    6.803638 v _42_/B (sky130_fd_sc_hd__and4b_1)
     1    0.010309    0.047226    0.150354    6.953991 v _42_/X (sky130_fd_sc_hd__and4b_1)
                                                         net77 (net)
                      0.047226    0.000142    6.954133 v output77/A (sky130_fd_sc_hd__buf_12)
     1    0.191207    0.075612    0.133224    7.087357 v output77/X (sky130_fd_sc_hd__buf_12)
                                                         wbs_dat_o[3] (net)
                      0.075659    0.001628    7.088984 v wbs_dat_o[3] (out)
                                              7.088984   data arrival time

                                  0.000000    0.000000   clock clk (rise edge)
                                  5.570000    5.570000   clock network delay (propagated)
                                  0.100000    5.670000   clock uncertainty
                                  0.000000    5.670000   clock reconvergence pessimism
                                 -1.130000    4.540000   output external delay
                                              4.540000   data required time
---------------------------------------------------------------------------------------------
                                              4.540000   data required time
                                             -7.088984   data arrival time
---------------------------------------------------------------------------------------------
                                              2.548984   slack (MET)


Startpoint: wbs_cyc_i (input port clocked by clk)
Endpoint: wbs_dat_o[4] (output port clocked by clk)
Path Group: clk
Path Type: min

Fanout         Cap        Slew       Delay        Time   Description
---------------------------------------------------------------------------------------------
                                  0.000000    0.000000   clock clk (rise edge)
                                  4.650000    4.650000   clock network delay (propagated)
                                  1.690000    6.340000 v input external delay
     1    0.002839    0.090000    0.000000    6.340000 v wbs_cyc_i (in)
                                                         wbs_cyc_i (net)
                      0.090035    0.000016    6.340016 v input12/A (sky130_fd_sc_hd__buf_2)
     5    0.051429    0.087255    0.151717    6.491734 v input12/X (sky130_fd_sc_hd__buf_2)
                                                         net12 (net)
                      0.087327    0.001999    6.493732 v fanout89/A (sky130_fd_sc_hd__clkbuf_4)
    15    0.059102    0.088458    0.161878    6.655610 v fanout89/X (sky130_fd_sc_hd__clkbuf_4)
                                                         net89 (net)
                      0.088458    0.000107    6.655717 v fanout88/A (sky130_fd_sc_hd__clkbuf_2)
    15    0.036537    0.097412    0.147074    6.802792 v fanout88/X (sky130_fd_sc_hd__clkbuf_2)
                                                         net88 (net)
                      0.097421    0.000935    6.803727 v _43_/B (sky130_fd_sc_hd__and4b_1)
     1    0.011451    0.050487    0.153178    6.956905 v _43_/X (sky130_fd_sc_hd__and4b_1)
                                                         net78 (net)
                      0.050487    0.000209    6.957114 v output78/A (sky130_fd_sc_hd__buf_12)
     1    0.191208    0.075661    0.134411    7.091525 v output78/X (sky130_fd_sc_hd__buf_12)
                                                         wbs_dat_o[4] (net)
                      0.075721    0.001813    7.093338 v wbs_dat_o[4] (out)
                                              7.093338   data arrival time

                                  0.000000    0.000000   clock clk (rise edge)
                                  5.570000    5.570000   clock network delay (propagated)
                                  0.100000    5.670000   clock uncertainty
                                  0.000000    5.670000   clock reconvergence pessimism
                                 -1.130000    4.540000   output external delay
                                              4.540000   data required time
---------------------------------------------------------------------------------------------
                                              4.540000   data required time
                                             -7.093338   data arrival time
---------------------------------------------------------------------------------------------
                                              2.553338   slack (MET)


Startpoint: wbs_cyc_i (input port clocked by clk)
Endpoint: wbs_dat_o[2] (output port clocked by clk)
Path Group: clk
Path Type: min

Fanout         Cap        Slew       Delay        Time   Description
---------------------------------------------------------------------------------------------
                                  0.000000    0.000000   clock clk (rise edge)
                                  4.650000    4.650000   clock network delay (propagated)
                                  1.690000    6.340000 v input external delay
     1    0.002839    0.090000    0.000000    6.340000 v wbs_cyc_i (in)
                                                         wbs_cyc_i (net)
                      0.090035    0.000016    6.340016 v input12/A (sky130_fd_sc_hd__buf_2)
     5    0.051429    0.087255    0.151717    6.491734 v input12/X (sky130_fd_sc_hd__buf_2)
                                                         net12 (net)
                      0.087327    0.001999    6.493732 v fanout89/A (sky130_fd_sc_hd__clkbuf_4)
    15    0.059102    0.088458    0.161878    6.655610 v fanout89/X (sky130_fd_sc_hd__clkbuf_4)
                                                         net89 (net)
                      0.088458    0.000107    6.655717 v fanout88/A (sky130_fd_sc_hd__clkbuf_2)
    15    0.036537    0.097412    0.147074    6.802792 v fanout88/X (sky130_fd_sc_hd__clkbuf_2)
                                                         net88 (net)
                      0.097422    0.000945    6.803737 v _41_/B (sky130_fd_sc_hd__and4b_1)
     1    0.012424    0.053304    0.155574    6.959311 v _41_/X (sky130_fd_sc_hd__and4b_1)
                                                         net74 (net)
                      0.053305    0.000279    6.959590 v output74/A (sky130_fd_sc_hd__buf_12)
     1    0.191036    0.075576    0.135645    7.095235 v output74/X (sky130_fd_sc_hd__buf_12)
                                                         wbs_dat_o[2] (net)
                      0.075626    0.001664    7.096899 v wbs_dat_o[2] (out)
                                              7.096899   data arrival time

                                  0.000000    0.000000   clock clk (rise edge)
                                  5.570000    5.570000   clock network delay (propagated)
                                  0.100000    5.670000   clock uncertainty
                                  0.000000    5.670000   clock reconvergence pessimism
                                 -1.130000    4.540000   output external delay
                                              4.540000   data required time
---------------------------------------------------------------------------------------------
                                              4.540000   data required time
                                             -7.096899   data arrival time
---------------------------------------------------------------------------------------------
                                              2.556899   slack (MET)


Startpoint: wbs_cyc_i (input port clocked by clk)
Endpoint: wbs_dat_o[5] (output port clocked by clk)
Path Group: clk
Path Type: min

Fanout         Cap        Slew       Delay        Time   Description
---------------------------------------------------------------------------------------------
                                  0.000000    0.000000   clock clk (rise edge)
                                  4.650000    4.650000   clock network delay (propagated)
                                  1.690000    6.340000 v input external delay
     1    0.002839    0.090000    0.000000    6.340000 v wbs_cyc_i (in)
                                                         wbs_cyc_i (net)
                      0.090035    0.000016    6.340016 v input12/A (sky130_fd_sc_hd__buf_2)
     5    0.051429    0.087255    0.151717    6.491734 v input12/X (sky130_fd_sc_hd__buf_2)
                                                         net12 (net)
                      0.087327    0.001999    6.493732 v fanout89/A (sky130_fd_sc_hd__clkbuf_4)
    15    0.059102    0.088458    0.161878    6.655610 v fanout89/X (sky130_fd_sc_hd__clkbuf_4)
                                                         net89 (net)
                      0.088458    0.000107    6.655717 v fanout88/A (sky130_fd_sc_hd__clkbuf_2)
    15    0.036537    0.097412    0.147074    6.802792 v fanout88/X (sky130_fd_sc_hd__clkbuf_2)
                                                         net88 (net)
                      0.097418    0.000810    6.803601 v _44_/B (sky130_fd_sc_hd__and4b_1)
     1    0.012494    0.053519    0.155722    6.959323 v _44_/X (sky130_fd_sc_hd__and4b_1)
                                                         net79 (net)
                      0.053520    0.000323    6.959646 v output79/A (sky130_fd_sc_hd__buf_12)
     1    0.191236    0.075712    0.135532    7.095178 v output79/X (sky130_fd_sc_hd__buf_12)
                                                         wbs_dat_o[5] (net)
                      0.075783    0.001971    7.097149 v wbs_dat_o[5] (out)
                                              7.097149   data arrival time

                                  0.000000    0.000000   clock clk (rise edge)
                                  5.570000    5.570000   clock network delay (propagated)
                                  0.100000    5.670000   clock uncertainty
                                  0.000000    5.670000   clock reconvergence pessimism
                                 -1.130000    4.540000   output external delay
                                              4.540000   data required time
---------------------------------------------------------------------------------------------
                                              4.540000   data required time
                                             -7.097149   data arrival time
---------------------------------------------------------------------------------------------
                                              2.557149   slack (MET)


Startpoint: wbs_cyc_i (input port clocked by clk)
Endpoint: wbs_dat_o[6] (output port clocked by clk)
Path Group: clk
Path Type: min

Fanout         Cap        Slew       Delay        Time   Description
---------------------------------------------------------------------------------------------
                                  0.000000    0.000000   clock clk (rise edge)
                                  4.650000    4.650000   clock network delay (propagated)
                                  1.690000    6.340000 v input external delay
     1    0.002839    0.090000    0.000000    6.340000 v wbs_cyc_i (in)
                                                         wbs_cyc_i (net)
                      0.090035    0.000016    6.340016 v input12/A (sky130_fd_sc_hd__buf_2)
     5    0.051429    0.087255    0.151717    6.491734 v input12/X (sky130_fd_sc_hd__buf_2)
                                                         net12 (net)
                      0.087327    0.001999    6.493732 v fanout89/A (sky130_fd_sc_hd__clkbuf_4)
    15    0.059102    0.088458    0.161878    6.655610 v fanout89/X (sky130_fd_sc_hd__clkbuf_4)
                                                         net89 (net)
                      0.088458    0.000107    6.655717 v fanout88/A (sky130_fd_sc_hd__clkbuf_2)
    15    0.036537    0.097412    0.147074    6.802792 v fanout88/X (sky130_fd_sc_hd__clkbuf_2)
                                                         net88 (net)
                      0.097417    0.000739    6.803530 v _13_/B (sky130_fd_sc_hd__and4b_1)
     1    0.013190    0.055542    0.157455    6.960985 v _13_/X (sky130_fd_sc_hd__and4b_1)
                                                         net80 (net)
                      0.055544    0.000352    6.961337 v output80/A (sky130_fd_sc_hd__buf_12)
     1    0.191212    0.076118    0.136261    7.097598 v output80/X (sky130_fd_sc_hd__buf_12)
                                                         wbs_dat_o[6] (net)
                      0.076192    0.002018    7.099616 v wbs_dat_o[6] (out)
                                              7.099616   data arrival time

                                  0.000000    0.000000   clock clk (rise edge)
                                  5.570000    5.570000   clock network delay (propagated)
                                  0.100000    5.670000   clock uncertainty
                                  0.000000    5.670000   clock reconvergence pessimism
                                 -1.130000    4.540000   output external delay
                                              4.540000   data required time
---------------------------------------------------------------------------------------------
                                              4.540000   data required time
                                             -7.099616   data arrival time
---------------------------------------------------------------------------------------------
                                              2.559616   slack (MET)


Startpoint: wbs_cyc_i (input port clocked by clk)
Endpoint: wbs_dat_o[7] (output port clocked by clk)
Path Group: clk
Path Type: min

Fanout         Cap        Slew       Delay        Time   Description
---------------------------------------------------------------------------------------------
                                  0.000000    0.000000   clock clk (rise edge)
                                  4.650000    4.650000   clock network delay (propagated)
                                  1.690000    6.340000 v input external delay
     1    0.002839    0.090000    0.000000    6.340000 v wbs_cyc_i (in)
                                                         wbs_cyc_i (net)
                      0.090035    0.000016    6.340016 v input12/A (sky130_fd_sc_hd__buf_2)
     5    0.051429    0.087255    0.151717    6.491734 v input12/X (sky130_fd_sc_hd__buf_2)
                                                         net12 (net)
                      0.087327    0.001999    6.493732 v fanout89/A (sky130_fd_sc_hd__clkbuf_4)
    15    0.059102    0.088458    0.161878    6.655610 v fanout89/X (sky130_fd_sc_hd__clkbuf_4)
                                                         net89 (net)
                      0.088458    0.000107    6.655717 v fanout88/A (sky130_fd_sc_hd__clkbuf_2)
    15    0.036537    0.097412    0.147074    6.802792 v fanout88/X (sky130_fd_sc_hd__clkbuf_2)
                                                         net88 (net)
                      0.097418    0.000806    6.803597 v _14_/B (sky130_fd_sc_hd__and4b_1)
     1    0.016369    0.064946    0.165309    6.968906 v _14_/X (sky130_fd_sc_hd__and4b_1)
                                                         net81 (net)
                      0.064949    0.000504    6.969410 v output81/A (sky130_fd_sc_hd__buf_12)
     1    0.191089    0.075613    0.140441    7.109851 v output81/X (sky130_fd_sc_hd__buf_12)
                                                         wbs_dat_o[7] (net)
                      0.075663    0.001668    7.111519 v wbs_dat_o[7] (out)
                                              7.111519   data arrival time

                                  0.000000    0.000000   clock clk (rise edge)
                                  5.570000    5.570000   clock network delay (propagated)
                                  0.100000    5.670000   clock uncertainty
                                  0.000000    5.670000   clock reconvergence pessimism
                                 -1.130000    4.540000   output external delay
                                              4.540000   data required time
---------------------------------------------------------------------------------------------
                                              4.540000   data required time
                                             -7.111519   data arrival time
---------------------------------------------------------------------------------------------
                                              2.571519   slack (MET)


Startpoint: wbs_cyc_i (input port clocked by clk)
Endpoint: wbs_dat_o[0] (output port clocked by clk)
Path Group: clk
Path Type: min

Fanout         Cap        Slew       Delay        Time   Description
---------------------------------------------------------------------------------------------
                                  0.000000    0.000000   clock clk (rise edge)
                                  4.650000    4.650000   clock network delay (propagated)
                                  1.690000    6.340000 v input external delay
     1    0.002839    0.090000    0.000000    6.340000 v wbs_cyc_i (in)
                                                         wbs_cyc_i (net)
                      0.090035    0.000016    6.340016 v input12/A (sky130_fd_sc_hd__buf_2)
     5    0.051429    0.087255    0.151717    6.491734 v input12/X (sky130_fd_sc_hd__buf_2)
                                                         net12 (net)
                      0.087327    0.001999    6.493732 v fanout89/A (sky130_fd_sc_hd__clkbuf_4)
    15    0.059102    0.088458    0.161878    6.655610 v fanout89/X (sky130_fd_sc_hd__clkbuf_4)
                                                         net89 (net)
                      0.088458    0.000107    6.655717 v fanout88/A (sky130_fd_sc_hd__clkbuf_2)
    15    0.036537    0.097412    0.147074    6.802792 v fanout88/X (sky130_fd_sc_hd__clkbuf_2)
                                                         net88 (net)
                      0.097422    0.000946    6.803738 v _39_/B (sky130_fd_sc_hd__and4b_1)
     1    0.016738    0.066072    0.166170    6.969907 v _39_/X (sky130_fd_sc_hd__and4b_1)
                                                         net52 (net)
                      0.066078    0.000651    6.970559 v output52/A (sky130_fd_sc_hd__buf_12)
     1    0.191186    0.075723    0.140660    7.111219 v output52/X (sky130_fd_sc_hd__buf_12)
                                                         wbs_dat_o[0] (net)
                      0.075795    0.001994    7.113213 v wbs_dat_o[0] (out)
                                              7.113213   data arrival time

                                  0.000000    0.000000   clock clk (rise edge)
                                  5.570000    5.570000   clock network delay (propagated)
                                  0.100000    5.670000   clock uncertainty
                                  0.000000    5.670000   clock reconvergence pessimism
                                 -1.130000    4.540000   output external delay
                                              4.540000   data required time
---------------------------------------------------------------------------------------------
                                              4.540000   data required time
                                             -7.113213   data arrival time
---------------------------------------------------------------------------------------------
                                              2.573213   slack (MET)


Startpoint: wbs_cyc_i (input port clocked by clk)
Endpoint: wbs_dat_o[12] (output port clocked by clk)
Path Group: clk
Path Type: min

Fanout         Cap        Slew       Delay        Time   Description
---------------------------------------------------------------------------------------------
                                  0.000000    0.000000   clock clk (rise edge)
                                  4.650000    4.650000   clock network delay (propagated)
                                  1.690000    6.340000 v input external delay
     1    0.002839    0.090000    0.000000    6.340000 v wbs_cyc_i (in)
                                                         wbs_cyc_i (net)
                      0.090035    0.000016    6.340016 v input12/A (sky130_fd_sc_hd__buf_2)
     5    0.051429    0.087255    0.151717    6.491734 v input12/X (sky130_fd_sc_hd__buf_2)
                                                         net12 (net)
                      0.087327    0.001999    6.493732 v fanout89/A (sky130_fd_sc_hd__clkbuf_4)
    15    0.059102    0.088458    0.161878    6.655610 v fanout89/X (sky130_fd_sc_hd__clkbuf_4)
                                                         net89 (net)
                      0.088458    0.000107    6.655717 v fanout88/A (sky130_fd_sc_hd__clkbuf_2)
    15    0.036537    0.097412    0.147074    6.802792 v fanout88/X (sky130_fd_sc_hd__clkbuf_2)
                                                         net88 (net)
                      0.097412    0.000357    6.803148 v _19_/B (sky130_fd_sc_hd__and4b_2)
     1    0.019500    0.053393    0.176500    6.979648 v _19_/X (sky130_fd_sc_hd__and4b_2)
                                                         net55 (net)
                      0.053429    0.001196    6.980844 v output55/A (sky130_fd_sc_hd__buf_12)
     1    0.191308    0.076774    0.136517    7.117360 v output55/X (sky130_fd_sc_hd__buf_12)
                                                         wbs_dat_o[12] (net)
                      0.076825    0.001714    7.119074 v wbs_dat_o[12] (out)
                                              7.119074   data arrival time

                                  0.000000    0.000000   clock clk (rise edge)
                                  5.570000    5.570000   clock network delay (propagated)
                                  0.100000    5.670000   clock uncertainty
                                  0.000000    5.670000   clock reconvergence pessimism
                                 -1.130000    4.540000   output external delay
                                              4.540000   data required time
---------------------------------------------------------------------------------------------
                                              4.540000   data required time
                                             -7.119074   data arrival time
---------------------------------------------------------------------------------------------
                                              2.579074   slack (MET)


Startpoint: wbs_cyc_i (input port clocked by clk)
Endpoint: wbs_dat_o[9] (output port clocked by clk)
Path Group: clk
Path Type: min

Fanout         Cap        Slew       Delay        Time   Description
---------------------------------------------------------------------------------------------
                                  0.000000    0.000000   clock clk (rise edge)
                                  4.650000    4.650000   clock network delay (propagated)
                                  1.690000    6.340000 v input external delay
     1    0.002839    0.090000    0.000000    6.340000 v wbs_cyc_i (in)
                                                         wbs_cyc_i (net)
                      0.090035    0.000016    6.340016 v input12/A (sky130_fd_sc_hd__buf_2)
     5    0.051429    0.087255    0.151717    6.491734 v input12/X (sky130_fd_sc_hd__buf_2)
                                                         net12 (net)
                      0.087327    0.001999    6.493732 v fanout89/A (sky130_fd_sc_hd__clkbuf_4)
    15    0.059102    0.088458    0.161878    6.655610 v fanout89/X (sky130_fd_sc_hd__clkbuf_4)
                                                         net89 (net)
                      0.088458    0.000107    6.655717 v fanout88/A (sky130_fd_sc_hd__clkbuf_2)
    15    0.036537    0.097412    0.147074    6.802792 v fanout88/X (sky130_fd_sc_hd__clkbuf_2)
                                                         net88 (net)
                      0.097414    0.000585    6.803376 v _16_/B (sky130_fd_sc_hd__and4b_1)
     1    0.018359    0.070995    0.170051    6.973427 v _16_/X (sky130_fd_sc_hd__and4b_1)
                                                         net83 (net)
                      0.071009    0.000930    6.974357 v output83/A (sky130_fd_sc_hd__buf_12)
     1    0.192345    0.076742    0.142453    7.116809 v output83/X (sky130_fd_sc_hd__buf_12)
                                                         wbs_dat_o[9] (net)
                      0.076868    0.002595    7.119405 v wbs_dat_o[9] (out)
                                              7.119405   data arrival time

                                  0.000000    0.000000   clock clk (rise edge)
                                  5.570000    5.570000   clock network delay (propagated)
                                  0.100000    5.670000   clock uncertainty
                                  0.000000    5.670000   clock reconvergence pessimism
                                 -1.130000    4.540000   output external delay
                                              4.540000   data required time
---------------------------------------------------------------------------------------------
                                              4.540000   data required time
                                             -7.119405   data arrival time
---------------------------------------------------------------------------------------------
                                              2.579405   slack (MET)


Startpoint: wbs_cyc_i (input port clocked by clk)
Endpoint: wbs_dat_o[8] (output port clocked by clk)
Path Group: clk
Path Type: min

Fanout         Cap        Slew       Delay        Time   Description
---------------------------------------------------------------------------------------------
                                  0.000000    0.000000   clock clk (rise edge)
                                  4.650000    4.650000   clock network delay (propagated)
                                  1.690000    6.340000 v input external delay
     1    0.002839    0.090000    0.000000    6.340000 v wbs_cyc_i (in)
                                                         wbs_cyc_i (net)
                      0.090035    0.000016    6.340016 v input12/A (sky130_fd_sc_hd__buf_2)
     5    0.051429    0.087255    0.151717    6.491734 v input12/X (sky130_fd_sc_hd__buf_2)
                                                         net12 (net)
                      0.087327    0.001999    6.493732 v fanout89/A (sky130_fd_sc_hd__clkbuf_4)
    15    0.059102    0.088458    0.161878    6.655610 v fanout89/X (sky130_fd_sc_hd__clkbuf_4)
                                                         net89 (net)
                      0.088458    0.000107    6.655717 v fanout88/A (sky130_fd_sc_hd__clkbuf_2)
    15    0.036537    0.097412    0.147074    6.802792 v fanout88/X (sky130_fd_sc_hd__clkbuf_2)
                                                         net88 (net)
                      0.097413    0.000485    6.803276 v _15_/B (sky130_fd_sc_hd__and4b_1)
     1    0.018917    0.072555    0.171649    6.974925 v _15_/X (sky130_fd_sc_hd__and4b_1)
                                                         net82 (net)
                      0.072559    0.000551    6.975476 v output82/A (sky130_fd_sc_hd__buf_12)
     1    0.191251    0.075705    0.143522    7.118998 v output82/X (sky130_fd_sc_hd__buf_12)
                                                         wbs_dat_o[8] (net)
                      0.075762    0.001775    7.120773 v wbs_dat_o[8] (out)
                                              7.120773   data arrival time

                                  0.000000    0.000000   clock clk (rise edge)
                                  5.570000    5.570000   clock network delay (propagated)
                                  0.100000    5.670000   clock uncertainty
                                  0.000000    5.670000   clock reconvergence pessimism
                                 -1.130000    4.540000   output external delay
                                              4.540000   data required time
---------------------------------------------------------------------------------------------
                                              4.540000   data required time
                                             -7.120773   data arrival time
---------------------------------------------------------------------------------------------
                                              2.580773   slack (MET)


Startpoint: wbs_cyc_i (input port clocked by clk)
Endpoint: wbs_dat_o[11] (output port clocked by clk)
Path Group: clk
Path Type: min

Fanout         Cap        Slew       Delay        Time   Description
---------------------------------------------------------------------------------------------
                                  0.000000    0.000000   clock clk (rise edge)
                                  4.650000    4.650000   clock network delay (propagated)
                                  1.690000    6.340000 v input external delay
     1    0.002839    0.090000    0.000000    6.340000 v wbs_cyc_i (in)
                                                         wbs_cyc_i (net)
                      0.090035    0.000016    6.340016 v input12/A (sky130_fd_sc_hd__buf_2)
     5    0.051429    0.087255    0.151717    6.491734 v input12/X (sky130_fd_sc_hd__buf_2)
                                                         net12 (net)
                      0.087327    0.001999    6.493732 v fanout89/A (sky130_fd_sc_hd__clkbuf_4)
    15    0.059102    0.088458    0.161878    6.655610 v fanout89/X (sky130_fd_sc_hd__clkbuf_4)
                                                         net89 (net)
                      0.088458    0.000107    6.655717 v fanout88/A (sky130_fd_sc_hd__clkbuf_2)
    15    0.036537    0.097412    0.147074    6.802792 v fanout88/X (sky130_fd_sc_hd__clkbuf_2)
                                                         net88 (net)
                      0.097414    0.000543    6.803335 v _18_/B (sky130_fd_sc_hd__and4b_1)
     1    0.019599    0.074750    0.173083    6.976418 v _18_/X (sky130_fd_sc_hd__and4b_1)
                                                         net54 (net)
                      0.074766    0.001001    6.977419 v output54/A (sky130_fd_sc_hd__buf_12)
     1    0.191201    0.075716    0.144332    7.121751 v output54/X (sky130_fd_sc_hd__buf_12)
                                                         wbs_dat_o[11] (net)
                      0.075780    0.001876    7.123627 v wbs_dat_o[11] (out)
                                              7.123627   data arrival time

                                  0.000000    0.000000   clock clk (rise edge)
                                  5.570000    5.570000   clock network delay (propagated)
                                  0.100000    5.670000   clock uncertainty
                                  0.000000    5.670000   clock reconvergence pessimism
                                 -1.130000    4.540000   output external delay
                                              4.540000   data required time
---------------------------------------------------------------------------------------------
                                              4.540000   data required time
                                             -7.123627   data arrival time
---------------------------------------------------------------------------------------------
                                              2.583627   slack (MET)


Startpoint: wbs_cyc_i (input port clocked by clk)
Endpoint: wbs_dat_o[13] (output port clocked by clk)
Path Group: clk
Path Type: min

Fanout         Cap        Slew       Delay        Time   Description
---------------------------------------------------------------------------------------------
                                  0.000000    0.000000   clock clk (rise edge)
                                  4.650000    4.650000   clock network delay (propagated)
                                  1.690000    6.340000 v input external delay
     1    0.002839    0.090000    0.000000    6.340000 v wbs_cyc_i (in)
                                                         wbs_cyc_i (net)
                      0.090035    0.000016    6.340016 v input12/A (sky130_fd_sc_hd__buf_2)
     5    0.051429    0.087255    0.151717    6.491734 v input12/X (sky130_fd_sc_hd__buf_2)
                                                         net12 (net)
                      0.087327    0.001999    6.493732 v fanout89/A (sky130_fd_sc_hd__clkbuf_4)
    15    0.059102    0.088458    0.161878    6.655610 v fanout89/X (sky130_fd_sc_hd__clkbuf_4)
                                                         net89 (net)
                      0.088458    0.000107    6.655717 v fanout88/A (sky130_fd_sc_hd__clkbuf_2)
    15    0.036537    0.097412    0.147074    6.802792 v fanout88/X (sky130_fd_sc_hd__clkbuf_2)
                                                         net88 (net)
                      0.097412    0.000316    6.803107 v _20_/B (sky130_fd_sc_hd__and4b_2)
     1    0.024419    0.060874    0.183676    6.986784 v _20_/X (sky130_fd_sc_hd__and4b_2)
                                                         net56 (net)
                      0.060924    0.001501    6.988284 v output56/A (sky130_fd_sc_hd__buf_12)
     1    0.192048    0.076527    0.138431    7.126715 v output56/X (sky130_fd_sc_hd__buf_12)
                                                         wbs_dat_o[13] (net)
                      0.076628    0.002343    7.129058 v wbs_dat_o[13] (out)
                                              7.129058   data arrival time

                                  0.000000    0.000000   clock clk (rise edge)
                                  5.570000    5.570000   clock network delay (propagated)
                                  0.100000    5.670000   clock uncertainty
                                  0.000000    5.670000   clock reconvergence pessimism
                                 -1.130000    4.540000   output external delay
                                              4.540000   data required time
---------------------------------------------------------------------------------------------
                                              4.540000   data required time
                                             -7.129058   data arrival time
---------------------------------------------------------------------------------------------
                                              2.589058   slack (MET)


Startpoint: wbs_cyc_i (input port clocked by clk)
Endpoint: wbs_dat_o[14] (output port clocked by clk)
Path Group: clk
Path Type: min

Fanout         Cap        Slew       Delay        Time   Description
---------------------------------------------------------------------------------------------
                                  0.000000    0.000000   clock clk (rise edge)
                                  4.650000    4.650000   clock network delay (propagated)
                                  1.690000    6.340000 v input external delay
     1    0.002839    0.090000    0.000000    6.340000 v wbs_cyc_i (in)
                                                         wbs_cyc_i (net)
                      0.090035    0.000016    6.340016 v input12/A (sky130_fd_sc_hd__buf_2)
     5    0.051429    0.087255    0.151717    6.491734 v input12/X (sky130_fd_sc_hd__buf_2)
                                                         net12 (net)
                      0.087327    0.001999    6.493732 v fanout89/A (sky130_fd_sc_hd__clkbuf_4)
    15    0.059102    0.088458    0.161878    6.655610 v fanout89/X (sky130_fd_sc_hd__clkbuf_4)
                                                         net89 (net)
                      0.088458    0.000107    6.655717 v fanout88/A (sky130_fd_sc_hd__clkbuf_2)
    15    0.036537    0.097412    0.147074    6.802792 v fanout88/X (sky130_fd_sc_hd__clkbuf_2)
                                                         net88 (net)
                      0.097412    0.000303    6.803094 v _21_/B (sky130_fd_sc_hd__and4b_2)
     1    0.024634    0.061220    0.183960    6.987055 v _21_/X (sky130_fd_sc_hd__and4b_2)
                                                         net57 (net)
                      0.061275    0.001577    6.988632 v output57/A (sky130_fd_sc_hd__buf_12)
     1    0.191114    0.075649    0.138818    7.127450 v output57/X (sky130_fd_sc_hd__buf_12)
                                                         wbs_dat_o[14] (net)
                      0.075709    0.001813    7.129263 v wbs_dat_o[14] (out)
                                              7.129263   data arrival time

                                  0.000000    0.000000   clock clk (rise edge)
                                  5.570000    5.570000   clock network delay (propagated)
                                  0.100000    5.670000   clock uncertainty
                                  0.000000    5.670000   clock reconvergence pessimism
                                 -1.130000    4.540000   output external delay
                                              4.540000   data required time
---------------------------------------------------------------------------------------------
                                              4.540000   data required time
                                             -7.129263   data arrival time
---------------------------------------------------------------------------------------------
                                              2.589263   slack (MET)


Startpoint: wbs_cyc_i (input port clocked by clk)
Endpoint: wbs_dat_o[10] (output port clocked by clk)
Path Group: clk
Path Type: min

Fanout         Cap        Slew       Delay        Time   Description
---------------------------------------------------------------------------------------------
                                  0.000000    0.000000   clock clk (rise edge)
                                  4.650000    4.650000   clock network delay (propagated)
                                  1.690000    6.340000 v input external delay
     1    0.002839    0.090000    0.000000    6.340000 v wbs_cyc_i (in)
                                                         wbs_cyc_i (net)
                      0.090035    0.000016    6.340016 v input12/A (sky130_fd_sc_hd__buf_2)
     5    0.051429    0.087255    0.151717    6.491734 v input12/X (sky130_fd_sc_hd__buf_2)
                                                         net12 (net)
                      0.087327    0.001999    6.493732 v fanout89/A (sky130_fd_sc_hd__clkbuf_4)
    15    0.059102    0.088458    0.161878    6.655610 v fanout89/X (sky130_fd_sc_hd__clkbuf_4)
                                                         net89 (net)
                      0.088458    0.000107    6.655717 v fanout88/A (sky130_fd_sc_hd__clkbuf_2)
    15    0.036537    0.097412    0.147074    6.802792 v fanout88/X (sky130_fd_sc_hd__clkbuf_2)
                                                         net88 (net)
                      0.097413    0.000463    6.803255 v _17_/B (sky130_fd_sc_hd__and4b_1)
     1    0.021522    0.080518    0.177920    6.981175 v _17_/X (sky130_fd_sc_hd__and4b_1)
                                                         net53 (net)
                      0.080533    0.001004    6.982179 v output53/A (sky130_fd_sc_hd__buf_12)
     1    0.191246    0.075741    0.146742    7.128921 v output53/X (sky130_fd_sc_hd__buf_12)
                                                         wbs_dat_o[10] (net)
                      0.075801    0.001815    7.130736 v wbs_dat_o[10] (out)
                                              7.130736   data arrival time

                                  0.000000    0.000000   clock clk (rise edge)
                                  5.570000    5.570000   clock network delay (propagated)
                                  0.100000    5.670000   clock uncertainty
                                  0.000000    5.670000   clock reconvergence pessimism
                                 -1.130000    4.540000   output external delay
                                              4.540000   data required time
---------------------------------------------------------------------------------------------
                                              4.540000   data required time
                                             -7.130736   data arrival time
---------------------------------------------------------------------------------------------
                                              2.590736   slack (MET)


Startpoint: wbs_cyc_i (input port clocked by clk)
Endpoint: wbs_dat_o[15] (output port clocked by clk)
Path Group: clk
Path Type: min

Fanout         Cap        Slew       Delay        Time   Description
---------------------------------------------------------------------------------------------
                                  0.000000    0.000000   clock clk (rise edge)
                                  4.650000    4.650000   clock network delay (propagated)
                                  1.690000    6.340000 v input external delay
     1    0.002839    0.090000    0.000000    6.340000 v wbs_cyc_i (in)
                                                         wbs_cyc_i (net)
                      0.090035    0.000016    6.340016 v input12/A (sky130_fd_sc_hd__buf_2)
     5    0.051429    0.087255    0.151717    6.491734 v input12/X (sky130_fd_sc_hd__buf_2)
                                                         net12 (net)
                      0.087327    0.001999    6.493732 v fanout89/A (sky130_fd_sc_hd__clkbuf_4)
    15    0.059102    0.088458    0.161878    6.655610 v fanout89/X (sky130_fd_sc_hd__clkbuf_4)
                                                         net89 (net)
                      0.088458    0.000107    6.655717 v fanout88/A (sky130_fd_sc_hd__clkbuf_2)
    15    0.036537    0.097412    0.147074    6.802792 v fanout88/X (sky130_fd_sc_hd__clkbuf_2)
                                                         net88 (net)
                      0.097412    0.000187    6.802979 v _22_/B (sky130_fd_sc_hd__and4b_2)
     1    0.028262    0.067070    0.189375    6.992353 v _22_/X (sky130_fd_sc_hd__and4b_2)
                                                         net58 (net)
                      0.067120    0.001602    6.993956 v output58/A (sky130_fd_sc_hd__buf_12)
     1    0.191497    0.076263    0.141025    7.134980 v output58/X (sky130_fd_sc_hd__buf_12)
                                                         wbs_dat_o[15] (net)
                      0.076344    0.002102    7.137083 v wbs_dat_o[15] (out)
                                              7.137083   data arrival time

                                  0.000000    0.000000   clock clk (rise edge)
                                  5.570000    5.570000   clock network delay (propagated)
                                  0.100000    5.670000   clock uncertainty
                                  0.000000    5.670000   clock reconvergence pessimism
                                 -1.130000    4.540000   output external delay
                                              4.540000   data required time
---------------------------------------------------------------------------------------------
                                              4.540000   data required time
                                             -7.137083   data arrival time
---------------------------------------------------------------------------------------------
                                              2.597083   slack (MET)


Startpoint: wb_rst_i (input port clocked by clk)
Endpoint: _45_ (removal check against rising-edge clock clk)
Path Group: asynchronous
Path Type: min

Fanout         Cap        Slew       Delay        Time   Description
---------------------------------------------------------------------------------------------
                                  0.000000    0.000000   clock clk (rise edge)
                                  4.650000    4.650000   clock network delay (propagated)
                                 12.500000   17.150000 v input external delay
     1    0.002408    0.000000    0.000000   17.150000 v wb_rst_i (in)
                                                         wb_rst_i (net)
                      0.000019    0.000009   17.150007 v input1/A (sky130_fd_sc_hd__buf_1)
     1    0.008889    0.039903    0.060949   17.210957 v input1/X (sky130_fd_sc_hd__buf_1)
                                                         net1 (net)
                      0.039904    0.000204   17.211161 v _11_/A (sky130_fd_sc_hd__inv_2)
     1    0.008069    0.033699    0.041720   17.252880 ^ _11_/Y (sky130_fd_sc_hd__inv_2)
                                                         _00_ (net)
                      0.033699    0.000187   17.253067 ^ _45_/RESET_B (sky130_fd_sc_hd__dfrtp_1)
                                             17.253067   data arrival time

                                  0.000000    0.000000   clock clk (rise edge)
                                  5.570000    5.570000   clock source latency
     1    0.049890    0.610000    0.000000    5.570000 ^ wb_clk_i (in)
                                                         wb_clk_i (net)
                      0.623604    0.007142    5.577142 ^ clkbuf_0_wb_clk_i/A (sky130_fd_sc_hd__clkbuf_16)
     2    0.059415    0.071220    0.173432    5.750574 ^ clkbuf_0_wb_clk_i/X (sky130_fd_sc_hd__clkbuf_16)
                                                         clknet_0_wb_clk_i (net)
                      0.072017    0.006132    5.756706 ^ clkbuf_1_0__f_wb_clk_i/A (sky130_fd_sc_hd__clkbuf_16)
     2    0.052267    0.054060    0.120960    5.877666 ^ clkbuf_1_0__f_wb_clk_i/X (sky130_fd_sc_hd__clkbuf_16)
                                                         clknet_1_0__leaf_wb_clk_i (net)
                      0.054069    0.000710    5.878376 ^ _45_/CLK (sky130_fd_sc_hd__dfrtp_1)
                                  0.100000    5.978376   clock uncertainty
                                  0.000000    5.978376   clock reconvergence pessimism
                                  0.201014    6.179390   library removal time
                                              6.179390   data required time
---------------------------------------------------------------------------------------------
                                              6.179390   data required time
                                            -17.253067   data arrival time
---------------------------------------------------------------------------------------------
                                             11.073676   slack (MET)



